Date,Season,Actual,Predicted,HomeProb,DrawProb,AwayProb,HomeOdds,DrawOdds,AwayOdds,Bet_Outcome,Bet_Odds,Won,PnL
2006-08-19,2006,H,H,0.4771619379289769,0.24937599021122195,0.27346207185980115,2.0,3.2,3.75,H,2.0,True,100.0
2006-08-19,2006,H,H,0.5599486459017663,0.22138353149228937,0.21866782260594442,2.3,3.1,3.1,H,2.3,True,129.99999999999997
2006-08-19,2006,D,H,0.6987128385497661,0.18198945604905412,0.11929770540117972,1.28,4.5,13.0,H,1.28,False,-100.0
2006-08-19,2006,H,H,0.44788965660851315,0.2332173105720127,0.31889303281947406,2.62,3.2,2.6,H,2.62,True,162.0
2006-08-19,2006,H,H,0.48503541419814855,0.2329275912504788,0.2820369945513726,1.72,3.5,4.75,H,1.72,True,72.0
2006-08-20,2006,H,H,0.6262951024658195,0.1402856811428123,0.2334192163913682,1.22,5.5,13.0,H,1.22,True,21.999999999999996
2006-08-20,2006,H,H,0.654581297989497,0.16454290457688164,0.18087579743362123,1.22,5.5,13.0,H,1.22,True,21.999999999999996
2006-08-22,2006,H,H,0.5852333299544551,0.2462682388006908,0.16849843124485417,1.5,3.75,7.0,H,1.5,True,50.0
2006-08-22,2006,D,H,0.40070005903133965,0.2037431893938646,0.39555675157479575,2.87,3.2,2.4,H,2.87,False,-100.0
2006-08-23,2006,D,A,0.39162464704459105,0.21149888489171395,0.396876468063695,2.2,3.1,3.1,A,3.1,False,-100.0
2006-08-23,2006,H,A,0.2439331365534483,0.2862947808288941,0.4697720826176576,8.5,3.75,1.44,A,1.44,False,-100.0
2006-08-23,2006,D,H,0.4801013405687939,0.2602663672952683,0.2596322921359378,2.4,3.2,2.87,H,2.4,False,-100.0
2006-08-23,2006,D,H,0.39542461241890386,0.32452015882060103,0.2800552287604951,2.3,3.1,3.1,H,2.3,False,-100.0
2006-08-23,2006,H,A,0.3642150129995873,0.23171197413160505,0.40407301286880765,1.9,3.25,4.0,A,4.0,False,-100.0
2006-08-23,2006,A,H,0.3997362159712348,0.23269198737193494,0.36757179665683015,7.5,3.6,1.5,H,7.5,False,-100.0
2006-08-26,2006,H,H,0.46327066536741074,0.35407478404069365,0.18265455059189564,1.9,3.25,4.0,H,1.9,True,89.99999999999999
2006-08-26,2006,A,A,0.1792806109716293,0.354710025265748,0.46600936376262264,7.5,4.33,1.4,A,1.4,True,39.99999999999999
2006-08-26,2006,A,H,0.5213280000834429,0.296920996632082,0.18175100328447505,1.72,3.4,5.0,H,1.72,False,-100.0
2006-08-26,2006,H,A,0.2642595345446437,0.191975033481922,0.5437654319734343,2.5,3.1,2.8,A,2.8,False,-100.0
2006-08-26,2006,H,H,0.5939683472996738,0.23669822522141062,0.16933342747891547,1.44,4.0,7.5,H,1.44,True,43.99999999999999
2006-08-26,2006,H,H,0.40247588051580346,0.2886833697903166,0.3088407496938799,1.9,3.25,4.0,H,1.9,True,89.99999999999999
2006-08-26,2006,H,A,0.05478652243114252,0.21902767510638713,0.7261858024624703,5.5,3.6,1.61,A,1.61,False,-100.0
2006-08-27,2006,H,A,0.31726323181667954,0.2555958063994175,0.427140961783903,2.37,3.1,3.0,A,3.0,False,-100.0
2006-08-27,2006,A,A,0.31931670357598124,0.3315743809051752,0.3491089155188436,6.5,3.6,1.53,A,1.53,True,53.0
2006-08-28,2006,A,H,0.5749053344767258,0.20795010897299981,0.21714455655027431,2.0,3.2,3.75,H,2.0,False,-100.0
2006-09-09,2006,H,H,0.667137960542049,0.17971515011292682,0.15314688934502407,1.2,5.5,17.0,H,1.2,True,19.999999999999996
2006-09-09,2006,D,H,0.6861385339950461,0.21627301006815705,0.09758845593679673,1.33,4.33,10.0,H,1.33,False,-100.0
2006-09-09,2006,H,H,0.494242591746523,0.2764913365044823,0.22926607174899458,1.66,3.4,5.5,H,1.66,True,65.99999999999999
2006-09-09,2006,H,H,0.3813661370174253,0.26456525626280314,0.3540686067197716,3.75,3.2,2.0,H,3.75,True,275.0
2006-09-09,2006,H,H,0.5383458311980495,0.24866059106353958,0.2129935777384109,1.83,3.25,4.5,H,1.83,True,83.0
2006-09-09,2006,D,A,0.15948352148696146,0.39321439482266857,0.44730208369037,2.62,3.2,2.62,A,2.62,False,-100.0
2006-09-09,2006,A,H,0.5267631652366768,0.23147466311398737,0.2417621716493358,1.72,3.4,5.0,H,1.72,False,-100.0
2006-09-09,2006,H,H,0.6511936936265839,0.22232246711362044,0.1264838392597957,1.5,3.75,7.0,H,1.5,True,50.0
2006-09-10,2006,D,H,0.5578994852493949,0.19720374185427733,0.24489677289632775,2.1,3.2,3.5,H,2.1,False,-100.0
2006-09-11,2006,H,H,0.4639021712564699,0.2947560384843129,0.2413417902592172,2.3,3.1,3.1,H,2.3,True,129.99999999999997
2006-09-16,2006,D,H,0.5490672989045953,0.2427916551116148,0.2081410459837899,1.72,3.4,5.0,H,1.72,False,-100.0
2006-09-16,2006,D,H,0.5594186823047173,0.2047629377033632,0.23581837999191954,2.0,3.2,3.75,H,2.0,False,-100.0
2006-09-16,2006,A,H,0.4781575245837471,0.23095312514621125,0.2908893502700416,2.3,3.25,3.0,H,2.3,False,-100.0
2006-09-16,2006,A,D,0.33659463651356253,0.39899009936574004,0.26441526412069744,2.5,3.1,2.8,D,3.1,False,-100.0
2006-09-16,2006,D,A,0.32929320144785584,0.2137683078061866,0.4569384907459575,2.75,3.2,2.5,A,2.5,False,-100.0
2006-09-17,2006,H,H,0.5895290486571095,0.20673738715914394,0.20373356418374658,2.0,3.2,3.75,H,2.0,True,100.0
2006-09-17,2006,D,H,0.5782886784235345,0.25388154092340187,0.16782978065306361,1.61,3.4,6.0,H,1.61,False,-100.0
2006-09-17,2006,H,H,0.5285961512341751,0.23439233846734164,0.23701151029848325,1.83,3.25,4.5,H,1.83,True,83.0
2006-09-17,2006,A,H,0.4691938912483487,0.2174644248160249,0.3133416839356264,2.1,3.2,3.5,H,2.1,False,-100.0
2006-09-17,2006,A,H,0.5776843390625622,0.24746084186339642,0.17485481907404135,1.9,3.25,4.0,H,1.9,False,-100.0
2006-09-20,2006,H,H,0.5493269059731851,0.23473809879798255,0.21593499522883242,1.53,3.6,6.5,H,1.53,True,53.0
2006-09-23,2006,A,H,0.4281119627424152,0.23865170938922378,0.3332363278683611,2.1,3.1,3.5,H,2.1,False,-100.0
2006-09-23,2006,D,H,0.5281064496154894,0.2595384930245968,0.21235505735991386,1.83,3.3,4.33,H,1.83,False,-100.0
2006-09-23,2006,H,A,0.3408472060192434,0.20238258767087655,0.45677020630988,2.25,3.2,3.1,A,3.1,False,-100.0
2006-09-23,2006,D,A,0.13865465827232337,0.3212910217376969,0.5400543199899798,7.0,3.75,1.5,A,1.5,False,-100.0
2006-09-23,2006,A,A,0.18684434295013172,0.35393463267289205,0.45922102437697626,7.5,4.33,1.4,A,1.4,True,39.99999999999999
2006-09-23,2006,H,H,0.5858485489198962,0.20584927192034633,0.20830217915975743,1.2,5.5,17.0,H,1.2,True,19.999999999999996
2006-09-23,2006,H,H,0.5772409076540186,0.24915772783710843,0.173601364508873,1.61,3.75,5.25,H,1.61,True,61.00000000000001
2006-09-23,2006,H,H,0.4978076144491806,0.19978471137668294,0.30240767417413644,1.8,3.4,4.33,H,1.8,True,80.0
2006-09-24,2006,D,H,0.5327209655339569,0.24602511371505367,0.22125392075098946,2.2,3.2,3.25,H,2.2,False,-100.0
2006-09-25,2006,A,H,0.6568820046202376,0.19386530534032378,0.14925269003943858,1.9,3.25,4.0,H,1.9,False,-100.0
2006-09-30,2006,H,A,0.34130251195232514,0.23107004508778015,0.42762744295989474,2.6,3.25,2.6,A,2.6,False,-100.0
2006-09-30,2006,D,H,0.6882534088251352,0.2013672864693085,0.11037930470555622,1.3,5.0,8.5,H,1.3,False,-100.0
2006-09-30,2006,D,H,0.42700894405479417,0.2797819142052002,0.2932091417400057,1.83,3.3,4.33,H,1.83,False,-100.0
2006-09-30,2006,H,D,0.23688605605938637,0.38750955252381153,0.37560439141680213,3.75,3.2,2.0,D,3.2,False,-100.0
2006-09-30,2006,A,A,0.2316519614800343,0.23938340398099736,0.5289646345389682,6.5,3.6,1.53,A,1.53,True,53.0
2006-10-01,2006,H,H,0.40518120129406027,0.22538954603699493,0.36942925266894483,1.9,3.25,4.0,H,1.9,True,89.99999999999999
2006-10-01,2006,H,H,0.6872151930761206,0.17052236421448855,0.1422624427093909,1.3,4.33,13.0,H,1.3,True,30.000000000000004
2006-10-01,2006,H,H,0.5567602078966698,0.25638934206618774,0.18685045003714237,1.8,3.25,4.5,H,1.8,True,80.0
2006-10-01,2006,A,H,0.49513319073966633,0.22967414767649133,0.2751926615838423,1.9,3.25,4.0,H,1.9,False,-100.0
2006-10-02,2006,D,H,0.53918333075387,0.2205755297690821,0.24024113947704787,2.4,3.2,2.87,H,2.4,False,-100.0
2006-10-14,2006,A,A,0.28058185239967076,0.3064880481700263,0.41293009943030307,6.0,3.8,1.53,A,1.53,True,53.0
2006-10-14,2006,H,H,0.5738946138919111,0.25109368960043793,0.1750116965076511,2.0,3.2,3.75,H,2.0,True,100.0
2006-10-14,2006,H,H,0.3745743151064085,0.2620286899754995,0.363396994918092,2.6,3.1,2.7,H,2.6,True,160.0
2006-10-14,2006,D,H,0.543283101032443,0.27411976115972153,0.18259713780783549,1.66,3.6,5.0,H,1.66,False,-100.0
2006-10-14,2006,D,A,0.30144823401116816,0.3314144810505724,0.3671372849382594,2.25,3.1,3.2,A,3.2,False,-100.0
2006-10-14,2006,H,H,0.5786584844702661,0.21462568352495262,0.20671583200478127,1.16,6.5,15.0,H,1.16,True,15.999999999999993
2006-10-14,2006,A,D,0.22183882497008225,0.43343104631539325,0.3447301287145245,7.5,4.33,1.4,D,4.33,False,-100.0
2006-10-14,2006,D,H,0.6338887032445187,0.22030720574960702,0.14580409100587424,1.44,4.0,7.5,H,1.44,False,-100.0
2006-10-15,2006,A,H,0.5379859494917697,0.2579310140018856,0.2040830365063447,2.25,3.2,3.1,H,2.25,False,-100.0
2006-10-16,2006,H,A,0.2785922656080447,0.3390249264759493,0.38238280791600604,2.1,3.1,3.6,A,3.6,False,-100.0
2006-10-21,2006,H,H,0.5646211002463772,0.24483386255117603,0.19054503720244678,1.57,3.5,6.5,H,1.57,True,57.00000000000001
2006-10-21,2006,D,H,0.6417298676605514,0.177216852228426,0.18105328011102254,1.72,3.4,5.0,H,1.72,False,-100.0
2006-10-21,2006,D,H,0.482166310669412,0.23323919536282145,0.28459449396776654,1.9,3.25,4.0,H,1.9,False,-100.0
2006-10-21,2006,H,H,0.6287850923427385,0.19661931564082988,0.17459559201643163,1.28,5.0,10.0,H,1.28,True,28.000000000000004
2006-10-21,2006,H,H,0.47388449092306234,0.3007751127340231,0.22534039634291456,2.3,3.1,3.1,H,2.3,True,129.99999999999997
2006-10-22,2006,A,H,0.567981667504582,0.26018367931093994,0.171834653184478,2.37,3.1,2.75,H,2.37,False,-100.0
2006-10-22,2006,H,H,0.5213280081239164,0.2969209955318805,0.1817509963442031,1.9,3.25,4.0,H,1.9,True,89.99999999999999
2006-10-22,2006,H,H,0.4439478919280824,0.27048696643751174,0.28556514163440583,2.4,3.1,2.87,H,2.4,True,140.0
2006-10-22,2006,A,A,0.195610740260613,0.3640208671018901,0.44036839263749683,5.5,3.6,1.61,A,1.61,True,61.00000000000001
2006-10-22,2006,H,H,0.6733030870137883,0.18048338942290074,0.1462135235633111,1.8,3.3,4.5,H,1.8,True,80.0
2006-10-28,2006,D,H,0.6550563783829978,0.26635280806902806,0.07859081354797422,1.4,4.0,9.0,H,1.4,False,-100.0
2006-10-28,2006,H,H,0.5475328813254763,0.2719291082210075,0.18053801045351622,1.53,3.6,6.5,H,1.53,True,53.0
2006-10-28,2006,A,A,0.2640797838686773,0.3206248064171639,0.4152954097141588,2.1,3.25,3.4,A,3.4,True,240.0
2006-10-28,2006,A,H,0.39594794946200446,0.2752436578460966,0.3288083926918989,4.33,3.3,1.83,H,4.33,False,-100.0
2006-10-28,2006,A,A,0.18618984869976585,0.33166375931105013,0.48214639198918396,12.0,4.5,1.3,A,1.3,True,30.000000000000004
2006-10-28,2006,H,H,0.5732053422064145,0.26339936617280646,0.16339529162077898,1.8,3.3,4.5,H,1.8,True,80.0
2006-10-28,2006,D,H,0.4415816146364418,0.2546222423311147,0.30379614303244346,3.6,3.3,2.0,H,3.6,False,-100.0
2006-10-28,2006,D,H,0.47980365121906016,0.30870788028287993,0.2114884684980599,1.8,3.3,4.5,H,1.8,False,-100.0
2006-10-29,2006,H,H,0.47668047964400295,0.23054866241406588,0.2927708579419312,2.5,3.2,2.75,H,2.5,True,150.0
2006-10-30,2006,H,A,0.33806772883442876,0.2300264679443339,0.4319058032212373,2.37,3.1,3.0,A,3.0,False,-100.0
2006-11-04,2006,H,H,0.5061489807474366,0.26896615041931327,0.2248848688332501,2.6,3.0,2.8,H,2.6,True,160.0
2006-11-04,2006,A,H,0.5711125069059663,0.2633239235777716,0.16556356951626217,1.72,3.4,5.0,H,1.72,False,-100.0
2006-11-04,2006,H,H,0.6575566745720787,0.20703867788624286,0.13540464754167844,1.3,5.0,9.0,H,1.3,True,30.000000000000004
2006-11-04,2006,H,H,0.6886460967974304,0.16952900102157153,0.14182490218099808,1.33,4.5,9.5,H,1.33,True,33.00000000000001
2006-11-04,2006,H,H,0.3982345149745156,0.24080994262447816,0.36095554240100625,2.3,3.1,3.1,H,2.3,True,129.99999999999997
2006-11-04,2006,A,H,0.5267875815111577,0.2035030496844631,0.2697093688043792,1.9,3.25,4.0,H,1.9,False,-100.0
2006-11-04,2006,H,H,0.41778478776679995,0.24041625760278237,0.34179895463041765,2.8,3.1,2.5,H,2.8,True,179.99999999999997
2006-11-05,2006,H,A,0.23340091978071018,0.3421038681847766,0.4244952120345132,5.0,3.4,1.72,A,1.72,False,-100.0
2006-11-05,2006,H,A,0.26888637163691415,0.2568682551889133,0.47424537317417254,5.5,3.6,1.61,A,1.61,False,-100.0
2006-11-05,2006,H,H,0.45723697207976216,0.2316917668551969,0.31107126106504096,2.0,3.2,3.75,H,2.0,True,100.0
2006-11-11,2006,H,H,0.44125575435352316,0.2633816658815454,0.2953625797649314,1.9,3.25,4.0,H,1.9,True,89.99999999999999
2006-11-11,2006,D,H,0.40463815579369217,0.25439884780755556,0.3409629963987522,2.9,3.2,2.37,H,2.9,False,-100.0
2006-11-11,2006,D,H,0.527176213026119,0.23120011761723055,0.24162366935665047,1.83,3.3,4.33,H,1.83,False,-100.0
2006-11-11,2006,H,H,0.38512538822218384,0.2723389760807014,0.34253563569711476,2.2,3.2,3.25,H,2.2,True,120.00000000000001
2006-11-11,2006,A,H,0.49841060467654336,0.23783646248197307,0.26375293284148366,2.0,3.2,3.75,H,2.0,False,-100.0
2006-11-11,2006,H,H,0.5660079185554924,0.24909256114987208,0.18489952029463566,1.12,7.0,23.0,H,1.12,True,12.00000000000001
2006-11-11,2006,A,A,0.24676541595633136,0.21877936387088814,0.5344552201727805,5.5,3.6,1.61,A,1.61,True,61.00000000000001
2006-11-11,2006,D,H,0.4715102969682669,0.2604468665750888,0.2680428364566443,2.1,3.2,3.5,H,2.1,False,-100.0
2006-11-12,2006,H,H,0.5727055430529914,0.23264723847980903,0.1946472184671996,2.0,3.2,3.75,H,2.0,True,100.0
2006-11-12,2006,H,D,0.34044938006777165,0.40360745352117755,0.2559431664110508,3.1,3.2,2.25,D,3.2,False,-100.0
2006-11-18,2006,D,H,0.5699367628025018,0.29674371673066213,0.13331952046683612,1.25,5.0,13.0,H,1.25,False,-100.0
2006-11-18,2006,H,H,0.7849946632891088,0.15429032341054388,0.060715013300347336,1.18,5.75,17.0,H,1.18,True,17.999999999999993
2006-11-18,2006,H,H,0.47905641652383174,0.30921404007294656,0.21172954340322178,2.4,3.2,2.87,H,2.4,True,140.0
2006-11-18,2006,H,H,0.5377967486341722,0.24568604271516262,0.21651720865066526,2.1,3.2,3.5,H,2.1,True,110.00000000000001
2006-11-18,2006,D,H,0.4307903624828194,0.23559191529813128,0.3336177222190493,3.75,3.2,2.0,H,3.75,False,-100.0
2006-11-18,2006,A,A,0.34254917282228736,0.27015980901432035,0.38729101816339223,9.0,4.33,1.36,A,1.36,True,36.00000000000001
2006-11-18,2006,H,H,0.5495806140047609,0.1983123094068373,0.2521070765884019,1.61,3.6,5.5,H,1.61,True,61.00000000000001
2006-11-18,2006,H,H,0.4026295693747966,0.22017355828464505,0.3771968723405584,1.9,3.25,4.0,H,1.9,True,89.99999999999999
2006-11-19,2006,D,H,0.4317166545841926,0.2481069666377708,0.32017637877803656,2.4,3.2,2.87,H,2.4,False,-100.0
2006-11-19,2006,D,H,0.4347600009118044,0.21055967279282098,0.35468032629537466,2.37,3.2,2.9,H,2.37,False,-100.0
2006-11-25,2006,H,H,0.5989004325441193,0.23064317881464544,0.17045638864123527,1.44,3.75,8.5,H,1.44,True,43.99999999999999
2006-11-25,2006,H,H,0.5393426839451553,0.2203666019200582,0.24029071413478642,1.8,3.3,4.5,H,1.8,True,80.0
2006-11-25,2006,A,A,0.348016574514371,0.29493955093881213,0.3570438745468169,2.2,3.1,3.3,A,3.3,True,229.99999999999997
2006-11-25,2006,H,H,0.46556047444387344,0.254168621146766,0.28027090440936053,3.6,3.3,2.0,H,3.6,True,260.0
2006-11-25,2006,D,H,0.5036809655196147,0.21279077745452032,0.283528257025865,2.7,3.25,2.5,H,2.7,False,-100.0
2006-11-25,2006,D,H,0.42397713228993955,0.266129282448431,0.3098935852616294,1.8,3.3,4.5,H,1.8,False,-100.0
2006-11-26,2006,H,H,0.40564408378350286,0.26999150224052193,0.3243644139759753,2.3,3.1,3.1,H,2.3,True,129.99999999999997
2006-11-26,2006,H,H,0.42408623420274205,0.2896566172108536,0.28625714858640433,1.8,3.3,4.5,H,1.8,True,80.0
2006-11-26,2006,D,D,0.356560414889296,0.40284109006909324,0.24059849504161077,2.5,3.1,2.8,D,3.1,True,210.0
2006-11-28,2006,A,H,0.4974827045927876,0.2820518558830576,0.22046543952415484,2.2,3.1,3.3,H,2.2,False,-100.0
2006-11-29,2006,H,H,0.7458826754072695,0.14275258597038276,0.11136473862234782,1.33,4.5,9.5,H,1.33,True,33.00000000000001
2006-11-29,2006,H,A,0.25399644594963466,0.2556011027688139,0.4904024512815514,6.0,3.6,1.57,A,1.57,False,-100.0
2006-11-29,2006,D,H,0.683778052696673,0.17678833928772866,0.13943360801559834,1.44,4.0,7.5,H,1.44,False,-100.0
2006-11-29,2006,A,H,0.410231435675014,0.2750168221079249,0.31475174221706115,1.83,3.3,4.33,H,1.83,False,-100.0
2006-11-29,2006,A,A,0.22131700215801664,0.24937461140598938,0.5293083864359939,5.0,3.6,1.66,A,1.66,True,65.99999999999999
2006-12-02,2006,H,D,0.30077532405164153,0.3646461290693228,0.33457854687903565,2.2,3.1,3.3,D,3.1,False,-100.0
2006-12-02,2006,A,H,0.43089872342331265,0.2730378721629893,0.29606340441369805,3.75,3.2,2.0,H,3.75,False,-100.0
2006-12-02,2006,H,H,0.5838890145891132,0.2513932961742144,0.1647176892366724,1.66,3.5,5.0,H,1.66,True,65.99999999999999
2006-12-02,2006,H,H,0.5276979629300879,0.20737691391693924,0.264925123152973,1.9,3.25,4.0,H,1.9,True,89.99999999999999
2006-12-02,2006,A,A,0.33535010427934897,0.2447964987543206,0.41985339696633045,6.0,3.6,1.57,A,1.57,True,57.00000000000001
2006-12-02,2006,D,H,0.4580222432862869,0.22922931291550644,0.31274844379820665,2.2,3.2,3.25,H,2.2,False,-100.0
2006-12-02,2006,H,H,0.48460188930343384,0.22482837539161726,0.29056973530494884,2.4,3.2,2.87,H,2.4,True,140.0
2006-12-03,2006,H,H,0.42790106990972254,0.22949908847037417,0.34259984161990326,1.9,3.25,4.0,H,1.9,True,89.99999999999999
2006-12-04,2006,D,H,0.5784419863852285,0.25832611726962373,0.1632318963451478,1.57,3.6,6.0,H,1.57,False,-100.0
2006-12-05,2006,H,H,0.41437687942620444,0.27778136775457885,0.3078417528192167,2.5,3.1,2.8,H,2.5,True,150.0
2006-12-05,2006,H,H,0.4644708486850275,0.265136376086839,0.27039277522813354,1.72,3.4,5.0,H,1.72,True,72.0
2006-12-06,2006,H,H,0.5658981632548717,0.2162366576538275,0.21786517909130076,1.9,3.25,4.0,H,1.9,True,89.99999999999999
2006-12-06,2006,A,H,0.48733413983430923,0.28550130864748413,0.2271645515182066,2.0,3.3,3.6,H,2.0,False,-100.0
2006-12-09,2006,D,H,0.44563637935530104,0.22175870153002922,0.3326049191146698,2.6,3.2,2.62,H,2.6,False,-100.0
2006-12-09,2006,H,H,0.4947342087777249,0.31795418369065065,0.18731160753162449,1.53,4.0,6.0,H,1.53,True,53.0
2006-12-09,2006,D,H,0.42422594763901483,0.32220562480658616,0.253568427554399,2.05,3.2,3.6,H,2.05,False,-100.0
2006-12-09,2006,H,H,0.5681855410319151,0.24278388330088949,0.18903057566719536,2.2,3.2,3.25,H,2.2,True,120.00000000000001
2006-12-09,2006,H,H,0.6894191371203774,0.1693372133202364,0.14124364955938606,1.33,4.5,9.5,H,1.33,True,33.00000000000001
2006-12-09,2006,H,H,0.5109355918388278,0.24264904812055887,0.24641536004061337,1.75,3.3,5.0,H,1.75,True,75.0
2006-12-09,2006,A,H,0.48033292248495113,0.2651015019631618,0.25456557555188714,2.15,3.25,3.4,H,2.15,False,-100.0
2006-12-09,2006,H,D,0.3576866289879999,0.5384791710493918,0.10383419996260829,1.36,4.33,9.0,D,4.33,False,-100.0
2006-12-10,2006,D,H,0.5140872456050213,0.3356605601489983,0.15025219424598035,1.72,3.4,5.0,H,1.72,False,-100.0
2006-12-11,2006,D,H,0.43984061511283096,0.22870594721548831,0.3314534376716807,2.62,3.2,2.6,H,2.62,False,-100.0
2006-12-13,2006,A,A,0.25303805724294365,0.2934452585556903,0.45351668420136604,4.75,3.5,1.72,A,1.72,True,72.0
2006-12-13,2006,H,H,0.621472989741153,0.13811117945453721,0.24041583080430975,1.2,6.0,13.0,H,1.2,True,19.999999999999996
2006-12-16,2006,H,H,0.6416194801113012,0.1942374059199227,0.1641431139687761,1.72,3.4,5.0,H,1.72,True,72.0
2006-12-16,2006,A,H,0.4752134613066457,0.29237198665524927,0.232414552038105,2.1,3.25,3.4,H,2.1,False,-100.0
2006-12-16,2006,A,H,0.4011522702328549,0.2456211511055648,0.3532265786615803,1.8,3.4,4.33,H,1.8,False,-100.0
2006-12-16,2006,A,A,0.1581417223845846,0.20210311001728118,0.6397551675981342,6.0,3.8,1.53,A,1.53,True,53.0
2006-12-16,2006,D,H,0.5670881772039242,0.2616311279114289,0.17128069488464692,1.4,4.33,7.5,H,1.4,False,-100.0
2006-12-16,2006,A,A,0.3598812156162194,0.24609008736364738,0.39402869702013327,2.4,3.2,2.87,A,2.87,True,187.0
2006-12-17,2006,A,A,0.1705006304838804,0.35795103957731,0.47154832993880963,5.5,3.8,1.57,A,1.57,True,57.00000000000001
2006-12-17,2006,A,H,0.41639413230282935,0.29488151230724796,0.28872435538992264,2.5,3.2,2.75,H,2.5,False,-100.0
2006-12-17,2006,H,A,0.17666956293429825,0.3060349761042018,0.5172954609614999,6.5,4.0,1.44,A,1.44,False,-100.0
2006-12-18,2006,H,H,0.51174338121031,0.23941978829225727,0.24883683049743266,2.25,3.2,3.1,H,2.25,True,125.0
2006-12-23,2006,A,H,0.48235939254013666,0.23876647637952178,0.27887413108034154,2.4,3.25,2.87,H,2.4,False,-100.0
2006-12-23,2006,H,H,0.5271901572384019,0.29112116036311514,0.18168868239848288,1.33,4.5,9.5,H,1.33,True,33.00000000000001
2006-12-23,2006,A,A,0.15814172221648073,0.21014754864161797,0.6317107291419013,5.5,3.6,1.61,A,1.61,True,61.00000000000001
2006-12-23,2006,D,H,0.3981707280433819,0.27958601072544526,0.3222432612311729,2.37,3.25,2.87,H,2.37,False,-100.0
2006-12-23,2006,H,H,0.7008486788158065,0.23142350867615413,0.0677278125080394,1.2,6.0,13.0,H,1.2,True,19.999999999999996
2006-12-23,2006,H,H,0.49298716072995913,0.24754113257821916,0.2594717066918217,1.72,3.4,5.0,H,1.72,True,72.0
2006-12-23,2006,A,H,0.47880837924959424,0.24795993705271857,0.27323168369768713,2.3,3.25,3.0,H,2.3,False,-100.0
2006-12-23,2006,A,A,0.23956985196452094,0.2915935835136399,0.46883656452183914,7.5,4.33,1.4,A,1.4,True,39.99999999999999
2006-12-23,2006,H,H,0.49992574398304984,0.22143189881281702,0.27864235720413316,2.5,3.2,2.75,H,2.5,True,150.0
2006-12-23,2006,H,D,0.33856773840491194,0.4207872497771235,0.24064501181796452,1.66,3.6,5.0,D,3.6,False,-100.0
2006-12-26,2006,H,H,0.5623069072110535,0.2521538432723122,0.18553924951663428,1.18,6.0,15.0,H,1.18,True,17.999999999999993
2006-12-26,2006,H,H,0.5702235274987841,0.250411608323702,0.17936486417751393,1.8,3.2,4.75,H,1.8,True,80.0
2006-12-26,2006,A,H,0.5563662342771837,0.22709742521248474,0.21653634051033163,2.3,3.25,3.0,H,2.3,False,-100.0
2006-12-26,2006,A,H,0.408032988873608,0.23043793631031118,0.3615290748160807,2.25,3.2,3.1,H,2.25,False,-100.0
2006-12-26,2006,D,H,0.5267235953912242,0.2129243408849403,0.2603520637238355,1.18,6.0,15.0,H,1.18,False,-100.0
2006-12-26,2006,H,H,0.5290230536512454,0.2135506152695178,0.2574263310792368,1.9,3.3,4.0,H,1.9,True,89.99999999999999
2006-12-26,2006,H,A,0.2820098071842732,0.32025580372407697,0.3977343890916498,4.2,3.4,1.83,A,1.83,False,-100.0
2006-12-26,2006,A,A,0.13421231166498582,0.23765119945582155,0.6281364888791926,8.0,4.2,1.4,A,1.4,True,39.99999999999999
2006-12-26,2006,D,H,0.48807936592843765,0.2471593176122909,0.2647613164592715,1.83,3.25,4.5,H,1.83,False,-100.0
2006-12-27,2006,D,H,0.46520623567962066,0.23921105941173307,0.2955827049086463,2.5,3.25,2.7,H,2.5,False,-100.0
2006-12-30,2006,A,H,0.42699064488464566,0.24667909320587436,0.32633026190948,2.1,3.2,3.5,H,2.1,False,-100.0
2006-12-30,2006,A,H,0.37534874746172814,0.2900959510586726,0.3345553014795993,2.6,3.2,2.62,H,2.6,False,-100.0
2006-12-30,2006,H,D,0.2847873126670638,0.3623131800154351,0.35289950731750114,6.0,4.0,1.5,D,4.0,False,-100.0
2006-12-30,2006,H,H,0.6447599142316439,0.19745515517433554,0.15778493059402046,1.2,6.0,13.0,H,1.2,True,19.999999999999996
2006-12-30,2006,D,H,0.5617656546708242,0.22320135701946398,0.21503298830971185,1.14,6.5,21.0,H,1.14,False,-100.0
2006-12-30,2006,H,H,0.49910443771036245,0.25064995596025147,0.25024560632938603,2.6,3.2,2.62,H,2.6,True,160.0
2006-12-30,2006,H,H,0.5980371616583836,0.21818574528134557,0.18377709306027082,2.0,3.2,3.75,H,2.0,True,100.0
2006-12-30,2006,H,H,0.42889766032540866,0.22976566029234366,0.3413366793822477,2.0,3.2,3.75,H,2.0,True,100.0
2006-12-30,2006,H,A,0.3613594543416605,0.2364800891493903,0.4021604565089492,2.1,3.25,3.4,A,3.4,False,-100.0
2007-01-01,2006,H,H,0.5595476834402185,0.2560245647798088,0.18442775177997253,1.61,3.4,6.0,H,1.61,True,61.00000000000001
2007-01-01,2006,D,H,0.5876682752116543,0.2450695191263046,0.167262205662041,1.66,3.4,5.5,H,1.66,False,-100.0
2007-01-01,2006,H,A,0.35338940130084184,0.27309184377018997,0.3735187549289682,2.37,3.2,2.9,A,2.9,False,-100.0
2007-01-01,2006,H,H,0.45203749968155443,0.28967936573841085,0.2582831345800347,1.8,3.4,4.5,H,1.8,True,80.0
2007-01-01,2006,A,H,0.42139958119248916,0.23585482516487777,0.3427455936426331,2.37,3.2,2.9,H,2.37,False,-100.0
2007-01-01,2006,H,H,0.4512796302730182,0.23177416591458344,0.3169462038123984,2.1,3.2,3.5,H,2.1,True,110.00000000000001
2007-01-01,2006,D,A,0.08022208242292903,0.2528483204806259,0.6669295970964452,6.5,3.75,1.53,A,1.53,False,-100.0
2007-01-01,2006,D,H,0.509127721438038,0.2348397506189961,0.25603252794296594,2.4,3.2,2.87,H,2.4,False,-100.0
2007-01-02,2006,H,H,0.6593646400767484,0.15001073432031403,0.1906246256029375,1.22,5.5,13.0,H,1.22,True,21.999999999999996
2007-01-02,2006,D,A,0.07079735972521232,0.1381466100587354,0.7910560302160522,6.5,3.75,1.53,A,1.53,False,-100.0
2007-01-13,2006,D,H,0.5159207664199227,0.21884824957980853,0.26523098400026873,2.1,3.3,3.4,H,2.1,False,-100.0
2007-01-13,2006,A,A,0.06481701115213655,0.18895701230094217,0.7462259765469214,6.5,3.75,1.53,A,1.53,True,53.0
2007-01-13,2006,D,H,0.4377002903317379,0.22971453588761073,0.33258517378065133,2.6,3.2,2.62,H,2.6,False,-100.0
2007-01-13,2006,H,H,0.5775652875344427,0.24027831739788594,0.18215639506767134,1.25,5.5,11.0,H,1.25,True,25.0
2007-01-13,2006,A,H,0.5048677288146458,0.23253950833421522,0.262592762851139,2.5,3.2,2.75,H,2.5,False,-100.0
2007-01-13,2006,D,H,0.4012911228003129,0.24854145681234888,0.35016742038733817,1.8,3.25,4.75,H,1.8,False,-100.0
2007-01-13,2006,A,H,0.4882857788925618,0.2795240300802664,0.23219019102717184,4.2,3.4,1.83,H,4.2,False,-100.0
2007-01-13,2006,H,H,0.563074628567717,0.21543626390430307,0.2214891075279799,1.2,6.0,13.0,H,1.2,True,19.999999999999996
2007-01-14,2006,A,H,0.5402712954871869,0.2673644360166861,0.192364268496127,1.8,3.4,4.5,H,1.8,False,-100.0
2007-01-14,2006,D,H,0.44229592928357525,0.25570293180166315,0.3020011389147616,2.0,3.2,3.75,H,2.0,False,-100.0
2007-01-20,2006,D,H,0.6126515008609014,0.19828427391661096,0.18906422522248764,1.8,3.4,4.33,H,1.8,False,-100.0
2007-01-20,2006,H,H,0.5723352681071452,0.22180979454922725,0.2058549373436275,1.83,3.3,4.33,H,1.83,True,83.0
2007-01-20,2006,A,D,0.346810134323009,0.34830395266784936,0.30488591300914164,1.57,3.8,5.5,D,3.8,False,-100.0
2007-01-20,2006,H,H,0.5730374715038336,0.2403080327740461,0.18665449572212042,2.5,3.2,2.75,H,2.5,True,150.0
2007-01-20,2006,A,H,0.428533448870102,0.22135083275865552,0.3501157183712425,2.25,3.2,3.1,H,2.25,False,-100.0
2007-01-20,2006,H,H,0.5072444311310991,0.2753939382945531,0.2173616305743479,2.87,3.0,2.5,H,2.87,True,187.0
2007-01-20,2006,D,A,0.350543629665986,0.27089588790874924,0.3785604824252648,2.87,3.2,2.4,A,2.4,False,-100.0
2007-01-20,2006,H,H,0.511147921885842,0.3369775263668584,0.1518745517472997,1.57,3.6,6.0,H,1.57,True,57.00000000000001
2007-01-21,2006,H,D,0.3433159809148965,0.3758144228637547,0.2808695962213487,2.5,3.1,2.8,D,3.1,False,-100.0
2007-01-21,2006,A,A,0.3549610356675123,0.22191026324829452,0.42312870108419315,2.5,3.2,2.75,A,2.75,True,175.0
2007-01-23,2006,H,A,0.30376595547402,0.21784951270345643,0.4783845318225235,3.4,3.25,2.1,A,2.1,False,-100.0
2007-01-30,2006,H,H,0.6070042427622891,0.1810325389145749,0.21196321832313594,1.8,3.3,4.5,H,1.8,True,80.0
2007-01-30,2006,D,H,0.5145834655823828,0.25255754442295436,0.23285898999466284,1.9,3.3,4.0,H,1.9,False,-100.0
2007-01-30,2006,A,A,0.13500860683372196,0.22474967243456181,0.6402417207317163,5.0,3.6,1.66,A,1.66,True,65.99999999999999
2007-01-30,2006,H,H,0.4968431672571552,0.25271173259412416,0.2504451001487207,2.4,3.2,2.87,H,2.4,True,140.0
2007-01-31,2006,D,H,0.5050877153954273,0.29693727803545394,0.19797500656911873,1.5,4.0,6.0,H,1.5,False,-100.0
2007-01-31,2006,H,H,0.588888955684265,0.24842755118820667,0.16268349312752828,1.28,5.0,10.0,H,1.28,True,28.000000000000004
2007-01-31,2006,H,H,0.6007125491369978,0.20499927392784376,0.19428817693515843,1.14,7.0,17.0,H,1.14,True,13.99999999999999
2007-01-31,2006,H,H,0.48337849510673125,0.2235211076575506,0.29310039723571807,2.1,3.2,3.5,H,2.1,True,110.00000000000001
2007-02-03,2006,H,H,0.6482632066208621,0.19135428205943183,0.16038251131970607,1.72,3.5,4.75,H,1.72,True,72.0
2007-02-03,2006,H,H,0.5168720827158063,0.26811606403812505,0.2150118532460686,2.3,3.25,3.0,H,2.3,True,129.99999999999997
2007-02-03,2006,H,H,0.548707842825844,0.21959088933011417,0.2317012678440419,1.83,3.3,4.33,H,1.83,True,83.0
2007-02-03,2006,D,A,0.29622647876120234,0.3109826022899889,0.39279091894880874,4.33,3.4,1.8,A,1.8,False,-100.0
2007-02-03,2006,A,A,0.22761185413050433,0.29145230004059836,0.4809358458288973,8.0,4.5,1.36,A,1.36,True,36.00000000000001
2007-02-03,2006,D,H,0.5423498347423915,0.27976739172222437,0.1778827735353841,1.57,3.6,6.0,H,1.57,False,-100.0
2007-02-03,2006,A,H,0.46036077877881443,0.28165323524761704,0.25798598597356853,2.2,3.2,3.25,H,2.2,False,-100.0
2007-02-03,2006,H,H,0.3842291604571924,0.2652090157121492,0.3505618238306584,2.6,3.1,2.7,H,2.6,True,160.0
2007-02-03,2006,A,A,0.19546046033820966,0.3091016101987547,0.4954379294630356,3.25,3.2,2.2,A,2.2,True,120.00000000000001
2007-02-04,2006,A,A,0.19355668984504812,0.23402685777285334,0.5724164523820986,4.75,3.5,1.72,A,1.72,True,72.0
2007-02-10,2006,A,H,0.48583905691582885,0.23346509853251765,0.28069584455165353,1.83,3.3,4.33,H,1.83,False,-100.0
2007-02-10,2006,H,H,0.4283435504572973,0.223195610399706,0.34846083914299664,2.8,3.25,2.4,H,2.8,True,179.99999999999997
2007-02-10,2006,H,H,0.569060366307867,0.23828513849611907,0.19265449519601388,2.1,3.2,3.5,H,2.1,True,110.00000000000001
2007-02-10,2006,H,H,0.5530873030466138,0.18855894935027287,0.25835374760311347,1.9,3.25,4.0,H,1.9,True,89.99999999999999
2007-02-10,2006,H,H,0.7069433126577005,0.11435000449243667,0.17870668284986282,1.14,7.0,19.0,H,1.14,True,13.99999999999999
2007-02-10,2006,H,H,0.4450731599816444,0.25031003359588894,0.30461680642246675,2.1,3.2,3.5,H,2.1,True,110.00000000000001
2007-02-10,2006,H,H,0.6390225326063641,0.2108892547544142,0.15008821263922176,1.28,5.0,10.0,H,1.28,True,28.000000000000004
2007-02-10,2006,H,D,0.23560216797978606,0.445818120267991,0.31857971175222294,3.8,3.4,1.9,D,3.4,False,-100.0
2007-02-11,2006,H,H,0.530039150172124,0.2282523682244093,0.24170848160346667,1.25,5.0,13.0,H,1.25,True,25.0
2007-02-11,2006,H,H,0.4784872814362389,0.3034388635935701,0.21807385497019083,1.66,3.6,5.0,H,1.66,True,65.99999999999999
2007-02-21,2006,A,H,0.4418293237212599,0.22815909544756874,0.3300115808311714,2.3,3.25,3.0,H,2.3,False,-100.0
2007-02-21,2006,D,A,0.26147358294754347,0.22700779709476662,0.5115186199576899,2.4,3.25,2.8,A,2.8,False,-100.0
2007-02-24,2006,H,H,0.5063008095046836,0.2150370989752585,0.2786620915200579,2.3,3.25,3.0,H,2.3,True,129.99999999999997
2007-02-24,2006,A,A,0.15814171870713692,0.25689888433990454,0.5849593969529585,7.5,4.33,1.4,A,1.4,True,39.99999999999999
2007-02-24,2006,H,H,0.44343352902258504,0.2880514696639845,0.26851500131343053,2.25,3.2,3.1,H,2.25,True,125.0
2007-02-24,2006,H,H,0.6248182712609579,0.21455627332225846,0.16062545541678366,1.3,4.75,8.5,H,1.3,True,30.000000000000004
2007-02-24,2006,A,H,0.39563287485571275,0.25199278606965,0.3523743390746372,3.1,3.2,2.25,H,3.1,False,-100.0
2007-02-25,2006,H,H,0.4715999781461971,0.25587892504474824,0.2725210968090546,2.3,3.1,3.1,H,2.3,True,129.99999999999997
2007-02-25,2006,H,H,0.5171987832454246,0.24034248372002534,0.2424587330345501,2.1,3.25,3.4,H,2.1,True,110.00000000000001
2007-02-25,2006,H,H,0.40333504028290434,0.2735415649166058,0.32312339480048985,2.5,3.25,2.7,H,2.5,True,150.0
2007-03-03,2006,H,H,0.4997839512564664,0.3378780858759658,0.16233796286756785,1.5,3.75,7.0,H,1.5,True,50.0
2007-03-03,2006,D,H,0.452495067150995,0.24743651335427966,0.3000684194947254,2.37,3.2,2.9,H,2.37,False,-100.0
2007-03-03,2006,A,D,0.3268364134422193,0.4298301810315624,0.24333340552621827,2.6,3.1,2.7,D,3.1,False,-100.0
2007-03-03,2006,A,H,0.49983575896657717,0.2308803847961037,0.26928385623731904,2.0,3.2,3.75,H,2.0,False,-100.0
2007-03-03,2006,D,A,0.33934763481733654,0.2600482198711937,0.40060414531146976,2.0,3.2,3.75,A,3.75,False,-100.0
2007-03-03,2006,A,A,0.18721178179864292,0.22005865495467636,0.5927295632466807,6.0,3.75,1.5,A,1.5,True,50.0
2007-03-03,2006,D,H,0.4525963811474318,0.23814735376853577,0.30925626508403253,2.6,3.2,2.62,H,2.6,False,-100.0
2007-03-03,2006,D,H,0.4480684284196248,0.25371418106299387,0.29821739051738133,2.5,3.1,2.8,H,2.5,False,-100.0
2007-03-04,2006,A,A,0.3169804261981931,0.28866974276237295,0.394349831039434,2.0,3.2,3.75,A,3.75,True,275.0
2007-03-04,2006,A,A,0.3071144040721115,0.3373495646405414,0.35553603128734707,3.2,3.25,2.2,A,2.2,True,120.00000000000001
2007-03-14,2006,A,A,0.20800034429319522,0.21551187160077057,0.5764877841060342,7.0,3.75,1.5,A,1.5,True,50.0
2007-03-14,2006,A,H,0.3811773323548136,0.30213341919720244,0.316689248447984,3.6,3.3,2.0,H,3.6,False,-100.0
2007-03-17,2006,H,H,0.5961970674436218,0.22669934261720495,0.17710358993917316,1.4,4.0,7.0,H,1.4,True,39.99999999999999
2007-03-17,2006,D,H,0.5226893855400245,0.23353322730581605,0.2437773871541594,2.1,3.25,3.4,H,2.1,False,-100.0
2007-03-17,2006,D,H,0.5573793492549721,0.24701696541023618,0.1956036853347917,2.0,3.3,3.6,H,2.0,False,-100.0
2007-03-17,2006,A,H,0.5626298402478779,0.24087814920076792,0.19649201055135423,1.72,3.5,4.75,H,1.72,False,-100.0
2007-03-17,2006,H,H,0.5914423047105102,0.27862956245728104,0.12992813283220875,1.3,5.0,9.0,H,1.3,True,30.000000000000004
2007-03-17,2006,A,H,0.5065019939471641,0.25554295672390015,0.23795504932893566,1.95,3.3,3.8,H,1.95,False,-100.0
2007-03-17,2006,H,H,0.8163377839341539,0.07965886439579649,0.10400335167004975,1.16,6.5,15.0,H,1.16,True,15.999999999999993
2007-03-18,2006,D,H,0.5017445797468426,0.20809571612055688,0.29015970413260045,4.0,3.25,1.9,H,4.0,False,-100.0
2007-03-18,2006,H,H,0.5007453342240744,0.2474689238283044,0.2517857419476212,2.4,3.25,2.8,H,2.4,True,140.0
2007-03-18,2006,H,A,0.33826231190159284,0.31742116086046024,0.3443165272379469,3.1,3.3,2.2,A,2.2,False,-100.0
2007-03-31,2006,A,A,0.19472373355596084,0.22381426854820716,0.5814619978958321,9.5,4.5,1.33,A,1.33,True,33.00000000000001
2007-03-31,2006,D,H,0.42491914141395376,0.2535173435516352,0.321563515034411,2.3,3.25,3.0,H,2.3,False,-100.0
2007-03-31,2006,A,H,0.38368512747038275,0.2787511961943206,0.33756367633529666,1.9,3.3,4.0,H,1.9,False,-100.0
2007-03-31,2006,H,H,0.5492351788359966,0.24746556829165822,0.20329925287234518,1.61,3.6,5.5,H,1.61,True,61.00000000000001
2007-03-31,2006,H,H,0.40512049129754374,0.2666930335190716,0.3281864751833847,2.2,3.2,3.25,H,2.2,True,120.00000000000001
2007-03-31,2006,H,H,0.40198116886600727,0.3558396832994535,0.24217914783453923,2.1,3.25,3.4,H,2.1,True,110.00000000000001
2007-03-31,2006,H,H,0.7143857889277827,0.16893711495595518,0.11667709611626208,1.33,4.5,9.5,H,1.33,True,33.00000000000001
2007-03-31,2006,H,H,0.5662974472587275,0.24372146908110606,0.1899810836601663,2.2,3.2,3.25,H,2.2,True,120.00000000000001
2007-04-01,2006,H,H,0.6014986337161544,0.22846185633434724,0.17003950994949846,1.72,3.4,5.0,H,1.72,True,72.0
2007-04-02,2006,D,H,0.5391251333792014,0.2129930463369237,0.24788182028387482,2.37,3.2,2.9,H,2.37,False,-100.0
2007-04-06,2006,D,A,0.2933635902710565,0.2361259797273452,0.4705104300015983,2.1,3.2,3.5,A,3.5,False,-100.0
2007-04-06,2006,H,H,0.3723105331128649,0.36948135234957524,0.2582081145375598,1.66,3.4,5.5,H,1.66,True,65.99999999999999
2007-04-07,2006,A,H,0.37219182024142,0.2901740771588247,0.3376341025997553,2.5,3.25,2.7,H,2.5,False,-100.0
2007-04-07,2006,A,A,0.3264731754485877,0.3306499757677996,0.3428768487836127,2.37,3.25,2.87,A,2.87,True,187.0
2007-04-07,2006,A,A,0.34536790128700257,0.2539764673246361,0.4006556313883614,3.8,3.4,1.9,A,1.9,True,89.99999999999999
2007-04-07,2006,H,A,0.18382609261294683,0.21597712332622007,0.6001967840608332,6.0,4.0,1.5,A,1.5,False,-100.0
2007-04-07,2006,H,H,0.7676695784633317,0.15685821449969622,0.075472207036972,1.44,4.0,7.5,H,1.44,True,43.99999999999999
2007-04-07,2006,A,H,0.4130471086108352,0.23554000547900822,0.3514128859101566,2.0,3.2,3.75,H,2.0,False,-100.0
2007-04-07,2006,A,H,0.5378341770547018,0.21071738602798162,0.2514484369173165,1.4,4.33,7.5,H,1.4,False,-100.0
2007-04-07,2006,H,H,0.6221646729900526,0.25135149081950314,0.12648383619044418,1.61,3.6,5.5,H,1.61,True,61.00000000000001
2007-04-09,2006,D,H,0.4542561765477872,0.265740528793047,0.2800032946591658,1.9,3.25,4.0,H,1.9,False,-100.0
2007-04-09,2006,D,H,0.46912655583017404,0.22129002222475547,0.30958342194507055,2.1,3.2,3.4,H,2.1,False,-100.0
2007-04-09,2006,D,H,0.5537913183628681,0.2726947687907925,0.17351391284633944,2.25,3.25,3.1,H,2.25,False,-100.0
2007-04-09,2006,A,H,0.467464433996146,0.2692324812783155,0.2633030847255385,2.2,3.25,3.2,H,2.2,False,-100.0
2007-04-09,2006,D,H,0.39848422687640234,0.25443016696797555,0.34708560615562206,3.2,3.25,2.2,H,3.2,False,-100.0
2007-04-09,2006,H,H,0.37622862399261553,0.25954811032763453,0.36422326567974994,3.0,3.25,2.3,H,3.0,True,200.0
2007-04-14,2006,A,H,0.48452177169148464,0.26720248825315673,0.24827574005535866,2.1,3.25,3.4,H,2.1,False,-100.0
2007-04-14,2006,D,A,0.2526041881757169,0.30371192639337613,0.4436838854309069,4.0,3.5,1.83,A,1.83,False,-100.0
2007-04-14,2006,H,H,0.4980297615026144,0.3290110006664711,0.17295923783091446,1.66,3.6,5.0,H,1.66,True,65.99999999999999
2007-04-14,2006,H,H,0.43029282261791274,0.26856236498914615,0.30114481239294116,2.1,3.25,3.4,H,2.1,True,110.00000000000001
2007-04-14,2006,H,H,0.41784079238811483,0.24250499917427418,0.339654208437611,2.4,3.25,2.8,H,2.4,True,140.0
2007-04-14,2006,H,H,0.4329387715471112,0.26625849964070514,0.30080272881218356,1.9,3.25,4.0,H,1.9,True,89.99999999999999
2007-04-15,2006,D,H,0.5210974334470478,0.2913322993765853,0.1875702671763669,3.0,3.3,2.25,H,3.0,False,-100.0
2007-04-15,2006,H,H,0.624199973040856,0.21959574030964088,0.15620428664950323,1.72,3.5,4.75,H,1.72,True,72.0
2007-04-17,2006,H,H,0.6324879109699658,0.28256916520076497,0.0849429238292692,1.4,4.33,7.5,H,1.4,True,39.99999999999999
2007-04-17,2006,H,H,0.6313483893038415,0.1991946511160226,0.16945695958013599,1.14,7.0,17.0,H,1.14,True,13.99999999999999
2007-04-18,2006,A,D,0.20929090072650933,0.4579239972976515,0.33278510197583916,7.0,4.2,1.44,D,4.2,False,-100.0
2007-04-18,2006,H,H,0.505951726803678,0.2660852198370306,0.22796305335929148,1.61,3.6,5.5,H,1.61,True,61.00000000000001
2007-04-18,2006,H,H,0.6115780026683298,0.1999409606880184,0.18848103664365165,1.36,4.5,8.0,H,1.36,True,36.00000000000001
2007-04-21,2006,D,A,0.3592035620667177,0.23819265356263197,0.40260378437065025,2.62,3.25,2.6,A,2.6,False,-100.0
2007-04-21,2006,D,D,0.32545372377159676,0.3682404607740482,0.30630581545435503,2.7,3.25,2.5,D,3.25,True,225.0
2007-04-21,2006,D,H,0.5555142017212024,0.1880457200128284,0.2564400782659693,1.2,6.0,13.0,H,1.2,False,-100.0
2007-04-21,2006,A,H,0.46719970958916557,0.22387413992148197,0.3089261504893524,1.83,3.3,4.33,H,1.83,False,-100.0
2007-04-21,2006,D,H,0.43565464406724225,0.2313565844300717,0.3329887715026861,2.25,3.2,3.1,H,2.25,False,-100.0
2007-04-21,2006,D,A,0.2990661272768689,0.27180759305960744,0.4291262796635236,2.05,3.25,3.6,A,3.6,False,-100.0
2007-04-21,2006,H,H,0.5339516641456562,0.24485917339478233,0.22118916245956147,2.4,3.4,2.75,H,2.4,True,140.0
2007-04-21,2006,H,H,0.6267212384662858,0.21524040069503525,0.15803836083867898,1.36,4.5,8.0,H,1.36,True,36.00000000000001
2007-04-22,2006,D,H,0.5240209370936518,0.21787679176055094,0.2581022711457971,2.2,2.5,3.2,H,2.2,False,-100.0
2007-04-22,2006,D,A,0.12558388512202234,0.23987717681568235,0.6345389380622953,6.0,3.8,1.53,A,1.53,False,-100.0
2007-04-28,2006,H,H,0.4939752932479981,0.32665992826225904,0.1793647784897429,2.1,3.25,3.4,H,2.1,True,110.00000000000001
2007-04-28,2006,D,H,0.6281348502833445,0.2110081282136442,0.16085702150301137,1.28,5.0,10.0,H,1.28,False,-100.0
2007-04-28,2006,A,A,0.2176658135560341,0.32731695328025784,0.4550172331637081,5.0,3.6,1.66,A,1.66,True,65.99999999999999
2007-04-28,2006,A,H,0.4252723824398906,0.3047778397105083,0.2699497778496011,2.3,3.25,3.0,H,2.3,False,-100.0
2007-04-28,2006,A,H,0.4162005825716173,0.3277549546039165,0.2560444628244662,2.7,3.25,2.5,H,2.7,False,-100.0
2007-04-28,2006,H,D,0.35801565690443765,0.3583001220793704,0.283684221016192,3.2,3.25,2.2,D,3.25,False,-100.0
2007-04-28,2006,H,H,0.6132582009194484,0.22402744105663086,0.1627143580239207,1.57,3.8,5.5,H,1.57,True,57.00000000000001
2007-04-28,2006,A,A,0.3493131262381411,0.1763671820932704,0.4743196916685884,2.1,3.25,3.4,A,3.4,True,240.0
2007-04-29,2006,H,H,0.6302160786897059,0.18894087426652764,0.1808430470437664,1.33,4.5,9.5,H,1.33,True,33.00000000000001
2007-04-30,2006,H,H,0.47365517690965636,0.24507904829261426,0.2812657747977294,2.0,3.3,3.6,H,2.0,True,100.0
2007-05-05,2006,A,H,0.530699332917974,0.2486746580545928,0.22062600902743312,2.1,3.25,3.4,H,2.1,False,-100.0
2007-05-05,2006,H,H,0.4556299709261464,0.252019986877089,0.2923500421967646,2.15,3.25,3.3,H,2.15,True,114.99999999999999
2007-05-05,2006,A,H,0.46398651135451435,0.24370833017741964,0.29230515846806604,2.25,3.3,3.0,H,2.25,False,-100.0
2007-05-05,2006,A,H,0.811608432921724,0.1792507992253917,0.009140767852884311,1.4,4.33,7.5,H,1.4,False,-100.0
2007-05-05,2006,H,H,0.4351411385428674,0.22808361028807278,0.3367752511690598,3.2,3.25,2.2,H,3.2,True,220.00000000000003
2007-05-05,2006,H,H,0.47007326976014796,0.26805416356118666,0.2618725666786654,1.95,3.3,3.8,H,1.95,True,95.0
2007-05-05,2006,H,H,0.5419360827334301,0.25826982069309506,0.1997940965734748,1.9,3.4,4.0,H,1.9,True,89.99999999999999
2007-05-05,2006,A,A,0.280698444649398,0.2276521403745505,0.4916494149760515,6.0,4.0,1.5,A,1.5,True,50.0
2007-05-06,2006,D,H,0.43971911114891116,0.27465326396216105,0.28562762488892784,2.7,3.25,2.5,H,2.7,False,-100.0
2007-05-07,2006,A,D,0.3210028852456375,0.3523587037069755,0.326638411047387,2.87,3.25,2.37,D,3.25,False,-100.0
2007-05-09,2006,D,H,0.46195523467518473,0.22205418084862302,0.31599058447619227,2.1,3.2,3.2,H,2.1,False,-100.0
2007-05-10,2006,D,H,0.5041476459127975,0.23960635121027016,0.2562460028769324,1.8,3.4,4.33,H,1.8,False,-100.0
2007-05-13,2006,D,H,0.3779153458720274,0.26269532534638285,0.35938932878158975,2.8,3.3,2.37,H,2.8,False,-100.0
2007-05-13,2006,H,H,0.6483816049651745,0.19369241353694253,0.15792598149788303,1.5,3.75,7.0,H,1.5,True,50.0
2007-05-13,2006,D,H,0.44232061403779016,0.22758686376797344,0.3300925221942364,2.7,3.5,2.37,H,2.7,False,-100.0
2007-05-13,2006,H,H,0.5352473974663899,0.2403508002728368,0.22440180226077325,1.9,3.25,4.0,H,1.9,True,89.99999999999999
2007-05-13,2006,A,H,0.5411351764270099,0.2048295558330986,0.2540352677398915,2.3,3.4,2.87,H,2.3,False,-100.0
2007-05-13,2006,D,H,0.8001552502081083,0.1482944720323005,0.05155027775959117,1.36,4.5,8.0,H,1.36,False,-100.0
2007-05-13,2006,D,H,0.5495609274410671,0.2765411491612894,0.17389792339764357,1.72,3.5,4.75,H,1.72,False,-100.0
2007-05-13,2006,D,H,0.44537503651427635,0.19431360777508244,0.36031135571064127,1.86,3.4,4.0,H,1.86,False,-100.0
2007-05-13,2006,D,H,0.4682021122843192,0.32976197654846184,0.20203591116721906,2.0,3.4,3.5,H,2.0,False,-100.0
2007-05-13,2006,A,H,0.5337561507404219,0.2455579864595678,0.2206858628000102,1.57,3.6,6.0,H,1.57,False,-100.0
2007-08-11,2007,D,A,0.3567443004610109,0.25547098074361146,0.3877847187953776,2.8,3.25,2.4,A,2.4,False,-100.0
2007-08-11,2007,A,A,0.3574000022124176,0.25033571361200874,0.3922642841755737,2.5,3.2,2.75,A,2.75,True,175.0
2007-08-11,2007,A,H,0.4753422634915934,0.2536440353091318,0.27101370119927476,2.37,3.25,2.87,H,2.37,False,-100.0
2007-08-11,2007,A,H,0.4663384072366377,0.22134177247977627,0.312319820283586,4.0,3.25,1.9,H,4.0,False,-100.0
2007-08-11,2007,H,A,0.40217754526044525,0.18675402225677185,0.41106843248278296,3.4,3.25,2.1,A,2.1,False,-100.0
2007-08-11,2007,A,H,0.5329866584559159,0.2552456785092078,0.21176766303487618,2.0,3.2,3.75,H,2.0,False,-100.0
2007-08-11,2007,H,H,0.5124155091533774,0.2672188612376964,0.22036562960892622,1.66,3.4,5.5,H,1.66,True,65.99999999999999
2007-08-12,2007,H,H,0.6643076794909398,0.19973742974080963,0.1359548907682506,1.33,4.5,10.0,H,1.33,True,33.00000000000001
2007-08-12,2007,H,H,0.8161153813234762,0.1277290317312735,0.05615558694525039,1.2,6.0,13.0,H,1.2,True,19.999999999999996
2007-08-12,2007,D,H,0.5386825146780909,0.2699621617270149,0.19135532359489416,1.22,5.5,13.0,H,1.22,False,-100.0
2007-08-14,2007,A,H,0.5035128442888513,0.26078579316909173,0.23570136254205698,1.8,3.4,4.33,H,1.8,False,-100.0
2007-08-15,2007,H,H,0.6907539976777058,0.2155944974931794,0.09365150482911472,1.61,3.6,5.5,H,1.61,True,61.00000000000001
2007-08-15,2007,H,H,0.5502698127267865,0.20771347164206858,0.24201671563114494,2.2,3.25,3.2,H,2.2,True,120.00000000000001
2007-08-15,2007,D,H,0.4054415132833564,0.25685082456343117,0.33770766215321246,2.3,3.25,3.0,H,2.3,False,-100.0
2007-08-15,2007,H,H,0.3814004700725242,0.28096918484072325,0.33763034508675255,2.3,3.25,3.0,H,2.3,True,129.99999999999997
2007-08-15,2007,A,A,0.1576999933701109,0.2548524723790151,0.5874475342508739,6.5,3.75,1.53,A,1.53,True,53.0
2007-08-15,2007,D,A,0.2507199373293294,0.25897867269982183,0.4903013899708488,5.5,3.6,1.61,A,1.61,False,-100.0
2007-08-18,2007,H,H,0.4494341139959322,0.25616922969604555,0.29439665630802225,2.2,3.25,3.2,H,2.2,True,120.00000000000001
2007-08-18,2007,A,A,0.3506408864018669,0.22941530070916882,0.41994381288896426,2.37,3.25,2.87,A,2.87,True,187.0
2007-08-18,2007,A,H,0.3952421739477405,0.26696916689867517,0.3377886591535843,2.1,3.25,3.4,H,2.1,False,-100.0
2007-08-18,2007,D,H,0.5116218952803622,0.23427864007170088,0.25409946464793703,1.83,3.3,4.33,H,1.83,False,-100.0
2007-08-18,2007,H,H,0.5394960290516436,0.24235334155049013,0.21815062939786625,1.83,3.3,4.33,H,1.83,True,83.0
2007-08-18,2007,H,H,0.46377127070461577,0.22563548567894634,0.31059324361643786,2.5,3.25,2.7,H,2.5,True,150.0
2007-08-18,2007,H,H,0.6119375761379171,0.2645952471655566,0.12346717669652625,1.44,4.0,7.5,H,1.44,True,43.99999999999999
2007-08-19,2007,H,H,0.39942144398204354,0.23390239596433046,0.3666761600536259,4.5,3.25,1.83,H,4.5,True,350.0
2007-08-19,2007,D,H,0.433423680703898,0.26732263393653216,0.29925368535957,2.62,3.1,3.1,H,2.62,False,-100.0
2007-08-19,2007,D,H,0.4570463587250133,0.23497824166884915,0.30797539960613746,3.1,3.2,2.25,H,3.1,False,-100.0
2007-08-25,2007,D,H,0.5354792311459818,0.200232667434851,0.2642881014191672,1.9,3.25,4.0,H,1.9,False,-100.0
2007-08-25,2007,A,A,0.13686968405442612,0.23161181250451743,0.6315185034410565,6.0,3.6,1.57,A,1.57,True,57.00000000000001
2007-08-25,2007,D,H,0.49319165870622955,0.2686615168686482,0.23814682442512217,2.1,3.2,3.5,H,2.1,False,-100.0
2007-08-25,2007,A,A,0.34129372068750535,0.28466528856826895,0.3740409907442257,2.37,3.25,2.87,A,2.87,True,187.0
2007-08-25,2007,H,H,0.6158590850229055,0.26538467832993634,0.1187562366471581,1.53,3.8,6.0,H,1.53,True,53.0
2007-08-25,2007,H,H,0.40333609853601265,0.24003881296268312,0.35662508850130425,2.25,3.2,3.0,H,2.25,True,125.0
2007-08-25,2007,H,H,0.4566184013868455,0.24985923625634698,0.2935223623568075,1.8,3.4,4.5,H,1.8,True,80.0
2007-08-25,2007,H,H,0.5635670709155943,0.26002701676776513,0.17640591231664046,1.28,5.0,10.0,H,1.28,True,28.000000000000004
2007-08-26,2007,D,H,0.48095210084496426,0.23975246932838154,0.2792954298266542,2.6,3.2,2.62,H,2.6,False,-100.0
2007-08-26,2007,H,H,0.6640272889229243,0.2048249019692463,0.13114780910782944,1.5,4.0,6.0,H,1.5,True,50.0
2007-09-01,2007,H,H,0.5299774154445317,0.24921062628523571,0.2208119582702326,2.0,3.2,3.75,H,2.0,True,100.0
2007-09-01,2007,A,H,0.4240256978526525,0.2073136301345344,0.3686606720128131,2.2,3.2,3.25,H,2.2,False,-100.0
2007-09-01,2007,H,H,0.833855316082528,0.13146778329310102,0.03467690062437087,1.16,6.0,19.0,H,1.16,True,15.999999999999993
2007-09-01,2007,H,H,0.46524727908931024,0.20689648293467597,0.3278562379760139,1.72,3.5,4.75,H,1.72,True,72.0
2007-09-01,2007,D,H,0.4068665507629004,0.24243408904533462,0.350699360191765,3.1,3.2,2.25,H,3.1,False,-100.0
2007-09-01,2007,A,H,0.44906999429748357,0.2368600967131852,0.31406990898933124,2.4,3.2,2.87,H,2.4,False,-100.0
2007-09-01,2007,H,H,0.6286219988386398,0.18549217047735303,0.1858858306840072,1.16,6.0,19.0,H,1.16,True,15.999999999999993
2007-09-02,2007,H,H,0.4331370373023049,0.23809919031875734,0.32876377237893784,2.2,3.2,3.25,H,2.2,True,120.00000000000001
2007-09-02,2007,H,H,0.6603608157164298,0.21953840059430182,0.12010078368926841,1.5,3.75,7.0,H,1.5,True,50.0
2007-09-02,2007,H,A,0.2365327186743219,0.2496503095360569,0.5138169717896212,5.5,3.6,1.61,A,1.61,False,-100.0
2007-09-15,2007,D,H,0.4271062230950962,0.2501608828014395,0.32273289410346423,2.1,3.25,3.6,H,2.1,False,-100.0
2007-09-15,2007,H,H,0.41989610299987484,0.2551485911270333,0.3249553058730918,2.37,3.25,3.0,H,2.37,True,137.0
2007-09-15,2007,D,H,0.5625971950421199,0.26795023214715635,0.16945257281072368,1.36,4.33,10.0,H,1.36,False,-100.0
2007-09-15,2007,A,A,0.2383946337645723,0.28843062700386213,0.4731747392315655,4.5,3.5,1.8,A,1.8,True,80.0
2007-09-15,2007,D,H,0.40076370776081593,0.20152113599072538,0.39771515624845866,5.0,3.5,1.72,H,5.0,False,-100.0
2007-09-15,2007,H,H,0.4648507408662102,0.22819971030219022,0.30694954883159964,2.25,3.25,3.2,H,2.25,True,125.0
2007-09-15,2007,A,H,0.3771946047088208,0.26849780689072883,0.3543075884004503,2.8,3.2,2.5,H,2.8,False,-100.0
2007-09-15,2007,H,H,0.4694890758867439,0.24376476464698052,0.2867461594662755,2.0,3.4,3.75,H,2.0,True,100.0
2007-09-16,2007,H,H,0.5342723830459208,0.25033083944409995,0.2153967775099792,2.37,3.25,3.0,H,2.37,True,137.0
2007-09-17,2007,H,D,0.2400751860236705,0.3807918104690147,0.37913300350731477,4.33,3.25,1.9,D,3.25,False,-100.0
2007-09-22,2007,H,H,0.7337364064246015,0.19216098917945915,0.0741026043959394,1.14,7.0,23.0,H,1.14,True,13.99999999999999
2007-09-22,2007,D,H,0.4357948596146927,0.2487550035089162,0.3154501368763911,2.5,3.25,2.8,H,2.5,False,-100.0
2007-09-22,2007,D,H,0.6469837075246043,0.20225436957819845,0.15076192289719723,1.22,5.25,17.0,H,1.22,False,-100.0
2007-09-22,2007,D,H,0.4278707567697208,0.26047962818449527,0.3116496150457839,2.1,3.2,3.6,H,2.1,False,-100.0
2007-09-22,2007,H,H,0.4529826677239783,0.2358646066563129,0.31115272561970875,2.1,3.2,3.6,H,2.1,True,110.00000000000001
2007-09-23,2007,H,H,0.41448107609820073,0.2625200148709285,0.32299890903087075,2.0,3.4,3.75,H,2.0,True,100.0
2007-09-23,2007,H,H,0.4856364867146296,0.2862253314142659,0.2281381818711045,2.1,3.25,4.0,H,2.1,True,110.00000000000001
2007-09-23,2007,A,H,0.4529858310520847,0.24121560752729757,0.30579856142061773,1.9,3.3,4.2,H,1.9,False,-100.0
2007-09-23,2007,H,H,0.4503434203368257,0.25183321466068626,0.2978233650024882,2.25,3.2,3.25,H,2.25,True,125.0
2007-09-23,2007,D,A,0.2934923618876895,0.3009987040908272,0.4055089340214833,2.8,3.25,2.5,A,2.5,False,-100.0
2007-09-29,2007,H,H,0.4052816916560373,0.33314069432587395,0.26157761401808877,2.25,3.25,3.3,H,2.25,True,125.0
2007-09-29,2007,A,A,0.21627503612265686,0.26988717189873346,0.5138377919786097,4.5,3.5,1.83,A,1.83,True,83.0
2007-09-29,2007,A,A,0.20337589709766982,0.29862079215301857,0.4980033107493116,6.5,3.8,1.57,A,1.57,True,57.00000000000001
2007-09-29,2007,H,H,0.4978905286983852,0.24382541661244675,0.2582840546891681,1.72,3.4,5.5,H,1.72,True,72.0
2007-09-29,2007,A,A,0.36115116874171216,0.2731237388130296,0.36572509244525825,2.75,3.25,2.62,A,2.62,True,162.0
2007-09-29,2007,D,H,0.4603873075930493,0.27503426133311154,0.2645784310738391,2.7,3.25,2.62,H,2.7,False,-100.0
2007-09-29,2007,A,A,0.21781080148766893,0.2656548007137474,0.5165343977985836,6.5,4.0,1.53,A,1.53,True,53.0
2007-09-29,2007,D,H,0.5688226387408858,0.22928890194438786,0.20188845931472632,1.3,5.0,12.0,H,1.3,False,-100.0
2007-09-30,2007,H,H,0.5550772250176608,0.25212269498935874,0.19280007999298052,1.8,3.5,4.75,H,1.8,True,80.0
2007-10-01,2007,D,H,0.5950860357617239,0.26675850005260443,0.13815546418567168,1.9,3.25,4.33,H,1.9,False,-100.0
2007-10-06,2007,H,H,0.539039255392797,0.268814155181527,0.19214658942567606,1.83,3.6,4.33,H,1.83,True,83.0
2007-10-06,2007,H,H,0.7334501435829882,0.16688970165489006,0.09966015476212169,1.16,6.5,21.0,H,1.16,True,15.999999999999993
2007-10-07,2007,H,H,0.7775924981802977,0.169080955674215,0.05332654614548732,1.16,6.5,23.0,H,1.16,True,15.999999999999993
2007-10-07,2007,D,H,0.4846869251935349,0.29162673823784563,0.22368633656861947,1.53,4.0,6.5,H,1.53,False,-100.0
2007-10-07,2007,A,H,0.5080753693905663,0.2545108474478024,0.23741378316163134,2.62,3.25,2.75,H,2.62,False,-100.0
2007-10-07,2007,H,H,0.5174750959674427,0.2787922229776089,0.20373268105494835,1.66,3.75,5.5,H,1.66,True,65.99999999999999
2007-10-07,2007,H,H,0.5855464483332157,0.27334129769200605,0.1411122539747783,1.66,3.6,5.5,H,1.66,True,65.99999999999999
2007-10-07,2007,H,H,0.5417861239996039,0.2262447344907238,0.23196914150967238,1.72,3.6,5.0,H,1.72,True,72.0
2007-10-07,2007,H,H,0.4489260427180229,0.23999801203988613,0.31107594524209087,2.1,3.3,3.6,H,2.1,True,110.00000000000001
2007-10-07,2007,A,H,0.3720288407391519,0.2596028957995036,0.3683682634613445,5.0,3.6,1.72,H,5.0,False,-100.0
2007-10-20,2007,H,H,0.6712297516905573,0.27786852568396514,0.050901722625477486,1.25,5.25,15.0,H,1.25,True,25.0
2007-10-20,2007,A,A,0.2552649374509999,0.31295392142068984,0.4317811411283103,4.5,3.6,1.8,A,1.8,True,80.0
2007-10-20,2007,H,H,0.5106806363819304,0.20341603823958013,0.2859033253784895,1.7,3.5,5.5,H,1.7,True,70.0
2007-10-20,2007,A,H,0.4080013365942737,0.25161874918144717,0.3403799142242791,3.6,3.3,2.1,H,3.6,False,-100.0
2007-10-20,2007,D,H,0.6600439744316883,0.1921692084879929,0.14778681708031874,1.72,3.5,5.25,H,1.72,False,-100.0
2007-10-20,2007,H,H,0.5152055653549855,0.24567363223442876,0.23912080241058573,1.57,3.6,7.0,H,1.57,True,57.00000000000001
2007-10-20,2007,A,A,0.2416804068040468,0.31629027762549505,0.4420293155704582,6.0,3.75,1.61,A,1.61,True,61.00000000000001
2007-10-20,2007,A,H,0.41237862809647013,0.2519404642235794,0.3356809076799505,3.1,3.25,2.37,H,3.1,False,-100.0
2007-10-21,2007,H,H,0.5384858412138273,0.2718140943360454,0.18970006445012735,1.9,3.25,4.5,H,1.9,True,89.99999999999999
2007-10-22,2007,H,A,0.36076010690975435,0.25013353796674237,0.3891063551235033,2.37,3.3,3.0,A,3.0,False,-100.0
2007-10-27,2007,H,H,0.7942645976689313,0.15765702410951732,0.04807837822155144,1.18,6.5,19.0,H,1.18,True,17.999999999999993
2007-10-27,2007,H,H,0.6362601039565626,0.21806759729075298,0.14567229875268442,1.5,4.0,7.0,H,1.5,True,50.0
2007-10-27,2007,H,H,0.47416870205099637,0.3292434722960852,0.1965878256529184,2.1,3.3,3.6,H,2.1,True,110.00000000000001
2007-10-27,2007,H,H,0.3992551157535682,0.2343353302152922,0.3664095540311396,2.75,3.25,2.5,H,2.75,True,175.0
2007-10-27,2007,D,H,0.4978905149921302,0.2438254247340661,0.25828406027380374,2.1,3.3,3.6,H,2.1,False,-100.0
2007-10-27,2007,D,H,0.4926522848253582,0.2596131566356331,0.24773455853900864,1.8,3.5,4.75,H,1.8,False,-100.0
2007-10-28,2007,D,A,0.32497996258778833,0.3061137339313163,0.3689063034808954,2.7,3.3,2.62,A,2.62,False,-100.0
2007-10-28,2007,A,A,0.298086157825976,0.27773563390564115,0.42417820826838276,3.6,3.3,2.1,A,2.1,True,110.00000000000001
2007-10-28,2007,D,D,0.2862422658832008,0.36926930016119486,0.3444884339556043,2.5,3.25,2.8,D,3.25,True,225.0
2007-10-28,2007,A,H,0.4743820999657434,0.2820230069993367,0.2435948930349199,2.2,3.4,3.25,H,2.2,False,-100.0
2007-11-03,2007,A,A,0.1574814401955089,0.23184697841744462,0.6106715813870465,9.0,4.33,1.4,A,1.4,True,39.99999999999999
2007-11-03,2007,H,H,0.5140214276117132,0.23116798392599783,0.25481058846228904,2.2,3.25,3.4,H,2.2,True,120.00000000000001
2007-11-03,2007,A,H,0.46168274584900787,0.35491047225094735,0.18340678190004467,2.1,3.3,3.6,H,2.1,False,-100.0
2007-11-03,2007,D,A,0.32008314034129587,0.2827522341193461,0.397164625539358,3.0,3.3,2.37,A,2.37,False,-100.0
2007-11-03,2007,H,H,0.5662650975092894,0.2541544808245993,0.17958042166611124,1.4,4.33,9.0,H,1.4,True,39.99999999999999
2007-11-03,2007,D,D,0.29012324640814224,0.3975270227350025,0.3123497308568552,2.5,3.1,3.0,D,3.1,True,210.0
2007-11-03,2007,H,H,0.4657157400429857,0.2511426763747779,0.28314158358223634,1.66,3.5,5.75,H,1.66,True,65.99999999999999
2007-11-03,2007,D,H,0.37232967580527765,0.26262729890151354,0.3650430252932088,3.0,3.25,2.4,H,3.0,False,-100.0
2007-11-04,2007,D,H,0.47216074619394627,0.2588832260573471,0.26895602774870664,1.9,3.3,4.33,H,1.9,False,-100.0
2007-11-05,2007,H,H,0.6018959866104611,0.25866761594603277,0.1394363974435062,1.61,3.75,6.0,H,1.61,True,61.00000000000001
2007-11-10,2007,D,H,0.3984094623285963,0.2206971860835302,0.3808933515878734,2.87,3.25,2.5,H,2.87,False,-100.0
2007-11-10,2007,H,H,0.556100962303652,0.2608527899244303,0.1830462477719177,1.22,5.0,13.0,H,1.22,True,21.999999999999996
2007-11-10,2007,A,H,0.4032319333722208,0.25405535805541724,0.34271270857236197,3.25,3.4,2.2,H,3.25,False,-100.0
2007-11-11,2007,H,H,0.5989464627181116,0.2675430182448933,0.1335105190369952,1.44,4.2,8.0,H,1.44,True,43.99999999999999
2007-11-11,2007,A,H,0.4603945269239041,0.2783262236685317,0.2612792494075642,2.7,3.2,2.7,H,2.7,False,-100.0
2007-11-11,2007,D,H,0.5553216947934684,0.26882333266834063,0.17585497253819096,2.1,3.4,3.5,H,2.1,False,-100.0
2007-11-11,2007,D,H,0.6598733526578492,0.1843227075797066,0.1558039397624443,1.33,5.0,10.0,H,1.33,False,-100.0
2007-11-11,2007,H,H,0.6100163928985445,0.21321581767464814,0.17676778942680738,1.33,4.5,8.5,H,1.33,True,33.00000000000001
2007-11-11,2007,D,H,0.4559980886784234,0.27368665531521913,0.2703152560063575,2.0,3.4,3.8,H,2.0,False,-100.0
2007-11-12,2007,A,A,0.21993346198893535,0.3042861471178839,0.4757803908931808,7.0,4.0,1.5,A,1.5,True,50.0
2007-11-24,2007,A,H,0.402569185121582,0.20988732309119595,0.387543491787222,2.75,3.25,2.6,H,2.75,False,-100.0
2007-11-24,2007,H,H,0.6019889066953898,0.227855944457238,0.17015514884737212,1.57,3.75,6.5,H,1.57,True,57.00000000000001
2007-11-24,2007,A,H,0.3682629948698331,0.2771356706774932,0.3546013344526737,3.8,3.3,2.0,H,3.8,False,-100.0
2007-11-24,2007,H,H,0.5817087069688537,0.24465298367325852,0.1736383093578877,1.61,3.6,6.5,H,1.61,True,61.00000000000001
2007-11-24,2007,H,A,0.21898838069755244,0.30443100113138444,0.47658061817106306,9.0,4.33,1.4,A,1.4,False,-100.0
2007-11-24,2007,A,H,0.51577794974289,0.2508637180797169,0.23335833217739302,3.2,3.3,2.3,H,3.2,False,-100.0
2007-11-24,2007,H,H,0.7399302426452615,0.17178706630645002,0.08828269104828845,1.16,7.0,17.0,H,1.16,True,15.999999999999993
2007-11-24,2007,A,A,0.14982987299346995,0.2154498781182049,0.6347202488883251,15.0,6.0,1.22,A,1.22,True,21.999999999999996
2007-11-25,2007,D,H,0.4068633136014272,0.26131996405894825,0.3318167223396245,2.75,3.25,2.6,H,2.75,False,-100.0
2007-11-25,2007,D,H,0.37443800736610594,0.2656402068575526,0.3599217857763415,2.87,3.25,2.5,H,2.87,False,-100.0
2007-11-28,2007,A,H,0.40103115340929546,0.25518833794469337,0.3437805086460111,2.2,3.25,3.4,H,2.2,False,-100.0
2007-12-01,2007,D,H,0.4531888846374585,0.2604091972274876,0.28640191813505395,2.0,3.3,4.0,H,2.0,False,-100.0
2007-12-01,2007,D,H,0.4632046258052966,0.24658434744400037,0.29021102675070304,2.2,3.25,3.4,H,2.2,False,-100.0
2007-12-01,2007,H,H,0.574954986969559,0.27914142917016943,0.1459035838602715,1.66,3.6,5.5,H,1.66,True,65.99999999999999
2007-12-01,2007,H,H,0.5131891237418181,0.27997544036359784,0.20683543589458409,1.9,3.4,4.2,H,1.9,True,89.99999999999999
2007-12-01,2007,A,H,0.45084433831028914,0.2529855890489194,0.29617007264079137,4.0,3.3,2.0,H,4.0,False,-100.0
2007-12-01,2007,H,H,0.550616042042973,0.29382099270945844,0.15556296524756863,1.25,5.5,13.0,H,1.25,True,25.0
2007-12-01,2007,D,A,0.21026270618875795,0.28775132844672596,0.5019859653645161,3.0,3.25,2.4,A,2.4,False,-100.0
2007-12-02,2007,H,H,0.545191156949914,0.32031798201189826,0.1344908610381877,1.28,5.0,13.0,H,1.28,True,28.000000000000004
2007-12-02,2007,A,H,0.621369159455892,0.25261376520107426,0.12601707534303375,1.44,4.2,8.0,H,1.44,False,-100.0
2007-12-03,2007,H,H,0.6914951585595568,0.1728409122995526,0.13566392914089057,1.2,6.0,17.0,H,1.2,True,19.999999999999996
2007-12-05,2007,D,A,0.2573783198692343,0.262448727566231,0.4801729525645347,6.0,3.75,1.61,A,1.61,False,-100.0
2007-12-08,2007,H,A,0.17371097978473857,0.16162012408323392,0.6646688961320275,5.5,3.6,1.66,A,1.66,False,-100.0
2007-12-08,2007,A,H,0.46983380497037813,0.2496039624466971,0.2805622325829248,2.1,3.3,3.6,H,2.1,False,-100.0
2007-12-08,2007,H,H,0.690200853849404,0.13733653065650894,0.172462615494087,1.16,6.5,21.0,H,1.16,True,15.999999999999993
2007-12-08,2007,H,H,0.5560193150844647,0.2144158745632232,0.22956481035231213,1.57,3.75,6.5,H,1.57,True,57.00000000000001
2007-12-08,2007,H,H,0.7471640793075346,0.202173987461002,0.050661933231463396,1.11,8.5,26.0,H,1.11,True,11.00000000000001
2007-12-08,2007,H,H,0.49556883355791204,0.23115173429418626,0.2732794321479017,1.8,3.5,4.75,H,1.8,True,80.0
2007-12-09,2007,A,H,0.5190281971220524,0.2752427016153511,0.20572910126259666,1.83,3.5,4.5,H,1.83,False,-100.0
2007-12-09,2007,H,H,0.49882703243581483,0.24439766568325139,0.2567753018809337,2.0,3.4,3.8,H,2.0,True,100.0
2007-12-09,2007,H,A,0.266726445888639,0.23848367140918877,0.49478988270217217,7.0,3.8,1.53,A,1.53,False,-100.0
2007-12-09,2007,H,H,0.5397337380088773,0.2881036657845606,0.17216259620656216,2.0,3.3,3.75,H,2.0,True,100.0
2007-12-15,2007,H,D,0.31989681344389426,0.3892279474661757,0.29087523908993,1.83,3.25,5.0,D,3.25,False,-100.0
2007-12-15,2007,D,H,0.4452283247923579,0.24462599913561175,0.31014567607203036,2.2,3.25,3.4,H,2.2,False,-100.0
2007-12-15,2007,A,H,0.3958362618302477,0.24835475393882853,0.3558089842309238,2.5,3.25,2.87,H,2.5,False,-100.0
2007-12-15,2007,A,A,0.30854273525470827,0.2595717996452829,0.43188546510000886,3.1,3.25,2.37,A,2.37,True,137.0
2007-12-15,2007,A,A,0.3208679984004265,0.3036717836497545,0.375460217949819,2.5,3.25,2.87,A,2.87,True,187.0
2007-12-15,2007,H,H,0.5324548692662244,0.20956913018728932,0.2579760005464861,3.25,3.25,2.3,H,3.25,True,225.0
2007-12-15,2007,D,H,0.45312225963599667,0.24745960562670066,0.2994181347373026,3.25,3.25,2.3,H,3.25,False,-100.0
2007-12-15,2007,A,H,0.5107559633877191,0.25556452077990044,0.23367951583238042,2.2,3.25,3.4,H,2.2,False,-100.0
2007-12-16,2007,H,H,0.49295305735247147,0.2052989013154767,0.30174804133205185,2.5,3.0,3.1,H,2.5,True,150.0
2007-12-16,2007,A,H,0.4351827718183008,0.2756288378863783,0.2891883902953209,2.62,3.1,2.87,H,2.62,False,-100.0
2007-12-22,2007,H,H,0.4794100690108778,0.23481340592654018,0.285776525062582,1.9,3.3,4.33,H,1.9,True,89.99999999999999
2007-12-22,2007,A,H,0.4010134235512767,0.26324622991681396,0.3357403465319093,2.3,3.3,3.2,H,2.3,False,-100.0
2007-12-22,2007,H,H,0.709926315013004,0.20303660081330308,0.0870370841736929,1.5,4.0,7.0,H,1.5,True,50.0
2007-12-22,2007,D,H,0.5137804846548036,0.20881566014598862,0.2774038551992078,2.1,3.3,3.6,H,2.1,False,-100.0
2007-12-22,2007,D,H,0.5092259626360994,0.2232952518748426,0.26747878548905796,2.1,3.3,3.6,H,2.1,False,-100.0
2007-12-22,2007,H,H,0.635981756193634,0.2322103619574383,0.13180788184892775,1.5,4.0,7.5,H,1.5,True,50.0
2007-12-22,2007,H,H,0.46575294471794976,0.2426698753599256,0.29157717992212456,1.9,3.3,4.33,H,1.9,True,89.99999999999999
2007-12-23,2007,H,H,0.5803383709866689,0.27814875398066813,0.14151287503266297,1.36,4.75,9.0,H,1.36,True,36.00000000000001
2007-12-23,2007,D,H,0.7658945965906403,0.15462304274021513,0.07948236066914466,1.33,4.75,11.0,H,1.33,False,-100.0
2007-12-23,2007,A,H,0.45298584741338765,0.24121560582423304,0.30579854676237933,4.2,3.4,1.9,H,4.2,False,-100.0
2007-12-26,2007,H,H,0.663219800542525,0.23106268989243306,0.1057175095650419,1.44,4.2,8.0,H,1.44,True,43.99999999999999
2007-12-26,2007,H,H,0.4221915189952287,0.24329116462693645,0.3345173163778348,2.7,3.3,2.6,H,2.7,True,170.00000000000003
2007-12-26,2007,D,H,0.45298584741338765,0.24121560582423304,0.30579854676237933,1.9,3.3,4.33,H,1.9,False,-100.0
2007-12-26,2007,A,A,0.26886795091167903,0.18822564960167623,0.5429063994866447,8.5,4.5,1.4,A,1.4,True,39.99999999999999
2007-12-26,2007,D,A,0.30729766652831497,0.28859438131593745,0.4041079521557476,4.5,3.5,1.83,A,1.83,False,-100.0
2007-12-26,2007,H,H,0.568137193232614,0.2500388534084406,0.18182395335894533,1.7,3.5,5.5,H,1.7,True,70.0
2007-12-26,2007,A,A,0.18594800869868866,0.20496201793367455,0.6090899733676368,13.0,5.0,1.28,A,1.28,True,28.000000000000004
2007-12-26,2007,D,H,0.6494302119425807,0.2081931736824373,0.14237661437498206,1.4,4.33,9.0,H,1.4,False,-100.0
2007-12-26,2007,H,A,0.36382698852966716,0.24741750354629563,0.38875550792403724,2.25,3.3,3.25,A,3.25,False,-100.0
2007-12-27,2007,D,H,0.4599845530396663,0.2334413229363216,0.30657412402401213,2.1,3.3,3.6,H,2.1,False,-100.0
2007-12-29,2007,D,H,0.46725559974297476,0.2601953463596456,0.2725490538973797,1.9,3.4,4.2,H,1.9,False,-100.0
2007-12-29,2007,A,H,0.6955082974812541,0.18620861637902442,0.1182830861397215,1.66,3.6,5.5,H,1.66,False,-100.0
2007-12-29,2007,H,H,0.5884680601309898,0.25907054666958046,0.15246139319942972,1.4,4.33,9.0,H,1.4,True,39.99999999999999
2007-12-29,2007,A,H,0.3837064175547278,0.25763784201109463,0.35865574043417764,3.5,3.4,2.1,H,3.5,False,-100.0
2007-12-29,2007,H,H,0.47169609865846357,0.21431041700730893,0.31399348433422747,2.5,3.25,2.87,H,2.5,True,150.0
2007-12-29,2007,H,H,0.5521278757670479,0.26960654082681573,0.17826558340613627,1.5,4.0,7.0,H,1.5,True,50.0
2007-12-29,2007,H,A,0.11571955104718763,0.40444291250741,0.4798375364454024,7.0,4.0,1.5,A,1.5,False,-100.0
2007-12-29,2007,A,A,0.23354706485493124,0.2696464221150583,0.4968065130300105,3.25,3.3,2.25,A,2.25,True,125.0
2007-12-30,2007,A,A,0.29777506665261694,0.24539834741593236,0.4568265859314507,4.0,3.5,1.9,A,1.9,True,89.99999999999999
2007-12-30,2007,D,H,0.44668153427923135,0.23762637937780454,0.31569208634296414,3.6,3.3,2.1,H,3.6,False,-100.0
2008-01-01,2007,A,A,0.3376580339942175,0.2652619040452328,0.3970800619605497,2.87,3.3,2.5,A,2.5,True,150.0
2008-01-01,2007,A,H,0.4094447659797367,0.23184270200301893,0.35871253201724435,3.0,3.25,2.4,H,3.0,False,-100.0
2008-01-01,2007,H,H,0.6103738453596512,0.25068492317623425,0.13894123146411452,1.16,7.0,19.0,H,1.16,True,15.999999999999993
2008-01-01,2007,H,H,0.43387742965384496,0.2504166891746406,0.31570588117151455,2.37,3.3,3.0,H,2.37,True,137.0
2008-01-01,2007,H,H,0.6152749397652435,0.22897349811098336,0.15575156212377309,1.33,5.0,10.0,H,1.33,True,33.00000000000001
2008-01-01,2007,A,A,0.17746158538685142,0.19902068328277447,0.623517731330374,7.0,4.0,1.5,A,1.5,True,50.0
2008-01-02,2007,A,H,0.49728017895677884,0.24239616612055911,0.26032365492266213,2.25,3.3,3.25,H,2.25,False,-100.0
2008-01-02,2007,D,H,0.6433469293487699,0.22732252589421886,0.12933054475701117,1.2,5.5,12.0,H,1.2,False,-100.0
2008-01-02,2007,H,H,0.5714107818378408,0.27805083864231533,0.15053837951984392,1.57,4.0,6.0,H,1.57,True,57.00000000000001
2008-01-02,2007,H,H,0.5685255963284216,0.2692491209731786,0.1622252826983997,1.53,4.0,6.5,H,1.53,True,53.0
2008-01-12,2007,H,H,0.6431734802386609,0.20831960280098683,0.1485069169603523,1.75,3.5,5.0,H,1.75,True,75.0
2008-01-12,2007,H,H,0.5846689833844704,0.2616434428714744,0.15368757374405526,1.72,3.6,5.0,H,1.72,True,72.0
2008-01-12,2007,D,A,0.23730534770511302,0.21263209863146385,0.5500625536634232,5.0,3.6,1.72,A,1.72,False,-100.0
2008-01-12,2007,H,H,0.6914177231187758,0.17810701662859899,0.1304752602526252,1.25,5.5,13.0,H,1.25,True,25.0
2008-01-12,2007,H,H,0.4310627289345299,0.2073964542139037,0.36154081685156636,1.61,3.75,6.0,H,1.61,True,61.00000000000001
2008-01-12,2007,A,H,0.3800121925400415,0.2874128057236311,0.33257500173632737,2.87,3.25,2.5,H,2.87,False,-100.0
2008-01-12,2007,D,H,0.6862186121451156,0.174116545033533,0.13966484282135141,1.2,6.0,17.0,H,1.2,False,-100.0
2008-01-12,2007,H,H,0.4472604087417342,0.3187916208013289,0.23394797045693685,2.1,3.3,3.6,H,2.1,True,110.00000000000001
2008-01-13,2007,A,H,0.44042399189897713,0.2138731737581916,0.3457028343428313,2.4,3.25,3.0,H,2.4,False,-100.0
2008-01-13,2007,H,A,0.3308693092393944,0.2513185697518334,0.41781212100877224,2.75,3.25,2.62,A,2.62,False,-100.0
2008-01-19,2007,A,A,0.3104270660049142,0.27672384977716735,0.41284908421791844,5.5,3.6,1.66,A,1.66,True,65.99999999999999
2008-01-19,2007,A,A,0.1786999845127044,0.21469957168615741,0.6066004438011382,7.0,3.8,1.53,A,1.53,True,53.0
2008-01-19,2007,D,H,0.5556574976682628,0.2961150036678433,0.14822749866389373,1.72,3.6,5.0,H,1.72,False,-100.0
2008-01-19,2007,H,H,0.635618231513731,0.2337939836903892,0.13058778479587976,1.44,4.2,8.0,H,1.44,True,43.99999999999999
2008-01-19,2007,D,H,0.5985772655457485,0.2718916475326272,0.12953108692162432,1.72,3.6,5.0,H,1.72,False,-100.0
2008-01-19,2007,A,A,0.250912390600256,0.1534293194530017,0.5956582899467423,8.0,4.5,1.4,A,1.4,True,39.99999999999999
2008-01-19,2007,H,H,0.6378831069078262,0.25144620058542366,0.11067069250674999,1.44,4.2,8.0,H,1.44,True,43.99999999999999
2008-01-20,2007,D,A,0.32324993975609845,0.2332441981621316,0.44350586208176995,2.0,3.4,3.8,A,3.8,False,-100.0
2008-01-20,2007,A,A,0.2975897723973843,0.28108096432313995,0.4213292632794758,3.25,3.25,2.25,A,2.25,True,125.0
2008-01-21,2007,D,H,0.5302169416344272,0.28932759528742136,0.18045546307815133,1.61,3.75,6.0,H,1.61,False,-100.0
2008-01-26,2007,D,H,0.4898142020794207,0.24354597494453867,0.26663982297604066,1.9,3.4,4.2,H,1.9,False,-100.0
2008-01-29,2007,H,H,0.4384943565429314,0.23892547604797656,0.322580167409092,2.3,3.25,3.2,H,2.3,True,129.99999999999997
2008-01-29,2007,H,H,0.48306675723282516,0.22651461017883298,0.29041863258834183,1.9,3.3,4.33,H,1.9,True,89.99999999999999
2008-01-29,2007,H,H,0.5283923950253108,0.37746826574124864,0.0941393392334406,1.28,5.0,13.0,H,1.28,True,28.000000000000004
2008-01-29,2007,D,H,0.533837316561505,0.26052002779879546,0.2056426556396996,1.9,3.4,4.2,H,1.9,False,-100.0
2008-01-30,2007,H,H,0.3667641668773079,0.28104545702511813,0.352190376097574,4.0,3.5,1.9,H,4.0,True,300.0
2008-01-30,2007,D,H,0.4137565883981255,0.25418815919534216,0.33205525240653233,2.37,3.25,3.1,H,2.37,False,-100.0
2008-01-30,2007,H,H,0.6497769243905276,0.18843336420730872,0.16178971140216367,1.25,5.5,13.0,H,1.25,True,25.0
2008-01-30,2007,H,H,0.721521081728809,0.1957382888335563,0.08274062943763477,1.22,6.0,15.0,H,1.22,True,21.999999999999996
2008-01-30,2007,D,A,0.2728904421167601,0.34221467977903824,0.38489487810420164,5.0,3.6,1.72,A,1.72,False,-100.0
2008-02-02,2007,A,A,0.33057771059658353,0.24458643602458605,0.4248358533788304,2.15,3.25,3.5,A,3.5,True,250.0
2008-02-02,2007,H,H,0.4832312676289719,0.249972798736997,0.2667959336340311,2.62,3.25,2.7,H,2.62,True,162.0
2008-02-02,2007,D,A,0.35867889282220283,0.22150596653859378,0.4198151406392034,4.5,3.5,1.83,A,1.83,False,-100.0
2008-02-02,2007,A,A,0.21566928456835488,0.23648841868048845,0.5478422967511566,4.5,3.6,1.8,A,1.8,True,80.0
2008-02-02,2007,D,H,0.5749024210555747,0.23767012925366918,0.18742744969075611,2.37,3.2,3.1,H,2.37,False,-100.0
2008-02-02,2007,H,H,0.5350176148754957,0.296779246739687,0.1682031383848173,1.3,5.0,12.0,H,1.3,True,30.000000000000004
2008-02-02,2007,D,H,0.5416295768833007,0.3121359340038594,0.14623448911283998,1.61,3.5,6.5,H,1.61,False,-100.0
2008-02-02,2007,D,A,0.3390053089796379,0.2168223686929368,0.4441723223274254,5.25,3.5,1.72,A,1.72,False,-100.0
2008-02-03,2007,H,A,0.34111331548691287,0.25376606649539657,0.4051206180176905,3.25,3.25,2.25,A,2.25,False,-100.0
2008-02-03,2007,D,H,0.44788255753791056,0.22027360312139344,0.331843839340696,2.0,3.25,4.0,H,2.0,False,-100.0
2008-02-09,2007,D,H,0.5521726481979295,0.27434443351854276,0.1734829182835277,1.8,3.6,4.5,H,1.8,False,-100.0
2008-02-09,2007,H,H,0.3936046118444842,0.24845994170198007,0.35793544645353575,2.1,3.3,3.6,H,2.1,True,110.00000000000001
2008-02-09,2007,H,H,0.674654292140838,0.16444629887730988,0.16089940898185212,1.53,4.0,6.5,H,1.53,True,53.0
2008-02-09,2007,H,H,0.530830750696194,0.19932245449614058,0.26984679480766544,1.9,3.4,4.2,H,1.9,True,89.99999999999999
2008-02-09,2007,A,H,0.43452349147991143,0.24916153863359058,0.31631496988649804,2.5,3.25,2.87,H,2.5,False,-100.0
2008-02-09,2007,A,A,0.3107347147665418,0.21675441722634833,0.4725108680071099,6.5,4.0,1.53,A,1.53,True,53.0
2008-02-09,2007,H,H,0.47739193180893497,0.23529056522969835,0.28731750296136666,1.83,3.5,4.5,H,1.83,True,83.0
2008-02-10,2007,D,H,0.5404227397222282,0.21306311971650507,0.24651414056126683,1.9,3.2,4.5,H,1.9,False,-100.0
2008-02-10,2007,A,H,0.6383787678780609,0.2094495213445541,0.15217171077738498,1.28,5.0,13.0,H,1.28,False,-100.0
2008-02-11,2007,H,H,0.577807702602741,0.30099861547604617,0.12119368192121294,1.33,4.75,11.0,H,1.33,True,33.00000000000001
2008-02-23,2007,A,A,0.16917337565862445,0.20072672175466355,0.630099902586712,7.0,4.0,1.5,A,1.5,True,50.0
2008-02-23,2007,H,H,0.6085561547848694,0.23989249911523947,0.15155134609989115,1.61,3.75,6.0,H,1.61,True,61.00000000000001
2008-02-23,2007,H,H,0.5625971980322847,0.26795023360238424,0.1694525683653311,1.4,4.2,9.5,H,1.4,True,39.99999999999999
2008-02-23,2007,H,H,0.5345126783471386,0.2685687785858355,0.19691854306702594,1.61,3.75,6.0,H,1.61,True,61.00000000000001
2008-02-23,2007,D,A,0.27277357797749957,0.3028581251026294,0.42436829691987105,7.0,4.0,1.5,A,1.5,False,-100.0
2008-02-23,2007,A,H,0.45030613496442956,0.24606433479348622,0.30362953024208417,2.7,3.25,2.62,H,2.7,False,-100.0
2008-02-24,2007,H,H,0.48586347666948865,0.22946055978593308,0.2846759635445783,1.83,3.5,4.5,H,1.83,True,83.0
2008-02-24,2007,A,A,0.32226018334041756,0.23754567332145374,0.44019414333812873,3.1,3.25,2.37,A,2.37,True,137.0
2008-02-25,2007,A,H,0.3837064315954836,0.2576378347050338,0.3586557336994825,2.4,3.25,3.0,H,2.4,False,-100.0
2008-03-01,2007,A,H,0.6416767347936103,0.22578071268277225,0.13254255252361738,1.83,3.5,4.5,H,1.83,False,-100.0
2008-03-01,2007,A,A,0.3623211215498066,0.2371704788507314,0.400508399599462,2.6,3.3,2.75,A,2.75,True,175.0
2008-03-01,2007,A,A,0.2872520278168587,0.26422906784518235,0.44851890433795893,4.5,3.5,1.83,A,1.83,True,83.0
2008-03-01,2007,D,H,0.4944783395062109,0.24183437078625514,0.26368728970753397,1.8,3.5,4.75,H,1.8,False,-100.0
2008-03-01,2007,D,H,0.5912058497672703,0.2837302471467527,0.12506390308597692,1.57,3.8,6.5,H,1.57,False,-100.0
2008-03-01,2007,D,A,0.36814370811299124,0.23798855435751962,0.39386773752948917,3.25,3.3,2.25,A,2.25,False,-100.0
2008-03-01,2007,H,A,0.3490567388734574,0.2736729542030128,0.3772703069235297,3.75,3.5,2.0,A,2.0,False,-100.0
2008-03-01,2007,A,A,0.2135999461504635,0.20216494575981284,0.5842351080897237,10.0,5.0,1.33,A,1.33,True,33.00000000000001
2008-03-02,2007,A,A,0.3682641467509821,0.25166272559721053,0.3800731276518074,4.5,3.6,1.8,A,1.8,True,80.0
2008-03-02,2007,H,H,0.6116227993266202,0.19779717903277913,0.19058002164060053,1.83,3.5,4.5,H,1.83,True,83.0
2008-03-05,2007,H,H,0.5694651273036532,0.28337472284588183,0.14716014985046502,1.44,4.33,7.5,H,1.44,True,43.99999999999999
2008-03-08,2007,H,H,0.44501484418640264,0.2303068764832732,0.32467827933032417,2.5,3.25,2.87,H,2.5,True,150.0
2008-03-08,2007,D,H,0.5961789029949133,0.20094916971429536,0.20287192729079137,1.53,4.0,6.5,H,1.53,False,-100.0
2008-03-08,2007,H,H,0.5702112392458212,0.2605341592076123,0.1692546015465665,1.36,4.5,10.0,H,1.36,True,36.00000000000001
2008-03-09,2007,D,A,0.23498148606835703,0.22952044232101457,0.5354980716106285,6.5,3.8,1.57,A,1.57,False,-100.0
2008-03-09,2007,A,A,0.2420018864733048,0.28872405821351377,0.4692740553131814,3.5,3.4,2.1,A,2.1,True,110.00000000000001
2008-03-09,2007,H,H,0.48716290121010825,0.30043295792352187,0.2124041408663698,1.8,3.6,4.5,H,1.8,True,80.0
2008-03-12,2007,D,H,0.5129280325784177,0.2954427506479389,0.19162921677364333,1.61,3.75,6.0,H,1.61,False,-100.0
2008-03-12,2007,H,H,0.7933912002622581,0.08420399565190044,0.12240480408584142,1.1,9.0,26.0,H,1.1,True,10.000000000000009
2008-03-12,2007,H,H,0.48763006759746963,0.3106314615808128,0.2017384708217175,1.83,3.5,4.5,H,1.83,True,83.0
2008-03-15,2007,D,H,0.5479326405862736,0.2653306986454242,0.18673666076830217,1.25,5.5,13.0,H,1.25,False,-100.0
2008-03-15,2007,A,A,0.356092120105689,0.14534253521196872,0.4985653446823422,17.0,7.0,1.16,A,1.16,True,15.999999999999993
2008-03-15,2007,H,H,0.5472462690737125,0.3309592439022963,0.12179448702399122,1.25,5.5,13.0,H,1.25,True,25.0
2008-03-15,2007,H,H,0.46983381290084475,0.24960395829842238,0.2805622288007329,2.37,3.25,3.1,H,2.37,True,137.0
2008-03-15,2007,A,H,0.40243009831302756,0.24498447957657207,0.35258542211040034,8.0,4.2,1.44,H,8.0,False,-100.0
2008-03-15,2007,H,H,0.4464298378002245,0.23550686576368104,0.3180632964360945,2.5,3.3,2.87,H,2.5,True,150.0
2008-03-16,2007,H,D,0.3431363932141048,0.34466780961150656,0.31219579717438867,3.5,3.4,2.1,D,3.4,False,-100.0
2008-03-16,2007,H,H,0.44768796829496327,0.24396471046222631,0.3083473212428104,2.25,3.3,3.25,H,2.25,True,125.0
2008-03-16,2007,H,H,0.45790674587898694,0.24933343865070098,0.2927598154703121,2.6,3.3,2.7,H,2.6,True,160.0
2008-03-17,2007,D,H,0.42394721333489443,0.2672086348724156,0.30884415179269004,2.2,3.25,3.4,H,2.2,False,-100.0
2008-03-19,2007,D,H,0.37166165838048865,0.26356358056562107,0.36477476105389034,3.6,3.3,2.1,H,3.6,False,-100.0
2008-03-19,2007,H,H,0.6511619365782184,0.18236909041819896,0.16646897300358265,1.16,7.0,17.0,H,1.16,True,15.999999999999993
2008-03-22,2007,A,H,0.5025739457770245,0.24674418381743757,0.25068187040553785,1.57,3.8,6.5,H,1.57,False,-100.0
2008-03-22,2007,H,H,0.5712803638314808,0.2530135691185695,0.17570606704994965,1.72,3.6,5.0,H,1.72,True,72.0
2008-03-22,2007,D,H,0.4780934861587122,0.2523413463207828,0.269565167520505,2.37,3.3,3.0,H,2.37,False,-100.0
2008-03-22,2007,D,H,0.691606635336863,0.19522753003774185,0.1131658346253951,1.72,3.6,5.0,H,1.72,False,-100.0
2008-03-22,2007,H,H,0.567376257247315,0.2715666508502584,0.16105709190242648,1.44,4.2,8.0,H,1.44,True,43.99999999999999
2008-03-22,2007,H,H,0.438089544424054,0.2658483479333431,0.29606210764260293,1.8,3.5,4.75,H,1.8,True,80.0
2008-03-22,2007,H,H,0.4555341548851883,0.23730113712124656,0.3071647079935651,2.0,3.5,3.75,H,2.0,True,100.0
2008-03-22,2007,H,H,0.5081574506986949,0.24921357054948465,0.24262897875182052,1.9,3.5,4.0,H,1.9,True,89.99999999999999
2008-03-23,2007,H,H,0.4683394199191589,0.2944898687025157,0.23717071137832546,2.2,3.2,3.5,H,2.2,True,120.00000000000001
2008-03-23,2007,H,D,0.3397777686225448,0.4028877186187721,0.2573345127586831,2.0,3.3,4.0,D,3.3,False,-100.0
2008-03-29,2007,H,H,0.3994454742771141,0.23231260489189223,0.3682419208309937,2.4,3.3,3.0,H,2.4,True,140.0
2008-03-29,2007,D,H,0.45844709201615846,0.2129721953222432,0.32858071266159833,3.0,3.3,2.4,H,3.0,False,-100.0
2008-03-29,2007,A,A,0.36774022151289,0.21218901022544315,0.42007076826166684,5.0,3.6,1.72,A,1.72,True,72.0
2008-03-29,2007,H,H,0.6881992496707457,0.19357245341926985,0.11822829690998449,1.3,5.0,12.0,H,1.3,True,30.000000000000004
2008-03-29,2007,D,H,0.45992548726133947,0.24206986228821706,0.29800465045044344,2.4,3.3,3.0,H,2.4,False,-100.0
2008-03-29,2007,H,H,0.47621682604280946,0.24711820217287714,0.27666497178431343,2.25,3.3,3.25,H,2.25,True,125.0
2008-03-29,2007,H,H,0.49210542687030756,0.2638673679056392,0.2440272052240532,1.8,3.6,4.5,H,1.8,True,80.0
2008-03-30,2007,H,H,0.6478340124000276,0.230597227400796,0.12156876019917649,1.3,5.0,12.0,H,1.3,True,30.000000000000004
2008-03-30,2007,H,H,0.5555362304866974,0.2937336883704263,0.15073008114287623,1.72,3.6,5.0,H,1.72,True,72.0
2008-03-30,2007,A,H,0.575079329296034,0.28373872967968367,0.14118194102428236,1.66,3.6,5.5,H,1.66,False,-100.0
2008-04-05,2007,H,H,0.4545351789736618,0.26402845332901564,0.28143636769732255,2.1,3.3,3.6,H,2.1,True,110.00000000000001
2008-04-05,2007,H,H,0.5763406453162551,0.27592168127181216,0.14773767341193286,1.8,3.6,4.5,H,1.8,True,80.0
2008-04-05,2007,A,A,0.28839436953589487,0.24516956198101694,0.46643606848308816,5.0,3.6,1.72,A,1.72,True,72.0
2008-04-05,2007,A,H,0.409647121181411,0.24737539403451217,0.34297748478407675,2.3,3.3,3.2,H,2.3,False,-100.0
2008-04-05,2007,H,H,0.48619203341757394,0.2776644878789689,0.23614347870345717,1.66,3.6,5.5,H,1.66,True,65.99999999999999
2008-04-05,2007,D,H,0.49393671122660304,0.28227066625842284,0.22379262251497414,2.1,3.2,3.75,H,2.1,False,-100.0
2008-04-05,2007,D,H,0.41103051002201524,0.23130500775402338,0.3576644822239614,2.4,3.4,2.87,H,2.4,False,-100.0
2008-04-06,2007,H,H,0.7652726752213286,0.18818130035263225,0.046546024426039084,1.25,5.5,13.0,H,1.25,True,25.0
2008-04-06,2007,D,A,0.23927988984262635,0.21299245319543203,0.5477276569619416,8.5,4.5,1.4,A,1.4,False,-100.0
2008-04-08,2007,A,H,0.39317147399690217,0.24680450889073277,0.360024017112365,2.25,3.3,3.25,H,2.25,False,-100.0
2008-04-12,2007,A,H,0.5002368665838267,0.1968176876712274,0.30294544574494586,1.9,3.4,4.33,H,1.9,False,-100.0
2008-04-12,2007,A,H,0.4274383301933988,0.35017704375652275,0.22238462605007847,2.2,3.3,3.4,H,2.2,False,-100.0
2008-04-12,2007,D,H,0.3849823164494184,0.3254428223001183,0.28957486125046333,2.2,3.3,3.4,H,2.2,False,-100.0
2008-04-12,2007,D,H,0.5844875310725798,0.24207316123952158,0.1734393076878987,1.66,3.6,5.5,H,1.66,False,-100.0
2008-04-12,2007,H,H,0.42315166711033353,0.4090367786688111,0.16781155422085536,2.1,3.4,3.5,H,2.1,True,110.00000000000001
2008-04-12,2007,D,H,0.38647624211601034,0.2933076906288882,0.32021606725510154,3.0,3.3,2.4,H,3.0,False,-100.0
2008-04-12,2007,A,A,0.19882139811637986,0.3020418323507041,0.4991367695329161,6.0,4.0,1.57,A,1.57,True,57.00000000000001
2008-04-13,2007,H,H,0.5709632061691671,0.24076422013497986,0.18827257369585307,1.5,4.0,7.0,H,1.5,True,50.0
2008-04-13,2007,H,H,0.5860485487753145,0.30404924727938526,0.10990220394530015,1.83,3.5,4.5,H,1.83,True,83.0
2008-04-14,2007,D,H,0.681580194848811,0.18175026958064625,0.13666953557054273,1.22,6.0,15.0,H,1.22,False,-100.0
2008-04-17,2007,A,H,0.37151464811949814,0.28511814892501836,0.34336720295548345,3.8,3.4,2.0,H,3.8,False,-100.0
2008-04-19,2007,H,H,0.7505710525527999,0.17866892871331652,0.07076001873388364,1.33,5.0,10.0,H,1.33,True,33.00000000000001
2008-04-19,2007,A,H,0.460044548524414,0.25148475775849144,0.28847069371709455,3.4,3.25,2.2,H,3.4,False,-100.0
2008-04-19,2007,D,A,0.24311903901873974,0.3206636779581824,0.4362172830230778,6.0,4.0,1.57,A,1.57,False,-100.0
2008-04-19,2007,H,H,0.6135493985314201,0.2689889811673675,0.11746162030121242,1.36,5.0,8.5,H,1.36,True,36.00000000000001
2008-04-19,2007,D,A,0.2989368404901227,0.25941434150132947,0.4416488180085478,2.62,3.3,2.7,A,2.7,False,-100.0
2008-04-19,2007,A,H,0.3881699702335914,0.26043717147307305,0.3513928582933355,2.1,3.3,3.6,H,2.1,False,-100.0
2008-04-20,2007,H,H,0.5383680592892081,0.2673635678375234,0.19426837287326856,1.8,3.3,5.0,H,1.8,True,80.0
2008-04-20,2007,H,A,0.3595071898506261,0.2721349030663222,0.36835790708305166,2.37,3.3,3.0,A,3.0,False,-100.0
2008-04-20,2007,H,H,0.49971504330801536,0.23871561872295063,0.261569337969034,1.83,3.5,4.5,H,1.83,True,83.0
2008-04-26,2007,D,H,0.5184440881314659,0.23176576221592352,0.24979014965261057,2.1,3.2,3.75,H,2.1,False,-100.0
2008-04-26,2007,D,H,0.40969691881914644,0.3310874233454268,0.2592156578354267,2.5,3.3,2.87,H,2.5,False,-100.0
2008-04-26,2007,H,H,0.4913318231815597,0.2541216889265516,0.25454648789188866,2.3,3.1,3.4,H,2.3,True,129.99999999999997
2008-04-26,2007,D,H,0.5521278628876175,0.2696065443789007,0.17826559273348166,1.9,3.5,4.0,H,1.9,False,-100.0
2008-04-26,2007,H,H,0.39246019934434395,0.2727634021741174,0.3347763984815387,2.5,3.1,3.0,H,2.5,True,150.0
2008-04-26,2007,D,H,0.4589152692667287,0.23711787569343956,0.30396685503983173,2.75,3.25,2.6,H,2.75,False,-100.0
2008-04-26,2007,A,H,0.5223813136816612,0.2717584484250782,0.20586023789326066,1.83,3.5,4.5,H,1.83,False,-100.0
2008-04-27,2007,D,H,0.4509157690977001,0.25177902823859794,0.29730520266370203,2.25,3.3,3.25,H,2.25,False,-100.0
2008-04-27,2007,A,H,0.39205281400019504,0.35397561890850643,0.25397156709129853,2.1,3.3,3.6,H,2.1,False,-100.0
2008-04-28,2007,A,A,0.1282457751643488,0.20174014465024825,0.6700140801854029,13.0,5.5,1.25,A,1.25,True,25.0
2008-05-03,2007,A,A,0.3378143186047291,0.2076712242331665,0.4545144571621044,2.2,3.4,3.25,A,3.25,True,225.0
2008-05-03,2007,H,H,0.4476544560958768,0.25755273094771297,0.2947928129564103,2.0,3.5,3.75,H,2.0,True,100.0
2008-05-03,2007,H,H,0.43657567957976645,0.24931548375966486,0.31410883666056866,2.2,3.4,3.25,H,2.2,True,120.00000000000001
2008-05-03,2007,H,H,0.6876714870121363,0.18384977659212134,0.12847873639574237,1.16,7.0,17.0,H,1.16,True,15.999999999999993
2008-05-03,2007,H,H,0.6222034324180935,0.2476879080579936,0.13010865952391285,1.25,5.5,13.0,H,1.25,True,25.0
2008-05-03,2007,A,H,0.5478846330412539,0.25530745368757396,0.19680791327117217,1.53,3.8,7.0,H,1.53,False,-100.0
2008-05-03,2007,H,H,0.5066731784027491,0.2651512831626225,0.22817553843462837,1.57,4.0,6.0,H,1.57,True,57.00000000000001
2008-05-04,2007,H,H,0.6460326511618212,0.23423451678114815,0.1197328320570306,1.66,3.6,5.5,H,1.66,True,65.99999999999999
2008-05-04,2007,H,H,0.517956125567689,0.2549119098157999,0.22713196461651108,1.66,3.6,5.5,H,1.66,True,65.99999999999999
2008-05-05,2007,A,A,0.2429805735263755,0.2666597097085804,0.49035971676504414,6.0,4.2,1.53,A,1.53,True,53.0
2008-05-11,2007,H,H,0.5037296579588217,0.2530113599213355,0.24325898211984276,2.1,3.3,3.6,H,2.1,True,110.00000000000001
2008-05-11,2007,H,H,0.40384295887472693,0.2418783236777844,0.3542787174474887,2.0,3.6,3.6,H,2.0,True,100.0
2008-05-11,2007,D,H,0.8064522656234095,0.15327247531717458,0.040275259059415945,1.14,8.0,17.0,H,1.14,False,-100.0
2008-05-11,2007,A,D,0.2643674788881321,0.3824622751838335,0.35317024592803437,5.5,4.2,1.57,D,4.2,False,-100.0
2008-05-11,2007,H,H,0.5815121407199878,0.24817681883790157,0.17031104044211062,1.8,3.5,4.75,H,1.8,True,80.0
2008-05-11,2007,A,A,0.32985688908348887,0.24686657408656135,0.42327653682994976,4.33,3.75,1.8,A,1.8,True,80.0
2008-05-11,2007,A,H,0.49668314249415296,0.2939928018042331,0.20932405570161391,3.3,3.6,2.1,H,3.3,False,-100.0
2008-05-11,2007,A,H,0.4675467484815623,0.2681058371639596,0.2643474143544781,2.62,3.4,2.62,H,2.62,False,-100.0
2008-05-11,2007,D,H,0.3871449074820652,0.24003613824555114,0.37281895427238365,3.2,3.5,2.2,H,3.2,False,-100.0
2008-05-11,2007,A,A,0.20905808300095452,0.33270034277602756,0.458241574223018,12.0,6.5,1.22,A,1.22,True,21.999999999999996
2008-08-16,2008,H,H,0.7852177696599635,0.15324297694112043,0.06153925339891616,1.2,6.5,15.0,H,1.2,True,19.999999999999996
2008-08-16,2008,A,H,0.47347558098030307,0.2600461055017956,0.26647831351790136,2.0,3.3,4.0,H,2.0,False,-100.0
2008-08-16,2008,H,H,0.36537716985845786,0.2929179772860749,0.3417048528554672,3.2,3.4,2.25,H,3.2,True,220.00000000000003
2008-08-16,2008,A,A,0.311607171595831,0.30978253848704046,0.3786102899171285,5.5,3.6,1.67,A,1.67,True,67.0
2008-08-16,2008,H,H,0.4835275859616393,0.2886408350091016,0.22783157902925913,1.91,3.4,4.2,H,1.91,True,90.99999999999999
2008-08-17,2008,H,H,0.6430765537768016,0.22884289570471736,0.12808055051848108,1.33,5.0,10.0,H,1.33,True,33.00000000000001
2008-08-17,2008,D,H,0.6595120984925404,0.20093752319704286,0.1395503783104167,1.29,5.5,11.0,H,1.29,False,-100.0
2008-08-17,2008,H,H,0.48926647771680015,0.29689683543383655,0.2138366868493633,1.91,3.4,4.33,H,1.91,True,90.99999999999999
2008-08-23,2008,A,A,0.35592797434103723,0.2856716770712496,0.35840034858771314,2.88,3.25,2.5,A,2.5,True,150.0
2008-08-23,2008,A,H,0.6051121765393278,0.2660528471262649,0.12883497633440721,1.5,4.0,7.0,H,1.5,False,-100.0
2008-08-23,2008,H,H,0.5120305684407159,0.2023887507738031,0.2855806807854809,1.8,3.5,4.75,H,1.8,True,80.0
2008-08-23,2008,H,A,0.16033864115557303,0.2102592357729575,0.6294021230714696,5.0,3.6,1.73,A,1.73,False,-100.0
2008-08-23,2008,H,D,0.3054098792603262,0.3750796555923226,0.3195104651473512,6.5,3.75,1.57,D,3.75,False,-100.0
2008-08-23,2008,D,H,0.651842126109904,0.21601475946649507,0.13214311442360097,1.57,3.75,7.0,H,1.57,False,-100.0
2008-08-23,2008,H,H,0.58307472349777,0.2939494073197157,0.12297586918251435,1.36,4.5,10.0,H,1.36,True,36.00000000000001
2008-08-24,2008,H,H,0.5283219705449652,0.23284227314228922,0.23883575631274553,2.3,3.25,3.2,H,2.3,True,129.99999999999997
2008-08-24,2008,A,H,0.37920663586623005,0.2813693711193858,0.3394239930143841,8.5,4.5,1.4,H,8.5,False,-100.0
2008-08-25,2008,A,A,0.3001798852564411,0.22895605503761962,0.47086405970593925,4.8,3.4,1.8,A,1.8,True,80.0
2008-08-30,2008,A,H,0.5275560108155132,0.23589300640493957,0.23655098277954723,2.5,3.25,2.88,H,2.5,False,-100.0
2008-08-30,2008,H,H,0.6354476261481276,0.20730141335443067,0.15725096049744183,1.57,3.6,7.0,H,1.57,True,57.00000000000001
2008-08-30,2008,H,H,0.47528566903506714,0.22060869513239642,0.30410563583253647,2.5,3.25,2.88,H,2.5,True,150.0
2008-08-30,2008,A,H,0.5060319371014617,0.23613497205598785,0.2578330908425504,2.1,3.3,3.75,H,2.1,False,-100.0
2008-08-30,2008,D,H,0.5080661398392002,0.27375609015275565,0.21817777000804406,1.83,3.5,4.5,H,1.83,False,-100.0
2008-08-30,2008,H,H,0.6473457661303583,0.24948350813998252,0.10317072572965909,1.44,4.0,9.0,H,1.44,True,43.99999999999999
2008-08-31,2008,D,A,0.29582204074958446,0.2719009362673935,0.4322770229830221,3.0,3.25,2.4,A,2.4,False,-100.0
2008-08-31,2008,D,H,0.6298365628965445,0.25023740677155587,0.11992603033189958,1.4,4.33,9.0,H,1.4,False,-100.0
2008-08-31,2008,A,H,0.5288069432842604,0.24188419986304754,0.229308856852692,2.2,3.3,3.4,H,2.2,False,-100.0
2008-09-13,2008,A,A,0.29920397294895956,0.2520405794847392,0.4487554475663012,4.5,3.5,1.83,A,1.83,True,83.0
2008-09-13,2008,A,H,0.37996994664537015,0.24111898232053844,0.37891107103409133,4.33,3.3,1.91,H,4.33,False,-100.0
2008-09-13,2008,H,H,0.44348016445645627,0.2908676504411973,0.2656521851023465,2.25,3.3,3.3,H,2.25,True,125.0
2008-09-13,2008,H,H,0.4325325386525975,0.24449479894617912,0.32297266240122335,3.0,3.0,2.6,H,3.0,True,200.0
2008-09-13,2008,A,H,0.6306149820668718,0.24764824341962263,0.12173677451350558,1.62,3.75,5.75,H,1.62,False,-100.0
2008-09-13,2008,H,H,0.5808186907583116,0.20187767539786736,0.2173036338438211,2.0,3.5,3.75,H,2.0,True,100.0
2008-09-13,2008,H,A,0.3650586043023836,0.2017494529774524,0.43319194272016404,2.4,3.25,3.0,A,3.0,False,-100.0
2008-09-13,2008,D,H,0.4922460685755945,0.2917548860785805,0.21599904534582492,2.05,3.3,4.0,H,2.05,False,-100.0
2008-09-14,2008,A,A,0.2371913833080378,0.31217956351786547,0.4506290531740968,3.4,3.4,2.2,A,2.2,True,120.00000000000001
2008-09-15,2008,A,H,0.4527423248789068,0.254573369879356,0.2926843052417371,2.1,3.3,3.6,H,2.1,False,-100.0
2008-09-20,2008,H,H,0.39401643007869325,0.21429333233090964,0.39169023759039723,2.38,3.1,3.2,H,2.38,True,138.0
2008-09-20,2008,H,H,0.5053587813524576,0.2910370791042067,0.20360413954333567,2.1,3.3,3.6,H,2.1,True,110.00000000000001
2008-09-20,2008,A,A,0.2443894616050788,0.2692393178780234,0.4863712205168978,6.5,3.75,1.57,A,1.57,True,57.00000000000001
2008-09-20,2008,D,H,0.7450326243335335,0.16207742396586333,0.09288995170060325,1.2,6.5,15.0,H,1.2,False,-100.0
2008-09-20,2008,H,H,0.5056685345137523,0.2850041110754669,0.20932735441078087,2.1,3.3,3.6,H,2.1,True,110.00000000000001
2008-09-21,2008,H,A,0.38550165769836015,0.2027555447911179,0.41174279751052195,2.0,3.3,4.0,A,4.0,False,-100.0
2008-09-21,2008,D,A,0.2682346388127906,0.2908182941220239,0.44094706706518555,3.1,3.4,2.3,A,2.3,False,-100.0
2008-09-21,2008,A,H,0.36047257089997314,0.2794126224586786,0.36011480664134826,3.25,3.3,2.25,H,3.25,False,-100.0
2008-09-21,2008,D,H,0.7597680340396037,0.1606488915674946,0.07958307439290177,1.73,3.6,5.0,H,1.73,False,-100.0
2008-09-21,2008,D,H,0.5568715274184135,0.22921263244854453,0.21391584013304202,2.2,3.1,3.6,H,2.2,False,-100.0
2008-09-27,2008,H,H,0.515790775305989,0.27055647677065375,0.21365274792335712,1.57,3.75,6.5,H,1.57,True,57.00000000000001
2008-09-27,2008,A,H,0.47002071587587113,0.26929671405425054,0.2606825700698783,2.3,3.25,3.2,H,2.3,False,-100.0
2008-09-27,2008,A,H,0.692990141984815,0.19483004329747244,0.11217981471771253,1.2,6.0,17.0,H,1.2,False,-100.0
2008-09-27,2008,A,A,0.2456235313543578,0.22820510407084307,0.5261713645747991,3.75,3.25,2.1,A,2.1,True,110.00000000000001
2008-09-27,2008,A,A,0.21609175033981454,0.2543483856277124,0.5295598640324731,9.0,4.75,1.36,A,1.36,True,36.00000000000001
2008-09-27,2008,H,H,0.6044829452306432,0.20150520888260093,0.194011845886756,1.22,6.0,15.0,H,1.22,True,21.999999999999996
2008-09-27,2008,A,H,0.5306208857698292,0.27730846176471224,0.1920706524654585,1.8,3.4,5.0,H,1.8,False,-100.0
2008-09-27,2008,A,H,0.4516672392633491,0.24888788278583038,0.29944487795082053,2.6,3.3,2.75,H,2.6,False,-100.0
2008-09-28,2008,H,H,0.5336873958427024,0.22847651164485394,0.23783609251244361,2.5,3.25,3.0,H,2.5,True,150.0
2008-09-28,2008,H,H,0.4253320692483678,0.30370132832018126,0.27096660243145093,3.0,3.3,2.38,H,3.0,True,200.0
2008-10-04,2008,A,A,0.18586405154558397,0.24657457745938213,0.5675613709950339,6.0,3.75,1.62,A,1.62,True,62.000000000000014
2008-10-04,2008,D,A,0.1436742878907666,0.3196509603451745,0.536674751764059,6.0,3.75,1.62,A,1.62,False,-100.0
2008-10-04,2008,H,A,0.3439646390075921,0.2475072502616675,0.4085281107307404,2.25,3.25,3.25,A,3.25,False,-100.0
2008-10-04,2008,A,H,0.4390215605894184,0.22293408130473913,0.3380443581058424,2.1,3.3,3.6,H,2.1,False,-100.0
2008-10-05,2008,H,H,0.5209231382175308,0.3273222170239825,0.15175464475848674,1.5,4.0,7.0,H,1.5,True,50.0
2008-10-05,2008,A,H,0.6437252486664046,0.2097531163441356,0.14652163498945975,1.73,3.75,4.75,H,1.73,False,-100.0
2008-10-05,2008,D,H,0.5382084282485234,0.28357218521595956,0.17821938653551697,1.73,3.6,5.0,H,1.73,False,-100.0
2008-10-05,2008,A,H,0.4949602936534116,0.33764061350584823,0.1673990928407402,1.83,3.4,4.75,H,1.83,False,-100.0
2008-10-05,2008,A,A,0.234874464038585,0.2954262717597626,0.46969926420165237,3.2,3.3,2.25,A,2.25,True,125.0
2008-10-05,2008,H,H,0.5088313771699204,0.21143919158461652,0.27972943124546307,1.67,3.4,6.0,H,1.67,True,67.0
2008-10-18,2008,H,H,0.5575922942363336,0.3236259323486281,0.11878177341503832,1.4,4.33,9.0,H,1.4,True,39.99999999999999
2008-10-18,2008,H,H,0.5723357052711758,0.24481701865321362,0.1828472760756105,1.2,6.5,15.0,H,1.2,True,19.999999999999996
2008-10-18,2008,D,H,0.4954070126560208,0.27228920013296765,0.23230378721101164,2.25,3.25,3.3,H,2.25,False,-100.0
2008-10-18,2008,A,A,0.2325013013399894,0.27374952792627233,0.4937491707337383,6.0,3.7,1.62,A,1.62,True,62.000000000000014
2008-10-18,2008,D,H,0.5640981116454636,0.24111522880841627,0.19478665954612004,1.83,3.25,5.0,H,1.83,False,-100.0
2008-10-18,2008,H,H,0.7730302758376598,0.13182577489325556,0.09514394926908452,1.36,4.5,10.0,H,1.36,True,36.00000000000001
2008-10-18,2008,D,H,0.5049426746319439,0.2239406173542231,0.27111670801383303,2.4,3.25,3.0,H,2.4,False,-100.0
2008-10-19,2008,H,H,0.46359422897788827,0.24381889060608872,0.29258688041602304,2.62,3.25,2.75,H,2.62,True,162.0
2008-10-19,2008,H,H,0.6243077337749017,0.12070023155344241,0.25499203467165593,3.25,3.3,2.25,H,3.25,True,225.0
2008-10-20,2008,D,H,0.4238787402399263,0.2827731541637313,0.29334810559634245,3.0,3.25,2.4,H,3.0,False,-100.0
2008-10-25,2008,A,H,0.5278509848636501,0.2753668348395614,0.19678218029678848,2.2,3.3,3.4,H,2.2,False,-100.0
2008-10-25,2008,H,H,0.5059308233756884,0.2520081611182354,0.2420610155060761,2.2,3.3,3.4,H,2.2,True,120.00000000000001
2008-10-25,2008,D,H,0.41605248210142803,0.26581548272259853,0.3181320351759734,2.1,3.25,3.75,H,2.1,False,-100.0
2008-10-25,2008,D,A,0.13299326769436434,0.2197871524185281,0.6472195798871075,7.5,4.0,1.5,A,1.5,False,-100.0
2008-10-26,2008,A,H,0.45115914045833955,0.24699028354272798,0.30185057599893245,2.6,3.3,2.75,H,2.6,False,-100.0
2008-10-26,2008,A,A,0.14582951881382358,0.2572171222795108,0.5969533589066656,6.0,3.75,1.62,A,1.62,True,62.000000000000014
2008-10-26,2008,H,H,0.45334910733055117,0.35788976447387727,0.18876112819557153,2.05,3.3,4.0,H,2.05,True,104.99999999999999
2008-10-26,2008,A,H,0.5611016096097279,0.2618795115832107,0.17701887880706138,1.91,3.25,4.5,H,1.91,False,-100.0
2008-10-26,2008,H,H,0.6592689697122439,0.21551592456875548,0.12521510571900052,1.44,4.33,7.5,H,1.44,True,43.99999999999999
2008-10-26,2008,D,H,0.5352706930667858,0.2886203097251148,0.1761089972080994,1.83,3.5,4.5,H,1.83,False,-100.0
2008-10-28,2008,H,H,0.4282331009124029,0.20564218870900616,0.366124710378591,1.83,3.5,4.5,H,1.83,True,83.0
2008-10-29,2008,H,H,0.6744589746316917,0.2033048240514621,0.12223620131684626,1.67,3.75,5.5,H,1.67,True,67.0
2008-10-29,2008,H,H,0.4510505517813527,0.2784581118561587,0.27049133636248857,2.38,3.3,3.0,H,2.38,True,138.0
2008-10-29,2008,D,H,0.7180465594558764,0.13732622018808782,0.14462722035603584,1.44,4.5,7.5,H,1.44,False,-100.0
2008-10-29,2008,A,H,0.418123702882543,0.2666415640242344,0.3152347330932226,2.6,3.3,2.75,H,2.6,False,-100.0
2008-10-29,2008,H,H,0.3853584213565026,0.32984630265054715,0.2847952759929502,2.88,3.3,2.5,H,2.88,True,188.0
2008-10-29,2008,A,A,0.21285138459689126,0.31140618655643615,0.47574242884667256,8.0,4.33,1.44,A,1.44,True,43.99999999999999
2008-10-29,2008,H,H,0.7554437251248536,0.12637240745340358,0.11818386742174287,1.2,6.0,19.0,H,1.2,True,19.999999999999996
2008-10-29,2008,H,H,0.39474690688844843,0.29712189763100155,0.30813119548054996,2.6,3.3,2.75,H,2.6,True,160.0
2008-10-29,2008,H,H,0.5667286320245455,0.23185272343438126,0.2014186445410732,1.33,5.0,10.0,H,1.33,True,33.00000000000001
2008-11-01,2008,H,H,0.5610485123154572,0.19099626924910854,0.24795521843543425,1.17,6.5,21.0,H,1.17,True,16.999999999999993
2008-11-01,2008,H,H,0.6332936712709667,0.19775258447740787,0.16895374425162543,1.67,3.75,5.5,H,1.67,True,67.0
2008-11-01,2008,H,H,0.6440987480880968,0.18425366805193408,0.17164758385996925,1.17,7.0,17.0,H,1.17,True,16.999999999999993
2008-11-01,2008,D,H,0.4038476773706041,0.2674255954553238,0.3287267271740721,2.0,3.3,4.0,H,2.0,False,-100.0
2008-11-01,2008,A,A,0.2965308826325434,0.3081631515505059,0.3953059658169507,1.91,3.4,4.2,A,4.2,True,320.0
2008-11-01,2008,H,A,0.1134064363215692,0.33046445086045706,0.5561291128179736,8.0,4.5,1.4,A,1.4,False,-100.0
2008-11-01,2008,H,H,0.46609034429012103,0.3059744191200924,0.22793523658978657,3.5,3.3,2.1,H,3.5,True,250.0
2008-11-01,2008,D,H,0.5196840215509155,0.21243530313540807,0.2678806753136764,2.5,3.3,2.88,H,2.5,False,-100.0
2008-11-02,2008,H,A,0.339563050180222,0.31463015547265316,0.34580679434712486,3.0,3.3,2.38,A,2.38,False,-100.0
2008-11-03,2008,H,A,0.35140509549294113,0.27451691289524516,0.37407799161181376,3.0,3.3,2.38,A,2.38,False,-100.0
2008-11-08,2008,H,H,0.5832731429440761,0.2242663149946326,0.19246054206129135,1.2,6.0,19.0,H,1.2,True,19.999999999999996
2008-11-08,2008,H,A,0.28528256763306514,0.29437337491285115,0.4203440574540838,3.25,3.25,2.3,A,2.3,False,-100.0
2008-11-08,2008,A,H,0.6064758277627843,0.2402714994611254,0.15325267277609037,2.25,3.25,3.4,H,2.25,False,-100.0
2008-11-08,2008,A,H,0.4563942806741968,0.24222459977825397,0.3013811195475492,2.38,3.3,3.0,H,2.38,False,-100.0
2008-11-08,2008,D,H,0.5877494227433778,0.2242931790308993,0.18795739822572288,1.8,3.4,5.0,H,1.8,False,-100.0
2008-11-08,2008,A,H,0.465116304097245,0.2526153131336158,0.28226838276913924,2.6,3.25,2.8,H,2.6,False,-100.0
2008-11-09,2008,A,H,0.5698280044964021,0.24417822331110497,0.1859937721924929,1.7,3.8,5.0,H,1.7,False,-100.0
2008-11-09,2008,A,A,0.3386460461306046,0.257080284535987,0.40427366933340836,8.0,4.33,1.44,A,1.44,True,43.99999999999999
2008-11-09,2008,H,H,0.4953453699112527,0.24015235132863152,0.2645022787601157,2.38,3.25,3.1,H,2.38,True,138.0
2008-11-09,2008,A,H,0.4786122667032413,0.2503816725418296,0.271006060754929,2.25,3.3,3.3,H,2.25,False,-100.0
2008-11-15,2008,D,H,0.4584857629964428,0.27253147148817725,0.26898276551538,2.5,3.25,2.88,H,2.5,False,-100.0
2008-11-15,2008,H,D,0.31120909501523175,0.3710861351682288,0.3177047698165395,3.3,3.3,2.25,D,3.3,False,-100.0
2008-11-15,2008,A,H,0.6267768400438898,0.2572820535862272,0.11594110636988302,1.5,4.0,7.0,H,1.5,False,-100.0
2008-11-15,2008,A,H,0.5172575991991518,0.21925074587787574,0.26349165492297244,2.0,3.4,3.8,H,2.0,False,-100.0
2008-11-15,2008,D,H,0.469289474752607,0.2545363512987296,0.2761741739486634,2.1,3.3,3.6,H,2.1,False,-100.0
2008-11-15,2008,H,H,0.6673204061007573,0.22102000412130554,0.11165958977793711,1.14,7.5,23.0,H,1.14,True,13.99999999999999
2008-11-15,2008,A,A,0.2021314885643856,0.17198658001124337,0.625881931424371,12.0,5.0,1.3,A,1.3,True,30.000000000000004
2008-11-15,2008,A,A,0.3126709654972159,0.24413881776430926,0.4431902167384749,6.0,3.75,1.62,A,1.62,True,62.000000000000014
2008-11-16,2008,D,H,0.41941388484081776,0.2736574200603038,0.3069286950988784,2.88,3.25,2.5,H,2.88,False,-100.0
2008-11-16,2008,D,H,0.5461008831253813,0.21978961370594416,0.2341095031686746,1.83,3.5,4.5,H,1.83,False,-100.0
2008-11-22,2008,D,A,0.20756692386590436,0.28480370685129364,0.5076293692828019,5.0,3.6,1.73,A,1.73,False,-100.0
2008-11-22,2008,A,H,0.5370387737940197,0.2824621336774166,0.18049909252856375,1.91,3.4,4.33,H,1.91,False,-100.0
2008-11-22,2008,H,H,0.4020524001901354,0.2774916277017832,0.32045597210808147,3.25,3.4,2.2,H,3.25,True,225.0
2008-11-22,2008,D,H,0.6401058610369367,0.18978990369182447,0.17010423527123886,1.2,6.0,19.0,H,1.2,False,-100.0
2008-11-22,2008,D,H,0.4595771374433921,0.28693552601137756,0.2534873365452303,1.8,3.6,4.5,H,1.8,False,-100.0
2008-11-22,2008,H,H,0.42464576456930886,0.2769200106662928,0.2984342247643983,2.2,3.3,3.4,H,2.2,True,120.00000000000001
2008-11-22,2008,D,H,0.6193105937785882,0.2780116715776089,0.1026777346438028,1.25,5.5,15.0,H,1.25,False,-100.0
2008-11-23,2008,A,H,0.5159606425849246,0.21505143534961682,0.2689879220654586,2.1,3.4,3.5,H,2.1,False,-100.0
2008-11-23,2008,H,H,0.6429978511069798,0.19793482996558964,0.15906731892743045,1.73,3.75,4.75,H,1.73,True,73.0
2008-11-24,2008,H,H,0.4574391097480211,0.24028611052627138,0.3022747797257075,2.5,3.3,2.88,H,2.5,True,150.0
2008-11-29,2008,A,A,0.33755280885451494,0.22519246150041683,0.4372547296450682,2.25,3.3,3.3,A,3.3,True,229.99999999999997
2008-11-29,2008,D,H,0.40885753053869217,0.24925852991246988,0.34188393954883795,2.4,3.4,2.88,H,2.4,False,-100.0
2008-11-29,2008,H,H,0.5571991372759234,0.2864074667445014,0.15639339597957505,1.73,3.6,5.0,H,1.73,True,73.0
2008-11-29,2008,D,H,0.48968891093244765,0.29961468883593373,0.21069640023161862,1.57,3.8,6.5,H,1.57,False,-100.0
2008-11-29,2008,D,H,0.43294996532756636,0.2441424660252893,0.3229075686471443,2.2,3.3,3.4,H,2.2,False,-100.0
2008-11-30,2008,A,H,0.5084848660211427,0.26952107072262466,0.22199406325623264,1.91,3.5,4.0,H,1.91,False,-100.0
2008-11-30,2008,A,H,0.6125530342887775,0.20432092603480703,0.1831260396764155,1.8,3.4,5.0,H,1.8,False,-100.0
2008-11-30,2008,A,A,0.19680563945354357,0.242189192303686,0.5610051682427704,4.33,3.6,1.83,A,1.83,True,83.0
2008-11-30,2008,H,H,0.4723421590224068,0.33025221963678714,0.19740562134080608,2.1,3.3,3.6,H,2.1,True,110.00000000000001
2008-12-01,2008,D,H,0.5982060338973054,0.24211600009295964,0.15967796600973488,1.3,5.0,12.0,H,1.3,False,-100.0
2008-12-06,2008,H,H,0.6066084522141103,0.23607160597723856,0.15731994180865122,1.14,7.5,23.0,H,1.14,True,13.99999999999999
2008-12-06,2008,D,H,0.5308487348053713,0.26893844864226374,0.20021281655236497,1.8,3.5,4.75,H,1.8,False,-100.0
2008-12-06,2008,H,H,0.5368910326020727,0.2611345146746274,0.20197445272329992,2.38,3.25,3.1,H,2.38,True,138.0
2008-12-06,2008,A,A,0.1940219986505567,0.2674561306152008,0.5385218707342424,7.0,3.8,1.53,A,1.53,True,53.0
2008-12-06,2008,D,A,0.3057290749992371,0.27921380685074654,0.4150571181500163,2.6,3.2,2.8,A,2.8,False,-100.0
2008-12-06,2008,A,H,0.4191710521897987,0.1982116189172455,0.38261732889295574,5.5,3.5,1.73,H,5.5,False,-100.0
2008-12-06,2008,H,H,0.6301661977517738,0.19410615967764636,0.17572764257057982,1.33,4.75,11.0,H,1.33,True,33.00000000000001
2008-12-07,2008,A,H,0.43533224035576407,0.27281065489289547,0.29185710475134047,2.62,3.25,2.75,H,2.62,False,-100.0
2008-12-07,2008,D,H,0.48221984429955084,0.24333937058944585,0.2744407851110033,2.62,3.25,2.75,H,2.62,False,-100.0
2008-12-08,2008,A,A,0.2964016249104748,0.3223427361955518,0.38125563889397335,2.75,3.25,2.62,A,2.62,True,162.0
2008-12-13,2008,H,H,0.5419927147597218,0.3034375210181331,0.15456976422214516,2.1,3.3,3.6,H,2.1,True,110.00000000000001
2008-12-13,2008,D,A,0.25437439302666126,0.2479065776866809,0.49771902928665784,4.5,3.5,1.83,A,1.83,False,-100.0
2008-12-13,2008,H,H,0.48644771225424294,0.3163344873978788,0.19721780034787828,2.0,3.4,3.8,H,2.0,True,100.0
2008-12-13,2008,D,A,0.33988820788551033,0.21409040887316919,0.44602138324132046,2.5,3.25,2.88,A,2.88,False,-100.0
2008-12-13,2008,A,H,0.519147667652399,0.27431126892171503,0.20654106342588605,2.0,3.4,3.8,H,2.0,False,-100.0
2008-12-13,2008,D,H,0.5691286943560471,0.2769928579660388,0.15387844767791412,1.33,5.0,10.0,H,1.33,False,-100.0
2008-12-13,2008,H,H,0.5177386743577691,0.27048056613729143,0.2117807595049395,1.67,3.6,5.5,H,1.67,True,67.0
2008-12-13,2008,D,A,0.26211758448852024,0.25393760114782676,0.48394481436365305,4.5,3.6,1.8,A,1.8,False,-100.0
2008-12-14,2008,D,H,0.5925892773033948,0.26237915350823604,0.1450315691883692,1.25,5.5,15.0,H,1.25,False,-100.0
2008-12-14,2008,A,H,0.5208644245330336,0.2786684305675445,0.20046714489942188,2.05,3.2,3.4,H,2.05,False,-100.0
2008-12-20,2008,A,A,0.2455589295552195,0.2610413024140669,0.49339976803071367,3.0,3.4,2.37,A,2.37,True,137.0
2008-12-20,2008,H,H,0.45960914516433543,0.30334501297081523,0.23704584186484925,2.2,3.25,3.5,H,2.2,True,120.00000000000001
2008-12-20,2008,A,H,0.4599974802966251,0.2570011769486897,0.2830013427546851,2.1,3.25,3.75,H,2.1,False,-100.0
2008-12-20,2008,H,H,0.5461166559021052,0.19263966535153718,0.26124367874635757,1.83,3.5,4.5,H,1.83,True,83.0
2008-12-20,2008,H,H,0.5129484636312517,0.24984922978553312,0.23720230658321526,2.2,3.25,3.4,H,2.2,True,120.00000000000001
2008-12-21,2008,H,H,0.3997957169567928,0.32118056367861064,0.2790237193645966,3.25,3.3,2.25,H,3.25,True,225.0
2008-12-21,2008,D,A,0.2832434749472674,0.28656126406610966,0.43019526098662286,2.4,3.25,3.0,A,3.0,False,-100.0
2008-12-21,2008,H,H,0.38899804551656986,0.3154532471766682,0.29554870730676197,2.37,3.4,3.0,H,2.37,True,137.0
2008-12-22,2008,D,H,0.35734968116418814,0.29407161608423943,0.3485787027515724,5.0,3.6,1.73,H,5.0,False,-100.0
2008-12-26,2008,A,H,0.491624119390868,0.23182934829029542,0.2765465323188366,2.2,3.25,3.4,H,2.2,False,-100.0
2008-12-26,2008,D,H,0.4870144957915361,0.23418493921241337,0.27880056499605044,2.5,3.3,2.87,H,2.5,False,-100.0
2008-12-26,2008,H,H,0.5731664985938782,0.23499353370667211,0.19183996769944955,1.14,7.5,21.0,H,1.14,True,13.99999999999999
2008-12-26,2008,H,H,0.6717990037301526,0.20628053414089367,0.1219204621289539,1.33,4.5,12.0,H,1.33,True,33.00000000000001
2008-12-26,2008,H,H,0.6006363029623153,0.2274450307996556,0.17191866623802907,1.8,3.6,4.5,H,1.8,True,80.0
2008-12-26,2008,A,A,0.286928093122334,0.32184562195954974,0.3912262849181163,12.0,5.0,1.3,A,1.3,True,30.000000000000004
2008-12-26,2008,A,H,0.42389708177446117,0.22370455270407552,0.35239836552146336,2.5,3.3,2.87,H,2.5,False,-100.0
2008-12-26,2008,D,H,0.4622977091391986,0.2829673949783124,0.254734895882489,2.25,3.25,3.3,H,2.25,False,-100.0
2008-12-26,2008,D,H,0.5180751281898325,0.3203203368393674,0.16160453497080018,1.72,3.6,5.0,H,1.72,False,-100.0
2008-12-26,2008,H,H,0.5151403059807907,0.249268199538915,0.23559149448029423,2.25,3.3,3.25,H,2.25,True,125.0
2008-12-28,2008,H,H,0.5814121906469706,0.2229587277344464,0.19562908161858295,1.4,4.5,10.0,H,1.4,True,39.99999999999999
2008-12-28,2008,D,H,0.41777647813939806,0.27824721810910297,0.3039763037514989,2.62,3.3,2.87,H,2.62,False,-100.0
2008-12-28,2008,A,H,0.4518520896414628,0.26287326697069563,0.28527464338784153,2.3,3.25,3.4,H,2.3,False,-100.0
2008-12-28,2008,D,A,0.20885607348507476,0.28822925984867126,0.5029146666662541,6.5,3.75,1.61,A,1.61,False,-100.0
2008-12-28,2008,A,A,0.2536768850824079,0.3119288963555506,0.4343942185620415,5.0,3.6,1.8,A,1.8,True,80.0
2008-12-28,2008,H,H,0.5678860798346245,0.25527931892156425,0.17683460124381134,1.8,3.6,5.0,H,1.8,True,80.0
2008-12-28,2008,H,H,0.41346622985467235,0.2638636425495866,0.32267012759574104,3.5,3.4,2.2,H,3.5,True,250.0
2008-12-28,2008,H,H,0.564251074168726,0.2528633752176591,0.18288555061361497,1.72,3.6,5.5,H,1.72,True,72.0
2008-12-29,2008,H,H,0.7441128647787972,0.1489265634890615,0.10696057173214131,1.2,6.5,19.0,H,1.2,True,19.999999999999996
2008-12-30,2008,A,A,0.35204642294977934,0.27408991275703887,0.3738636642931818,4.33,3.6,1.91,A,1.91,True,90.99999999999999
2009-01-10,2008,H,H,0.6090375400073955,0.20737395834186886,0.1835885016507356,1.62,3.75,6.0,H,1.62,True,62.000000000000014
2009-01-10,2008,H,H,0.5342447898959648,0.23565625557485828,0.23009895452917695,1.36,4.33,11.0,H,1.36,True,36.00000000000001
2009-01-10,2008,H,H,0.5663209972568497,0.27324706441232366,0.1604319383308267,1.4,4.33,9.0,H,1.4,True,39.99999999999999
2009-01-10,2008,D,H,0.39308074574667673,0.21798333439632844,0.38893591985699477,2.2,3.3,3.4,H,2.2,False,-100.0
2009-01-10,2008,D,A,0.14166432617864003,0.24538614598850492,0.6129495278328551,10.0,4.5,1.36,A,1.36,False,-100.0
2009-01-10,2008,D,H,0.4456113821384819,0.2646558494419653,0.2897327684195528,2.25,3.2,3.4,H,2.25,False,-100.0
2009-01-11,2008,H,H,0.46345537407495835,0.21441168028969704,0.32213294563534456,2.2,3.2,3.5,H,2.2,True,120.00000000000001
2009-01-11,2008,H,H,0.44916602438099873,0.21855962379119628,0.332274351827805,2.5,3.25,2.88,H,2.5,True,150.0
2009-01-14,2008,H,H,0.6547230561120173,0.20135982939992472,0.1439171144880579,1.2,6.0,15.0,H,1.2,True,19.999999999999996
2009-01-17,2008,A,A,0.25339699212318595,0.36666784202225217,0.37993516585456194,8.0,3.8,1.5,A,1.5,True,50.0
2009-01-17,2008,H,H,0.6530330926692424,0.22883240924997852,0.11813449808077912,1.2,6.5,15.0,H,1.2,True,19.999999999999996
2009-01-17,2008,H,H,0.4715384832905347,0.25883391241217163,0.26962760429729365,2.0,3.4,3.8,H,2.0,True,100.0
2009-01-17,2008,H,H,0.48653897153107745,0.30381723689270745,0.20964379157621515,2.0,3.4,3.75,H,2.0,True,100.0
2009-01-17,2008,H,H,0.5033511231892652,0.241453641692577,0.2551952351181577,2.38,3.3,3.0,H,2.38,True,138.0
2009-01-17,2008,A,D,0.3242628322643894,0.38224044873415,0.2934967190014606,3.25,3.25,2.25,D,3.25,False,-100.0
2009-01-17,2008,A,A,0.263203825162674,0.24203858713801307,0.4947575876993129,5.5,4.0,1.62,A,1.62,True,62.000000000000014
2009-01-18,2008,D,H,0.66571428186331,0.21742491714810183,0.11686080098858813,1.73,3.6,5.0,H,1.73,False,-100.0
2009-01-18,2008,H,A,0.33709530030576534,0.3020972030318417,0.3608074966623929,2.1,3.3,3.6,A,3.6,False,-100.0
2009-01-19,2008,D,H,0.5424115436193891,0.34203822885742746,0.11555022752318334,1.62,3.75,6.0,H,1.62,False,-100.0
2009-01-27,2008,A,H,0.431585109847066,0.3203558396802782,0.24805905047265578,3.25,3.4,2.3,H,3.25,False,-100.0
2009-01-27,2008,H,H,0.4375940955971663,0.27143314611024155,0.2909727582925921,2.25,3.3,3.5,H,2.25,True,125.0
2009-01-27,2008,H,H,0.5669235517186667,0.2670539812016652,0.16602246707966814,1.61,3.8,6.5,H,1.61,True,61.00000000000001
2009-01-27,2008,A,A,0.21837883004169548,0.3056200952652584,0.4760010746930461,10.0,5.0,1.36,A,1.36,True,36.00000000000001
2009-01-28,2008,H,H,0.5994148798100252,0.2463017891737078,0.1542833310162671,1.25,6.0,15.0,H,1.25,True,25.0
2009-01-28,2008,D,H,0.4760166386460825,0.24366518947811164,0.2803181718758058,2.0,3.25,4.5,H,2.0,False,-100.0
2009-01-28,2008,D,A,0.25313043090871606,0.31713626695901187,0.42973330213227207,5.0,3.5,1.83,A,1.83,False,-100.0
2009-01-28,2008,D,H,0.3857062295323406,0.2819501529985236,0.3323436174691357,3.0,3.3,2.5,H,3.0,False,-100.0
2009-01-28,2008,H,H,0.5150591885154294,0.28468748673126254,0.20025332475330807,1.75,3.75,5.0,H,1.75,True,75.0
2009-01-28,2008,H,H,0.6721232209302253,0.2493169515773295,0.07855982749244513,1.83,3.6,4.75,H,1.83,True,83.0
2009-01-31,2008,D,H,0.6240313476240537,0.25078267677142585,0.12518597560452052,1.5,4.2,7.0,H,1.5,False,-100.0
2009-01-31,2008,D,H,0.5402188301392413,0.31366355416513225,0.14611761569562634,1.61,3.7,6.0,H,1.61,False,-100.0
2009-01-31,2008,H,H,0.4829891261307308,0.29707341423402284,0.21993745963524636,2.0,3.3,4.0,H,2.0,True,100.0
2009-01-31,2008,H,H,0.5857466039315186,0.20044188582270472,0.21381151024577671,2.75,3.3,2.62,H,2.75,True,175.0
2009-01-31,2008,D,H,0.4285772996116921,0.22111063469197512,0.3503120656963328,2.5,3.3,2.87,H,2.5,False,-100.0
2009-01-31,2008,D,H,0.43059365827788554,0.22734094886937273,0.34206539285274173,2.2,3.2,3.5,H,2.2,False,-100.0
2009-01-31,2008,H,H,0.5718833674933403,0.28741750993231135,0.14069912257434833,1.36,4.5,10.0,H,1.36,True,36.00000000000001
2009-01-31,2008,H,H,0.4248098376967038,0.277573667705034,0.2976164945982622,3.25,3.3,2.25,H,3.25,True,225.0
2009-02-01,2008,H,H,0.39151554558451435,0.26428973679175816,0.3441947176237275,2.5,3.1,3.1,H,2.5,True,150.0
2009-02-01,2008,D,H,0.5163948236506424,0.21427492854959626,0.26933024779976145,2.6,3.2,2.8,H,2.6,False,-100.0
2009-02-07,2008,H,H,0.5287759992155984,0.2760879289585602,0.19513607182584145,1.83,3.5,4.5,H,1.83,True,83.0
2009-02-07,2008,A,H,0.4181397360754772,0.3416271624508663,0.24023310147365642,2.87,3.3,2.5,H,2.87,False,-100.0
2009-02-07,2008,D,H,0.6337788154641836,0.24530065465651685,0.12092052987929965,1.2,6.0,19.0,H,1.2,False,-100.0
2009-02-07,2008,H,H,0.48237462960901056,0.2659314821055058,0.2516938882854836,1.72,3.4,5.5,H,1.72,True,72.0
2009-02-07,2008,H,H,0.6800762234795504,0.20370143843018942,0.11622233809026022,1.61,3.75,6.0,H,1.61,True,61.00000000000001
2009-02-07,2008,A,A,0.2986372443653628,0.2413668364517737,0.45999591918286353,5.0,3.3,1.8,A,1.8,True,80.0
2009-02-07,2008,A,H,0.4928850297555942,0.27262732128595135,0.23448764895845445,2.25,3.3,3.25,H,2.25,False,-100.0
2009-02-07,2008,D,H,0.5553498634058337,0.24394191355883396,0.20070822303533228,2.0,3.4,3.8,H,2.0,False,-100.0
2009-02-08,2008,A,A,0.18377401633991594,0.21491018982164442,0.6013157938384396,6.5,3.75,1.57,A,1.57,True,57.00000000000001
2009-02-08,2008,D,D,0.21980314122107836,0.4987634052282192,0.28143345355070254,3.0,3.3,2.4,D,3.3,True,229.99999999999997
2009-02-14,2008,H,H,0.4820052800541566,0.21724525184227975,0.3007494681035637,2.87,3.25,2.5,H,2.87,True,187.0
2009-02-18,2008,H,H,0.7307297013502584,0.20316324154446028,0.0661070571052813,1.25,5.5,13.0,H,1.25,True,25.0
2009-02-21,2008,D,D,0.3182729767974619,0.36547637281629175,0.31625065038624633,2.4,3.25,3.0,D,3.25,True,225.0
2009-02-21,2008,D,D,0.2823179652247376,0.3591739262950983,0.3585081084801642,2.5,3.25,2.87,D,3.25,True,225.0
2009-02-21,2008,H,H,0.6805155798118458,0.2116689285765172,0.10781549161163696,1.25,5.5,13.0,H,1.25,True,25.0
2009-02-21,2008,A,H,0.4270728503932088,0.24530581877056026,0.327621330836231,3.3,3.3,2.25,H,3.3,False,-100.0
2009-02-21,2008,D,H,0.6493506822199849,0.22517655720333488,0.12547276057668014,1.4,4.33,9.0,H,1.4,False,-100.0
2009-02-21,2008,H,A,0.3771566537532844,0.2056310419011881,0.4172123043455276,2.3,3.3,3.1,A,3.1,False,-100.0
2009-02-22,2008,H,H,0.642799008672691,0.19787175530663448,0.15932923602067448,1.8,3.5,4.75,H,1.8,True,80.0
2009-02-22,2008,D,H,0.6657142838894664,0.2174249220568103,0.11686079405372336,1.57,3.75,7.0,H,1.57,False,-100.0
2009-02-22,2008,D,H,0.38549265664588184,0.2915949783662094,0.3229123649879088,2.87,3.25,2.5,H,2.87,False,-100.0
2009-02-23,2008,A,A,0.3725039682451245,0.2457107684485207,0.3817852633063548,3.0,3.3,2.37,A,2.37,True,137.0
2009-02-28,2008,H,H,0.45415570102302394,0.20085383472023519,0.3449904642567409,5.5,3.5,1.72,H,5.5,True,450.0
2009-02-28,2008,H,H,0.6021147098216656,0.2114762471986769,0.18640904297965757,1.5,4.0,7.5,H,1.5,True,50.0
2009-02-28,2008,D,H,0.6416569077970111,0.255174022406591,0.10316906979639795,1.4,4.33,9.0,H,1.4,False,-100.0
2009-02-28,2008,H,H,0.6548014970514308,0.2122949641117113,0.132903538836858,1.28,5.0,13.0,H,1.28,True,28.000000000000004
2009-03-01,2008,H,H,0.4975112306663487,0.2471566588068563,0.25533211052679494,2.5,3.25,2.87,H,2.5,True,150.0
2009-03-01,2008,D,H,0.6885085996766849,0.19706976739510726,0.11442163292820795,1.4,4.0,10.0,H,1.4,False,-100.0
2009-03-01,2008,H,H,0.5250074425162436,0.22021630129671702,0.25477625618703936,2.0,3.3,4.0,H,2.0,True,100.0
2009-03-01,2008,A,H,0.3992695840184332,0.2471126913344385,0.3536177246471283,2.87,3.25,2.5,H,2.87,False,-100.0
2009-03-03,2008,A,A,0.21812048514784288,0.21942860592086777,0.5624509089312894,6.5,3.75,1.57,A,1.57,True,57.00000000000001
2009-03-03,2008,A,A,0.32823571019097464,0.2721490985599264,0.3996151912490989,6.5,3.75,1.57,A,1.57,True,57.00000000000001
2009-03-03,2008,H,H,0.5341102928370244,0.289977489107736,0.17591221805523952,1.4,4.33,9.5,H,1.4,True,39.99999999999999
2009-03-04,2008,D,A,0.347963047704899,0.2920620287586419,0.35997492353645905,2.5,3.25,2.9,A,2.9,False,-100.0
2009-03-04,2008,A,H,0.5952995141942462,0.22917387630508634,0.17552660950066745,1.66,3.6,5.75,H,1.66,False,-100.0
2009-03-04,2008,H,H,0.46245736935601833,0.27521526933361856,0.2623273613103631,2.5,3.3,2.87,H,2.5,True,150.0
2009-03-04,2008,H,H,0.6123277510106337,0.21683684796109248,0.17083540102827377,1.83,3.5,4.5,H,1.83,True,83.0
2009-03-04,2008,H,A,0.3051059289061411,0.22824031889529614,0.46665375219856275,2.5,3.25,2.9,A,2.9,False,-100.0
2009-03-04,2008,A,A,0.3192865353523604,0.2947031011422318,0.3860103635054078,2.2,3.3,3.4,A,3.4,True,240.0
2009-03-04,2008,A,A,0.29199268575158516,0.2984226044354081,0.40958470981300676,7.5,4.0,1.5,A,1.5,True,50.0
2009-03-07,2008,D,H,0.3590155664892641,0.3258379757490798,0.3151464577616561,2.87,3.3,2.5,H,2.87,False,-100.0
2009-03-11,2008,A,H,0.38872363697026335,0.2790791775227171,0.3321971855070196,2.25,3.2,3.4,H,2.25,False,-100.0
2009-03-14,2008,A,H,0.38499690652996427,0.28752414614917576,0.3274789473208601,2.2,3.2,3.5,H,2.2,False,-100.0
2009-03-14,2008,D,H,0.45695733079538936,0.28642301578772766,0.2566196534168829,2.2,3.2,3.5,H,2.2,False,-100.0
2009-03-14,2008,A,H,0.5625106128045916,0.28911595555781594,0.14837343163759245,1.91,3.3,4.5,H,1.91,False,-100.0
2009-03-14,2008,D,H,0.4539519460654513,0.24447201868675913,0.30157603524778964,2.62,3.25,2.75,H,2.62,False,-100.0
2009-03-14,2008,A,H,0.485134671892922,0.24924700183969076,0.2656183262673873,2.1,3.25,3.75,H,2.1,False,-100.0
2009-03-14,2008,H,H,0.5566629580272671,0.2539774869732964,0.1893595549994365,1.44,4.33,8.0,H,1.44,True,43.99999999999999
2009-03-14,2008,H,H,0.5814120776828781,0.22459794021728885,0.19398998209983317,1.5,4.0,7.5,H,1.5,True,50.0
2009-03-15,2008,H,H,0.6158497803592335,0.26183478834863094,0.12231543129213555,1.4,4.5,9.0,H,1.4,True,39.99999999999999
2009-03-15,2008,A,H,0.5005572528023752,0.28077644549238817,0.2186663017052366,2.0,3.3,4.0,H,2.0,False,-100.0
2009-03-16,2008,D,H,0.5843938754452725,0.2349102870226832,0.1806958375320443,1.67,3.6,5.75,H,1.67,False,-100.0
2009-03-21,2008,D,H,0.4417697552192626,0.2589659624956075,0.29926428228512986,1.9,3.4,4.33,H,1.9,False,-100.0
2009-03-21,2008,H,A,0.3061982744711051,0.24191248067084561,0.4518892448580492,8.0,4.2,1.44,A,1.44,False,-100.0
2009-03-21,2008,A,A,0.2979279035175732,0.3395435296017258,0.36252856688070106,5.0,3.6,1.72,A,1.72,True,72.0
2009-03-21,2008,D,H,0.463237677581946,0.25129728798962175,0.28546503442843224,2.4,3.3,3.0,H,2.4,False,-100.0
2009-03-21,2008,H,H,0.3957133048273814,0.2428404930312025,0.36144620214141615,2.25,3.3,3.3,H,2.25,True,125.0
2009-03-21,2008,H,A,0.16204308060186004,0.23519069194418551,0.6027662274539545,4.5,3.5,1.83,A,1.83,False,-100.0
2009-03-21,2008,H,H,0.4559364046664005,0.2817709226100626,0.2622926727235369,2.75,3.2,2.62,H,2.75,True,175.0
2009-03-22,2008,H,H,0.4897396747184777,0.296039669195026,0.21422065608649632,1.44,4.2,8.0,H,1.44,True,43.99999999999999
2009-03-22,2008,H,H,0.6077078010432381,0.22984760239692262,0.1624445965598392,1.66,3.6,5.5,H,1.66,True,65.99999999999999
2009-03-22,2008,H,H,0.5600769441260517,0.24818347848267075,0.19173957739127748,1.72,3.6,5.0,H,1.72,True,72.0
2009-04-04,2008,A,A,0.2881422113420689,0.2546564253392489,0.4572013633186822,6.0,3.75,1.61,A,1.61,True,61.00000000000001
2009-04-04,2008,A,H,0.41541041622854435,0.24435582144276535,0.34023376232869024,2.2,3.25,3.4,H,2.2,False,-100.0
2009-04-04,2008,A,A,0.32547188816237255,0.2692989054119242,0.40522920642570326,5.0,3.6,1.72,A,1.72,True,72.0
2009-04-04,2008,D,H,0.5469792472551301,0.23106221648627043,0.22195853625859943,2.62,3.25,2.75,H,2.62,False,-100.0
2009-04-04,2008,H,H,0.4122988854877178,0.27718667815725356,0.3105144363550287,2.1,3.2,3.75,H,2.1,True,110.00000000000001
2009-04-04,2008,H,H,0.37856439360003663,0.2813717525908322,0.34006385380913123,2.1,3.3,3.6,H,2.1,True,110.00000000000001
2009-04-04,2008,H,H,0.4018510616753648,0.319509863111159,0.27863907521347625,2.62,3.25,2.75,H,2.62,True,162.0
2009-04-04,2008,H,H,0.6559489115347296,0.25591283451060864,0.0881382539546618,1.53,3.75,7.5,H,1.53,True,53.0
2009-04-05,2008,H,H,0.6688687453590063,0.2568744614848742,0.07425679315611942,1.4,4.33,9.0,H,1.4,True,39.99999999999999
2009-04-05,2008,H,H,0.5223216089678767,0.23027546167449384,0.24740292935762945,1.72,3.4,5.5,H,1.72,True,72.0
2009-04-11,2008,A,H,0.4117640319119171,0.23916730871629618,0.34906865937178666,5.25,3.5,1.73,H,5.25,False,-100.0
2009-04-11,2008,H,H,0.6141630778824898,0.22869963779534422,0.15713728432216598,1.73,3.5,5.5,H,1.73,True,73.0
2009-04-11,2008,A,A,0.13484506886830316,0.24903710918685787,0.616117821944839,7.5,4.0,1.5,A,1.5,True,50.0
2009-04-11,2008,D,H,0.4730748782133018,0.26133147647280214,0.265593645313896,2.5,3.25,2.88,H,2.5,False,-100.0
2009-04-11,2008,H,H,0.5997487201652444,0.20769213593390012,0.19255914390085546,2.1,3.3,3.75,H,2.1,True,110.00000000000001
2009-04-11,2008,H,H,0.6171189336021145,0.23765003367413226,0.14523103272375323,1.33,4.75,11.0,H,1.33,True,33.00000000000001
2009-04-11,2008,H,H,0.6681362970297434,0.18069886853365416,0.15116483443660242,1.25,5.5,15.0,H,1.25,True,25.0
2009-04-11,2008,D,H,0.6553449864422022,0.2013042176870621,0.14335079587073557,1.73,3.5,5.5,H,1.73,False,-100.0
2009-04-12,2008,D,H,0.4034584602117201,0.1995819997802674,0.39695954000801253,2.2,3.25,3.5,H,2.2,False,-100.0
2009-04-12,2008,A,H,0.4524368392220139,0.26139726668154145,0.2861658940964446,1.91,3.4,4.33,H,1.91,False,-100.0
2009-04-18,2008,H,H,0.4605227053785976,0.2179623475118658,0.32151494710953665,1.91,3.4,4.2,H,1.91,True,90.99999999999999
2009-04-18,2008,H,H,0.4909682084914076,0.21781720954343206,0.2912145819651603,2.1,3.3,3.6,H,2.1,True,110.00000000000001
2009-04-18,2008,H,H,0.4411405217381667,0.2334142920140065,0.3254451862478268,2.4,3.25,3.0,H,2.4,True,140.0
2009-04-18,2008,D,H,0.6345819667700305,0.21386521944317216,0.15155281378679736,1.67,3.6,5.5,H,1.67,False,-100.0
2009-04-18,2008,D,H,0.5766756403137129,0.24937319164317473,0.17395116804311236,2.25,3.25,3.3,H,2.25,False,-100.0
2009-04-19,2008,H,H,0.5635338381344206,0.25256480623261407,0.18390135563296528,1.67,3.6,5.5,H,1.67,True,67.0
2009-04-19,2008,H,H,0.5624529183416139,0.22570695656276207,0.21184012509562403,1.57,3.8,6.5,H,1.57,True,57.00000000000001
2009-04-21,2008,D,H,0.603530473000398,0.2197394779807388,0.17673004901886324,1.72,3.6,5.0,H,1.72,False,-100.0
2009-04-22,2008,D,H,0.6673409833107672,0.20851669708217194,0.12414231960706083,1.44,4.2,8.5,H,1.44,False,-100.0
2009-04-22,2008,H,H,0.5766670166050032,0.23351404534676581,0.189818938048231,1.25,5.5,13.0,H,1.25,True,25.0
2009-04-25,2008,A,A,0.09897119303298453,0.2621793813909429,0.6388494255760726,10.0,4.5,1.36,A,1.36,True,36.00000000000001
2009-04-25,2008,A,A,0.2230179917254451,0.23596038032546596,0.5410216279490889,4.75,3.3,1.85,A,1.85,True,85.00000000000001
2009-04-25,2008,D,H,0.44423748859632406,0.3081138136419414,0.2476486977617346,3.1,3.3,2.37,H,3.1,False,-100.0
2009-04-25,2008,A,H,0.4990253539440019,0.26019474201308246,0.2407799040429156,1.83,3.5,4.5,H,1.83,False,-100.0
2009-04-25,2008,H,H,0.562003565860042,0.2708839772388178,0.16711245690114018,1.75,3.5,5.0,H,1.75,True,75.0
2009-04-25,2008,H,H,0.587599255549263,0.28321037651801767,0.12919036793271937,1.44,4.0,9.0,H,1.44,True,43.99999999999999
2009-04-25,2008,H,H,0.44985372972884274,0.25594893566859817,0.2941973346025592,2.5,3.3,2.87,H,2.5,True,150.0
2009-04-26,2008,H,H,0.6411317951089734,0.19340635233617462,0.16546185255485202,1.9,3.4,4.2,H,1.9,True,89.99999999999999
2009-04-26,2008,H,H,0.6469788143665668,0.2116157106309221,0.1414054750025112,1.5,4.2,7.5,H,1.5,True,50.0
2009-04-27,2008,D,H,0.43700391188894644,0.21737600840705995,0.3456200797039936,2.0,3.5,3.75,H,2.0,False,-100.0
2009-05-02,2008,A,H,0.5101348244243323,0.23248793898628953,0.25737723658937806,2.37,3.25,3.1,H,2.37,False,-100.0
2009-05-02,2008,H,H,0.623593584740768,0.19213981369273458,0.1842666015664974,1.5,4.0,7.0,H,1.5,True,50.0
2009-05-02,2008,A,D,0.3399480662465324,0.349759959569301,0.3102919741841666,3.2,3.3,2.3,D,3.3,False,-100.0
2009-05-02,2008,D,H,0.5525463750229895,0.21058123255640585,0.23687239242060473,2.1,3.25,3.75,H,2.1,False,-100.0
2009-05-02,2008,H,H,0.47489371764520943,0.2777965788892849,0.24730970346550563,2.0,3.3,4.0,H,2.0,True,100.0
2009-05-02,2008,A,A,0.2106519354252725,0.29444410737099735,0.4949039572037302,6.5,3.8,1.57,A,1.57,True,57.00000000000001
2009-05-02,2008,H,H,0.5709868350359774,0.23123870096119434,0.19777446400282836,1.53,3.8,7.0,H,1.53,True,53.0
2009-05-03,2008,H,H,0.6769107534409508,0.21214858446317653,0.11094066209587268,1.25,5.5,13.0,H,1.25,True,25.0
2009-05-03,2008,A,H,0.4559307913959271,0.21604317197548897,0.3280260366285839,2.5,3.25,2.9,H,2.5,False,-100.0
2009-05-04,2008,H,H,0.6908253254625385,0.2149552520930352,0.09421942244442623,1.53,3.8,7.0,H,1.53,True,53.0
2009-05-09,2008,D,A,0.2555130212037266,0.2745659064180022,0.4699210723782712,2.3,3.3,3.2,A,3.2,False,-100.0
2009-05-09,2008,H,H,0.47406630657653204,0.26295083601204466,0.2629828574114233,2.0,3.25,4.0,H,2.0,True,100.0
2009-05-09,2008,H,H,0.4492649957697681,0.29580760246737675,0.25492740176285517,2.62,3.25,2.75,H,2.62,True,162.0
2009-05-09,2008,D,H,0.4558616817009178,0.2806732963616821,0.2634650219374001,2.2,3.25,3.5,H,2.2,False,-100.0
2009-05-09,2008,A,H,0.4473841833575209,0.27933824079974495,0.27327757584273416,2.1,3.3,3.6,H,2.1,False,-100.0
2009-05-09,2008,A,A,0.26322888790797466,0.34595562987717426,0.390815482214851,6.5,3.8,1.57,A,1.57,True,57.00000000000001
2009-05-09,2008,H,H,0.5051584903472821,0.22500527135473522,0.26983623829798264,2.4,3.4,2.9,H,2.4,True,140.0
2009-05-10,2008,A,D,0.3581016254097866,0.3770429808828702,0.26485539370734323,2.6,3.25,2.8,D,3.25,False,-100.0
2009-05-10,2008,H,H,0.6594553358597511,0.20302152357808204,0.1375231405621668,1.36,4.75,9.5,H,1.36,True,36.00000000000001
2009-05-11,2008,H,H,0.4524209380148667,0.2247728223408261,0.32280623964430716,2.0,3.4,3.8,H,2.0,True,100.0
2009-05-13,2008,A,A,0.19919130368053692,0.22455980446662407,0.576248891852839,12.0,5.0,1.3,A,1.3,True,30.000000000000004
2009-05-16,2008,H,H,0.4620054164321812,0.2837566354276016,0.2542379481402172,2.2,3.25,3.4,H,2.2,True,120.00000000000001
2009-05-16,2008,A,H,0.46116603718426585,0.2808793875524594,0.25795457526327464,1.91,3.5,4.0,H,1.91,False,-100.0
2009-05-16,2008,H,H,0.4659180771857465,0.24754312480383436,0.28653879801041904,1.83,3.5,4.5,H,1.83,True,83.0
2009-05-16,2008,D,H,0.7233490862945279,0.18781766912243134,0.08883324458304076,1.67,3.5,6.0,H,1.67,False,-100.0
2009-05-16,2008,H,H,0.6169744508916936,0.2049970736602125,0.17802847544809394,1.73,3.6,5.0,H,1.73,True,73.0
2009-05-16,2008,D,H,0.5110689007166175,0.2736871854047341,0.2152439138786484,2.2,3.3,3.4,H,2.2,False,-100.0
2009-05-16,2008,D,H,0.42139125913737735,0.28109838162966816,0.2975103592329545,2.5,3.4,2.75,H,2.5,False,-100.0
2009-05-17,2008,A,A,0.298040839780039,0.2532391081250716,0.44872005209488935,7.0,5.0,1.4,A,1.4,True,39.99999999999999
2009-05-17,2008,H,H,0.5596278356457299,0.2118975931441197,0.22847457121015033,1.3,5.0,11.0,H,1.3,True,30.000000000000004
2009-05-18,2008,H,H,0.44739350791922955,0.2717078453163717,0.2808986467643988,2.1,3.2,3.75,H,2.1,True,110.00000000000001
2009-05-24,2008,H,H,0.4846403860381329,0.285811598728882,0.22954801523298504,2.1,3.4,3.5,H,2.1,True,110.00000000000001
2009-05-24,2008,H,H,0.5261207856364241,0.19285891922294915,0.2810202951406267,2.25,3.4,3.2,H,2.25,True,125.0
2009-05-24,2008,A,A,0.32376942601604924,0.2783400361102179,0.3978905378737329,4.0,3.6,1.91,A,1.91,True,90.99999999999999
2009-05-24,2008,H,H,0.5752162718543387,0.22478140432331487,0.2000023238223465,1.73,3.6,5.0,H,1.73,True,73.0
2009-05-24,2008,H,H,0.6296423488480679,0.21632270527207123,0.15403494587986086,1.53,4.0,6.5,H,1.53,True,53.0
2009-05-24,2008,A,H,0.47214516772630616,0.2702511158415379,0.25760371643215607,2.1,3.3,3.6,H,2.1,False,-100.0
2009-05-24,2008,D,H,0.6046090612144158,0.2009045751453984,0.19448636364018576,1.83,3.5,4.5,H,1.83,False,-100.0
2009-05-24,2008,H,H,0.3834579448173252,0.27829287329848035,0.3382491818841944,2.3,3.4,3.1,H,2.3,True,129.99999999999997
2009-05-24,2008,H,H,0.63008189907849,0.19366459975794234,0.17625350116356767,1.33,5.0,10.0,H,1.33,True,33.00000000000001
2009-05-24,2008,A,D,0.2975783760404103,0.3710913197736194,0.33133030418597026,3.0,3.5,2.3,D,3.5,False,-100.0
2009-08-15,2009,A,H,0.5491220101313944,0.24621462258183677,0.20466336728676895,2.25,3.25,3.25,H,2.25,False,-100.0
2009-08-15,2009,A,A,0.3203700335077511,0.2551424906426846,0.4244874758495643,3.6,3.25,2.1,A,2.1,True,110.00000000000001
2009-08-15,2009,A,H,0.5809330946789819,0.2305711164182422,0.18849578890277588,1.67,3.6,5.5,H,1.67,False,-100.0
2009-08-15,2009,H,H,0.6665191668025892,0.25472283382819455,0.07875799936921625,1.17,6.5,21.0,H,1.17,True,16.999999999999993
2009-08-15,2009,A,H,0.42092838938803623,0.33576636765750817,0.24330524295445566,2.63,3.3,2.7,H,2.63,False,-100.0
2009-08-15,2009,A,H,0.40246616271217794,0.2656711066108561,0.331862730676966,2.63,3.2,2.75,H,2.63,False,-100.0
2009-08-15,2009,A,H,0.37553386648622517,0.2784333484710824,0.34603278504269236,3.2,3.25,2.3,H,3.2,False,-100.0
2009-08-16,2009,H,H,0.5975450932494623,0.25939145686058956,0.14306344988994812,1.2,6.0,17.0,H,1.2,True,19.999999999999996
2009-08-16,2009,H,H,0.42255802180333957,0.28944206325921873,0.2879999149374417,3.2,3.25,2.3,H,3.2,True,220.00000000000003
2009-08-18,2009,A,A,0.3184130422475153,0.2155000175145624,0.46608694023792235,6.5,4.0,1.53,A,1.53,True,53.0
2009-08-18,2009,A,H,0.6168336776404431,0.20274936907017127,0.1804169532893857,1.73,3.6,5.25,H,1.73,False,-100.0
2009-08-19,2009,H,H,0.4378359957843327,0.26667365952108973,0.2954903446945775,2.0,3.3,4.0,H,2.0,True,100.0
2009-08-19,2009,H,A,0.16684238715675215,0.14749664015828248,0.6856609726849654,9.5,5.0,1.33,A,1.33,False,-100.0
2009-08-19,2009,A,H,0.3767822771083837,0.2607256570414702,0.36249206585014604,3.75,3.5,2.0,H,3.75,False,-100.0
2009-08-19,2009,H,H,0.5691405008175875,0.28789663471169585,0.14296286447071666,1.25,5.5,13.0,H,1.25,True,25.0
2009-08-22,2009,D,H,0.3700426256223244,0.2831057561403408,0.34685161823733485,2.3,3.2,3.25,H,2.3,False,-100.0
2009-08-22,2009,H,H,0.712814065461378,0.16320091360072675,0.12398502093789521,1.17,7.0,19.0,H,1.17,True,16.999999999999993
2009-08-22,2009,H,H,0.4088416242454261,0.2800519761572599,0.311106399597314,2.6,3.25,2.8,H,2.6,True,160.0
2009-08-22,2009,H,H,0.4968001422279758,0.28161422728894214,0.22158563048308202,2.1,3.25,3.75,H,2.1,True,110.00000000000001
2009-08-22,2009,A,A,0.2531766103185102,0.21791512780695388,0.5289082618745359,6.5,4.0,1.53,A,1.53,True,53.0
2009-08-22,2009,H,H,0.6553116245036232,0.20135368460212597,0.14333469089425077,1.33,4.5,12.0,H,1.33,True,33.00000000000001
2009-08-23,2009,H,A,0.3118117851732101,0.2657194263571047,0.4224687884696851,3.4,3.3,2.2,A,2.2,False,-100.0
2009-08-23,2009,A,A,0.32725045647824313,0.33486362339119885,0.3378859201305581,6.5,3.8,1.57,A,1.57,True,57.00000000000001
2009-08-23,2009,A,H,0.34490678572820915,0.3258271687218888,0.32926604554990196,3.1,3.25,2.38,H,3.1,False,-100.0
2009-08-24,2009,A,H,0.553191871781547,0.30548108264790436,0.14132704557054854,1.44,4.2,8.0,H,1.44,False,-100.0
2009-08-29,2009,H,H,0.7431908211950199,0.2002084917566741,0.056600687048305974,1.14,8.0,21.0,H,1.14,True,13.99999999999999
2009-08-29,2009,D,H,0.40308778323787114,0.2738896204871883,0.32302259627494057,2.2,3.3,3.5,H,2.2,False,-100.0
2009-08-29,2009,A,A,0.16234645619344265,0.23647895892367912,0.6011745848828781,7.0,4.0,1.53,A,1.53,True,53.0
2009-08-29,2009,H,H,0.4286669649873902,0.2710616113193864,0.3002714236932234,2.2,3.3,3.5,H,2.2,True,120.00000000000001
2009-08-29,2009,H,H,0.634505566052332,0.23496173042408156,0.1305327035235864,1.36,4.75,9.0,H,1.36,True,36.00000000000001
2009-08-29,2009,H,H,0.39007453309250223,0.3049588202994215,0.3049666466080762,2.38,3.25,3.2,H,2.38,True,138.0
2009-08-29,2009,D,H,0.4474443529334009,0.26493077737285303,0.28762486969374607,2.1,3.3,3.6,H,2.1,False,-100.0
2009-08-30,2009,A,A,0.17152292623846002,0.3059357868791693,0.5225412868823707,6.5,3.8,1.57,A,1.57,True,57.00000000000001
2009-08-30,2009,H,H,0.562840918844659,0.24842041907287435,0.18873866208246662,1.73,3.6,5.25,H,1.73,True,73.0
2009-08-30,2009,H,H,0.5139594846594432,0.24406996260556565,0.24197055273499113,1.73,3.6,5.25,H,1.73,True,73.0
2009-09-12,2009,A,H,0.3614634381866035,0.2874523622418102,0.3510841995715863,3.1,3.4,2.3,H,3.1,False,-100.0
2009-09-12,2009,H,H,0.3965699614695685,0.2696706425473665,0.333759395983065,2.3,3.25,3.25,H,2.3,True,129.99999999999997
2009-09-12,2009,A,D,0.2240848439108265,0.4430649264760234,0.33285022961315,9.0,4.5,1.4,D,4.5,False,-100.0
2009-09-12,2009,H,H,0.5481700409069749,0.22588035844759688,0.22594960064542824,1.75,3.5,5.0,H,1.75,True,75.0
2009-09-12,2009,H,A,0.2581815138996369,0.27942251743195534,0.4623959686684078,2.88,3.25,2.5,A,2.5,False,-100.0
2009-09-12,2009,H,H,0.47991524017908826,0.2540515073488731,0.26603325247203863,1.83,3.5,4.5,H,1.83,True,83.0
2009-09-12,2009,A,H,0.409268690245451,0.267399356482006,0.3233319532725431,2.6,3.2,2.8,H,2.6,False,-100.0
2009-09-12,2009,H,H,0.6954996677380721,0.18018974597108295,0.12431058629084502,1.2,6.5,15.0,H,1.2,True,19.999999999999996
2009-09-13,2009,A,A,0.32306178292558635,0.2572365005423188,0.41970171653209487,3.4,3.25,2.25,A,2.25,True,125.0
2009-09-13,2009,H,H,0.3918874811341751,0.25501221543389224,0.3531003034319326,2.6,3.2,2.8,H,2.6,True,160.0
2009-09-19,2009,D,H,0.5801538254925201,0.20083336941043903,0.21901280509704088,2.1,3.25,3.75,H,2.1,False,-100.0
2009-09-19,2009,H,H,0.7313260461099915,0.15900198646039454,0.10967196742961398,1.25,5.5,13.0,H,1.25,True,25.0
2009-09-19,2009,H,H,0.6773323761485837,0.20654904929414528,0.11611857455727105,1.4,4.2,10.0,H,1.4,True,39.99999999999999
2009-09-19,2009,A,H,0.39970564501694184,0.24356717137690367,0.3567271836061545,2.4,3.25,3.0,H,2.4,False,-100.0
2009-09-19,2009,A,A,0.2812206759836136,0.2978425227067238,0.4209368013096626,6.5,4.0,1.53,A,1.53,True,53.0
2009-09-19,2009,H,A,0.32872867386155286,0.2727979824910915,0.3984733436473557,2.88,3.25,2.5,A,2.5,False,-100.0
2009-09-20,2009,H,H,0.5811074953093346,0.27095900198393624,0.1479335027067292,1.5,4.0,7.0,H,1.5,True,50.0
2009-09-20,2009,H,H,0.5042376542899999,0.21921958577337172,0.2765427599366283,1.8,3.3,5.0,H,1.8,True,80.0
2009-09-20,2009,H,H,0.5593017351712065,0.2517254174704921,0.1889728473583013,1.57,4.0,6.0,H,1.57,True,57.00000000000001
2009-09-20,2009,H,H,0.5841302740983652,0.2601052184161342,0.15576450748550072,2.5,3.25,2.88,H,2.5,True,150.0
2009-09-26,2009,H,H,0.7320306101530552,0.15122163932736718,0.11674775051957771,1.14,7.5,23.0,H,1.14,True,13.99999999999999
2009-09-26,2009,A,A,0.1688737159807557,0.30275750932231765,0.5283687746969267,8.5,4.5,1.4,A,1.4,True,39.99999999999999
2009-09-26,2009,A,A,0.3590955282880807,0.23425062581519737,0.40665384589672193,4.2,3.4,1.91,A,1.91,True,90.99999999999999
2009-09-26,2009,H,A,0.3004483884788908,0.15575942644513957,0.5437921850759696,10.0,5.0,1.33,A,1.33,False,-100.0
2009-09-26,2009,A,A,0.3262244254093016,0.2712490128268876,0.4025265617638108,6.5,4.0,1.53,A,1.53,True,53.0
2009-09-26,2009,A,H,0.4983521139148433,0.23137106842738275,0.27027681765777395,2.2,3.25,3.4,H,2.2,False,-100.0
2009-09-26,2009,H,H,0.7058063817894992,0.19598348519653772,0.09821013301396304,1.33,5.0,10.0,H,1.33,True,33.00000000000001
2009-09-26,2009,H,H,0.5373537329826152,0.2485229601295239,0.21412330688786083,3.1,3.25,2.38,H,3.1,True,210.0
2009-09-27,2009,H,H,0.6035035804312835,0.23236047943561008,0.16413594013310642,1.73,3.6,5.0,H,1.73,True,73.0
2009-09-28,2009,H,H,0.6035120604813442,0.2233003358726016,0.1731876036460542,1.44,4.33,7.5,H,1.44,True,43.99999999999999
2009-10-03,2009,A,H,0.5294227480073612,0.23330157126175846,0.23727568073088032,2.0,3.4,3.8,H,2.0,False,-100.0
2009-10-03,2009,H,A,0.35009149527775235,0.2894966715369542,0.36041183318529346,2.88,3.3,2.5,A,2.5,False,-100.0
2009-10-03,2009,D,H,0.7251636193276615,0.2192339683029758,0.05560241236936262,1.2,6.5,15.0,H,1.2,False,-100.0
2009-10-03,2009,D,A,0.2391809770283413,0.297346033716749,0.4634729892549097,3.8,3.6,1.95,A,1.95,False,-100.0
2009-10-03,2009,H,H,0.44607813771558424,0.239140391719927,0.31478147056448885,2.3,3.25,3.2,H,2.3,True,129.99999999999997
2009-10-04,2009,H,H,0.6705217840627101,0.17535509657962714,0.15412311935766274,1.2,6.5,15.0,H,1.2,True,19.999999999999996
2009-10-04,2009,H,H,0.6156409548860285,0.1921409227926272,0.19221812232134425,2.1,3.3,3.6,H,2.1,True,110.00000000000001
2009-10-04,2009,D,H,0.6058073538103675,0.2639081195935658,0.13028452659606662,1.57,4.0,6.0,H,1.57,False,-100.0
2009-10-04,2009,D,H,0.4753962777463805,0.27246287143078296,0.2521408508228365,2.2,3.25,3.4,H,2.2,False,-100.0
2009-10-05,2009,D,H,0.4004787460914148,0.27436584635633987,0.3251554075522453,2.75,3.25,2.63,H,2.75,False,-100.0
2009-10-17,2009,D,H,0.694877234468115,0.19798396234382276,0.10713880318806222,1.44,4.2,6.5,H,1.44,False,-100.0
2009-10-17,2009,H,A,0.33490148356959154,0.3091019138873287,0.3559966025430798,4.5,3.6,1.8,A,1.8,False,-100.0
2009-10-17,2009,H,H,0.6038430564249259,0.2002205951932828,0.19593634838179144,1.2,5.5,13.0,H,1.2,True,19.999999999999996
2009-10-17,2009,H,H,0.5884905640646592,0.26209903615701347,0.14941039977832746,1.17,7.0,19.0,H,1.17,True,16.999999999999993
2009-10-17,2009,H,H,0.4430388759058526,0.25346144293622863,0.3034996811579187,2.1,3.3,3.6,H,2.1,True,110.00000000000001
2009-10-17,2009,A,H,0.38144290246580576,0.24927113879316268,0.36928595874103154,4.5,3.5,1.83,H,4.5,False,-100.0
2009-10-17,2009,H,A,0.31573728828184294,0.24234325411547317,0.4419194576026839,4.2,3.4,1.91,A,1.91,False,-100.0
2009-10-18,2009,H,H,0.5985097013042245,0.270199551369115,0.1312907473266605,1.73,3.6,5.0,H,1.73,True,73.0
2009-10-18,2009,D,A,0.17690506881020648,0.3008531543581671,0.5222417768316264,5.0,3.6,1.73,A,1.73,False,-100.0
2009-10-19,2009,H,H,0.5913370908900406,0.2686893956870991,0.13997351342286027,1.67,3.6,5.5,H,1.67,True,67.0
2009-10-24,2009,A,H,0.6509550440568952,0.23019195426824504,0.1188530016748597,1.44,4.33,7.5,H,1.44,False,-100.0
2009-10-24,2009,D,H,0.4377937735740682,0.22561536420645525,0.3365908622194766,2.6,3.2,2.8,H,2.6,False,-100.0
2009-10-24,2009,D,H,0.4025024948154488,0.256882201669384,0.3406153035151671,3.5,3.2,2.2,H,3.5,False,-100.0
2009-10-24,2009,A,H,0.43468147611601937,0.25283640403624874,0.3124821198477319,2.5,3.3,2.88,H,2.5,False,-100.0
2009-10-24,2009,H,A,0.3468293290192805,0.27642877789409664,0.3767418930866229,2.9,3.25,2.5,A,2.5,False,-100.0
2009-10-24,2009,H,H,0.5700772012194123,0.1775925941101958,0.2523302046703919,1.2,6.5,15.0,H,1.2,True,19.999999999999996
2009-10-25,2009,D,A,0.22068220995314994,0.20157045293509787,0.5777473371117522,7.0,4.2,1.5,A,1.5,False,-100.0
2009-10-25,2009,D,H,0.557686525656718,0.2358250486221698,0.20648842572111237,1.44,4.2,8.0,H,1.44,False,-100.0
2009-10-25,2009,H,A,0.3399205781426112,0.2376076139220106,0.4224718079353782,3.0,3.25,2.4,A,2.4,False,-100.0
2009-10-25,2009,H,H,0.4456063574601865,0.27742252320302224,0.2769711193367913,2.63,3.25,2.75,H,2.63,True,163.0
2009-10-31,2009,H,H,0.6848708297069517,0.22293071927698557,0.09219845101606274,1.17,7.0,19.0,H,1.17,True,16.999999999999993
2009-10-31,2009,D,H,0.544541841435951,0.22126400421460213,0.23419415434944693,2.0,3.3,4.0,H,2.0,False,-100.0
2009-10-31,2009,D,A,0.2552552256549413,0.2410186979661222,0.5037260763789365,1.91,3.4,4.2,A,4.2,False,-100.0
2009-10-31,2009,H,H,0.3975922534977458,0.28955587223063856,0.31285187427161576,2.38,3.3,3.0,H,2.38,True,138.0
2009-10-31,2009,H,H,0.41382675281745707,0.2624088790646797,0.3237643681178632,4.2,3.4,1.91,H,4.2,True,320.0
2009-10-31,2009,D,H,0.5096242637611482,0.24541973621412305,0.2449560000247287,2.5,3.25,2.88,H,2.5,False,-100.0
2009-10-31,2009,H,H,0.48397393367332814,0.27036998602905743,0.24565608029761443,1.91,3.4,4.2,H,1.91,True,90.99999999999999
2009-10-31,2009,A,A,0.2698984952772941,0.32882502682481424,0.40127647789789167,9.0,4.33,1.4,A,1.4,True,39.99999999999999
2009-10-31,2009,H,H,0.6415227685074734,0.22571730791746772,0.1327599235750589,1.57,4.0,6.0,H,1.57,True,57.00000000000001
2009-11-01,2009,D,A,0.28507858301143046,0.26219655683517945,0.45272486015339014,4.33,3.6,1.83,A,1.83,False,-100.0
2009-11-04,2009,H,H,0.510858208001064,0.3103366268844608,0.17880516511447528,2.75,3.3,2.63,H,2.75,True,175.0
2009-11-07,2009,D,H,0.6027937116480343,0.22607159476111652,0.1711346935908492,1.33,4.75,11.0,H,1.33,False,-100.0
2009-11-07,2009,H,H,0.4545357399438356,0.24381468153299848,0.3016495785231659,1.8,3.5,4.75,H,1.8,True,80.0
2009-11-07,2009,H,H,0.4043101433418477,0.2724489599191799,0.32324089673897244,2.1,3.4,3.6,H,2.1,True,110.00000000000001
2009-11-07,2009,A,A,0.29615397426196904,0.14871658333173318,0.5551294424062978,9.0,4.75,1.36,A,1.36,True,36.00000000000001
2009-11-07,2009,H,H,0.4940519585198005,0.26272656269853195,0.24322147878166758,1.57,3.75,6.5,H,1.57,True,57.00000000000001
2009-11-08,2009,H,H,0.42149834795632596,0.24365560172427095,0.33484605031940307,2.0,3.25,4.0,H,2.0,True,100.0
2009-11-08,2009,H,H,0.38775248440940785,0.3177505331955652,0.294496982395027,2.75,3.3,2.6,H,2.75,True,175.0
2009-11-08,2009,A,H,0.45349838126436887,0.2275426888482562,0.3189589298873749,2.4,3.3,3.0,H,2.4,False,-100.0
2009-11-08,2009,D,H,0.3754456891000695,0.27879640313649684,0.3457579077634336,2.25,3.2,3.4,H,2.25,False,-100.0
2009-11-09,2009,D,H,0.6370013381587177,0.21794513755517309,0.1450535242861092,1.36,4.5,10.0,H,1.36,False,-100.0
2009-11-21,2009,D,A,0.36482921361368265,0.25305991574685244,0.3821108706394649,3.4,3.3,2.2,A,2.2,False,-100.0
2009-11-21,2009,H,H,0.3906657650170881,0.24681846804028643,0.36251576694262555,2.5,3.2,2.9,H,2.5,True,150.0
2009-11-21,2009,H,H,0.6448995666892396,0.22450851511209202,0.1305919181986683,1.17,7.0,19.0,H,1.17,True,16.999999999999993
2009-11-21,2009,H,A,0.2182094877200965,0.2590718345856007,0.5227186776943029,6.0,3.75,1.62,A,1.62,False,-100.0
2009-11-21,2009,H,H,0.6997866406470025,0.19815131993708737,0.10206203941591023,1.4,4.5,9.0,H,1.4,True,39.99999999999999
2009-11-21,2009,D,H,0.42068859491812277,0.2951021742616353,0.2842092308202419,1.91,3.4,4.2,H,1.91,False,-100.0
2009-11-21,2009,D,H,0.4364328234890291,0.26633090470274584,0.2972362718082251,2.88,3.25,2.5,H,2.88,False,-100.0
2009-11-22,2009,A,H,0.4791919111675716,0.265891175648028,0.2549169131844003,2.25,3.2,3.4,H,2.25,False,-100.0
2009-11-22,2009,H,A,0.3556915545298762,0.27675493505035825,0.36755351041976553,2.1,3.4,3.5,A,3.5,False,-100.0
2009-11-22,2009,H,H,0.5243643469748575,0.2692678935416068,0.2063677594835358,1.44,4.33,8.0,H,1.44,True,43.99999999999999
2009-11-25,2009,H,H,0.37542469807706036,0.2807271346472308,0.3438481672757088,2.1,3.3,3.6,H,2.1,True,110.00000000000001
2009-11-25,2009,H,A,0.34169205256309915,0.2830403978356219,0.375267549601279,3.5,3.3,2.15,A,2.15,False,-100.0
2009-11-28,2009,H,H,0.4377467642668362,0.29263097321869963,0.26962226251446414,2.4,3.4,2.9,H,2.4,True,140.0
2009-11-28,2009,H,H,0.5526813495687205,0.2527330716514919,0.19458557877978755,1.8,3.6,4.5,H,1.8,True,80.0
2009-11-28,2009,A,A,0.2205831178060936,0.29623987254682943,0.48317700964707694,10.0,4.5,1.36,A,1.36,True,36.00000000000001
2009-11-28,2009,D,H,0.41112802763251405,0.24387380154789393,0.344998170819592,1.91,3.5,4.2,H,1.91,False,-100.0
2009-11-28,2009,D,H,0.38300549697760605,0.26050249582909674,0.35649200719329716,1.91,3.4,4.2,H,1.91,False,-100.0
2009-11-28,2009,D,H,0.4697489776057258,0.271237369063479,0.25901365333079523,2.5,3.25,2.88,H,2.5,False,-100.0
2009-11-28,2009,D,H,0.6386355390843486,0.20590538675674494,0.1554590741589065,1.29,5.5,11.0,H,1.29,False,-100.0
2009-11-29,2009,A,H,0.4177972174340778,0.26950952531414085,0.3126932572517813,2.4,3.2,3.1,H,2.4,False,-100.0
2009-11-29,2009,A,A,0.33346705757314593,0.2468665180101798,0.4196664244166743,2.7,3.2,2.7,A,2.7,True,170.00000000000003
2009-11-29,2009,A,A,0.3617542695418727,0.2735327487505523,0.3647129817075751,3.5,3.4,2.1,A,2.1,True,110.00000000000001
2009-12-05,2009,A,A,0.27137161550026834,0.26002216124031885,0.4686062232594128,8.0,4.2,1.44,A,1.44,True,43.99999999999999
2009-12-05,2009,A,H,0.5009726874252647,0.2852680619593056,0.2137592506154297,2.1,3.3,3.6,H,2.1,False,-100.0
2009-12-05,2009,H,H,0.40971933605278105,0.20186657987734505,0.38841408406987393,2.38,3.25,3.1,H,2.38,True,138.0
2009-12-05,2009,H,H,0.5075857467063959,0.2761430715124406,0.21627118178116356,1.91,3.4,4.2,H,1.91,True,90.99999999999999
2009-12-05,2009,H,H,0.552949493073778,0.21954556484267987,0.22750494208354213,1.44,4.33,7.5,H,1.44,True,43.99999999999999
2009-12-05,2009,D,A,0.16608951145040415,0.21301677908551894,0.620893709464077,5.25,3.8,1.67,A,1.67,False,-100.0
2009-12-05,2009,H,H,0.6193340745153028,0.25496972834826964,0.12569619713642755,1.29,5.0,13.0,H,1.29,True,29.000000000000004
2009-12-05,2009,H,H,0.40500632119617674,0.23048146842751618,0.364512210376307,4.2,3.4,1.91,H,4.2,True,320.0
2009-12-06,2009,D,H,0.43902440984255886,0.24361220000631745,0.31736339015112364,2.88,3.25,2.5,H,2.88,False,-100.0
2009-12-06,2009,H,H,0.3707644133137465,0.26898467797147085,0.36025090871478266,2.1,3.3,3.6,H,2.1,True,110.00000000000001
2009-12-12,2009,H,H,0.3935729968242563,0.22610510095873548,0.3803219022170082,2.1,3.3,3.6,H,2.1,True,110.00000000000001
2009-12-12,2009,D,A,0.29677686186795643,0.24472938529085764,0.45849375284118593,4.5,3.6,1.8,A,1.8,False,-100.0
2009-12-12,2009,D,H,0.427848543892482,0.254134095100558,0.3180173610069599,2.63,3.25,2.75,H,2.63,False,-100.0
2009-12-12,2009,D,H,0.5998856021032385,0.28810311603620004,0.11201128186056149,1.25,5.5,15.0,H,1.25,False,-100.0
2009-12-12,2009,D,H,0.3550422373747087,0.3009509147783677,0.3440068478469236,2.8,3.25,2.6,H,2.8,False,-100.0
2009-12-12,2009,D,H,0.5587919267385696,0.19819927177811128,0.2430088014833192,1.8,3.5,4.75,H,1.8,False,-100.0
2009-12-12,2009,A,H,0.6652145489640224,0.21085600427259857,0.12392944676337907,1.25,5.75,13.0,H,1.25,False,-100.0
2009-12-12,2009,D,H,0.47957531762501243,0.23462460746120842,0.28580007491377907,2.1,3.3,3.6,H,2.1,False,-100.0
2009-12-12,2009,A,H,0.48806586453648104,0.2912975762826692,0.2206365591808498,1.5,4.2,7.0,H,1.5,False,-100.0
2009-12-13,2009,A,H,0.4161421103313478,0.2580460056001624,0.32581188406848977,2.2,3.3,3.4,H,2.2,False,-100.0
2009-12-15,2009,A,H,0.39740217661798655,0.2968901279846481,0.3057076953973653,2.88,3.3,2.5,H,2.88,False,-100.0
2009-12-15,2009,H,H,0.7521706574583936,0.14532933542391824,0.10250000711768824,1.17,7.0,19.0,H,1.17,True,16.999999999999993
2009-12-15,2009,H,H,0.45488263073846086,0.26051400937618224,0.2846033598853569,2.2,3.25,3.4,H,2.2,True,120.00000000000001
2009-12-15,2009,H,H,0.4297080178335209,0.25529441193807534,0.3149975702284038,2.25,3.3,3.25,H,2.25,True,125.0
2009-12-16,2009,H,H,0.5521716689003622,0.24365165687095444,0.20417667422868338,1.33,4.75,11.0,H,1.33,True,33.00000000000001
2009-12-16,2009,H,A,0.31818601268461616,0.21578980112181714,0.4660241861935666,2.25,3.3,3.25,A,3.25,False,-100.0
2009-12-16,2009,D,H,0.42636461187344005,0.24125953566047678,0.33237585246608314,7.0,4.2,1.5,H,7.0,False,-100.0
2009-12-16,2009,H,H,0.5752924978903406,0.23971835659408888,0.18498914551557052,1.14,8.0,19.0,H,1.14,True,13.99999999999999
2009-12-19,2009,H,A,0.28346576801667944,0.28870243932055645,0.4278317926627641,5.5,4.0,1.62,A,1.62,False,-100.0
2009-12-19,2009,H,H,0.5925070256340185,0.26518081239168695,0.14231216197429458,1.53,4.0,7.0,H,1.53,True,53.0
2009-12-19,2009,H,A,0.34775951321987325,0.2915005736698954,0.3607399131102313,6.5,4.0,1.57,A,1.57,False,-100.0
2009-12-19,2009,H,H,0.6950372096515572,0.26901337000240155,0.03594942034604114,1.4,4.33,9.0,H,1.4,True,39.99999999999999
2009-12-19,2009,H,H,0.6990235478112976,0.20041371653899118,0.10056273564971123,1.22,6.0,15.0,H,1.22,True,21.999999999999996
2009-12-19,2009,A,H,0.5181990746418293,0.23503136918551407,0.24676955617265653,3.3,3.4,2.2,H,3.3,False,-100.0
2009-12-20,2009,D,H,0.42882035791521783,0.22624233847419392,0.3449373036105882,1.83,3.5,4.5,H,1.83,False,-100.0
2009-12-20,2009,D,A,0.21078807496662366,0.11972542391585066,0.6694865011175257,8.5,4.5,1.4,A,1.4,False,-100.0
2009-12-20,2009,H,A,0.30606486308906683,0.2818276086150979,0.4121075282958353,2.1,3.3,3.6,A,3.6,False,-100.0
2009-12-26,2009,D,H,0.5252220043966727,0.2408123457580843,0.23396564984524304,2.38,3.3,3.0,H,2.38,False,-100.0
2009-12-26,2009,H,H,0.5856435994583559,0.25284304070091235,0.1615133598407318,1.29,5.5,11.0,H,1.29,True,29.000000000000004
2009-12-26,2009,D,A,0.22024456600212736,0.27776797812224246,0.5019874558756302,6.5,3.8,1.57,A,1.57,False,-100.0
2009-12-26,2009,D,A,0.3461297990470799,0.30093825182690637,0.3529319491260137,2.8,3.4,2.5,A,2.5,False,-100.0
2009-12-26,2009,D,D,0.3599893746458665,0.3662863149477542,0.27372431040637923,2.3,3.25,3.2,D,3.25,True,225.0
2009-12-26,2009,H,H,0.5997693898823274,0.21596118703561126,0.18426942308206137,1.44,4.33,7.5,H,1.44,True,43.99999999999999
2009-12-26,2009,H,H,0.4261752625639201,0.23759865539225164,0.3362260820438283,2.1,3.3,3.6,H,2.1,True,110.00000000000001
2009-12-26,2009,D,H,0.4325827436710954,0.25341364307780223,0.3140036132511024,2.38,3.3,3.0,H,2.38,False,-100.0
2009-12-27,2009,H,H,0.6284282371456847,0.2385667256724678,0.13300503718184745,1.73,3.5,5.0,H,1.73,True,73.0
2009-12-27,2009,A,A,0.3300732302074931,0.1942342390632934,0.47569253072921347,8.0,4.2,1.4,A,1.4,True,39.99999999999999
2009-12-28,2009,A,A,0.28544821216549604,0.22182882846662877,0.4927229593678752,4.5,3.6,1.8,A,1.8,True,80.0
2009-12-28,2009,H,H,0.4857417570715999,0.2518470619699593,0.26241118095844085,1.44,4.2,8.0,H,1.44,True,43.99999999999999
2009-12-28,2009,A,A,0.31315702792342637,0.24008050818746005,0.4467624638891136,2.4,3.25,3.0,A,3.0,True,200.0
2009-12-28,2009,H,H,0.5998897007341807,0.22170552630401472,0.1784047729618046,1.36,4.5,10.0,H,1.36,True,36.00000000000001
2009-12-28,2009,D,H,0.5201686097823662,0.2594591645870945,0.22037222563053918,2.1,3.3,3.6,H,2.1,False,-100.0
2009-12-28,2009,H,H,0.5082142456609752,0.2849012197203729,0.206884534618652,1.57,3.8,6.5,H,1.57,True,57.00000000000001
2009-12-29,2009,A,H,0.42760542991504114,0.25884714727945973,0.3135474228054992,2.8,3.25,2.6,H,2.8,False,-100.0
2009-12-29,2009,D,H,0.6778126163292305,0.19835708670964572,0.12383029696112376,1.8,3.6,4.75,H,1.8,False,-100.0
2009-12-30,2009,H,H,0.6591354526430099,0.1974886552316606,0.14337589212532956,1.2,6.5,15.0,H,1.2,True,19.999999999999996
2009-12-30,2009,A,A,0.3269172568890688,0.3056552791714879,0.3674274639394433,6.5,4.0,1.53,A,1.53,True,53.0
2010-01-05,2009,H,H,0.48068539208264943,0.23732168572751725,0.28199292218983335,2.63,3.25,2.75,H,2.63,True,163.0
2010-01-09,2009,D,D,0.244620243511965,0.389765840809221,0.365613915678814,6.5,3.6,1.62,D,3.6,True,260.0
2010-01-09,2009,D,H,0.707491200515928,0.2358438274919015,0.05666497199217057,1.4,4.5,8.5,H,1.4,False,-100.0
2010-01-11,2009,H,H,0.4860468381922612,0.22088983507334117,0.29306332673439756,1.44,4.33,8.0,H,1.44,True,43.99999999999999
2010-01-16,2009,D,H,0.5488511424905432,0.2370300957729269,0.2141187617365299,1.25,6.0,11.0,H,1.25,False,-100.0
2010-01-16,2009,D,A,0.3545252958064955,0.2607577666044502,0.3847169375890543,3.5,3.2,2.2,A,2.2,False,-100.0
2010-01-16,2009,A,H,0.5404780505212481,0.2259453889520472,0.23357656052670475,2.3,3.25,3.2,H,2.3,False,-100.0
2010-01-16,2009,H,H,0.405313708558004,0.3079477591592931,0.2867385322827029,2.88,3.25,2.5,H,2.88,True,188.0
2010-01-16,2009,H,H,0.6452864820236104,0.1991651361875586,0.15554838178883096,1.22,6.0,15.0,H,1.22,True,21.999999999999996
2010-01-16,2009,H,H,0.643441994089429,0.2558260638095165,0.10073194210105456,1.17,7.0,17.0,H,1.17,True,16.999999999999993
2010-01-17,2009,D,H,0.6069594860876887,0.2491839317516147,0.14385658216069655,1.53,3.8,7.0,H,1.53,False,-100.0
2010-01-17,2009,H,H,0.47742301435982865,0.23861521728445323,0.28396176835571807,2.4,3.25,3.0,H,2.4,True,140.0
2010-01-17,2009,A,A,0.28476642217534626,0.25472543644240936,0.46050814138224433,6.5,4.0,1.53,A,1.53,True,53.0
2010-01-20,2009,H,H,0.7308705831454817,0.2065707077022564,0.06255870915226189,1.22,5.5,17.0,H,1.22,True,21.999999999999996
2010-01-20,2009,H,H,0.41399916463593356,0.23335097707325528,0.3526498582908111,2.4,3.25,3.0,H,2.4,True,140.0
2010-01-23,2009,H,H,0.6769907513700701,0.19878277470338723,0.12422647392654261,1.14,6.5,15.0,H,1.14,True,13.99999999999999
2010-01-26,2009,H,H,0.533218778574221,0.26108981360469397,0.20569140782108516,1.8,3.6,4.5,H,1.8,True,80.0
2010-01-26,2009,H,H,0.5359329293915148,0.2674650554320091,0.19660201517647613,1.57,3.75,6.5,H,1.57,True,57.00000000000001
2010-01-26,2009,D,A,0.29773979854009003,0.251190595592304,0.45106960586760597,5.5,3.6,1.67,A,1.67,False,-100.0
2010-01-26,2009,D,H,0.44155243482214107,0.24281181965090173,0.31563574552695717,2.5,3.25,2.88,H,2.5,False,-100.0
2010-01-27,2009,D,A,0.2886757904071742,0.2826450536813974,0.4286791559114283,3.2,3.25,2.3,A,2.3,False,-100.0
2010-01-27,2009,H,A,0.315208663815899,0.2391741269060543,0.44561720927804666,1.95,3.4,4.0,A,4.0,False,-100.0
2010-01-27,2009,H,H,0.65467745274593,0.21940489334401467,0.12591765391005527,1.22,6.0,15.0,H,1.22,True,21.999999999999996
2010-01-27,2009,H,H,0.5987248218786537,0.2383506239980402,0.1629245541233061,1.67,3.6,5.5,H,1.67,True,67.0
2010-01-30,2009,A,H,0.39252723738205236,0.3200192703035951,0.28745349231435247,3.0,3.3,2.38,H,3.0,False,-100.0
2010-01-30,2009,D,H,0.39838402902629705,0.24546035037190106,0.3561556206018019,2.1,3.3,3.6,H,2.1,False,-100.0
2010-01-30,2009,H,H,0.5109238360594575,0.25683090558851734,0.23224525835202522,1.44,4.33,7.5,H,1.44,True,43.99999999999999
2010-01-30,2009,D,H,0.3945645787959923,0.23717594187298877,0.368259479331019,2.25,3.25,3.25,H,2.25,False,-100.0
2010-01-30,2009,A,A,0.1692840669458087,0.13988691951201657,0.6908290135421747,13.0,5.0,1.29,A,1.29,True,29.000000000000004
2010-01-30,2009,D,H,0.4346824345557609,0.24075239450745992,0.3245651709367792,3.1,3.25,2.38,H,3.1,False,-100.0
2010-01-30,2009,A,H,0.41620442463066265,0.2914733523131728,0.29232222305616457,2.7,3.2,2.7,H,2.7,False,-100.0
2010-01-31,2009,A,H,0.39548049385590467,0.328163782213528,0.27635572393056723,2.6,3.25,2.8,H,2.6,False,-100.0
2010-01-31,2009,H,H,0.5879525333235621,0.23753170775581123,0.17451575892062662,1.29,5.0,13.0,H,1.29,True,29.000000000000004
2010-02-01,2009,D,H,0.34794904950312927,0.309723589456435,0.3423273610404356,2.0,3.4,3.8,H,2.0,False,-100.0
2010-02-02,2009,D,A,0.22048062009501437,0.26663499359501985,0.5128843863099658,13.0,5.0,1.29,A,1.29,False,-100.0
2010-02-03,2009,H,H,0.508213806586836,0.2721077656459618,0.21967842776720226,1.67,3.5,6.0,H,1.67,True,67.0
2010-02-06,2009,D,H,0.47426357174116296,0.23051351382874405,0.295222914430093,2.0,3.4,3.8,H,2.0,False,-100.0
2010-02-06,2009,H,H,0.47822335601983873,0.25019397495616374,0.2715826690239975,2.3,3.1,3.4,H,2.3,True,129.99999999999997
2010-02-06,2009,D,H,0.502981333154693,0.27918759207640303,0.21783107476890398,2.1,3.3,3.6,H,2.1,False,-100.0
2010-02-06,2009,H,H,0.645560280464596,0.19063339224373502,0.1638063272916689,1.13,8.5,23.0,H,1.13,True,12.99999999999999
2010-02-06,2009,H,H,0.46153203988050634,0.32214249462350847,0.2163254654959852,1.83,3.5,4.33,H,1.83,True,83.0
2010-02-06,2009,H,A,0.30114298835695597,0.23751305033132752,0.4613439613117165,5.5,3.4,1.73,A,1.73,False,-100.0
2010-02-06,2009,H,H,0.4551015180763199,0.24153587673828156,0.30336260518539854,2.6,3.25,2.8,H,2.6,True,160.0
2010-02-06,2009,D,H,0.4458657074060339,0.24957442757681747,0.30455986501714866,2.25,3.3,3.25,H,2.25,False,-100.0
2010-02-07,2009,H,H,0.6441433575988739,0.1941491315071425,0.16170751089398366,1.8,3.6,4.5,H,1.8,True,80.0
2010-02-07,2009,H,H,0.6266599724266481,0.2118782531781518,0.16146177439520018,1.8,3.4,5.0,H,1.8,True,80.0
2010-02-09,2009,D,H,0.45257191923776485,0.31159469133962575,0.23583338942260942,2.2,3.3,3.4,H,2.2,False,-100.0
2010-02-09,2009,D,H,0.4711125789216364,0.25960257785073165,0.269284843227632,2.4,3.25,3.0,H,2.4,False,-100.0
2010-02-09,2009,H,H,0.5725654650269493,0.25969264976475376,0.16774188520829703,1.73,3.5,5.25,H,1.73,True,73.0
2010-02-09,2009,H,H,0.5783297009343937,0.27752557846877995,0.1441447205968263,1.44,4.2,8.0,H,1.44,True,43.99999999999999
2010-02-10,2009,H,H,0.5320739055621369,0.3070632097637955,0.16086288467406773,2.1,3.3,3.6,H,2.1,True,110.00000000000001
2010-02-10,2009,D,A,0.31808553289393554,0.22300299261992676,0.4589114744861377,4.2,3.5,1.91,A,1.91,False,-100.0
2010-02-10,2009,H,H,0.54494887616257,0.20434996349123566,0.25070116034619433,1.83,3.5,4.5,H,1.83,True,83.0
2010-02-10,2009,H,A,0.31623570502702286,0.2979542710208338,0.3858100239521433,5.0,3.6,1.73,A,1.73,False,-100.0
2010-02-10,2009,H,H,0.432898499168845,0.2529763233540044,0.3141251774771507,2.25,3.3,3.25,H,2.25,True,125.0
2010-02-10,2009,H,A,0.31557640938252607,0.22779592255998674,0.45662766805748706,4.2,3.4,1.91,A,1.91,False,-100.0
2010-02-16,2009,D,H,0.38679131462545,0.2589585333661922,0.3542501520083578,3.1,3.2,2.38,H,3.1,False,-100.0
2010-02-17,2009,D,H,0.42006878865509484,0.29825322922654723,0.2816779821183579,2.3,3.25,3.2,H,2.3,False,-100.0
2010-02-20,2009,H,A,0.3462208998698901,0.27899424132248274,0.3747848588076272,4.5,3.6,1.8,A,1.8,False,-100.0
2010-02-20,2009,A,A,0.1942132997890358,0.2914124912327117,0.5143742089782526,12.0,5.0,1.3,A,1.3,True,30.000000000000004
2010-02-20,2009,H,H,0.6550359133096174,0.21653548769294997,0.1284285989974326,1.75,3.6,4.75,H,1.75,True,75.0
2010-02-20,2009,H,H,0.5015874699285183,0.2651587147846212,0.23325381528686043,1.22,6.0,15.0,H,1.22,True,21.999999999999996
2010-02-20,2009,A,H,0.4121845193344531,0.2513387043208441,0.3364767763447028,2.38,3.25,3.1,H,2.38,False,-100.0
2010-02-21,2009,D,H,0.3866064161742946,0.25409509457226187,0.3592984892534436,2.4,3.3,3.0,H,2.4,False,-100.0
2010-02-21,2009,H,H,0.4592896167003165,0.26957260832788255,0.2711377749718009,1.95,3.25,4.33,H,1.95,True,95.0
2010-02-21,2009,H,H,0.5202280763439343,0.27669039270705725,0.20308153094900835,2.1,3.25,3.75,H,2.1,True,110.00000000000001
2010-02-21,2009,A,H,0.3793196887039508,0.2768893817890288,0.3437909295070205,3.75,3.5,2.0,H,3.75,False,-100.0
2010-02-21,2009,H,H,0.6507426585190631,0.26717686337700924,0.08208047810392775,1.36,4.5,10.0,H,1.36,True,36.00000000000001
2010-02-23,2009,H,H,0.7176905495373367,0.20533250673688588,0.07697694372577733,1.2,6.5,15.0,H,1.2,True,19.999999999999996
2010-02-27,2009,H,H,0.4312337821455212,0.2471399009951726,0.32162631685930615,2.0,3.3,4.0,H,2.0,True,100.0
2010-02-27,2009,A,H,0.5694905628715069,0.2877861985587226,0.1427232385697704,1.44,4.33,7.5,H,1.44,False,-100.0
2010-02-27,2009,A,H,0.47614694542789726,0.264902163328697,0.2589508912434057,2.0,3.4,3.8,H,2.0,False,-100.0
2010-02-27,2009,A,A,0.30486879254842375,0.2994763634271551,0.395654844024421,5.0,3.6,1.73,A,1.73,True,73.0
2010-02-27,2009,H,H,0.3781852093858755,0.27956104516469554,0.342253745449429,1.91,3.3,4.33,H,1.91,True,90.99999999999999
2010-02-28,2009,H,H,0.5344853523357977,0.27140897382291745,0.19410567384128477,2.0,3.4,4.0,H,2.0,True,100.0
2010-02-28,2009,H,H,0.5430137178012496,0.2324832010834291,0.22450308111532138,1.36,4.75,9.0,H,1.36,True,36.00000000000001
2010-02-28,2009,D,H,0.40725500295494593,0.2625047675545989,0.33024022949045523,2.2,3.2,3.5,H,2.2,False,-100.0
2010-03-06,2009,A,A,0.19483440777762415,0.28860370836005633,0.5165618838623195,10.0,5.0,1.33,A,1.33,True,33.00000000000001
2010-03-06,2009,H,H,0.5517642479718102,0.2560681278434857,0.19216762418470404,1.14,7.5,21.0,H,1.14,True,13.99999999999999
2010-03-06,2009,A,H,0.4192661121516535,0.26632131725617936,0.31441257059216715,1.8,3.5,4.5,H,1.8,False,-100.0
2010-03-07,2009,H,H,0.5819507878176305,0.2740145814798184,0.14403463070255118,1.36,4.5,10.0,H,1.36,True,36.00000000000001
2010-03-08,2009,H,A,0.29489882731997824,0.24305941677779855,0.4620417559022232,6.5,3.8,1.57,A,1.57,False,-100.0
2010-03-09,2009,A,H,0.45991512101976006,0.2438485346299922,0.29623634435024776,2.38,3.25,3.1,H,2.38,False,-100.0
2010-03-09,2009,H,H,0.40593982860712147,0.2639483262996311,0.3301118450932474,2.1,3.25,3.75,H,2.1,True,110.00000000000001
2010-03-10,2009,D,H,0.3785423950632992,0.24635257207288566,0.3751050328638151,2.5,3.3,2.88,H,2.5,False,-100.0
2010-03-13,2009,D,H,0.398504992949046,0.3204200204779515,0.2810749865730025,3.0,3.25,2.4,H,3.0,False,-100.0
2010-03-13,2009,H,H,0.37171363147634656,0.26979924817162,0.3584871203520334,2.1,3.3,3.6,H,2.1,True,110.00000000000001
2010-03-13,2009,A,A,0.2941556184807977,0.28580390515077936,0.4200404763684229,2.25,3.3,3.3,A,3.3,True,229.99999999999997
2010-03-13,2009,H,H,0.5456588379932475,0.2123284491185247,0.24201271288822782,1.22,6.0,15.0,H,1.22,True,21.999999999999996
2010-03-13,2009,A,A,0.29021513271292515,0.15350833519324295,0.556276532093832,7.5,4.5,1.4,A,1.4,True,39.99999999999999
2010-03-13,2009,D,A,0.31599260863114725,0.24878799570671573,0.4352193956621371,3.3,3.25,2.25,A,2.25,False,-100.0
2010-03-13,2009,H,H,0.5012508631287814,0.30156533311421546,0.19718380375700303,1.44,4.33,7.5,H,1.44,True,43.99999999999999
2010-03-14,2009,D,A,0.3176758867154447,0.26596595297028686,0.4163581603142685,3.6,3.4,2.1,A,2.1,False,-100.0
2010-03-14,2009,H,H,0.6679279912736641,0.20811908313288607,0.12395292559344989,1.22,6.0,15.0,H,1.22,True,21.999999999999996
2010-03-15,2009,H,H,0.5818712605840047,0.22206714660936452,0.19606159280663069,1.25,5.5,13.0,H,1.25,True,25.0
2010-03-16,2009,A,H,0.370042624989074,0.28310575807632704,0.346851616934599,3.6,3.3,2.1,H,3.6,False,-100.0
2010-03-20,2009,H,H,0.6937867702894723,0.27488101855899544,0.031332211151532195,1.25,5.75,13.0,H,1.25,True,25.0
2010-03-20,2009,D,H,0.5423454179221007,0.30639948198832684,0.15125510008957244,1.4,4.33,9.0,H,1.4,False,-100.0
2010-03-20,2009,H,H,0.4957394688199382,0.25087178521064063,0.2533887459694211,1.53,3.8,7.0,H,1.53,True,53.0
2010-03-20,2009,H,H,0.42481071332111847,0.26787547979396664,0.3073138068849149,2.2,3.2,3.5,H,2.2,True,120.00000000000001
2010-03-20,2009,A,A,0.34142438344476994,0.23346743676864737,0.4251081797865826,3.6,3.3,2.1,A,2.1,True,110.00000000000001
2010-03-20,2009,H,H,0.3904438712477835,0.32507989017117117,0.2844762385810453,2.2,3.2,3.5,H,2.2,True,120.00000000000001
2010-03-20,2009,H,H,0.5463290814519458,0.2544623616663446,0.19920855688170946,1.73,3.6,5.0,H,1.73,True,73.0
2010-03-21,2009,D,A,0.17398955520781242,0.26667129305280307,0.5593391517393845,7.5,4.33,1.44,A,1.44,False,-100.0
2010-03-21,2009,A,A,0.25672811729754846,0.3586556840415028,0.3846161986609487,3.1,3.25,2.38,A,2.38,True,138.0
2010-03-21,2009,H,H,0.5978878453240695,0.28995672987946436,0.11215542479646623,1.67,3.75,5.5,H,1.67,True,67.0
2010-03-23,2009,A,H,0.5847257171168391,0.24923586373650874,0.1660384191466522,1.8,3.6,4.5,H,1.8,False,-100.0
2010-03-24,2009,A,A,0.1743103831024947,0.19769806793412728,0.6279915489633779,12.0,5.0,1.3,A,1.3,True,30.000000000000004
2010-03-24,2009,A,H,0.43724652939556014,0.39597615412907866,0.16677731647536112,1.83,3.5,4.33,H,1.83,False,-100.0
2010-03-24,2009,H,H,0.4017780360795209,0.2547373353971228,0.3434846285233563,2.0,3.25,4.0,H,2.0,True,100.0
2010-03-24,2009,D,H,0.562033346871274,0.2558490356983486,0.18211761743037733,1.53,3.8,7.0,H,1.53,False,-100.0
2010-03-27,2009,H,H,0.4777483363978103,0.2433007087519532,0.2789509548502366,1.2,6.0,17.0,H,1.2,True,19.999999999999996
2010-03-27,2009,H,A,0.26542275211535876,0.3326664801719647,0.40191076771267653,2.4,3.25,3.0,A,3.0,False,-100.0
2010-03-27,2009,A,A,0.35325104650865885,0.25536506424828925,0.3913838892430519,2.1,3.3,3.6,A,3.6,True,260.0
2010-03-27,2009,A,A,0.3034819161858385,0.2840124477004509,0.41250563611371055,8.5,4.5,1.4,A,1.4,True,39.99999999999999
2010-03-27,2009,D,A,0.29159828435218715,0.23111330397278726,0.4772884116750256,7.0,4.2,1.5,A,1.5,False,-100.0
2010-03-27,2009,H,H,0.570330238770736,0.22644153375667397,0.20322822747258998,1.4,4.75,8.0,H,1.4,True,39.99999999999999
2010-03-27,2009,D,A,0.3423164227263145,0.2759994941012803,0.38168408317240515,3.8,3.4,2.0,A,2.0,False,-100.0
2010-03-28,2009,H,H,0.4671549175716305,0.23991585038766217,0.29292923204070725,1.3,5.25,11.0,H,1.3,True,30.000000000000004
2010-03-28,2009,A,H,0.46605987144955735,0.27202023668539294,0.2619198918650497,2.5,3.25,2.88,H,2.5,False,-100.0
2010-03-29,2009,H,H,0.628876279665526,0.2093027408473567,0.1618209794871173,1.33,4.75,11.0,H,1.33,True,33.00000000000001
2010-04-03,2009,H,H,0.3815326303700269,0.2766783181314359,0.34178905149853717,3.6,3.3,2.1,H,3.6,True,260.0
2010-04-03,2009,H,H,0.5881920811813496,0.2384548066295892,0.17335311218906116,1.8,3.5,4.5,H,1.8,True,80.0
2010-04-03,2009,D,H,0.4123345086155361,0.2686581578289586,0.3190073335555053,3.3,3.3,2.25,H,3.3,False,-100.0
2010-04-03,2009,A,H,0.4064734738261176,0.31741088567693904,0.2761156404969433,2.63,3.2,2.75,H,2.63,False,-100.0
2010-04-03,2009,A,A,0.23800495165086924,0.24823745127639765,0.513757597072733,5.0,3.8,1.7,A,1.7,True,70.0
2010-04-03,2009,A,A,0.34950124469717986,0.29012635615719623,0.36037239914562386,2.88,3.25,2.5,A,2.5,True,150.0
2010-04-03,2009,H,H,0.5676114380918403,0.2854586676735569,0.14692989423460281,1.22,6.0,15.0,H,1.22,True,21.999999999999996
2010-04-04,2009,D,A,0.3207706547267763,0.2333410059750697,0.4458883392981539,4.5,3.5,1.83,A,1.83,False,-100.0
2010-04-04,2009,D,H,0.6884605617790195,0.2162527084273854,0.09528672979359502,1.44,4.33,7.5,H,1.44,False,-100.0
2010-04-04,2009,H,H,0.461630313365008,0.2473468246741716,0.29102286196082033,2.0,3.4,3.8,H,2.0,True,100.0
2010-04-10,2009,A,H,0.6146707886458391,0.21214081311782007,0.1731883982363408,1.73,3.6,5.0,H,1.73,False,-100.0
2010-04-10,2009,H,H,0.45485689420204684,0.2604857165363546,0.2846573892615985,2.0,3.4,3.8,H,2.0,True,100.0
2010-04-11,2009,H,H,0.5941998376879966,0.26810315212785635,0.13769701018414707,1.4,4.5,8.5,H,1.4,True,39.99999999999999
2010-04-11,2009,D,H,0.36056508865628006,0.2850668861794492,0.3543680251642707,2.3,3.25,3.2,H,2.3,False,-100.0
2010-04-11,2009,D,A,0.23502350368596092,0.30519465016592623,0.4597818461481129,6.5,4.0,1.53,A,1.53,False,-100.0
2010-04-11,2009,D,H,0.6018633934408536,0.25785294680418713,0.14028365975495918,1.29,5.0,13.0,H,1.29,False,-100.0
2010-04-13,2009,H,H,0.7286653967130027,0.21363674171012595,0.05769786157687135,1.14,8.0,19.0,H,1.14,True,13.99999999999999
2010-04-14,2009,D,H,0.6071053050921827,0.252565336125385,0.14032935878243233,1.57,3.8,6.5,H,1.57,False,-100.0
2010-04-14,2009,D,H,0.3644046994155114,0.2720363924111577,0.36355890817333103,2.25,3.3,3.3,H,2.25,False,-100.0
2010-04-14,2009,H,A,0.3551392569848659,0.2750963008650596,0.3697644421500745,3.25,3.3,2.25,A,2.25,False,-100.0
2010-04-17,2009,H,A,0.34730460074888664,0.2675148175575982,0.38518058169351516,4.0,3.6,1.91,A,1.91,False,-100.0
2010-04-17,2009,H,H,0.4523906083173168,0.26342888665380976,0.2841805050288733,1.62,3.75,6.0,H,1.62,True,62.000000000000014
2010-04-17,2009,A,H,0.5174857274447792,0.25380012175998884,0.22871415079523194,2.1,3.25,3.75,H,2.1,False,-100.0
2010-04-17,2009,A,A,0.31047788196118625,0.3168448856146367,0.3726772324241771,2.88,3.5,2.4,A,2.4,True,140.0
2010-04-17,2009,A,H,0.3617278533750367,0.2892970396256595,0.34897510699930384,2.8,3.25,2.6,H,2.8,False,-100.0
2010-04-17,2009,D,H,0.5457102667735718,0.2347078453725139,0.21958188785391428,1.73,3.6,5.0,H,1.73,False,-100.0
2010-04-17,2009,D,H,0.5001621778504114,0.3044455847144301,0.19539223743515854,2.1,3.25,3.75,H,2.1,False,-100.0
2010-04-18,2009,A,A,0.2064889064230745,0.2725244574349337,0.5209866361419918,5.5,3.75,1.67,A,1.67,True,67.0
2010-04-18,2009,H,A,0.2721761078737146,0.23967805283429422,0.48814583929199123,6.5,4.0,1.53,A,1.53,False,-100.0
2010-04-19,2009,H,H,0.6750401760574706,0.20042180337592055,0.1245380205666089,1.33,5.0,10.0,H,1.33,True,33.00000000000001
2010-04-21,2009,A,A,0.30439849187473905,0.2461257140824976,0.44947579404276333,3.5,3.4,2.1,A,2.1,True,110.00000000000001
2010-04-24,2009,D,H,0.3886146837781999,0.2689752576913844,0.34241005853041573,2.0,3.5,3.75,H,2.0,False,-100.0
2010-04-24,2009,D,H,0.6558819743850628,0.2111993156695158,0.1329187099454214,1.53,4.0,6.5,H,1.53,False,-100.0
2010-04-24,2009,A,H,0.4137239260924128,0.24797462508677084,0.33830144882081625,2.38,3.4,3.0,H,2.38,False,-100.0
2010-04-24,2009,H,H,0.5528017168354196,0.20041994164077537,0.24677834152380504,1.83,3.6,4.33,H,1.83,True,83.0
2010-04-24,2009,D,H,0.3591389599215416,0.28744153681116147,0.35341950326729693,2.2,3.25,3.4,H,2.2,False,-100.0
2010-04-24,2009,H,H,0.48025234307101544,0.2790598996199319,0.2406877573090526,1.5,4.2,7.0,H,1.5,True,50.0
2010-04-25,2009,H,H,0.6586962161398683,0.2062425387629101,0.1350612450972216,1.62,3.75,6.0,H,1.62,True,62.000000000000014
2010-04-25,2009,A,A,0.28825390317434046,0.25244810082101105,0.45929799600464855,5.5,4.0,1.62,A,1.62,True,62.000000000000014
2010-04-25,2009,H,H,0.644650133093823,0.24305367792173083,0.11229618898444611,1.14,8.0,21.0,H,1.14,True,13.99999999999999
2010-04-25,2009,H,H,0.6717197038669896,0.23822861763759473,0.09005167849541558,1.36,4.5,10.0,H,1.36,True,36.00000000000001
2010-05-01,2009,D,A,0.32772432775970933,0.2715036321237731,0.40077204011651757,3.6,3.3,2.1,A,2.1,False,-100.0
2010-05-01,2009,H,H,0.4732796713369589,0.2791010560516725,0.24761927261136854,2.38,3.25,3.1,H,2.38,True,138.0
2010-05-01,2009,H,H,0.5303236241495265,0.23879142215695,0.2308849536935235,1.29,5.5,10.0,H,1.29,True,29.000000000000004
2010-05-01,2009,H,H,0.5492040186288111,0.2578570268515615,0.19293895451962736,1.5,4.2,7.0,H,1.5,True,50.0
2010-05-01,2009,H,H,0.46449407925103375,0.26884886665335617,0.2666570540956101,1.83,3.6,4.33,H,1.83,True,83.0
2010-05-02,2009,A,A,0.29250420711319297,0.2803438842749057,0.42715190861190133,9.5,4.75,1.36,A,1.36,True,36.00000000000001
2010-05-02,2009,H,H,0.41377362337211315,0.2613469175974082,0.3248794590304787,2.38,3.25,3.1,H,2.38,True,138.0
2010-05-02,2009,A,H,0.41117464433996487,0.2556245857054036,0.3332007699546315,4.0,3.8,1.83,H,4.0,False,-100.0
2010-05-03,2009,H,A,0.3336914362469548,0.22885072168698292,0.43745784206606225,3.5,3.4,2.1,A,2.1,False,-100.0
2010-05-03,2009,D,H,0.5310517359486714,0.3161007710115183,0.1528474930398103,1.8,3.6,4.5,H,1.8,False,-100.0
2010-05-05,2009,A,A,0.32436054660418034,0.24245855127215776,0.4331809021236619,2.1,3.3,3.6,A,3.6,True,260.0
2010-05-05,2009,A,H,0.4335665154462999,0.25229284481962816,0.3141406397340719,2.0,3.4,3.8,H,2.0,False,-100.0
2010-05-09,2009,H,H,0.4494429075197077,0.24244842224802912,0.30810867023226307,2.25,3.3,3.3,H,2.25,True,125.0
2010-05-09,2009,H,H,0.6552949358095308,0.21222332460480361,0.13248173958566564,1.2,7.0,13.0,H,1.2,True,19.999999999999996
2010-05-09,2009,H,H,0.7125056001129147,0.1935778075099923,0.09391659237709281,1.1,10.0,23.0,H,1.1,True,10.000000000000009
2010-05-09,2009,A,H,0.48933158708704855,0.2677879929469203,0.24288041996603116,1.57,4.0,6.0,H,1.57,False,-100.0
2010-05-09,2009,H,A,0.34417030150880756,0.25086839557909857,0.4049613029120939,7.0,4.2,1.5,A,1.5,False,-100.0
2010-05-09,2009,H,H,0.42285081452797907,0.28102666146083427,0.29612252401118666,2.25,3.4,3.25,H,2.25,True,125.0
2010-05-09,2009,H,H,0.6662168255597585,0.17020670837709637,0.16357646606314516,1.13,8.0,23.0,H,1.13,True,12.99999999999999
2010-05-09,2009,D,A,0.17730378580175668,0.2995099644780097,0.5231862497202336,4.0,3.6,1.91,A,1.91,False,-100.0
2010-05-09,2009,D,A,0.2478188905543156,0.2571713760171767,0.49500973342850774,6.5,3.8,1.57,A,1.57,False,-100.0
2010-05-09,2009,H,H,0.5804496184505741,0.25308415329200845,0.1664662282574175,1.29,5.5,11.0,H,1.29,True,29.000000000000004
2010-08-14,2010,D,H,0.44175270593688226,0.2784939206532386,0.2797533734098791,2.4,3.3,3.0,H,2.4,False,-100.0
2010-08-14,2010,D,H,0.5117362882762313,0.26392542181040585,0.22433828991336288,2.1,3.3,3.6,H,2.1,False,-100.0
2010-08-14,2010,H,H,0.5335939024652121,0.26984100809556594,0.1965650894392219,2.3,3.25,3.2,H,2.3,True,129.99999999999997
2010-08-14,2010,D,H,0.5092930928248808,0.2653592407385039,0.22534766643661533,2.2,3.3,3.4,H,2.2,False,-100.0
2010-08-14,2010,H,D,0.30778454748741174,0.41194850921267023,0.2802669432999179,2.88,3.25,2.5,D,3.25,False,-100.0
2010-08-14,2010,H,H,0.5495244892690688,0.24059591025314594,0.20987960047778517,2.0,3.3,4.0,H,2.0,True,100.0
2010-08-14,2010,H,H,0.5464536719864659,0.26791869297819604,0.18562763503533808,1.17,7.0,17.0,H,1.17,True,16.999999999999993
2010-08-15,2010,D,H,0.4356043557365765,0.2543923062489348,0.3100033380144887,2.5,3.25,2.88,H,2.5,False,-100.0
2010-08-16,2010,H,H,0.5749145837274598,0.3169263188221472,0.10815909745039298,1.25,5.5,15.0,H,1.25,True,25.0
2010-08-21,2010,A,H,0.4873738764457583,0.21564512978112774,0.29698099377311404,3.4,3.3,2.2,H,3.4,False,-100.0
2010-08-21,2010,H,H,0.7331690700677275,0.20634593489091946,0.06048499504135301,1.17,7.0,19.0,H,1.17,True,16.999999999999993
2010-08-21,2010,H,H,0.3716179125599203,0.26460296622783236,0.36377912121224726,2.2,3.25,3.4,H,2.2,True,120.00000000000001
2010-08-21,2010,D,H,0.5518770517490371,0.3140632801708051,0.13405966808015785,1.5,4.0,7.0,H,1.5,False,-100.0
2010-08-21,2010,A,A,0.22319189776059378,0.1884642487392356,0.5883438535001706,15.0,6.0,1.22,A,1.22,True,21.999999999999996
2010-08-21,2010,H,H,0.39139429976582507,0.27099799719566103,0.3376077030385139,2.5,3.25,2.88,H,2.5,True,150.0
2010-08-21,2010,A,H,0.4105397175991283,0.26540286929446616,0.3240574131064056,2.25,3.3,3.25,H,2.25,False,-100.0
2010-08-22,2010,D,A,0.24777756631178213,0.1772656427787355,0.5749567909094824,6.0,4.0,1.57,A,1.57,False,-100.0
2010-08-22,2010,H,H,0.3743713805027807,0.2887170976569109,0.3369115218403084,3.2,3.25,2.3,H,3.2,True,220.00000000000003
2010-08-23,2010,H,H,0.4781099056532126,0.22157277904422065,0.3003173153025667,2.38,3.25,3.1,H,2.38,True,138.0
2010-08-28,2010,D,H,0.41823130899979266,0.20844913346608918,0.3733195575341182,2.4,3.2,3.1,H,2.4,False,-100.0
2010-08-28,2010,A,H,0.4518760849092656,0.3936445447865398,0.15447937030419448,1.25,5.75,13.0,H,1.25,False,-100.0
2010-08-28,2010,H,H,0.7184175391089042,0.21992344486419846,0.06165901602689736,1.14,8.0,19.0,H,1.14,True,13.99999999999999
2010-08-28,2010,D,A,0.2550694260471089,0.3300454398803235,0.4148851340725676,3.2,3.25,2.3,A,2.3,False,-100.0
2010-08-28,2010,A,A,0.11911726832462666,0.3943195779773958,0.4865631536979776,6.0,4.0,1.57,A,1.57,True,57.00000000000001
2010-08-28,2010,H,H,0.5760135610958,0.2258074603238677,0.1981789785803323,1.11,9.0,23.0,H,1.11,True,11.00000000000001
2010-08-29,2010,H,H,0.5635346094007107,0.2581062751563952,0.17835911544289404,1.22,6.0,15.0,H,1.22,True,21.999999999999996
2010-08-29,2010,H,A,0.28258018399685264,0.28669230581845306,0.4307275101846943,4.5,3.5,1.83,A,1.83,False,-100.0
2010-08-29,2010,H,H,0.4079904416724058,0.24475918165059962,0.3472503766769946,2.5,3.25,2.88,H,2.5,True,150.0
2010-08-29,2010,D,H,0.4143061554880707,0.26523137828713916,0.32046246622479013,2.1,3.3,3.6,H,2.1,False,-100.0
2010-09-11,2010,D,H,0.398412460327424,0.2597126446077125,0.3418748950648635,3.75,3.25,2.1,H,3.75,False,-100.0
2010-09-11,2010,D,H,0.39091728305605794,0.2331721862111591,0.375910530732783,2.5,3.25,2.88,H,2.5,False,-100.0
2010-09-11,2010,A,A,0.22735572079930236,0.17042099134225572,0.602223287858442,10.0,5.0,1.33,A,1.33,True,33.00000000000001
2010-09-11,2010,A,H,0.6187611192433232,0.23217971553717032,0.14905916521950643,1.57,4.0,6.0,H,1.57,False,-100.0
2010-09-11,2010,D,H,0.7364308282786368,0.20909530824871533,0.05447386347264776,1.33,5.0,10.0,H,1.33,False,-100.0
2010-09-11,2010,H,H,0.5506395422609266,0.2341890255793384,0.21517143215973503,1.83,3.5,4.5,H,1.83,True,83.0
2010-09-11,2010,D,H,0.43391164954821493,0.2189110412286507,0.34717730922313433,4.2,3.4,1.91,H,4.2,False,-100.0
2010-09-11,2010,H,H,0.6116288699212519,0.25461947411959857,0.1337516559591496,1.25,5.5,13.0,H,1.25,True,25.0
2010-09-12,2010,D,H,0.3630646784988913,0.3077603892576422,0.32917493224346644,3.1,3.2,2.4,H,3.1,False,-100.0
2010-09-13,2010,H,H,0.42639755907083354,0.25762418609787024,0.3159782548312962,2.5,3.25,2.88,H,2.5,True,150.0
2010-09-18,2010,A,H,0.6235119804926826,0.2174974143981636,0.15899060510915367,1.62,3.75,6.0,H,1.62,False,-100.0
2010-09-18,2010,D,H,0.5416878499986945,0.203263351231149,0.2550487987701566,1.8,3.6,4.5,H,1.8,False,-100.0
2010-09-18,2010,D,H,0.43351138350198887,0.2763204708541753,0.2901681456438357,2.0,3.3,4.0,H,2.0,False,-100.0
2010-09-18,2010,D,H,0.5661181251235566,0.2537708871172083,0.1801109877592351,1.91,3.4,4.2,H,1.91,False,-100.0
2010-09-18,2010,H,H,0.6600794270634893,0.21854740337461206,0.12137316956189859,1.4,4.5,8.5,H,1.4,True,39.99999999999999
2010-09-18,2010,H,H,0.45570208756368347,0.250111778950543,0.2941861334857735,2.25,3.3,3.25,H,2.25,True,125.0
2010-09-18,2010,D,A,0.3197965413296244,0.25284354135944004,0.42735991731093553,5.5,3.7,1.67,A,1.67,False,-100.0
2010-09-19,2010,H,H,0.5935369271888904,0.24349579915832753,0.16296727365278207,1.1,9.0,26.0,H,1.1,True,10.000000000000009
2010-09-19,2010,H,H,0.612097907198932,0.24200368024044627,0.14589841256062178,1.7,3.5,5.5,H,1.7,True,70.0
2010-09-19,2010,A,D,0.29832208308168595,0.48216890995285744,0.2195090069654567,5.0,3.6,1.73,D,3.6,False,-100.0
2010-09-25,2010,A,H,0.6633895301040472,0.18343179686663794,0.15317867302931482,1.22,6.0,15.0,H,1.22,False,-100.0
2010-09-25,2010,D,H,0.47903207447475027,0.25108022097683513,0.26988770454841454,1.83,3.5,4.5,H,1.83,False,-100.0
2010-09-25,2010,A,H,0.3465457081484731,0.3090763305393691,0.3443779613121578,3.2,3.25,2.3,H,3.2,False,-100.0
2010-09-25,2010,H,H,0.4337979672936232,0.2272117667252533,0.3389902659811235,3.5,3.4,2.1,H,3.5,True,250.0
2010-09-25,2010,D,H,0.6190518044888105,0.17874979567730878,0.20219839983388077,1.44,4.33,7.5,H,1.44,False,-100.0
2010-09-25,2010,H,A,0.25289416120129765,0.25787254062980597,0.4892332981688963,3.6,3.3,2.1,A,2.1,False,-100.0
2010-09-25,2010,D,H,0.5858070299050354,0.22719295729230224,0.1870000128026623,2.75,3.2,2.63,H,2.75,False,-100.0
2010-09-26,2010,D,A,0.2294351072333312,0.31014692015539747,0.4604179726112713,7.5,4.0,1.5,A,1.5,False,-100.0
2010-09-26,2010,A,H,0.42656636940926634,0.25886656518553797,0.3145670654051957,1.91,3.4,4.2,H,1.91,False,-100.0
2010-09-26,2010,A,H,0.4723264480302202,0.2514838112147237,0.27618974075505615,2.88,3.25,2.5,H,2.88,False,-100.0
2010-10-02,2010,D,A,0.29404087958558695,0.2827020130714906,0.4232571073429224,5.0,3.5,1.75,A,1.75,False,-100.0
2010-10-02,2010,A,H,0.4558991216876471,0.25425090312525517,0.28984997518709765,2.88,3.1,2.63,H,2.88,False,-100.0
2010-10-02,2010,H,H,0.46052857224331595,0.24648735736984204,0.292984070386842,2.25,3.2,3.4,H,2.25,True,125.0
2010-10-02,2010,H,H,0.5145816122530621,0.3059470526101267,0.17947133513681113,2.25,3.25,3.3,H,2.25,True,125.0
2010-10-02,2010,H,H,0.5113803702619358,0.2883725859401629,0.20024704379790118,1.91,3.5,4.0,H,1.91,True,90.99999999999999
2010-10-02,2010,D,A,0.3004738810498641,0.28407288716411566,0.4154532317860202,2.1,3.25,3.75,A,3.75,False,-100.0
2010-10-02,2010,D,H,0.49880145149224386,0.30338285515257635,0.19781569335517987,2.25,3.25,3.3,H,2.25,False,-100.0
2010-10-03,2010,H,H,0.6550146060443951,0.2521087084321856,0.09287668552341928,1.44,4.0,8.5,H,1.44,True,43.99999999999999
2010-10-03,2010,A,H,0.665907424424395,0.21090714800128715,0.1231854275743179,1.33,5.0,10.0,H,1.33,False,-100.0
2010-10-03,2010,H,H,0.5222002627257013,0.2216847559066637,0.25611498136763494,1.73,3.6,5.0,H,1.73,True,73.0
2010-10-16,2010,A,H,0.37937018948130835,0.28342718333195815,0.3372026271867335,2.88,3.25,2.5,H,2.88,False,-100.0
2010-10-16,2010,H,H,0.6946471248266599,0.195742812663701,0.10961006250963919,1.29,5.5,11.0,H,1.29,True,29.000000000000004
2010-10-16,2010,H,H,0.5326794525666662,0.22949221891835572,0.23782832851497812,2.2,3.2,3.5,H,2.2,True,120.00000000000001
2010-10-16,2010,D,H,0.49433871234405596,0.22644207916654477,0.27921920848939935,1.83,3.5,4.5,H,1.83,False,-100.0
2010-10-16,2010,D,H,0.6182414136975948,0.20441123941975578,0.17734734688264941,1.25,5.75,12.0,H,1.25,False,-100.0
2010-10-16,2010,D,H,0.4646371946611352,0.26423532211988454,0.2711274832189802,2.25,3.2,3.4,H,2.25,False,-100.0
2010-10-16,2010,D,A,0.29816626157696585,0.2557980943531578,0.4460356440698763,5.0,3.6,1.73,A,1.73,False,-100.0
2010-10-17,2010,A,A,0.246819112730064,0.3107734213510902,0.4424074659188458,5.5,4.0,1.62,A,1.62,True,62.000000000000014
2010-10-17,2010,H,H,0.42982738010047994,0.2674680181625892,0.30270460173693087,2.4,3.25,3.0,H,2.4,True,140.0
2010-10-18,2010,D,H,0.5660306946828929,0.20224464137777162,0.23172466393933552,2.1,3.3,3.6,H,2.1,False,-100.0
2010-10-23,2010,H,H,0.40175081044525696,0.22957231772007325,0.36867687183466974,2.4,3.25,3.0,H,2.4,True,140.0
2010-10-23,2010,D,H,0.46901751081437065,0.28738573302139886,0.24359675616423046,2.38,3.25,3.1,H,2.38,False,-100.0
2010-10-23,2010,H,A,0.3581207750315922,0.24648435286886702,0.39539487209954083,2.2,3.25,3.4,A,3.4,False,-100.0
2010-10-23,2010,D,H,0.5743651414798969,0.26533884345242664,0.1602960150676765,2.1,3.25,3.75,H,2.1,False,-100.0
2010-10-23,2010,A,H,0.40300380200499264,0.27772131665544825,0.31927488133955917,2.38,3.25,3.1,H,2.38,False,-100.0
2010-10-23,2010,H,H,0.7461740741152134,0.211591377150254,0.042234548734532563,1.13,8.5,19.0,H,1.13,True,12.99999999999999
2010-10-23,2010,H,H,0.5144629134229787,0.2067604072785938,0.2787766792984275,1.83,3.6,4.33,H,1.83,True,83.0
2010-10-24,2010,A,H,0.36839683041937427,0.311816751353252,0.3197864182273738,2.5,3.2,2.9,H,2.5,False,-100.0
2010-10-24,2010,A,A,0.2767543285282209,0.3418754963591341,0.38137017511264504,5.5,3.75,1.67,A,1.67,True,67.0
2010-10-24,2010,H,H,0.5681979579974785,0.24870733156481725,0.18309471043770423,1.67,3.6,5.5,H,1.67,True,67.0
2010-10-30,2010,H,H,0.5672636606462486,0.23630687441633103,0.1964294649374203,1.57,4.0,6.0,H,1.57,True,57.00000000000001
2010-10-30,2010,H,A,0.4027414609259054,0.19276874243518816,0.4044897966389065,1.91,3.4,4.2,A,4.2,False,-100.0
2010-10-30,2010,H,H,0.5896427274797027,0.22356435645956654,0.18679291606073076,1.57,3.75,6.5,H,1.57,True,57.00000000000001
2010-10-30,2010,H,H,0.8066398171604864,0.13186405556283548,0.06149612727667814,1.17,7.0,17.0,H,1.17,True,16.999999999999993
2010-10-30,2010,H,A,0.3268743530414788,0.18971508113212607,0.483410565826395,5.5,3.4,1.73,A,1.73,False,-100.0
2010-10-30,2010,A,A,0.22239246480045918,0.2221205465850363,0.5554869886145045,7.5,4.33,1.44,A,1.44,True,43.99999999999999
2010-10-31,2010,A,H,0.4542190427193513,0.26178946036533013,0.2839914969153185,3.4,3.25,2.2,H,3.4,False,-100.0
2010-10-31,2010,H,H,0.49321676237428314,0.22356238873708048,0.2832208488886364,2.2,3.2,3.5,H,2.2,True,120.00000000000001
2010-10-31,2010,D,H,0.5591421429614699,0.2333161668261089,0.2075416902124211,1.8,3.6,4.5,H,1.8,False,-100.0
2010-11-01,2010,H,H,0.4319953321023032,0.3247957080295279,0.24320895986816896,2.9,3.25,2.5,H,2.9,True,190.0
2010-11-06,2010,H,H,0.5832431671387809,0.21370438403071312,0.20305244883050597,2.1,3.2,3.75,H,2.1,True,110.00000000000001
2010-11-06,2010,H,H,0.7186515181092631,0.20113342321058245,0.08021505868015431,1.22,6.0,15.0,H,1.22,True,21.999999999999996
2010-11-06,2010,H,H,0.3845324553850811,0.27338500284470807,0.34208254177021086,3.0,3.3,2.4,H,3.0,True,200.0
2010-11-06,2010,D,H,0.48296158465739225,0.2231288771677923,0.2939095381748154,2.2,3.25,3.4,H,2.2,False,-100.0
2010-11-06,2010,H,H,0.46609248774774664,0.2412015674666168,0.29270594478563655,1.8,3.6,4.5,H,1.8,True,80.0
2010-11-06,2010,D,H,0.4212371773718382,0.25187007790884813,0.32689274471931357,1.91,3.4,4.2,H,1.91,False,-100.0
2010-11-06,2010,D,A,0.27524437222555115,0.26434053739423613,0.4604150903802127,4.5,3.6,1.8,A,1.8,False,-100.0
2010-11-07,2010,H,H,0.46449187208205517,0.279403661607659,0.2561044663102858,3.8,3.4,2.0,H,3.8,True,280.0
2010-11-07,2010,A,H,0.7291719411120411,0.21219517241804442,0.05863288646991454,1.29,5.5,11.0,H,1.29,False,-100.0
2010-11-07,2010,A,A,0.3016329785904414,0.3144346264608499,0.3839323949487086,3.6,3.3,2.1,A,2.1,True,110.00000000000001
2010-11-09,2010,D,H,0.5866835889826261,0.2142154670384663,0.19910094397890765,1.53,4.0,6.5,H,1.53,False,-100.0
2010-11-09,2010,H,H,0.4473252504728331,0.2202699188379711,0.3324048306891958,2.1,3.2,3.75,H,2.1,True,110.00000000000001
2010-11-10,2010,D,H,0.4160713603104702,0.22926580483138423,0.35466283485814554,2.3,3.25,3.2,H,2.3,False,-100.0
2010-11-10,2010,A,A,0.22868614514299734,0.26390914831218953,0.5074047065448132,5.5,3.6,1.67,A,1.67,True,67.0
2010-11-10,2010,D,H,0.43747874938291886,0.2277122213644549,0.33480902925262623,4.75,3.6,1.75,H,4.75,False,-100.0
2010-11-10,2010,A,H,0.47906826320051077,0.2209258135841412,0.300005923215348,1.91,3.4,4.2,H,1.91,False,-100.0
2010-11-10,2010,H,H,0.6834721773212903,0.1904782955898269,0.12604952708888284,1.2,6.5,15.0,H,1.2,True,19.999999999999996
2010-11-10,2010,D,H,0.6475357841019221,0.21966687000663035,0.1327973458914475,1.62,3.75,6.0,H,1.62,False,-100.0
2010-11-10,2010,H,H,0.5266091645300224,0.2522209912213469,0.22116984424863073,1.62,3.75,6.0,H,1.62,True,62.000000000000014
2010-11-10,2010,D,H,0.3853910483945768,0.2931597467156837,0.32144920488973955,2.63,3.25,2.75,H,2.63,False,-100.0
2010-11-13,2010,H,H,0.662798240048882,0.23768402004960873,0.0995177399015093,1.57,3.8,6.5,H,1.57,True,57.00000000000001
2010-11-13,2010,D,H,0.47659967125675373,0.25967869872237875,0.2637216300208675,1.91,3.6,4.0,H,1.91,False,-100.0
2010-11-13,2010,H,H,0.39496347453688685,0.24830327060817034,0.3567332548549427,3.75,3.25,2.1,H,3.75,True,275.0
2010-11-13,2010,H,H,0.5296450298426306,0.23528544804567755,0.23506952211169185,2.5,3.25,2.88,H,2.5,True,150.0
2010-11-13,2010,D,H,0.592197000870016,0.2647727705873188,0.1430302285426652,1.4,4.5,8.5,H,1.4,False,-100.0
2010-11-13,2010,D,A,0.2810570694619904,0.24143876114375287,0.47750416939425677,4.5,3.6,1.8,A,1.8,False,-100.0
2010-11-13,2010,D,H,0.44579010571978683,0.24989457801573153,0.30431531626448155,1.91,3.4,4.2,H,1.91,False,-100.0
2010-11-13,2010,A,A,0.34678662890357637,0.21051238136727188,0.44270098972915184,2.4,3.1,3.2,A,3.2,True,220.00000000000003
2010-11-14,2010,A,H,0.5449749483006057,0.2873517838233808,0.16767326787601347,1.22,5.75,15.0,H,1.22,False,-100.0
2010-11-14,2010,A,H,0.3900391330734984,0.24409319791860717,0.3658676690078944,3.4,3.3,2.2,H,3.4,False,-100.0
2010-11-20,2010,A,H,0.5530925144935117,0.26031752511775746,0.1865899603887308,1.62,4.0,5.5,H,1.62,False,-100.0
2010-11-20,2010,H,H,0.3998468843100167,0.27777837009603173,0.3223747455939516,2.5,3.3,2.88,H,2.5,True,150.0
2010-11-20,2010,H,A,0.2793256585275064,0.30715615508386984,0.41351818638862375,5.0,3.6,1.73,A,1.73,False,-100.0
2010-11-20,2010,H,H,0.5582642485385326,0.22346113513427404,0.21827461632719328,1.57,3.8,6.5,H,1.57,True,57.00000000000001
2010-11-20,2010,H,H,0.4470376792517472,0.30163699356477486,0.25132532718347794,2.1,3.3,3.6,H,2.1,True,110.00000000000001
2010-11-20,2010,H,H,0.6133130837485937,0.23893468711168855,0.14775222913971772,1.22,6.0,15.0,H,1.22,True,21.999999999999996
2010-11-20,2010,A,H,0.5542179566222774,0.24179482907203428,0.20398721430568836,2.2,3.2,3.5,H,2.2,False,-100.0
2010-11-21,2010,H,H,0.4252958107604024,0.28027791316777567,0.294426276071822,2.3,3.25,3.25,H,2.3,True,129.99999999999997
2010-11-21,2010,A,A,0.32174942843961907,0.24033440441496032,0.4379161671454206,3.2,3.1,2.4,A,2.4,True,140.0
2010-11-22,2010,D,H,0.4551438309030978,0.26812765781174314,0.27672851128515896,2.6,3.2,2.8,H,2.6,False,-100.0
2010-11-27,2010,D,A,0.3660079411354378,0.2446031585368628,0.3893889003276994,2.0,3.3,4.0,A,4.0,False,-100.0
2010-11-27,2010,A,H,0.40715492970526007,0.2805910859347861,0.31225398435995383,3.4,3.3,2.2,H,3.4,False,-100.0
2010-11-27,2010,D,H,0.6541039054972662,0.20628987292896814,0.13960622157376568,1.57,4.2,5.5,H,1.57,False,-100.0
2010-11-27,2010,A,H,0.5613444744357974,0.23240818617560755,0.20624733938859505,1.57,3.8,6.5,H,1.57,False,-100.0
2010-11-27,2010,H,H,0.4957748371773283,0.2680688695970469,0.2361562932256248,2.6,3.2,2.8,H,2.6,True,160.0
2010-11-27,2010,H,H,0.5944990303158023,0.26961185578402325,0.13588911390017447,1.25,5.5,13.0,H,1.25,True,25.0
2010-11-27,2010,D,A,0.3392660407142423,0.3123257151134938,0.3484082441722638,3.4,3.25,2.2,A,2.2,False,-100.0
2010-11-27,2010,H,H,0.46651022061457575,0.22434904582379653,0.3091407335616277,2.0,3.5,3.75,H,2.0,True,100.0
2010-11-28,2010,D,A,0.2860750050840986,0.2967012590227911,0.41722373589311035,5.0,3.6,1.73,A,1.73,False,-100.0
2010-11-28,2010,H,H,0.5564020645802269,0.2572582126127487,0.18633972280702435,2.0,3.4,3.8,H,2.0,True,100.0
2010-12-04,2010,D,A,0.2762568857376831,0.22086735553412398,0.5028757587281929,3.5,3.4,2.1,A,2.1,False,-100.0
2010-12-04,2010,H,H,0.6185708125700426,0.21700239677958777,0.1644267906503696,1.29,5.25,12.0,H,1.29,True,29.000000000000004
2010-12-04,2010,H,H,0.5185542585629819,0.2388112602353164,0.2426344812017018,1.73,3.6,5.0,H,1.73,True,73.0
2010-12-04,2010,D,H,0.37795572114584797,0.27029980571839657,0.35174447313575546,2.75,3.2,2.63,H,2.75,False,-100.0
2010-12-04,2010,H,H,0.5153612901595751,0.28577193010119456,0.19886677973923028,1.53,4.0,6.5,H,1.53,True,53.0
2010-12-04,2010,D,H,0.6795541861354074,0.18432598554380455,0.13611982832078806,1.36,4.75,9.0,H,1.36,False,-100.0
2010-12-05,2010,H,H,0.5092955831539103,0.26497168694849565,0.22573272989759405,1.83,3.5,4.5,H,1.83,True,83.0
2010-12-05,2010,H,H,0.5019781874178814,0.23868504958099931,0.25933676300111935,2.25,3.3,3.25,H,2.25,True,125.0
2010-12-06,2010,H,H,0.5831350177437558,0.2165039375286697,0.20036104472757457,1.62,3.75,6.0,H,1.62,True,62.000000000000014
2010-12-11,2010,A,A,0.2373282728391309,0.326741950201861,0.4359297769590081,4.5,3.6,1.8,A,1.8,True,80.0
2010-12-11,2010,H,H,0.39389990833075456,0.25888240744740265,0.3472176842218428,3.8,3.4,2.0,H,3.8,True,280.0
2010-12-11,2010,A,H,0.5458425470016715,0.2806366015660327,0.17352085143229581,1.62,4.0,5.5,H,1.62,False,-100.0
2010-12-11,2010,D,H,0.6854215585342299,0.23181690654223056,0.08276153492353948,1.4,4.5,9.0,H,1.4,False,-100.0
2010-12-11,2010,H,H,0.5212883168942134,0.26288113909089916,0.21583054401488735,2.1,3.3,3.6,H,2.1,True,110.00000000000001
2010-12-11,2010,D,H,0.44883651470028707,0.240314666582189,0.3108488187175239,2.2,3.25,3.4,H,2.2,False,-100.0
2010-12-12,2010,D,H,0.4931653875624565,0.2620119861889623,0.24482262624858117,2.8,3.25,2.6,H,2.8,False,-100.0
2010-12-12,2010,H,H,0.5059912652115205,0.261391262431629,0.2326174723568505,2.0,3.3,4.0,H,2.0,True,100.0
2010-12-12,2010,H,H,0.5083961633006221,0.2927872762749098,0.19881656042446816,2.4,3.25,3.0,H,2.4,True,140.0
2010-12-13,2010,H,H,0.48021622349346305,0.2707760920523601,0.2490076844541769,2.0,3.4,3.8,H,2.0,True,100.0
2010-12-18,2010,D,H,0.49856964600781956,0.21106007622824272,0.2903702777639378,1.8,3.6,4.5,H,1.8,False,-100.0
2010-12-18,2010,H,H,0.42460542643692084,0.2785928962068845,0.2968016773561947,2.2,3.2,3.5,H,2.2,True,120.00000000000001
2010-12-20,2010,A,H,0.5049197670278689,0.296924563727544,0.19815566924458705,1.73,3.6,5.0,H,1.73,False,-100.0
2010-12-26,2010,A,H,0.41375371780163356,0.2609892494094324,0.3252570327889339,3.2,3.3,2.3,H,3.2,False,-100.0
2010-12-26,2010,A,H,0.4400742754899028,0.2669989559721342,0.29292676853796307,2.3,3.2,3.2,H,2.3,False,-100.0
2010-12-26,2010,A,H,0.44092146551526995,0.20141478934965565,0.35766374513507443,3.25,3.25,2.25,H,3.25,False,-100.0
2010-12-26,2010,H,H,0.5328796574439034,0.27601221621188415,0.1911081263442124,2.1,3.25,3.75,H,2.1,True,110.00000000000001
2010-12-26,2010,H,H,0.7602600126008241,0.20552698742125666,0.0342129999779193,1.29,5.5,11.0,H,1.29,True,29.000000000000004
2010-12-26,2010,A,H,0.5186991893571301,0.2640793110509456,0.2172214995919242,2.1,3.3,3.6,H,2.1,False,-100.0
2010-12-26,2010,A,H,0.5388425636561309,0.2141706207131041,0.24698681563076497,1.91,3.4,4.2,H,1.91,False,-100.0
2010-12-27,2010,H,H,0.3915423211554159,0.2597401223769101,0.34871755646767405,2.63,3.2,2.75,H,2.63,True,163.0
2010-12-28,2010,A,H,0.5212295764744511,0.21670441394985862,0.26206600957569026,1.83,3.4,4.75,H,1.83,False,-100.0
2010-12-28,2010,D,A,0.29086379275364355,0.2779608955668013,0.43117531167955514,3.4,3.2,2.25,A,2.25,False,-100.0
2010-12-28,2010,A,H,0.4375578279607945,0.2571898445990348,0.3052523274401706,1.83,3.5,4.5,H,1.83,False,-100.0
2010-12-28,2010,A,H,0.5581276937014467,0.23672052248777783,0.20515178381077548,1.62,3.75,6.0,H,1.62,False,-100.0
2010-12-28,2010,H,H,0.5558127175218003,0.26908291195570117,0.17510437052249864,1.53,4.0,6.5,H,1.53,True,53.0
2010-12-28,2010,H,H,0.4942585226247873,0.2891159866383111,0.21662549073690154,1.44,4.2,8.0,H,1.44,True,43.99999999999999
2010-12-28,2010,D,A,0.1349354974571522,0.2984618479458942,0.5666026545969536,6.5,4.33,1.5,A,1.5,False,-100.0
2010-12-29,2010,D,A,0.1529359298585499,0.2514322685251787,0.5956318016162713,6.5,4.2,1.5,A,1.5,False,-100.0
2010-12-29,2010,H,H,0.668443953771083,0.19592075518533678,0.13563529104358016,1.29,5.5,11.0,H,1.29,True,29.000000000000004
2010-12-29,2010,A,H,0.4700884372576801,0.298346465448372,0.2315650972939478,1.33,5.0,10.0,H,1.33,False,-100.0
2011-01-01,2010,H,H,0.590433393698938,0.23191841045672065,0.17764819584434133,1.7,3.75,5.0,H,1.7,True,70.0
2011-01-01,2010,A,A,0.3314707383342546,0.21539548256840302,0.4531337790973424,6.0,4.2,1.53,A,1.53,True,53.0
2011-01-01,2010,H,H,0.4203230629238209,0.22438118648946323,0.3552957505867158,2.0,3.4,3.8,H,2.0,True,100.0
2011-01-01,2010,H,H,0.5387047954818736,0.2858080008260689,0.17548720369205753,1.83,3.5,4.5,H,1.83,True,83.0
2011-01-01,2010,H,H,0.6474638244912357,0.2688168278969494,0.08371934761181483,1.4,4.5,8.5,H,1.4,True,39.99999999999999
2011-01-01,2010,H,H,0.6497936130859397,0.24390289919329255,0.10630348772076777,1.29,5.5,10.0,H,1.29,True,29.000000000000004
2011-01-01,2010,A,A,0.22808031546788057,0.28266053356422344,0.4892591509678959,5.5,3.6,1.67,A,1.67,True,67.0
2011-01-01,2010,H,H,0.4868762987276682,0.27087528711456604,0.24224841415776585,2.63,3.2,2.75,H,2.63,True,163.0
2011-01-02,2010,D,H,0.6169481988590635,0.2539666905005972,0.12908511064033926,1.25,5.5,13.0,H,1.25,False,-100.0
2011-01-02,2010,A,H,0.42495516208963197,0.27047192982417273,0.30457290808619525,2.5,3.2,2.9,H,2.5,False,-100.0
2011-01-04,2010,A,H,0.42029531195481074,0.2936658698232534,0.2860388182219359,2.3,3.25,3.25,H,2.3,False,-100.0
2011-01-04,2010,H,H,0.504901991691558,0.2489048459636798,0.2461931623447621,2.2,3.25,3.4,H,2.2,True,120.00000000000001
2011-01-04,2010,H,H,0.7119302170543248,0.24344189511585423,0.044627887829820995,1.25,5.75,12.0,H,1.25,True,25.0
2011-01-05,2010,H,H,0.4619876690774767,0.2561853556717344,0.281826975250789,2.63,3.25,2.75,H,2.63,True,163.0
2011-01-05,2010,H,A,0.1737003132142336,0.27540221723890396,0.5508974695468624,8.0,4.2,1.44,A,1.44,False,-100.0
2011-01-05,2010,D,H,0.581722150835574,0.2568346888975184,0.16144316026690744,1.73,3.6,5.0,H,1.73,False,-100.0
2011-01-05,2010,H,H,0.4221054230717449,0.2666242227971436,0.3112703541311115,3.4,3.25,2.2,H,3.4,True,240.0
2011-01-05,2010,A,A,0.3588696769814721,0.2395638947922302,0.4015664282262977,2.2,3.25,3.4,A,3.4,True,240.0
2011-01-05,2010,D,H,0.4395223388580172,0.305174508701227,0.2553031524407557,1.91,3.6,4.0,H,1.91,False,-100.0
2011-01-05,2010,H,H,0.5687799627522817,0.248362954502283,0.1828570827454353,1.83,3.6,4.33,H,1.83,True,83.0
2011-01-12,2010,H,A,0.29701406506319117,0.2983724268204457,0.4046135081163631,3.8,3.75,1.91,A,1.91,False,-100.0
2011-01-15,2010,D,H,0.45246000089850386,0.2455354576098613,0.30200454149163475,2.5,3.25,2.88,H,2.5,False,-100.0
2011-01-15,2010,H,H,0.5446385153030001,0.2598917806809456,0.19546970401605437,1.8,3.6,4.5,H,1.8,True,80.0
2011-01-15,2010,A,D,0.18789483564038367,0.41060923467241794,0.4014959296871983,6.0,4.0,1.57,D,4.0,False,-100.0
2011-01-15,2010,H,H,0.6673636733911947,0.19637624543070198,0.13626008117810326,1.33,5.0,10.0,H,1.33,True,33.00000000000001
2011-01-15,2010,H,H,0.5269099831853814,0.2985871281333778,0.17450288868124078,1.29,5.5,11.0,H,1.29,True,29.000000000000004
2011-01-15,2010,H,H,0.4912779457698318,0.24488687820257812,0.26383517602759016,2.1,3.25,3.75,H,2.1,True,110.00000000000001
2011-01-16,2010,D,H,0.4606127609747874,0.24781880341443296,0.29156843561077966,2.4,3.2,3.1,H,2.4,False,-100.0
2011-01-16,2010,D,H,0.4523719560847126,0.23849981229031156,0.3091282316249759,2.2,3.2,3.5,H,2.2,False,-100.0
2011-01-16,2010,D,H,0.3785195559421883,0.3556315572437454,0.2658488868140663,2.2,3.25,3.4,H,2.2,False,-100.0
2011-01-16,2010,D,D,0.2363089449692345,0.3890392098052022,0.3746518452255634,2.88,3.3,2.5,D,3.3,True,229.99999999999997
2011-01-22,2010,H,H,0.6077196734649147,0.2883820519945418,0.10389827454054341,1.2,6.5,15.0,H,1.2,True,19.999999999999996
2011-01-22,2010,D,H,0.5207126089163642,0.2321792551052931,0.2471081359783427,1.5,4.0,7.5,H,1.5,False,-100.0
2011-01-22,2010,H,H,0.4829116131030346,0.23241672547925482,0.2846716614177106,3.5,3.4,2.1,H,3.5,True,250.0
2011-01-22,2010,A,H,0.4394163865281621,0.2566404875219525,0.30394312594988543,2.5,3.25,2.88,H,2.5,False,-100.0
2011-01-22,2010,A,A,0.30477995577589306,0.21623374121990277,0.47898630300420414,3.4,3.2,2.25,A,2.25,True,125.0
2011-01-22,2010,H,H,0.7523562967137342,0.1893213802313657,0.058322323054900205,1.2,6.5,15.0,H,1.2,True,19.999999999999996
2011-01-22,2010,D,H,0.39799715361176635,0.2602836411954519,0.34171920519278176,3.5,3.4,2.1,H,3.5,False,-100.0
2011-01-22,2010,H,H,0.48226460628389467,0.25492513200737127,0.26281026170873406,2.2,3.2,3.5,H,2.2,True,120.00000000000001
2011-01-23,2010,H,A,0.31314327893303984,0.24944320247918275,0.43741351858777744,2.25,3.3,3.25,A,3.25,False,-100.0
2011-01-24,2010,A,A,0.1570373413341696,0.28254363964230245,0.560419019023528,6.0,3.75,1.62,A,1.62,True,62.000000000000014
2011-01-25,2010,A,A,0.2565040069583895,0.19938885844025758,0.544107134601353,8.0,5.0,1.36,A,1.36,True,36.00000000000001
2011-01-25,2010,A,H,0.40139879053831695,0.2470270727405112,0.3515741367211718,3.2,3.25,2.3,H,3.2,False,-100.0
2011-01-26,2010,H,H,0.5622553209224516,0.2857185894702966,0.15202608960725186,1.53,3.8,7.0,H,1.53,True,53.0
2011-02-01,2010,H,H,0.6631078659806463,0.20139005708331462,0.13550207693603913,1.4,4.5,8.5,H,1.4,True,39.99999999999999
2011-02-01,2010,H,H,0.6255225148976401,0.2488686554727226,0.12560882962963724,1.33,5.0,9.5,H,1.33,True,33.00000000000001
2011-02-01,2010,A,A,0.18108795728042315,0.3364011619825058,0.48251088073707105,5.5,3.6,1.67,A,1.67,True,67.0
2011-02-01,2010,D,H,0.6024859908483792,0.24859321453859737,0.1489207946130235,1.73,3.6,5.0,H,1.73,False,-100.0
2011-02-02,2010,A,H,0.3786315056756739,0.31369515627766287,0.3076733380466632,3.25,3.4,2.2,H,3.25,False,-100.0
2011-02-02,2010,H,H,0.5770484726340915,0.23536701010489927,0.18758451726100922,1.83,3.5,4.5,H,1.83,True,83.0
2011-02-02,2010,D,A,0.28012987660627225,0.23128404430031316,0.4885860790934146,4.5,3.5,1.83,A,1.83,False,-100.0
2011-02-02,2010,H,H,0.6104121562230043,0.23567853351722076,0.15390931025977486,1.62,3.75,6.0,H,1.62,True,62.000000000000014
2011-02-02,2010,H,H,0.48830523023717304,0.27184966513468584,0.23984510462814113,2.1,3.3,3.6,H,2.1,True,110.00000000000001
2011-02-02,2010,A,H,0.48870756430331425,0.2876851104441966,0.22360732525248916,2.38,3.3,3.0,H,2.38,False,-100.0
2011-02-05,2010,H,H,0.6367150086925267,0.20661737593281657,0.15666761537465682,1.44,4.5,7.0,H,1.44,True,43.99999999999999
2011-02-05,2010,D,H,0.4383924369474445,0.27992816341185217,0.2816793996407034,1.91,3.4,4.2,H,1.91,False,-100.0
2011-02-05,2010,H,H,0.6850075970545949,0.20640410990120095,0.10858829304420407,1.4,4.5,8.5,H,1.4,True,39.99999999999999
2011-02-05,2010,D,D,0.2895115686889149,0.3699947729572269,0.3404936583538582,5.0,4.0,1.67,D,4.0,True,300.0
2011-02-05,2010,H,A,0.269690091094803,0.25060383226645305,0.479706076638744,2.1,3.2,3.75,A,3.75,False,-100.0
2011-02-05,2010,H,A,0.2375576167515636,0.18981151116366657,0.5726308720847698,8.5,4.5,1.4,A,1.4,False,-100.0
2011-02-05,2010,H,H,0.49240630421309345,0.24328764315839221,0.2643060526285144,1.57,4.0,6.0,H,1.57,True,57.00000000000001
2011-02-05,2010,H,H,0.47447882408428166,0.26116761836632113,0.2643535575493973,2.5,3.25,2.9,H,2.5,True,150.0
2011-02-06,2010,A,H,0.6716288913421978,0.19255800859433872,0.1358131000634635,1.62,4.0,5.5,H,1.62,False,-100.0
2011-02-06,2010,A,H,0.505323974234976,0.21785763144517803,0.276818394319846,2.0,3.5,3.75,H,2.0,False,-100.0
2011-02-12,2010,D,H,0.44136604944622104,0.24747053928440454,0.31116341126937447,3.25,3.4,2.2,H,3.25,False,-100.0
2011-02-12,2010,D,H,0.4826222655675177,0.26046600946276,0.25691172496972237,2.1,3.4,3.5,H,2.1,False,-100.0
2011-02-12,2010,H,H,0.6195398509738862,0.1966764568796393,0.18378369214647453,1.22,6.0,15.0,H,1.22,True,21.999999999999996
2011-02-12,2010,H,A,0.35461453402750936,0.23289861005089688,0.4124868559215937,2.5,3.2,2.9,A,2.9,False,-100.0
2011-02-12,2010,A,H,0.4251688994708293,0.2705313891519955,0.30429971137717526,2.75,3.25,2.6,H,2.75,False,-100.0
2011-02-12,2010,D,H,0.5525816212331196,0.24584575294546937,0.201572625821411,1.91,3.6,4.0,H,1.91,False,-100.0
2011-02-12,2010,H,H,0.5981803237481914,0.2453914067465086,0.15642826950529998,1.73,3.6,5.0,H,1.73,True,73.0
2011-02-12,2010,D,H,0.6890575839780156,0.2196189763041078,0.09132343971787664,1.36,4.75,9.0,H,1.36,False,-100.0
2011-02-13,2010,H,H,0.4605411079040979,0.288955485423224,0.2505034066726781,2.75,3.25,2.6,H,2.75,True,175.0
2011-02-14,2010,D,A,0.30245264598509586,0.31247667642501964,0.3850706775898845,5.0,3.6,1.73,A,1.73,False,-100.0
2011-02-15,2010,A,H,0.43117291398459673,0.28213959561385527,0.286687490401548,2.6,3.2,2.8,H,2.6,False,-100.0
2011-02-20,2010,D,H,0.5699922070839983,0.20116632868998988,0.2288414642260119,1.85,3.4,4.5,H,1.85,False,-100.0
2011-02-22,2010,H,H,0.4000141221302245,0.27096047344141216,0.32902540442836337,4.0,3.6,1.91,H,4.0,True,300.0
2011-02-23,2010,H,H,0.6815057796686456,0.21528055974667107,0.10321366058468336,1.3,5.25,10.0,H,1.3,True,30.000000000000004
2011-02-26,2010,H,H,0.5904917892922718,0.2661400453966236,0.1433681653111046,1.73,3.6,5.0,H,1.73,True,73.0
2011-02-26,2010,H,H,0.5107569341022882,0.29031295283948744,0.1989301130582244,1.73,3.6,5.0,H,1.73,True,73.0
2011-02-26,2010,A,A,0.16057416377768668,0.24140790231859002,0.5980179339037233,6.5,4.0,1.53,A,1.53,True,53.0
2011-02-26,2010,D,H,0.5363212372475178,0.24649990576729994,0.21717885698518222,2.1,3.25,3.75,H,2.1,False,-100.0
2011-02-26,2010,H,H,0.5556328706749452,0.22142636421686065,0.22294076510819416,1.83,3.6,4.33,H,1.83,True,83.0
2011-02-27,2010,D,H,0.5898923709874558,0.20914464004005806,0.200962988972486,1.5,4.0,7.5,H,1.5,False,-100.0
2011-02-27,2010,H,H,0.43450677250233577,0.2495877521860331,0.31590547531163116,3.4,3.3,2.2,H,3.4,True,240.0
2011-02-28,2010,D,H,0.5331566613810975,0.2404034505815682,0.2264398880373343,1.91,3.4,4.2,H,1.91,False,-100.0
2011-03-01,2010,H,H,0.4673233123323693,0.2250177966381152,0.30765889102951555,2.2,3.2,3.6,H,2.2,True,120.00000000000001
2011-03-05,2010,D,H,0.6045400766197745,0.2879403269670369,0.1075195964131886,1.44,4.33,7.5,H,1.44,False,-100.0
2011-03-05,2010,A,H,0.4245021119413992,0.27841715399383443,0.29708073406476637,2.38,3.2,3.1,H,2.38,False,-100.0
2011-03-05,2010,H,H,0.42368006627796717,0.24692655058405877,0.329393383137974,2.25,3.4,3.2,H,2.25,True,125.0
2011-03-05,2010,H,H,0.6114030005348562,0.24874676732154377,0.13985023214360007,1.73,3.6,5.0,H,1.73,True,73.0
2011-03-05,2010,H,H,0.6728675158523026,0.1975952902203574,0.12953719392734,1.36,4.75,9.0,H,1.36,True,36.00000000000001
2011-03-05,2010,A,A,0.3408334804468862,0.29029479650563045,0.36887172304748334,2.6,3.2,2.8,A,2.8,True,179.99999999999997
2011-03-05,2010,H,H,0.47519651966941995,0.3101188101264079,0.21468467020417212,2.25,3.3,3.25,H,2.25,True,125.0
2011-03-06,2010,D,H,0.36304004538467693,0.2882682840303441,0.34869167058497896,3.0,3.3,2.38,H,3.0,False,-100.0
2011-03-06,2010,H,A,0.29493102735479865,0.3180871315424109,0.3869818411027904,2.8,3.2,2.6,A,2.6,False,-100.0
2011-03-07,2010,A,A,0.13768677431082751,0.23855177555845378,0.6237614501307188,10.0,5.5,1.3,A,1.3,True,30.000000000000004
2011-03-09,2010,D,H,0.5222242364465042,0.2996644013213626,0.17811136223213317,1.53,4.0,6.5,H,1.53,False,-100.0
2011-03-19,2010,D,A,0.34992238135123216,0.22021246901165056,0.4298651496371173,5.0,3.6,1.73,A,1.73,False,-100.0
2011-03-19,2010,D,H,0.6187591033185628,0.22254298830005034,0.15869790838138692,1.57,4.0,6.0,H,1.57,False,-100.0
2011-03-19,2010,H,H,0.4606646174720587,0.23284073152823967,0.3064946509997017,2.1,3.3,3.6,H,2.1,True,110.00000000000001
2011-03-19,2010,H,H,0.3744054862453616,0.2842710810904026,0.34132343266423587,2.2,3.25,3.4,H,2.2,True,120.00000000000001
2011-03-19,2010,H,H,0.4578024426844635,0.2738662317227623,0.26833132559277423,2.0,3.25,4.0,H,2.0,True,100.0
2011-03-19,2010,D,H,0.5218349940011325,0.26871786485245863,0.20944714114640872,1.8,3.6,4.5,H,1.8,False,-100.0
2011-03-19,2010,A,H,0.569786901303284,0.233927065907699,0.19628603278901702,1.83,3.5,4.5,H,1.83,False,-100.0
2011-03-19,2010,H,H,0.6210909641520261,0.25134905088469767,0.1275599849632762,1.36,4.75,9.0,H,1.36,True,36.00000000000001
2011-03-20,2010,H,H,0.5959085539926573,0.2394805562755876,0.16461088973175508,1.62,3.75,6.0,H,1.62,True,62.000000000000014
2011-03-20,2010,A,H,0.387567516958458,0.2718003704233145,0.3406321126182275,2.63,3.2,2.75,H,2.63,False,-100.0
2011-04-02,2010,H,H,0.5328623254660392,0.26576661302450355,0.2013710615094573,1.95,3.4,4.0,H,1.95,True,95.0
2011-04-02,2010,D,H,0.595380112156601,0.30786611456298785,0.09675377328041108,1.25,6.0,11.0,H,1.25,False,-100.0
2011-04-02,2010,H,H,0.44285779478906323,0.23341423838426897,0.32372796682666777,2.5,3.25,2.88,H,2.5,True,150.0
2011-04-02,2010,D,H,0.48779715193360335,0.29731323464591786,0.21488961342047877,1.83,3.6,4.33,H,1.83,False,-100.0
2011-04-02,2010,D,A,0.2783735294134571,0.2534994956521603,0.4681269749343826,5.5,3.6,1.67,A,1.67,False,-100.0
2011-04-02,2010,H,A,0.29518140852647706,0.258404738103422,0.446413853370101,3.0,3.3,2.38,A,2.38,False,-100.0
2011-04-02,2010,A,A,0.30097143896621853,0.3182646191585352,0.38076394187524637,4.5,3.6,1.8,A,1.8,True,80.0
2011-04-02,2010,D,D,0.29460842401694814,0.3795367855460863,0.3258547904369656,3.0,3.25,2.4,D,3.25,True,225.0
2011-04-03,2010,H,H,0.6131489662832278,0.2188290616224237,0.16802197209434858,1.53,4.2,6.0,H,1.53,True,53.0
2011-04-03,2010,H,H,0.5424584525624883,0.3196344742412834,0.1379070731962284,1.5,4.0,7.0,H,1.5,True,50.0
2011-04-09,2010,A,H,0.39827014454268306,0.3027081264715361,0.29902172898578083,2.6,3.25,2.8,H,2.6,False,-100.0
2011-04-09,2010,A,H,0.46768688400353914,0.2315846638321067,0.3007284521643541,2.2,3.2,3.5,H,2.2,False,-100.0
2011-04-09,2010,H,H,0.5454106688635044,0.2286330336327591,0.2259562975037364,1.44,4.33,7.5,H,1.44,True,43.99999999999999
2011-04-09,2010,H,H,0.5774094422313291,0.2747106949277424,0.14787986284092858,1.73,3.6,5.0,H,1.73,True,73.0
2011-04-09,2010,H,A,0.3585907328800249,0.26286441505487024,0.3785448520651049,2.2,3.25,3.4,A,3.4,False,-100.0
2011-04-09,2010,D,H,0.4763425149347964,0.2645337835431772,0.2591237015220264,2.0,3.3,4.0,H,2.0,False,-100.0
2011-04-09,2010,H,H,0.7529557221926941,0.1729835151888737,0.07406076261843227,1.2,6.0,17.0,H,1.2,True,19.999999999999996
2011-04-10,2010,A,A,0.1568304511742298,0.21707534344051416,0.6260942053852561,8.5,5.0,1.36,A,1.36,True,36.00000000000001
2011-04-10,2010,H,H,0.572429599590922,0.18805809104598734,0.23951230936309056,1.83,3.6,4.33,H,1.83,True,83.0
2011-04-11,2010,H,H,0.47026477284653834,0.2562960929084913,0.27343913424497035,2.6,3.2,2.8,H,2.6,True,160.0
2011-04-16,2010,H,H,0.48346254485092893,0.2568186548702036,0.25971880027886746,2.25,3.2,3.4,H,2.25,True,125.0
2011-04-16,2010,A,H,0.43265713050323495,0.274156635255878,0.293186234240887,2.3,3.5,3.0,H,2.3,False,-100.0
2011-04-16,2010,H,H,0.552702917720625,0.2859416968809186,0.16135538539845642,1.67,3.75,5.5,H,1.67,True,67.0
2011-04-16,2010,A,A,0.32414007874429296,0.219840865287797,0.45601905596791,5.5,3.6,1.7,A,1.7,True,70.0
2011-04-16,2010,A,H,0.36284856308056646,0.2768184471683314,0.3603329897511021,2.25,3.3,3.25,H,2.25,False,-100.0
2011-04-17,2010,D,H,0.4843047186441269,0.29400517005788857,0.22169011129798452,1.73,3.6,5.0,H,1.73,False,-100.0
2011-04-19,2010,D,A,0.3398239842107343,0.30312881495601074,0.357047200833255,5.5,3.6,1.67,A,1.67,False,-100.0
2011-04-20,2010,D,H,0.41634323665569056,0.2566563767228406,0.3270003866214688,2.88,3.4,2.4,H,2.88,False,-100.0
2011-04-20,2010,H,H,0.6978233485543613,0.1763862231689497,0.1257904282766891,1.2,6.5,15.0,H,1.2,True,19.999999999999996
2011-04-23,2010,H,H,0.595458794413272,0.23133673111648415,0.17320447447024387,1.44,4.33,7.5,H,1.44,True,43.99999999999999
2011-04-23,2010,H,H,0.7260002314351675,0.18292650754257359,0.09107326102225898,1.2,6.5,15.0,H,1.2,True,19.999999999999996
2011-04-23,2010,D,H,0.5210057502942808,0.23586624367754475,0.2431280060281746,1.8,3.6,4.5,H,1.8,False,-100.0
2011-04-23,2010,D,H,0.46810922799357596,0.2982779117764769,0.23361286022994712,2.88,3.5,2.38,H,2.88,False,-100.0
2011-04-23,2010,H,H,0.6624259210796,0.25786750763285626,0.07970657128754376,1.44,4.33,7.5,H,1.44,True,43.99999999999999
2011-04-23,2010,D,H,0.5793232566486727,0.29166944783121573,0.12900729552011161,1.57,4.0,6.0,H,1.57,False,-100.0
2011-04-23,2010,D,H,0.4242612041246429,0.2723668966005561,0.30337189927480107,2.5,3.25,2.88,H,2.5,False,-100.0
2011-04-23,2010,H,H,0.4416055511363406,0.23370083144114343,0.32469361742251596,2.1,3.25,3.75,H,2.1,True,110.00000000000001
2011-04-24,2010,H,A,0.36330487961780994,0.23767878675164153,0.39901633363054856,4.5,3.8,1.75,A,1.75,False,-100.0
2011-04-25,2010,A,A,0.36553330885649055,0.25473293316804474,0.37973375797546466,3.6,3.3,2.1,A,2.1,True,110.00000000000001
2011-04-26,2010,H,H,0.5134449700667647,0.21684575404958265,0.2697092758836526,1.8,3.4,5.0,H,1.8,True,80.0
2011-04-27,2010,H,H,0.47840768768120884,0.2490883972400838,0.27250391507870736,1.8,3.5,4.75,H,1.8,True,80.0
2011-04-30,2010,D,A,0.33290683505250546,0.2924309109690528,0.3746622539784417,2.8,3.25,2.6,A,2.6,False,-100.0
2011-04-30,2010,A,H,0.5000277235120515,0.25338166045386284,0.2465906160340857,2.6,3.2,2.8,H,2.6,False,-100.0
2011-04-30,2010,H,H,0.42500804875290427,0.2581821416496411,0.3168098095974546,2.38,3.3,3.0,H,2.38,True,138.0
2011-04-30,2010,D,H,0.4556712861735998,0.2323707685223818,0.3119579453040184,2.63,3.4,2.63,H,2.63,False,-100.0
2011-04-30,2010,H,H,0.4713796708181144,0.21003998521211267,0.31858034396977297,1.91,3.5,4.0,H,1.91,True,90.99999999999999
2011-04-30,2010,H,H,0.67159892389038,0.19751097062062042,0.13089010548899968,1.44,4.33,7.5,H,1.44,True,43.99999999999999
2011-05-01,2010,H,A,0.3074746985983707,0.3283492376596267,0.3641760637420026,2.5,3.25,2.88,A,2.88,False,-100.0
2011-05-01,2010,D,H,0.3763994139617995,0.34470052924646843,0.2789000567917321,2.1,3.3,3.6,H,2.1,False,-100.0
2011-05-01,2010,H,H,0.6595603629236407,0.2570153268890737,0.08342431018728558,1.4,4.5,9.0,H,1.4,True,39.99999999999999
2011-05-01,2010,H,H,0.5774066038969949,0.25823340660621646,0.16435998949678857,1.44,4.33,7.5,H,1.44,True,43.99999999999999
2011-05-07,2010,D,H,0.4451632646717505,0.2215511310568222,0.3332856042714272,1.8,3.6,4.5,H,1.8,False,-100.0
2011-05-07,2010,A,H,0.481170032391344,0.23421316156278918,0.28461680604586687,1.83,3.5,4.5,H,1.83,False,-100.0
2011-05-07,2010,H,H,0.439067240075188,0.3233730565776895,0.2375597033471225,2.7,3.2,2.7,H,2.7,True,170.00000000000003
2011-05-07,2010,H,H,0.49900838863428376,0.2641777262513432,0.23681388511437296,1.91,3.4,4.2,H,1.91,True,90.99999999999999
2011-05-07,2010,D,H,0.6089126774917978,0.22643558405884345,0.16465173844935882,1.3,5.5,10.0,H,1.3,False,-100.0
2011-05-07,2010,D,A,0.30490532408161763,0.2240492402352627,0.4710454356831197,1.95,3.6,3.8,A,3.8,False,-100.0
2011-05-08,2010,H,H,0.5077232898508148,0.1966269240751872,0.29564978607399794,2.1,3.4,3.5,H,2.1,True,110.00000000000001
2011-05-08,2010,H,A,0.2752449167288453,0.3177968588543659,0.4069582244167888,5.5,3.75,1.67,A,1.67,False,-100.0
2011-05-08,2010,H,H,0.49929078246710357,0.2677414212377469,0.23296779629514952,2.38,3.25,3.1,H,2.38,True,138.0
2011-05-09,2010,A,A,0.1797588847395132,0.2909636443088973,0.5292774709515894,2.88,3.25,2.5,A,2.5,True,150.0
2011-05-10,2010,H,H,0.4387196447525617,0.2271770616026582,0.33410329364478014,1.91,3.4,4.2,H,1.91,True,90.99999999999999
2011-05-14,2010,D,A,0.2874857706116683,0.23510152779310411,0.4774127015952276,5.0,3.6,1.73,A,1.73,False,-100.0
2011-05-14,2010,H,H,0.517224133157512,0.24128429324041237,0.24149157360207563,2.2,3.4,3.25,H,2.2,True,120.00000000000001
2011-05-14,2010,A,H,0.4029068530952517,0.267104294024108,0.3299888528806403,2.5,3.25,2.88,H,2.5,False,-100.0
2011-05-14,2010,H,D,0.349690709820023,0.37902741995401074,0.2712818702259663,2.63,3.25,2.75,D,3.25,False,-100.0
2011-05-15,2010,H,H,0.546096585907796,0.20950900490606414,0.24439440918613986,2.1,3.4,3.5,H,2.1,True,110.00000000000001
2011-05-15,2010,D,H,0.5950946707604551,0.2643837925729865,0.14052153666655842,1.25,6.0,11.0,H,1.25,False,-100.0
2011-05-15,2010,A,H,0.5470925179464162,0.25066690437161326,0.20224057768197043,1.73,3.8,4.75,H,1.73,False,-100.0
2011-05-15,2010,A,H,0.6143544479481982,0.2224798766218583,0.16316567542994362,1.36,5.0,8.5,H,1.36,False,-100.0
2011-05-15,2010,A,H,0.5258786849642584,0.18079231357535894,0.2933290014603826,2.2,3.25,3.4,H,2.2,False,-100.0
2011-05-17,2010,H,H,0.6988722101889326,0.22045855343380474,0.0806692363772626,1.36,4.75,9.0,H,1.36,True,36.00000000000001
2011-05-22,2010,H,H,0.5812350515294401,0.27709904805237573,0.14166590041818417,1.53,4.0,6.5,H,1.53,True,53.0
2011-05-22,2010,A,H,0.39052686439563905,0.2964469230985706,0.3130262125057903,2.75,3.6,2.4,H,2.75,False,-100.0
2011-05-22,2010,A,H,0.5701688429114927,0.21853594889424344,0.21129520819426387,2.2,3.0,3.75,H,2.2,False,-100.0
2011-05-22,2010,A,H,0.4901182641127266,0.3065520390462378,0.20332969684103563,2.0,3.5,3.75,H,2.0,False,-100.0
2011-05-22,2010,D,H,0.5142882851953849,0.25681037040252375,0.22890134440209123,2.0,3.5,3.75,H,2.0,False,-100.0
2011-05-22,2010,D,A,0.3078383294294787,0.25502092582737995,0.4371407447431413,3.75,3.6,1.95,A,1.95,False,-100.0
2011-05-22,2010,H,A,0.28478989457463916,0.25875757434710606,0.4564525310782548,3.1,3.25,2.38,A,2.38,False,-100.0
2011-05-22,2010,A,A,0.26443486940487365,0.29116881551637497,0.4443963150787514,5.0,3.75,1.7,A,1.7,True,70.0
2011-05-22,2010,H,H,0.34256891269111994,0.32255323112261375,0.33487785618626636,3.2,3.4,2.25,H,3.2,True,220.00000000000003
2011-05-22,2010,H,H,0.6033744149601251,0.21300441531033532,0.18362116972953957,1.6,4.0,5.5,H,1.6,True,60.00000000000001
2011-08-13,2011,D,H,0.4070717175683482,0.21294792201140625,0.37998036042024547,3.75,3.25,2.1,H,3.75,False,-100.0
2011-08-13,2011,D,H,0.5282805946471248,0.28422535266637033,0.1874940526865049,1.57,3.6,7.0,H,1.57,False,-100.0
2011-08-13,2011,D,H,0.4354644453939131,0.28846025787899143,0.2760752967270955,2.2,3.2,3.5,H,2.2,False,-100.0
2011-08-13,2011,A,H,0.37699761107034213,0.2761945877362455,0.3468078011934123,2.2,3.2,3.5,H,2.2,False,-100.0
2011-08-13,2011,D,H,0.5119911348548339,0.27242494046662485,0.21558392467854115,2.2,3.2,3.5,H,2.2,False,-100.0
2011-08-14,2011,A,A,0.23287955563980245,0.3063736785525724,0.460746765807625,6.5,4.0,1.53,A,1.53,True,53.0
2011-08-14,2011,D,A,0.2378004741232378,0.31108035262244477,0.45111917325431744,5.5,3.5,1.7,A,1.7,False,-100.0
2011-08-20,2011,A,H,0.42456716149037027,0.26288559003429635,0.3125472484753335,2.2,3.25,3.4,H,2.2,False,-100.0
2011-08-20,2011,A,H,0.569623048286265,0.2656423613017673,0.16473459041196767,1.53,3.8,7.0,H,1.53,False,-100.0
2011-08-20,2011,D,H,0.4965410742824625,0.2330630235429274,0.27039590217461007,2.1,3.3,3.6,H,2.1,False,-100.0
2011-08-20,2011,H,H,0.4708516558059805,0.2893348737580866,0.23981347043593293,1.73,3.4,5.5,H,1.73,True,73.0
2011-08-20,2011,A,H,0.47179344766097686,0.2754053952840858,0.25280115705493733,2.5,3.25,2.9,H,2.5,False,-100.0
2011-08-20,2011,H,H,0.6010174868469199,0.2601338285119423,0.13884868464113787,1.3,5.5,10.0,H,1.3,True,30.000000000000004
2011-08-21,2011,A,A,0.3115573103048947,0.18951985788177417,0.49892283181333114,4.75,3.5,1.8,A,1.8,True,80.0
2011-08-21,2011,D,H,0.40075057244502005,0.2494007989421584,0.3498486286128215,2.6,3.3,2.75,H,2.6,False,-100.0
2011-08-21,2011,H,H,0.44440176869344933,0.31391244347680103,0.24168578782974962,2.38,3.25,3.1,H,2.38,True,138.0
2011-08-22,2011,H,H,0.5250827412314746,0.2714204665855685,0.2034967921829569,1.67,3.75,5.5,H,1.67,True,67.0
2011-08-27,2011,D,H,0.5510982930508198,0.23016610185572542,0.21873560509345483,2.1,3.25,3.75,H,2.1,False,-100.0
2011-08-27,2011,H,H,0.5031859536335667,0.32386691880727336,0.17294712755915997,2.25,3.3,3.25,H,2.25,True,125.0
2011-08-27,2011,D,H,0.45304040197909573,0.27447789396166294,0.2724817040592414,2.38,3.3,3.0,H,2.38,False,-100.0
2011-08-27,2011,H,H,0.5289424206548584,0.2749726175640627,0.1960849617810789,1.4,4.5,8.5,H,1.4,True,39.99999999999999
2011-08-27,2011,A,A,0.33788201612953017,0.29385958741769275,0.3682583964527771,3.3,3.25,2.25,A,2.25,True,125.0
2011-08-27,2011,H,H,0.657084471709899,0.20524976855971455,0.13766575973038644,1.2,6.5,15.0,H,1.2,True,19.999999999999996
2011-08-28,2011,A,H,0.5118475215201221,0.2708805451948011,0.21727193328507674,2.1,3.25,3.75,H,2.1,False,-100.0
2011-08-28,2011,A,A,0.33254157294568215,0.2757395938358266,0.3917188332184913,2.88,3.3,2.5,A,2.5,True,150.0
2011-08-28,2011,H,H,0.4342427890467702,0.28724010995872423,0.27851710099450555,2.1,3.25,3.75,H,2.1,True,110.00000000000001
2011-08-28,2011,H,H,0.6467237802571718,0.24682712912725657,0.1064490906155715,1.5,4.33,6.5,H,1.5,True,50.0
2011-09-10,2011,A,A,0.31807884076432125,0.31934687021227637,0.36257428902340233,3.0,3.25,2.4,A,2.4,True,140.0
2011-09-10,2011,A,A,0.3340021246224561,0.23971621616389946,0.4262816592136443,5.0,3.75,1.7,A,1.7,True,70.0
2011-09-10,2011,H,H,0.7171004976122775,0.15941991993594598,0.12347958245177655,1.17,7.0,17.0,H,1.17,True,16.999999999999993
2011-09-10,2011,H,H,0.39123080167864677,0.2626221922221427,0.3461470060992105,3.25,3.3,2.25,H,3.25,True,225.0
2011-09-10,2011,A,A,0.38489500239190927,0.19423328759587144,0.4208717100122193,9.0,4.5,1.4,A,1.4,True,39.99999999999999
2011-09-10,2011,H,H,0.549847345554168,0.3245688556726917,0.1255837987731403,1.36,4.75,9.0,H,1.36,True,36.00000000000001
2011-09-10,2011,D,H,0.5112819075778648,0.29061853554393696,0.19809955687819814,2.0,3.4,3.8,H,2.0,False,-100.0
2011-09-11,2011,D,H,0.6030855108196321,0.2451884335577871,0.15172605562258076,1.67,3.6,5.5,H,1.67,False,-100.0
2011-09-11,2011,A,H,0.44282098434068784,0.29778625005962284,0.2593927655996894,2.5,3.25,2.88,H,2.5,False,-100.0
2011-09-12,2011,D,H,0.42818997032438816,0.26616285661965283,0.30564717305595895,2.4,3.25,3.0,H,2.4,False,-100.0
2011-09-17,2011,H,H,0.5175290735385399,0.3421381292067385,0.14033279725472167,1.5,4.0,7.0,H,1.5,True,50.0
2011-09-17,2011,A,H,0.5533570367186835,0.2952259961299618,0.15141696715135466,1.8,3.6,4.6,H,1.8,False,-100.0
2011-09-17,2011,H,H,0.41656560317990926,0.2552962184280001,0.32813817839209064,2.63,3.2,2.75,H,2.63,True,163.0
2011-09-17,2011,D,H,0.4239180845858108,0.28130218359369613,0.29477973182049305,1.91,3.4,4.2,H,1.91,False,-100.0
2011-09-17,2011,A,H,0.4412174962691085,0.2637318357931673,0.2950506679377242,1.91,3.4,4.2,H,1.91,False,-100.0
2011-09-17,2011,H,A,0.3333501660452422,0.29838548977048407,0.36826434418427373,4.2,3.4,1.91,A,1.91,False,-100.0
2011-09-18,2011,H,H,0.5664885464669156,0.28460751118305777,0.1489039423500266,2.4,3.2,3.1,H,2.4,True,140.0
2011-09-18,2011,H,H,0.4770869128912539,0.30411770811384875,0.2187953789948974,2.63,3.4,2.63,H,2.63,True,163.0
2011-09-18,2011,D,A,0.326683388243487,0.1900430622262503,0.4832735495302627,6.5,3.8,1.57,A,1.57,False,-100.0
2011-09-18,2011,H,H,0.490591008825531,0.2188450216818083,0.29056396949266067,1.83,3.5,4.5,H,1.83,True,83.0
2011-09-24,2011,H,H,0.4958907997732737,0.3229759537370565,0.18113324648966977,1.44,4.5,7.0,H,1.44,True,43.99999999999999
2011-09-24,2011,H,H,0.6761483241459881,0.18729550563670427,0.13655617021730765,1.2,6.5,15.0,H,1.2,True,19.999999999999996
2011-09-24,2011,H,H,0.6161114513616267,0.26845394413092166,0.11543460450745162,1.36,4.5,10.0,H,1.36,True,36.00000000000001
2011-09-24,2011,H,H,0.6639644330289828,0.21422980600178243,0.12180576096923486,1.44,4.33,7.5,H,1.44,True,43.99999999999999
2011-09-24,2011,A,H,0.4202428501112157,0.2720553105023616,0.30770183938642265,4.0,3.5,1.91,H,4.0,False,-100.0
2011-09-24,2011,D,D,0.2473111455031991,0.3817060522872719,0.370982802209529,6.5,4.0,1.53,D,4.0,True,300.0
2011-09-24,2011,D,H,0.460062092352175,0.2770821285865892,0.26285577906123575,2.3,3.25,3.25,H,2.3,False,-100.0
2011-09-24,2011,H,H,0.5423447726003067,0.2076993949465661,0.24995583245312725,1.83,3.5,4.5,H,1.83,True,83.0
2011-09-25,2011,D,H,0.4093743973800627,0.2656105471321967,0.32501505548774073,2.3,3.25,3.2,H,2.3,False,-100.0
2011-09-26,2011,H,H,0.4361841719152027,0.24778067135063234,0.316035156734165,2.5,3.4,2.8,H,2.5,True,150.0
2011-10-01,2011,D,H,0.37334283750602965,0.2722431120154838,0.3544140504784867,2.25,3.4,3.2,H,2.25,False,-100.0
2011-10-01,2011,H,H,0.7049046726358507,0.1957837622167272,0.09931156514742216,1.17,7.0,17.0,H,1.17,True,16.999999999999993
2011-10-01,2011,A,H,0.4492884785824984,0.21828405068564014,0.3324274707318615,2.5,3.25,2.88,H,2.5,False,-100.0
2011-10-01,2011,A,A,0.2555140035082513,0.3028988296972544,0.4415871667944942,6.5,3.75,1.57,A,1.57,True,57.00000000000001
2011-10-01,2011,A,A,0.34882355234783563,0.28644772653755673,0.3647287211146076,3.1,3.2,2.4,A,2.4,True,140.0
2011-10-01,2011,H,H,0.5758653409086686,0.24836794012166097,0.17576671896967042,1.62,3.75,6.0,H,1.62,True,62.000000000000014
2011-10-02,2011,H,H,0.6029055464920247,0.1723406508046731,0.22475380270330234,2.1,3.4,3.5,H,2.1,True,110.00000000000001
2011-10-02,2011,H,H,0.4611677923027613,0.25573238590084324,0.28309982179639553,2.63,3.25,2.75,H,2.63,True,163.0
2011-10-02,2011,A,A,0.3266434450181431,0.23461891471471708,0.43873764026713985,6.5,4.0,1.53,A,1.53,True,53.0
2011-10-02,2011,H,H,0.48518474034946263,0.2602125440657535,0.2546027155847839,2.0,3.3,4.0,H,2.0,True,100.0
2011-10-15,2011,H,H,0.40283388813171833,0.27359042731114475,0.3235756845571369,2.2,3.3,3.4,H,2.2,True,120.00000000000001
2011-10-15,2011,A,H,0.5587362233914032,0.2159248838658472,0.22533889274274962,2.3,3.3,3.2,H,2.3,False,-100.0
2011-10-15,2011,H,H,0.43517077785811065,0.2563025701630956,0.3085266519787938,2.2,3.2,3.5,H,2.2,True,120.00000000000001
2011-10-15,2011,D,H,0.6478784589198198,0.2320650750727347,0.12005646600744552,1.83,3.5,4.5,H,1.83,False,-100.0
2011-10-15,2011,H,H,0.7082458446485115,0.19776708852169034,0.09398706682979814,1.33,5.0,10.0,H,1.33,True,33.00000000000001
2011-10-15,2011,D,H,0.3891498399575946,0.2632005389027798,0.3476496211396256,3.0,3.3,2.4,H,3.0,False,-100.0
2011-10-15,2011,H,H,0.6881643972406174,0.22406129478978923,0.08777430796959333,1.36,4.5,10.0,H,1.36,True,36.00000000000001
2011-10-16,2011,H,H,0.5280276525840105,0.2255035852418619,0.2464687621741275,1.44,4.33,7.5,H,1.44,True,43.99999999999999
2011-10-16,2011,D,A,0.34022032492113663,0.2902116938630892,0.36956798121577417,3.0,3.3,2.4,A,2.4,False,-100.0
2011-10-16,2011,H,H,0.5154866848154741,0.2712857335710104,0.21322758161351552,2.0,3.3,4.0,H,2.0,True,100.0
2011-10-22,2011,A,H,0.5004689319690026,0.3290663548792127,0.1704647131517847,2.2,3.2,3.5,H,2.2,False,-100.0
2011-10-22,2011,A,H,0.49722336700867475,0.24395954177736848,0.25881709121395674,2.0,3.3,4.0,H,2.0,False,-100.0
2011-10-22,2011,D,H,0.5722759370220707,0.23501859057117666,0.19270547240675265,1.29,5.5,11.0,H,1.29,False,-100.0
2011-10-22,2011,D,H,0.5225806610494838,0.3005655105377513,0.17685382841276498,2.0,3.4,3.8,H,2.0,False,-100.0
2011-10-22,2011,H,H,0.5427246093850361,0.30661438524856904,0.15066100536639493,1.57,3.8,6.5,H,1.57,True,57.00000000000001
2011-10-23,2011,H,H,0.6073763402227618,0.2048644075317665,0.18775925224547174,1.53,4.0,6.5,H,1.53,True,53.0
2011-10-23,2011,A,H,0.38568638753765416,0.24314365967351784,0.3711699527888279,4.0,3.5,1.91,H,4.0,False,-100.0
2011-10-23,2011,A,H,0.3959653369212201,0.23251414295951311,0.37152052011926684,2.25,3.25,3.3,H,2.25,False,-100.0
2011-10-23,2011,A,H,0.4952481533191088,0.3011121049122563,0.20363974176863478,2.0,3.4,3.8,H,2.0,False,-100.0
2011-10-23,2011,H,A,0.33125887921872826,0.20844905230698238,0.46029206847428933,9.5,5.0,1.33,A,1.33,False,-100.0
2011-10-29,2011,D,H,0.5919966049010222,0.28547243598430566,0.122530959114672,1.91,3.6,4.0,H,1.91,False,-100.0
2011-10-29,2011,A,H,0.4288478410000393,0.2335334470032726,0.3376187119966881,1.62,4.0,5.5,H,1.62,False,-100.0
2011-10-29,2011,A,A,0.23042075029497502,0.2797215565947684,0.4898576931102565,4.5,3.6,1.8,A,1.8,True,80.0
2011-10-29,2011,H,H,0.7541345733536309,0.15749516536176056,0.08837026128460858,1.17,7.0,19.0,H,1.17,True,16.999999999999993
2011-10-29,2011,D,H,0.4154522960254263,0.294032382095335,0.2905153218792386,2.1,3.3,3.6,H,2.1,False,-100.0
2011-10-29,2011,H,H,0.4084487725248187,0.26921524460813584,0.3223359828670454,2.1,3.3,3.6,H,2.1,True,110.00000000000001
2011-10-29,2011,A,H,0.4020190549833062,0.2951081673732168,0.3028727776434769,2.88,3.25,2.5,H,2.88,False,-100.0
2011-10-29,2011,A,H,0.4386222369644548,0.2716609941574235,0.28971676887812164,4.0,3.3,2.0,H,4.0,False,-100.0
2011-10-30,2011,H,H,0.6968928640946551,0.2318053142971688,0.07130182160817604,1.36,4.75,9.0,H,1.36,True,36.00000000000001
2011-10-31,2011,A,H,0.4022379326612036,0.20971778071924915,0.3880442866195472,2.1,3.2,3.8,H,2.1,False,-100.0
2011-11-05,2011,H,H,0.46006328277811,0.27188447556470186,0.26805224165718816,1.83,3.5,4.5,H,1.83,True,83.0
2011-11-05,2011,D,H,0.5137782117705988,0.19142994105593467,0.2947918471734665,1.29,5.5,10.0,H,1.29,False,-100.0
2011-11-05,2011,A,A,0.2437252531136762,0.25566135513195715,0.5006133917543667,7.5,4.33,1.44,A,1.44,True,43.99999999999999
2011-11-05,2011,H,H,0.6502750936371062,0.22967711168133276,0.12004779468156103,1.4,4.5,8.5,H,1.4,True,39.99999999999999
2011-11-05,2011,H,H,0.37186491897656554,0.26354105672977113,0.3645940242936632,2.25,3.25,3.3,H,2.25,True,125.0
2011-11-05,2011,A,A,0.18750835211723768,0.16281240615365003,0.6496792417291123,10.0,5.0,1.33,A,1.33,True,33.00000000000001
2011-11-05,2011,H,H,0.6387177718738289,0.21319346080301094,0.1480887673231601,1.25,5.5,13.0,H,1.25,True,25.0
2011-11-06,2011,H,H,0.41780468961649003,0.32416369035041587,0.2580316200330941,1.91,3.3,4.33,H,1.91,True,90.99999999999999
2011-11-06,2011,H,H,0.3720387398135841,0.352606928691724,0.2753543314946919,2.4,3.3,3.0,H,2.4,True,140.0
2011-11-06,2011,A,H,0.43687637172125404,0.24109185000761538,0.32203177827113055,3.25,3.3,2.25,H,3.25,False,-100.0
2011-11-19,2011,H,H,0.43900536263950585,0.26900321261093546,0.2919914247495586,2.0,3.4,3.8,H,2.0,True,100.0
2011-11-19,2011,A,A,0.2798651417939526,0.27210473288385834,0.44803012532218905,6.5,4.2,1.5,A,1.5,True,50.0
2011-11-19,2011,D,H,0.3698040198135506,0.29616361134978764,0.33403236883666176,2.5,3.25,2.88,H,2.5,False,-100.0
2011-11-19,2011,D,H,0.4741926202486397,0.2887521663827434,0.23705521336861693,2.3,3.25,3.2,H,2.3,False,-100.0
2011-11-19,2011,A,H,0.6012873974639543,0.24709082364307808,0.15162177889296766,1.83,3.5,4.5,H,1.83,False,-100.0
2011-11-19,2011,A,A,0.3309279187460346,0.2610652535083315,0.40800682774563385,5.5,3.6,1.67,A,1.67,True,67.0
2011-11-19,2011,H,H,0.6736102615686868,0.21984672396323504,0.10654301446807814,1.3,5.5,10.0,H,1.3,True,30.000000000000004
2011-11-19,2011,H,H,0.5259007659872208,0.2706610149911003,0.20343821902167888,1.57,3.75,6.5,H,1.57,True,57.00000000000001
2011-11-20,2011,A,H,0.4440692376604227,0.24409301047990262,0.3118377518596747,1.83,3.5,4.5,H,1.83,False,-100.0
2011-11-21,2011,H,H,0.48595312939348645,0.2989379015488764,0.21510896905763713,1.57,4.0,6.0,H,1.57,True,57.00000000000001
2011-11-26,2011,A,H,0.4169006625044505,0.3218461202810075,0.2612532172145419,4.0,3.6,1.91,H,4.0,False,-100.0
2011-11-26,2011,A,H,0.47646029530344647,0.22933035116997194,0.29420935352658156,1.67,3.6,5.5,H,1.67,False,-100.0
2011-11-26,2011,H,H,0.43181927359824784,0.27641390495300544,0.2917668214487467,1.83,3.5,4.5,H,1.83,True,83.0
2011-11-26,2011,H,H,0.4911634347729558,0.2478871628667958,0.26094940236024844,2.1,3.4,3.5,H,2.1,True,110.00000000000001
2011-11-26,2011,D,H,0.616244473615138,0.22298206796624578,0.1607734584186162,1.4,4.5,8.5,H,1.4,False,-100.0
2011-11-26,2011,H,H,0.645569827506082,0.19005352317862692,0.16437664931529092,1.22,6.0,15.0,H,1.22,True,21.999999999999996
2011-11-26,2011,A,A,0.3398749248828384,0.28712779004338196,0.37299728507377966,3.1,3.25,2.38,A,2.38,True,138.0
2011-11-26,2011,D,H,0.671456963456046,0.2332408227116307,0.09530221383232333,1.44,4.2,8.0,H,1.44,False,-100.0
2011-11-27,2011,D,H,0.5775521207583587,0.24456283401633816,0.17788504522530313,2.2,3.25,3.4,H,2.2,False,-100.0
2011-11-27,2011,D,H,0.5362065561901922,0.21266605894322207,0.2511273848665858,2.75,3.2,2.63,H,2.75,False,-100.0
2011-12-03,2011,A,A,0.28498319630246277,0.22236353619879123,0.49265326749874605,6.0,4.0,1.57,A,1.57,True,57.00000000000001
2011-12-03,2011,H,H,0.6420893941830724,0.25065061756459533,0.1072599882523322,1.3,5.0,12.0,H,1.3,True,30.000000000000004
2011-12-03,2011,D,H,0.4853443858665583,0.2752924795848344,0.23936313454860733,2.25,3.3,3.25,H,2.25,False,-100.0
2011-12-03,2011,A,H,0.3714087544791648,0.26779366983803704,0.36079757568279813,3.5,3.4,2.1,H,3.5,False,-100.0
2011-12-03,2011,H,H,0.6171321815328749,0.2495608270227362,0.13330699144438898,1.17,7.0,17.0,H,1.17,True,16.999999999999993
2011-12-03,2011,H,H,0.4071210037945889,0.28580722505901485,0.3070717711463964,2.1,3.4,3.5,H,2.1,True,110.00000000000001
2011-12-03,2011,A,H,0.4604868752752467,0.28303196694788985,0.2564811577768634,5.0,3.6,1.73,H,5.0,False,-100.0
2011-12-04,2011,A,H,0.5789914089354532,0.3033873541569497,0.11762123690759713,1.67,3.6,5.5,H,1.67,False,-100.0
2011-12-04,2011,H,H,0.4696056139396088,0.26591955141712975,0.2644748346432614,2.4,3.3,3.0,H,2.4,True,140.0
2011-12-05,2011,H,H,0.3984573400750356,0.2417853175737893,0.3597573423511751,3.5,3.4,2.1,H,3.5,True,250.0
2011-12-10,2011,A,H,0.5419963188635109,0.25003987645940073,0.2079638046770884,2.5,3.3,2.88,H,2.5,False,-100.0
2011-12-10,2011,H,H,0.6173058623454497,0.2107915958888881,0.17190254176566225,1.33,5.0,10.0,H,1.33,True,33.00000000000001
2011-12-10,2011,H,H,0.5541755390953598,0.2926312892258963,0.1531931716787439,1.53,4.0,6.5,H,1.53,True,53.0
2011-12-10,2011,H,H,0.37696645177511745,0.2705171867725418,0.3525163614523408,2.4,3.4,2.88,H,2.4,True,140.0
2011-12-10,2011,H,H,0.39887737208848045,0.2729898361957976,0.32813279171572196,2.63,3.25,2.75,H,2.63,True,163.0
2011-12-10,2011,A,H,0.572612320576622,0.19127340495232228,0.23611427447105568,1.67,3.8,5.25,H,1.67,False,-100.0
2011-12-10,2011,H,H,0.6236760182357517,0.237211287549455,0.13911269421479322,1.22,6.0,15.0,H,1.22,True,21.999999999999996
2011-12-11,2011,H,H,0.41168790003182326,0.2631206204625169,0.3251914795056598,3.75,3.5,2.0,H,3.75,True,275.0
2011-12-11,2011,H,H,0.48976864661056246,0.24212181757660722,0.26810953581283037,1.83,3.5,4.5,H,1.83,True,83.0
2011-12-12,2011,H,H,0.45475887070546667,0.3019011002857901,0.24334002900874316,2.4,3.3,3.0,H,2.4,True,140.0
2011-12-17,2011,A,H,0.39281885280519385,0.23116853344830743,0.3760126137464988,2.5,3.25,2.88,H,2.5,False,-100.0
2011-12-17,2011,D,H,0.5232227997306813,0.28889452055678366,0.1878826797125351,1.8,3.6,4.5,H,1.8,False,-100.0
2011-12-17,2011,D,A,0.23019769640179977,0.17970828334781644,0.5900940202503837,9.0,4.75,1.36,A,1.36,False,-100.0
2011-12-17,2011,D,H,0.5514205752835424,0.2730721979908632,0.1755072267255945,1.62,3.75,6.0,H,1.62,False,-100.0
2011-12-17,2011,A,A,0.37248670930066846,0.24513106886908606,0.3823822218302455,2.38,3.3,3.0,A,3.0,True,200.0
2011-12-17,2011,H,H,0.5064825694018043,0.243225439665409,0.2502919909327868,1.62,3.75,6.0,H,1.62,True,62.000000000000014
2011-12-18,2011,H,H,0.7452650102996891,0.14496541245293382,0.10976957724737711,1.36,4.75,9.0,H,1.36,True,36.00000000000001
2011-12-18,2011,A,A,0.2825116018005338,0.21609897816753895,0.5013894200319272,7.5,4.33,1.44,A,1.44,True,43.99999999999999
2011-12-18,2011,A,H,0.4590356392737693,0.2860808326230551,0.2548835281031756,4.2,3.4,1.91,H,4.2,False,-100.0
2011-12-18,2011,H,H,0.4833347184009467,0.26433886424698977,0.25232641735206357,1.73,3.75,4.5,H,1.73,True,73.0
2011-12-20,2011,A,H,0.4647456918628869,0.21738129037568774,0.31787301776142546,2.1,3.4,3.5,H,2.1,False,-100.0
2011-12-20,2011,D,H,0.4275242497731906,0.26612912313160614,0.3063466270952033,2.0,3.5,3.75,H,2.0,False,-100.0
2011-12-21,2011,A,H,0.4215969098051116,0.26276287950365823,0.3156402106912301,2.5,3.3,2.88,H,2.5,False,-100.0
2011-12-21,2011,D,A,0.24526681223798716,0.24412264302482714,0.5106105447371857,7.0,4.0,1.5,A,1.5,False,-100.0
2011-12-21,2011,A,H,0.38531636792304846,0.2666276928343312,0.3480559392426204,2.0,3.5,3.75,H,2.0,False,-100.0
2011-12-21,2011,A,A,0.29584243242032005,0.2890252168873174,0.41513235069236254,5.0,3.6,1.73,A,1.73,True,73.0
2011-12-21,2011,A,A,0.2407413108081112,0.26915446991423764,0.49010421927765124,5.0,3.6,1.73,A,1.73,True,73.0
2011-12-21,2011,H,H,0.562868764793495,0.2806494752213665,0.15648175998513852,1.57,3.75,6.5,H,1.57,True,57.00000000000001
2011-12-21,2011,H,H,0.562344817088511,0.2858526168645705,0.15180256604691855,1.22,6.0,15.0,H,1.22,True,21.999999999999996
2011-12-22,2011,D,H,0.5040861547695867,0.1843236709708355,0.31159017425957775,2.6,3.4,2.7,H,2.6,False,-100.0
2011-12-26,2011,D,H,0.391830482383416,0.29946347659335726,0.3087060410232268,2.4,3.25,3.0,H,2.4,False,-100.0
2011-12-26,2011,D,A,0.3179999557899294,0.25749613914513875,0.4245039050649318,7.0,4.5,1.44,A,1.44,False,-100.0
2011-12-26,2011,D,H,0.4343691095093441,0.2885118502643577,0.27711904022629824,1.91,3.4,4.2,H,1.91,False,-100.0
2011-12-26,2011,D,H,0.5986394235137686,0.18024548371549454,0.2211150927707368,1.25,5.5,13.0,H,1.25,False,-100.0
2011-12-26,2011,D,H,0.7557804670216757,0.18036717869377447,0.0638523542845499,1.3,5.0,12.0,H,1.3,False,-100.0
2011-12-26,2011,A,H,0.5002659210462018,0.23000771169511,0.26972636725868826,2.5,3.4,2.8,H,2.5,False,-100.0
2011-12-26,2011,H,H,0.7063963994806256,0.1785528956024333,0.1150507049169411,1.14,7.5,21.0,H,1.14,True,13.99999999999999
2011-12-27,2011,D,H,0.6914298267241819,0.182206440583318,0.12636373269250023,1.22,6.0,15.0,H,1.22,False,-100.0
2011-12-27,2011,A,A,0.3213880810490069,0.2578355651231902,0.42077635382780293,4.5,3.6,1.8,A,1.8,True,80.0
2011-12-27,2011,D,H,0.4337217515121214,0.2696255194337528,0.29665272905412576,2.0,3.4,3.8,H,2.0,False,-100.0
2011-12-30,2011,H,H,0.5843470028243031,0.17188376945949332,0.2437692277162036,1.53,4.0,6.5,H,1.53,True,53.0
2011-12-31,2011,D,H,0.4998930921849325,0.2658758075023231,0.2342311003127444,2.6,3.25,2.75,H,2.6,False,-100.0
2011-12-31,2011,D,H,0.5050795466130101,0.268822483884942,0.22609796950204786,2.2,3.25,3.4,H,2.2,False,-100.0
2011-12-31,2011,D,A,0.2876761227559173,0.35532915122388076,0.3569947260202018,5.5,3.6,1.67,A,1.67,False,-100.0
2011-12-31,2011,A,H,0.7885123504863721,0.17332194435800533,0.03816570515562258,1.13,8.0,26.0,H,1.13,False,-100.0
2011-12-31,2011,H,H,0.7875066111168633,0.174327686272959,0.038165702610177765,1.25,5.5,13.0,H,1.25,True,25.0
2011-12-31,2011,A,H,0.6380988571034899,0.2572700568115776,0.1046310860849325,1.29,5.0,13.0,H,1.29,False,-100.0
2011-12-31,2011,D,H,0.5036411202151249,0.229012130309835,0.2673467494750402,1.67,3.6,5.5,H,1.67,False,-100.0
2012-01-01,2011,A,H,0.3927580749670838,0.2874644619298478,0.3197774631030683,2.6,3.25,2.75,H,2.6,False,-100.0
2012-01-01,2011,H,A,0.2673994375021966,0.23353311487646655,0.49906744762133687,6.5,4.0,1.53,A,1.53,False,-100.0
2012-01-02,2011,A,H,0.4325358026133006,0.27656686746962067,0.29089732991707873,2.1,3.4,3.5,H,2.1,False,-100.0
2012-01-02,2011,H,H,0.4526557915972755,0.27526005694354194,0.2720841514591826,4.0,3.5,1.91,H,4.0,True,300.0
2012-01-02,2011,A,A,0.29197251275788133,0.2601872060798169,0.44784028116230173,6.0,4.0,1.57,A,1.57,True,57.00000000000001
2012-01-02,2011,A,H,0.548052962022748,0.23756460438393615,0.21438243359331577,1.83,3.4,4.75,H,1.83,False,-100.0
2012-01-02,2011,A,H,0.4039220918553368,0.27126860058430885,0.32480930756035437,2.5,3.25,2.88,H,2.5,False,-100.0
2012-01-03,2011,H,H,0.3971029484058533,0.2932823450196206,0.30961470657452606,1.91,3.4,4.2,H,1.91,True,90.99999999999999
2012-01-03,2011,H,H,0.6955480365820867,0.2152715727885203,0.08918039062939292,1.33,5.0,10.0,H,1.33,True,33.00000000000001
2012-01-03,2011,A,H,0.41132798989816094,0.2914842381619535,0.29718777193988555,2.63,3.25,2.75,H,2.63,False,-100.0
2012-01-04,2011,A,H,0.5191127090986347,0.23883332225681042,0.2420539686445549,1.5,4.0,7.0,H,1.5,False,-100.0
2012-01-04,2011,H,A,0.3529142207617091,0.23383900186152662,0.4132467773767643,5.0,3.6,1.73,A,1.73,False,-100.0
2012-01-11,2011,H,H,0.4665646486441461,0.2821325908434276,0.25130276051242634,1.53,3.8,7.0,H,1.53,True,53.0
2012-01-14,2011,D,H,0.47471910293490255,0.26248551740998616,0.2627953796551113,2.4,3.25,3.0,H,2.4,False,-100.0
2012-01-14,2011,D,H,0.6971955688706665,0.20139954335406088,0.10140488777527269,1.4,4.33,9.0,H,1.4,False,-100.0
2012-01-14,2011,H,H,0.544108070116346,0.31037790683129635,0.14551402305235764,1.4,4.5,8.5,H,1.4,True,39.99999999999999
2012-01-14,2011,H,H,0.45501081328309523,0.3263324738879228,0.21865671282898191,3.0,3.3,2.38,H,3.0,True,200.0
2012-01-14,2011,H,H,0.7692654762426457,0.15022921277814885,0.08050531097920546,1.14,8.0,17.0,H,1.14,True,13.99999999999999
2012-01-14,2011,A,H,0.4700207113287724,0.2745245161143895,0.2554547725568381,2.0,3.4,3.8,H,2.0,False,-100.0
2012-01-14,2011,D,H,0.6816308430932828,0.2211132860291675,0.09725587087754961,1.25,5.5,13.0,H,1.25,False,-100.0
2012-01-15,2011,H,H,0.5141852769728171,0.32430272128842,0.16151200173876282,1.73,3.6,5.0,H,1.73,True,73.0
2012-01-15,2011,H,A,0.31974542411541634,0.23217506978367716,0.4480795061009066,4.75,3.5,1.8,A,1.8,False,-100.0
2012-01-16,2011,A,A,0.2723670594199867,0.18494703196536563,0.5426859086146477,9.0,4.33,1.4,A,1.4,True,39.99999999999999
2012-01-21,2011,D,A,0.2702284684659986,0.2995510267632229,0.4302205047707785,5.5,4.0,1.62,A,1.62,False,-100.0
2012-01-21,2011,H,A,0.2696591632560789,0.30245720661092124,0.42788363013299985,6.0,3.75,1.62,A,1.62,False,-100.0
2012-01-21,2011,D,H,0.5493033412990066,0.23801668316440905,0.21267997553658438,1.53,4.0,6.5,H,1.53,False,-100.0
2012-01-21,2011,H,H,0.5112371451962358,0.2731636861628927,0.2155991686408714,2.0,3.4,3.8,H,2.0,True,100.0
2012-01-21,2011,A,A,0.30184657987746283,0.2995666946103946,0.3985867255121425,1.91,3.4,4.2,A,4.2,True,320.0
2012-01-21,2011,H,H,0.4867183671748358,0.3205625023580173,0.19271913046714687,1.91,3.4,4.2,H,1.91,True,90.99999999999999
2012-01-21,2011,A,H,0.3794229218986334,0.29164702893058697,0.3289300491707796,2.5,3.25,2.88,H,2.5,False,-100.0
2012-01-21,2011,H,H,0.42074533088992777,0.27965672613845405,0.29959794297161824,2.0,3.4,3.8,H,2.0,True,100.0
2012-01-22,2011,A,H,0.37664103283673483,0.25396511991758514,0.3693938472456801,2.8,3.4,2.5,H,2.8,False,-100.0
2012-01-22,2011,H,H,0.39191657274979225,0.2823849087618198,0.3256985184883879,1.91,3.6,4.0,H,1.91,True,90.99999999999999
2012-01-31,2011,H,H,0.6165042365184489,0.24736610534184525,0.13612965813970584,1.22,6.0,15.0,H,1.22,True,21.999999999999996
2012-01-31,2011,H,H,0.732793513219085,0.16122625096150622,0.1059802358194088,1.33,5.0,10.0,H,1.33,True,33.00000000000001
2012-01-31,2011,D,H,0.4537663086087895,0.310095748931921,0.23613794245928946,4.0,3.25,2.0,H,4.0,False,-100.0
2012-01-31,2011,A,A,0.2738583104155315,0.2670711931448396,0.4590704964396289,5.0,3.8,1.7,A,1.7,True,70.0
2012-01-31,2011,H,H,0.3807111761510084,0.2631758925300131,0.35611293131897853,4.33,3.5,1.85,H,4.33,True,333.0
2012-02-01,2011,D,A,0.2591633941080684,0.26322817223756245,0.47760843365436917,5.0,3.75,1.7,A,1.7,False,-100.0
2012-02-01,2011,D,H,0.4812017893360038,0.22878563866061086,0.2900125720033853,1.83,3.5,4.5,H,1.83,False,-100.0
2012-02-01,2011,D,H,0.4052057166724756,0.2714505344916991,0.3233437488358253,1.8,3.5,4.75,H,1.8,False,-100.0
2012-02-01,2011,A,A,0.3408774090664648,0.3163564317857523,0.3427661591477829,2.63,3.3,2.7,A,2.7,True,170.00000000000003
2012-02-01,2011,H,H,0.47003368487243335,0.2885983140816171,0.24136800104594947,1.91,3.5,4.2,H,1.91,True,90.99999999999999
2012-02-04,2011,A,H,0.6237309033366164,0.22582167807710093,0.15044741858628255,1.91,3.6,4.0,H,1.91,False,-100.0
2012-02-04,2011,H,H,0.6654910925633276,0.21744018418509067,0.11706872325158178,1.29,5.5,11.0,H,1.29,True,29.000000000000004
2012-02-04,2011,H,H,0.6542666088817781,0.2349645770464376,0.1107688140717843,1.3,5.5,10.0,H,1.3,True,30.000000000000004
2012-02-04,2011,H,H,0.4539855299086699,0.2789613665033893,0.26705310358794077,2.0,3.5,3.75,H,2.0,True,100.0
2012-02-04,2011,D,A,0.31319368150800675,0.2590874291231564,0.42771888936883684,3.5,3.4,2.1,A,2.1,False,-100.0
2012-02-04,2011,A,H,0.5261299331379292,0.24926684284877254,0.2246032240132982,2.1,3.3,3.6,H,2.1,False,-100.0
2012-02-04,2011,A,H,0.41622940799007396,0.21762180710536883,0.3661487849045572,2.25,3.25,3.3,H,2.25,False,-100.0
2012-02-05,2011,D,H,0.49024707917315874,0.2538926400157416,0.2558602808110997,2.5,3.3,2.88,H,2.5,False,-100.0
2012-02-05,2011,H,H,0.4503586107341932,0.20368013524112283,0.3459612540246839,2.0,3.4,3.8,H,2.0,True,100.0
2012-02-06,2011,D,H,0.527446205109907,0.2877450728640216,0.18480872202607132,2.0,3.4,3.8,H,2.0,False,-100.0
2012-02-11,2011,H,H,0.4171745878482713,0.23685986450825128,0.34596554764347737,2.38,3.3,3.0,H,2.38,True,138.0
2012-02-11,2011,H,H,0.5321951109032741,0.2750432099845354,0.19276167911219053,1.85,3.6,4.33,H,1.85,True,85.00000000000001
2012-02-11,2011,H,H,0.561371853787287,0.2821437207426543,0.15648442547005867,1.91,3.5,4.0,H,1.91,True,90.99999999999999
2012-02-11,2011,A,H,0.4136216752629691,0.36079936162000364,0.2255789631170272,2.0,3.5,3.75,H,2.0,False,-100.0
2012-02-11,2011,A,H,0.5590143472137031,0.269561522887703,0.17142412989859382,1.83,3.5,4.5,H,1.83,False,-100.0
2012-02-11,2011,H,H,0.5945455662713928,0.2597940993586922,0.14566033436991505,1.44,4.33,7.5,H,1.44,True,43.99999999999999
2012-02-11,2011,A,A,0.26993545119609164,0.28346938803646415,0.44659516076744415,3.5,3.4,2.1,A,2.1,True,110.00000000000001
2012-02-11,2011,H,A,0.34989971166939665,0.2920014876387833,0.35809880069182015,3.25,3.3,2.25,A,2.25,False,-100.0
2012-02-12,2011,A,A,0.3618175408835607,0.21338340888559995,0.42479905023083936,5.5,3.6,1.67,A,1.67,True,67.0
2012-02-12,2011,A,H,0.5210993005530824,0.26973355529566023,0.20916714415125734,2.5,3.25,2.88,H,2.5,False,-100.0
2012-02-25,2011,D,H,0.5694167610866787,0.1932485112316298,0.2373347276816915,2.75,3.25,2.63,H,2.75,False,-100.0
2012-02-25,2011,H,H,0.5473271243165784,0.29067812405189725,0.1619947516315244,2.4,3.25,3.0,H,2.4,True,140.0
2012-02-25,2011,A,H,0.47292856295081814,0.27333881561912143,0.25373262143006053,2.63,3.25,2.75,H,2.63,False,-100.0
2012-02-25,2011,D,H,0.7200511014697105,0.17779119738755386,0.10215770114273565,1.57,4.0,6.0,H,1.57,False,-100.0
2012-02-25,2011,H,H,0.6735040805301429,0.21866000511470374,0.1078359143551534,1.29,5.5,11.0,H,1.29,True,29.000000000000004
2012-02-25,2011,H,H,0.6158829109624918,0.2819515452931803,0.10216554374432796,1.17,7.0,17.0,H,1.17,True,16.999999999999993
2012-02-26,2011,A,A,0.29347691051128927,0.2911216583285878,0.41540143116012307,6.5,4.0,1.53,A,1.53,True,53.0
2012-02-26,2011,H,A,0.3665636944860568,0.25715638256549916,0.37627992294844415,2.5,3.4,2.75,A,2.75,False,-100.0
2012-02-26,2011,H,H,0.46682385234449963,0.2591712819546023,0.27400486570089805,2.1,3.4,3.5,H,2.1,True,110.00000000000001
2012-03-03,2011,D,H,0.39487098237719875,0.26487164135950464,0.3402573762632966,2.38,3.4,3.0,H,2.38,False,-100.0
2012-03-03,2011,H,H,0.8244674574224051,0.11462607043972282,0.060906472137872036,1.13,8.5,21.0,H,1.13,True,12.99999999999999
2012-03-03,2011,A,H,0.5428733888081055,0.25780663801445053,0.1993199731774439,2.0,3.5,3.75,H,2.0,False,-100.0
2012-03-03,2011,D,H,0.4400100464198667,0.3166693782079351,0.24332057537219823,3.1,3.25,2.38,H,3.1,False,-100.0
2012-03-03,2011,H,H,0.4935136008502292,0.26262271167928575,0.24386368747048504,1.83,3.5,4.5,H,1.83,True,83.0
2012-03-03,2011,A,H,0.39825809347193336,0.2609615541664558,0.3407803523616109,2.5,3.25,2.88,H,2.5,False,-100.0
2012-03-03,2011,H,H,0.47023698620871585,0.20504160377243918,0.32472141001884497,4.2,3.4,1.91,H,4.2,True,320.0
2012-03-04,2011,H,H,0.6553392778540056,0.19435598229563142,0.15030473985036308,1.57,3.75,6.5,H,1.57,True,57.00000000000001
2012-03-04,2011,D,H,0.42977243477686233,0.2923516949556059,0.27787587026753174,2.1,3.4,3.5,H,2.1,False,-100.0
2012-03-04,2011,A,H,0.357245467261229,0.31056233996458354,0.3321921927741875,2.88,3.4,2.4,H,2.88,False,-100.0
2012-03-10,2011,A,A,0.35632488282038816,0.24642334822185075,0.39725176895776104,2.38,3.3,3.0,A,3.0,True,200.0
2012-03-10,2011,H,H,0.42564044357630587,0.270223742192886,0.3041358142308082,3.8,3.4,2.0,H,3.8,True,280.0
2012-03-10,2011,H,A,0.3145223792102558,0.2777102385929194,0.40776738219682485,2.88,3.25,2.5,A,2.5,False,-100.0
2012-03-10,2011,H,H,0.42750752123114877,0.2834703110989763,0.289022167669875,2.5,3.25,2.88,H,2.5,True,150.0
2012-03-10,2011,H,H,0.4655960603052016,0.28879088109398277,0.24561305860081561,2.5,3.25,2.88,H,2.5,True,150.0
2012-03-10,2011,H,H,0.6208543372165152,0.22897906823729572,0.15016659454618908,1.4,4.5,8.5,H,1.4,True,39.99999999999999
2012-03-11,2011,H,A,0.27973340357544424,0.26125913848110494,0.4590074579434509,6.0,3.75,1.62,A,1.62,False,-100.0
2012-03-11,2011,D,H,0.5330743513651476,0.2812716555481008,0.18565399308675157,1.83,3.6,4.33,H,1.83,False,-100.0
2012-03-11,2011,H,H,0.49915060154820007,0.3027746182083946,0.19807478024340539,1.29,5.5,11.0,H,1.29,True,29.000000000000004
2012-03-12,2011,H,H,0.5862109551228875,0.2901714945537139,0.12361755032339865,1.44,4.33,7.5,H,1.44,True,43.99999999999999
2012-03-13,2011,H,H,0.5845510740755254,0.23553788965269118,0.17991103627178343,1.73,3.4,5.5,H,1.73,True,73.0
2012-03-17,2011,D,A,0.27938095488443687,0.2727281054253425,0.4478909396902207,2.75,3.3,2.6,A,2.6,False,-100.0
2012-03-17,2011,A,H,0.4899888667754819,0.2846716633874023,0.22533946983711572,1.83,3.5,4.5,H,1.83,False,-100.0
2012-03-18,2011,A,A,0.27315873016316294,0.1944066911091424,0.5324345787276946,9.0,5.0,1.33,A,1.33,True,33.00000000000001
2012-03-18,2011,H,H,0.48002347799350464,0.30241113948444104,0.21756538252205435,1.8,3.6,4.5,H,1.8,True,80.0
2012-03-20,2011,H,H,0.3850547793654289,0.26598170556728923,0.3489635150672818,2.4,3.4,2.88,H,2.4,True,140.0
2012-03-21,2011,A,A,0.30192950184173867,0.3337685398371539,0.3643019583211074,3.0,3.4,2.3,A,2.3,True,129.99999999999997
2012-03-21,2011,H,H,0.5108212379098084,0.18992108395772567,0.2992576781324659,1.91,3.6,4.0,H,1.91,True,90.99999999999999
2012-03-21,2011,H,H,0.45637932690923827,0.25271011047130537,0.2909105626194563,5.0,3.6,1.73,H,5.0,True,400.0
2012-03-21,2011,D,H,0.6605825301347296,0.23489746166984074,0.10452000819542968,1.4,4.5,8.5,H,1.4,False,-100.0
2012-03-24,2011,H,H,0.4425114809790281,0.2665489034969761,0.29093961552399583,2.0,3.4,3.8,H,2.0,True,100.0
2012-03-24,2011,D,A,0.3217114239234895,0.3247770914128763,0.35351148466363425,6.0,3.75,1.62,A,1.62,False,-100.0
2012-03-24,2011,A,H,0.49584688988661796,0.31035498262030353,0.19379812749307854,2.2,3.25,3.4,H,2.2,False,-100.0
2012-03-24,2011,H,H,0.5457442337947219,0.28392283272140306,0.170332933483875,1.73,3.75,4.75,H,1.73,True,73.0
2012-03-24,2011,D,H,0.620441782380725,0.2018411651318225,0.17771705248745248,1.83,3.6,4.33,H,1.83,False,-100.0
2012-03-24,2011,A,H,0.4509055282577967,0.29073964328705876,0.2583548284551446,1.29,5.5,11.0,H,1.29,False,-100.0
2012-03-24,2011,H,H,0.46440001510746626,0.25339920589860215,0.28220077899393164,2.4,3.4,2.9,H,2.4,True,140.0
2012-03-24,2011,H,H,0.7324250904331038,0.19292823305977583,0.07464667650712038,1.33,5.0,10.0,H,1.33,True,33.00000000000001
2012-03-25,2011,A,H,0.39743284772377224,0.2542772499603075,0.3482899023159203,2.3,3.4,3.1,H,2.3,False,-100.0
2012-03-26,2011,H,H,0.6111986919060374,0.29039894987225434,0.09840235822170827,1.22,6.0,15.0,H,1.22,True,21.999999999999996
2012-03-31,2011,H,H,0.45525515155624907,0.28616771804505997,0.25857713039869096,1.83,3.5,4.5,H,1.83,True,83.0
2012-03-31,2011,H,H,0.5666545903575733,0.28642087263561083,0.14692453700681585,2.63,3.25,2.75,H,2.63,True,163.0
2012-03-31,2011,A,H,0.4184742976727453,0.31184022591820804,0.26968547640904666,2.3,3.4,3.1,H,2.3,False,-100.0
2012-03-31,2011,H,A,0.30658762748843355,0.22873978718017537,0.4646725853313911,5.5,4.2,1.57,A,1.57,False,-100.0
2012-03-31,2011,A,H,0.38278643428854825,0.2735997325672191,0.3436138331442328,4.5,3.5,1.83,H,4.5,False,-100.0
2012-03-31,2011,H,H,0.5401925421297865,0.24036240391801647,0.21944505395219707,1.7,3.75,5.0,H,1.7,True,70.0
2012-03-31,2011,D,H,0.763998237134889,0.14364506702001453,0.09235669584509643,1.22,6.5,12.0,H,1.22,False,-100.0
2012-04-01,2011,H,H,0.5751183516066124,0.23249227126558014,0.1923893771278075,1.4,4.5,8.5,H,1.4,True,39.99999999999999
2012-04-01,2011,H,A,0.35689491102132576,0.2710186532945192,0.37208643568415506,2.88,3.4,2.4,A,2.4,False,-100.0
2012-04-02,2011,A,A,0.29218111339491865,0.21981136289847125,0.48800752370661016,9.0,4.75,1.36,A,1.36,True,36.00000000000001
2012-04-06,2011,A,H,0.37696082574837414,0.31238839952598213,0.3106507747256437,2.4,3.4,2.88,H,2.4,False,-100.0
2012-04-07,2011,H,H,0.5054025400835838,0.25767487292564767,0.2369225869907685,1.91,3.6,4.0,H,1.91,True,90.99999999999999
2012-04-07,2011,D,H,0.382499714582403,0.3086470896845402,0.30885319573305675,3.3,3.4,2.2,H,3.3,False,-100.0
2012-04-07,2011,H,H,0.5472760668832224,0.210949757182332,0.24177417593444564,1.57,4.0,6.0,H,1.57,True,57.00000000000001
2012-04-07,2011,D,H,0.6413632119725533,0.2308868393494025,0.12774994867804432,1.44,4.33,7.5,H,1.44,False,-100.0
2012-04-07,2011,H,H,0.5078057164756052,0.32223097192040884,0.1699633116039859,1.25,6.0,12.0,H,1.25,True,25.0
2012-04-07,2011,A,H,0.4673519275012141,0.2614586508493229,0.27118942164946297,2.6,3.3,2.75,H,2.6,False,-100.0
2012-04-07,2011,D,H,0.371526697192709,0.3179174919938925,0.3105558108133985,3.0,3.3,2.4,H,3.0,False,-100.0
2012-04-08,2011,H,H,0.3918434844473703,0.2536784929090427,0.354478022643587,2.4,3.4,2.88,H,2.4,True,140.0
2012-04-08,2011,H,H,0.6959428398479027,0.2249890115854971,0.07906814856660027,1.17,7.5,15.0,H,1.17,True,16.999999999999993
2012-04-09,2011,H,H,0.493132486689386,0.3071313486381491,0.1997361646724649,1.83,3.5,4.5,H,1.83,True,83.0
2012-04-09,2011,D,H,0.42396700707146934,0.23123731076091458,0.3447956821676161,2.2,3.3,3.4,H,2.2,False,-100.0
2012-04-09,2011,H,H,0.5897440699953408,0.2440841677819833,0.16617176222267596,1.53,4.2,6.0,H,1.53,True,53.0
2012-04-09,2011,A,H,0.7349323414387873,0.16297537902270723,0.10209227953850541,1.29,5.5,11.0,H,1.29,False,-100.0
2012-04-09,2011,D,A,0.32404941543357463,0.290771946994532,0.3851786375718933,3.5,3.4,2.1,A,2.1,False,-100.0
2012-04-10,2011,A,H,0.3804712820043834,0.26341012694425187,0.3561185910513647,3.5,3.4,2.1,H,3.5,False,-100.0
2012-04-11,2011,H,H,0.7318566215535682,0.2265846622881039,0.04155871615832781,1.25,5.5,13.0,H,1.25,True,25.0
2012-04-11,2011,H,H,0.4567000564109522,0.25705012410425754,0.2862498194847902,2.1,3.4,3.5,H,2.1,True,110.00000000000001
2012-04-11,2011,H,A,0.2027512447148597,0.1788599774122331,0.6183887778729072,9.0,4.75,1.36,A,1.36,False,-100.0
2012-04-11,2011,A,A,0.2588771379274472,0.1816272588324236,0.5594956032401291,7.0,4.5,1.44,A,1.44,True,43.99999999999999
2012-04-14,2011,H,H,0.4105150466325617,0.231109414578644,0.3583755387887943,2.1,3.4,3.5,H,2.1,True,110.00000000000001
2012-04-14,2011,A,A,0.2520916045208917,0.20426892554607703,0.5436394699330314,6.0,4.2,1.53,A,1.53,True,53.0
2012-04-14,2011,D,H,0.5553414866563099,0.27153804575379853,0.17312046758989166,1.5,4.2,6.5,H,1.5,False,-100.0
2012-04-14,2011,H,H,0.45734054895195503,0.27536404152040095,0.26729540952764413,1.91,3.5,4.0,H,1.91,True,90.99999999999999
2012-04-15,2011,H,H,0.7009206604098254,0.16981774688848572,0.12926159270168894,1.22,6.5,13.0,H,1.22,True,21.999999999999996
2012-04-16,2011,A,H,0.5493618646297064,0.30662887680808565,0.14400925856220795,1.25,6.0,12.0,H,1.25,False,-100.0
2012-04-21,2011,H,H,0.6833287019854443,0.20844354433584036,0.1082277536787153,1.67,3.75,5.5,H,1.67,True,67.0
2012-04-21,2011,H,H,0.40162659311180215,0.30186527901611465,0.29650812787208325,1.91,3.6,4.0,H,1.91,True,90.99999999999999
2012-04-21,2011,H,H,0.3791849028997385,0.2761187270278512,0.34469637007241033,4.0,3.6,1.91,H,4.0,True,300.0
2012-04-21,2011,D,H,0.40603938184448324,0.288704696124928,0.30525592203058866,2.2,3.3,3.4,H,2.2,False,-100.0
2012-04-21,2011,H,H,0.4059336770165209,0.21187338311703566,0.3821929398664434,2.1,3.4,3.5,H,2.1,True,110.00000000000001
2012-04-21,2011,D,H,0.46224019454171716,0.21749388657825172,0.32026591888003114,2.3,3.3,3.2,H,2.3,False,-100.0
2012-04-21,2011,D,H,0.4707114441316486,0.3011274674118965,0.22816108845645489,2.0,3.6,3.6,H,2.0,False,-100.0
2012-04-22,2011,D,H,0.6550219007990411,0.20664326878972186,0.13833483041123715,1.3,5.0,11.0,H,1.3,False,-100.0
2012-04-22,2011,A,A,0.10195612768509395,0.19129555123795705,0.7067483210769491,12.0,6.5,1.22,A,1.22,True,21.999999999999996
2012-04-22,2011,A,H,0.6277713767794327,0.22565936658575558,0.1465692566348116,1.44,4.33,7.5,H,1.44,False,-100.0
2012-04-24,2011,A,H,0.39098973607357834,0.2627227295262878,0.3462875344001339,1.91,3.5,4.0,H,1.91,False,-100.0
2012-04-28,2011,D,A,0.37055126037527253,0.22453931868573998,0.40490942093898746,4.33,3.6,1.83,A,1.83,False,-100.0
2012-04-28,2011,H,H,0.5202594770603262,0.3201531748199043,0.15958734811976946,1.83,3.5,4.5,H,1.83,True,83.0
2012-04-28,2011,A,H,0.45678709929596756,0.23161214923218684,0.31160075147184557,3.8,3.4,2.0,H,3.8,False,-100.0
2012-04-28,2011,D,H,0.4348118948309035,0.2556419644166365,0.30954614075245995,2.0,3.5,3.75,H,2.0,False,-100.0
2012-04-28,2011,D,H,0.3921425291734617,0.2899381291720858,0.3179193416544525,2.1,3.4,3.5,H,2.1,False,-100.0
2012-04-28,2011,D,H,0.5061886085783786,0.3346751724984622,0.15913621892315935,1.53,4.0,6.5,H,1.53,False,-100.0
2012-04-28,2011,H,H,0.411957038922532,0.2738703066208026,0.3141726544566654,2.8,3.4,2.5,H,2.8,True,179.99999999999997
2012-04-29,2011,H,H,0.614964213701461,0.27138153945048077,0.11365424684805824,1.4,4.5,8.5,H,1.4,True,39.99999999999999
2012-04-29,2011,H,H,0.55090125915793,0.2966877342614507,0.15241100658061926,1.36,5.0,8.0,H,1.36,True,36.00000000000001
2012-04-30,2011,H,H,0.41711007842575515,0.27649945856281316,0.30639046301143164,2.1,3.5,3.4,H,2.1,True,110.00000000000001
2012-05-01,2011,D,H,0.5301654488900435,0.20069464823723418,0.2691399028727223,2.75,3.25,2.6,H,2.75,False,-100.0
2012-05-01,2011,A,H,0.5323216067921301,0.27416174157277884,0.193516651635091,1.62,4.0,5.5,H,1.62,False,-100.0
2012-05-02,2011,A,H,0.379886659998669,0.3219464772890984,0.29816686271223264,4.0,3.6,1.91,H,4.0,False,-100.0
2012-05-02,2011,A,H,0.6191762903413233,0.3169291125612635,0.06389459709741335,1.5,4.33,6.5,H,1.5,False,-100.0
2012-05-05,2011,D,H,0.561291963111459,0.2228140636160083,0.2158939732725326,1.22,6.5,12.0,H,1.22,False,-100.0
2012-05-06,2011,D,A,0.2542238587807508,0.2841980774205887,0.4615780637986604,5.0,3.75,1.7,A,1.7,False,-100.0
2012-05-06,2011,A,A,0.2531952169589478,0.28397635982320985,0.4628284232178424,5.0,4.0,1.67,A,1.67,True,67.0
2012-05-06,2011,H,H,0.776465428258022,0.16983449961664912,0.053700072125328846,1.17,7.0,17.0,H,1.17,True,16.999999999999993
2012-05-06,2011,H,H,0.5918304691472246,0.24169007777835372,0.16647945307442172,1.83,3.75,4.2,H,1.83,True,83.0
2012-05-06,2011,D,H,0.5386441404341903,0.2515670690029108,0.2097887905628989,2.0,3.5,3.75,H,2.0,False,-100.0
2012-05-06,2011,D,H,0.39904950727113464,0.24786948595952926,0.3530810067693361,4.2,3.75,1.83,H,4.2,False,-100.0
2012-05-06,2011,H,H,0.49186751771099674,0.27879624062225006,0.22933624166675323,1.83,3.6,4.33,H,1.83,True,83.0
2012-05-07,2011,A,H,0.41601414503998785,0.249148378253629,0.3348374767063831,2.4,3.5,2.88,H,2.4,False,-100.0
2012-05-08,2011,H,H,0.6012781008022722,0.19192813584661408,0.20679376335111363,2.1,3.5,3.4,H,2.1,True,110.00000000000001
2012-05-13,2011,D,H,0.4176167316114392,0.27939715473449983,0.302986113654061,2.38,3.5,2.88,H,2.38,False,-100.0
2012-05-13,2011,H,H,0.5322317947828508,0.28983468621694325,0.17793351900020601,1.3,5.5,10.0,H,1.3,True,30.000000000000004
2012-05-13,2011,H,H,0.48560909643393035,0.29844289242686267,0.21594801113920706,2.2,3.5,3.2,H,2.2,True,120.00000000000001
2012-05-13,2011,H,H,0.6697411716441195,0.2191568896309621,0.11110193872491843,1.13,9.0,19.0,H,1.13,True,12.99999999999999
2012-05-13,2011,H,H,0.3520561801418797,0.30224027220246663,0.34570354765565364,2.2,3.4,3.25,H,2.2,True,120.00000000000001
2012-05-13,2011,H,H,0.39802443237137025,0.2886710329884891,0.3133045346401406,3.4,3.5,2.1,H,3.4,True,240.0
2012-05-13,2011,H,H,0.63924851247713,0.22501577645033188,0.13573571107253804,1.4,4.5,8.5,H,1.4,True,39.99999999999999
2012-05-13,2011,A,A,0.3181393003587507,0.3326693945800764,0.34919130506117296,5.0,4.0,1.67,A,1.67,True,67.0
2012-05-13,2011,H,H,0.5282338525418105,0.31577802436234675,0.15598812309584276,1.57,4.0,6.0,H,1.57,True,57.00000000000001
2012-05-13,2011,A,A,0.24257996739809826,0.22223132663232323,0.5351887059695786,7.0,4.5,1.44,A,1.44,True,43.99999999999999
2012-08-18,2012,H,H,0.4012928827132097,0.2804257837516148,0.3182813335351755,2.5,3.4,2.75,H,2.5,True,150.0
2012-08-18,2012,A,H,0.5130060657782379,0.1949901593321458,0.2920037748896162,2.0,3.4,3.8,H,2.0,False,-100.0
2012-08-18,2012,D,H,0.6204702948246799,0.258949790258699,0.12057991491662119,1.4,4.5,8.5,H,1.4,False,-100.0
2012-08-18,2012,H,H,0.5057213009651916,0.26271495029478653,0.23156374874002186,1.8,3.6,4.5,H,1.8,True,80.0
2012-08-18,2012,D,H,0.43602939292458903,0.2790558040730531,0.2849148030023579,2.38,3.25,3.1,H,2.38,False,-100.0
2012-08-18,2012,H,H,0.48148037460190846,0.3590662464043974,0.1594533789936942,2.2,3.3,3.4,H,2.2,True,120.00000000000001
2012-08-18,2012,H,H,0.4859751162216844,0.25491532000058376,0.25910956377773187,4.2,3.5,1.91,H,4.2,True,320.0
2012-08-19,2012,H,H,0.8241668956314477,0.08713295175763429,0.08870015261091801,1.17,7.0,17.0,H,1.17,True,16.999999999999993
2012-08-19,2012,A,A,0.27384642690818284,0.27439908801522567,0.4517544850765915,6.0,3.75,1.62,A,1.62,True,62.000000000000014
2012-08-20,2012,H,A,0.3292498569437902,0.1950971857952921,0.47565295726091783,4.33,3.6,1.83,A,1.83,False,-100.0
2012-08-22,2012,H,H,0.6441861795244934,0.2310382513780632,0.1247755690974434,1.25,5.5,13.0,H,1.25,True,25.0
2012-08-25,2012,H,H,0.48691069736409665,0.2173810313952124,0.295708271240691,2.1,3.3,3.6,H,2.1,True,110.00000000000001
2012-08-25,2012,H,H,0.5807412091929688,0.25883316986997035,0.1604256209370609,1.29,5.5,11.0,H,1.29,True,29.000000000000004
2012-08-25,2012,D,H,0.5685938013257511,0.31481023576529926,0.1165959629089496,1.5,4.33,6.5,H,1.5,False,-100.0
2012-08-25,2012,A,H,0.46183239678775184,0.24230670834320067,0.2958608948690475,2.1,3.4,3.5,H,2.1,False,-100.0
2012-08-25,2012,A,H,0.38603630580910586,0.23666620652421946,0.37729748766667465,2.9,3.4,2.4,H,2.9,False,-100.0
2012-08-25,2012,H,H,0.5068908408214772,0.27209939843532854,0.2210097607431943,1.5,4.33,6.5,H,1.5,True,50.0
2012-08-25,2012,D,H,0.493755465016992,0.22799026516856313,0.2782542698144448,2.25,3.4,3.2,H,2.25,False,-100.0
2012-08-26,2012,D,H,0.41815939850025236,0.18660941706201215,0.39523118443773547,3.5,3.4,2.1,H,3.5,False,-100.0
2012-08-26,2012,D,A,0.37138350312700735,0.19566611457191416,0.4329503823010786,3.1,3.4,2.3,A,2.3,False,-100.0
2012-09-01,2012,H,H,0.7393140749151965,0.10401827193601106,0.15666765314879233,1.18,7.0,15.0,H,1.18,True,17.999999999999993
2012-09-01,2012,D,H,0.39939359042368894,0.2672273934465798,0.33337901612973136,2.2,3.3,3.4,H,2.2,False,-100.0
2012-09-01,2012,D,H,0.7408981332136277,0.17455475089296582,0.08454711589340641,1.36,5.0,8.5,H,1.36,False,-100.0
2012-09-01,2012,H,H,0.45621086567159636,0.22731781997197206,0.31647131435643155,3.0,3.3,2.38,H,3.0,True,200.0
2012-09-01,2012,H,A,0.3723862289067296,0.2284533720251206,0.3991603990681498,2.5,3.25,2.88,A,2.88,False,-100.0
2012-09-01,2012,D,H,0.5545693980736005,0.27527885620722875,0.1701517457191708,2.25,3.25,3.3,H,2.25,False,-100.0
2012-09-02,2012,D,H,0.6741943391251782,0.18179418548978196,0.1440114753850398,1.62,3.75,6.0,H,1.62,False,-100.0
2012-09-02,2012,A,H,0.5199678477713654,0.28490411852470815,0.19512803370392642,2.0,3.5,3.75,H,2.0,False,-100.0
2012-09-02,2012,A,A,0.22482267886104004,0.20323047684763404,0.5719468442913259,6.0,4.2,1.53,A,1.53,True,53.0
2012-09-15,2012,H,H,0.5241964851405142,0.2546634227058127,0.2211400921536731,1.25,6.0,12.0,H,1.25,True,25.0
2012-09-15,2012,H,H,0.5707353190015936,0.282996482115589,0.14626819888281736,1.36,5.0,8.5,H,1.36,True,36.00000000000001
2012-09-15,2012,H,H,0.41715211486829507,0.2580043443495095,0.3248435407821954,2.38,3.25,3.1,H,2.38,True,138.0
2012-09-15,2012,H,H,0.5256346720453233,0.19014080615795423,0.2842245217967225,2.1,3.4,3.5,H,2.1,True,110.00000000000001
2012-09-15,2012,D,A,0.2337348304976592,0.26706940376834626,0.49919576573399455,4.5,3.5,1.83,A,1.83,False,-100.0
2012-09-15,2012,D,A,0.3530537147768476,0.21856618764202476,0.4283800975811276,5.0,3.6,1.73,A,1.73,False,-100.0
2012-09-15,2012,D,H,0.4406166293010902,0.2513215546260714,0.3080618160728384,2.38,3.4,3.0,H,2.38,False,-100.0
2012-09-15,2012,D,H,0.4232956930425116,0.1739769677604953,0.40272733919699316,3.4,3.3,2.2,H,3.4,False,-100.0
2012-09-16,2012,A,H,0.4321085468063766,0.24443883678920209,0.3234526164044213,3.75,3.5,2.0,H,3.75,False,-100.0
2012-09-17,2012,D,H,0.5191979942132946,0.2917911857023369,0.1890108200843684,1.73,3.6,5.0,H,1.73,False,-100.0
2012-09-22,2012,A,H,0.44654167642337333,0.2448270094072134,0.3086313141694133,2.4,3.3,3.0,H,2.4,False,-100.0
2012-09-22,2012,D,H,0.4373724518084195,0.37265755065497586,0.18996999753660462,2.1,3.3,3.6,H,2.1,False,-100.0
2012-09-22,2012,H,H,0.5674495495069976,0.2764061188507498,0.15614433164225275,1.73,3.75,4.75,H,1.73,True,73.0
2012-09-22,2012,H,H,0.4158093726766534,0.2797080579843816,0.304482569338965,2.4,3.3,3.0,H,2.4,True,140.0
2012-09-22,2012,H,H,0.640837070079965,0.24244440639663042,0.11671852352340456,1.36,4.75,9.0,H,1.36,True,36.00000000000001
2012-09-22,2012,A,A,0.35468151534892217,0.2870039808579274,0.3583145037931505,3.0,3.3,2.4,A,2.4,True,140.0
2012-09-23,2012,H,H,0.6158729095812238,0.2699349341385591,0.1141921562802171,1.44,4.33,7.5,H,1.44,True,43.99999999999999
2012-09-23,2012,H,H,0.5363243875729142,0.23249287274058314,0.23118273968650263,1.8,3.6,4.5,H,1.8,True,80.0
2012-09-23,2012,A,H,0.413852927860961,0.267602546819472,0.318544525319567,2.7,3.3,2.63,H,2.7,False,-100.0
2012-09-23,2012,D,H,0.7176017782637546,0.16940671012165207,0.11299151161459331,1.75,3.6,4.75,H,1.75,False,-100.0
2012-09-29,2012,A,H,0.42517800886158125,0.2099948490081822,0.36482714213023665,4.75,3.75,1.73,H,4.75,False,-100.0
2012-09-29,2012,H,H,0.42859581617691916,0.2786505438372748,0.292753639985806,1.91,3.4,4.2,H,1.91,True,90.99999999999999
2012-09-29,2012,D,H,0.41627818168838265,0.24471236543722966,0.33900945287438766,2.88,3.3,2.5,H,2.88,False,-100.0
2012-09-29,2012,H,A,0.3209721542987611,0.2722657931786408,0.40676205252259806,2.0,3.4,3.8,A,3.8,False,-100.0
2012-09-29,2012,A,H,0.605247532864135,0.24963135185213225,0.1451211152837327,1.57,4.0,6.0,H,1.57,False,-100.0
2012-09-29,2012,H,H,0.43044772592043773,0.19433443043554832,0.37521784364401395,1.4,4.75,8.0,H,1.4,True,39.99999999999999
2012-09-29,2012,A,H,0.4316628778645795,0.27246249069084877,0.2958746314445717,2.1,3.4,3.5,H,2.1,False,-100.0
2012-09-29,2012,A,H,0.4451072170764987,0.243438757465792,0.31145402545770934,4.33,3.6,1.83,H,4.33,False,-100.0
2012-09-30,2012,D,A,0.3657995520493726,0.2480786735953244,0.386121774355303,2.4,3.3,3.0,A,3.0,False,-100.0
2012-10-01,2012,A,H,0.4964939432899536,0.24983975464385635,0.25366630206618995,2.05,3.4,3.75,H,2.05,False,-100.0
2012-10-06,2012,D,H,0.5159251820049467,0.28523015848114275,0.1988446595139106,1.91,3.6,4.0,H,1.91,False,-100.0
2012-10-06,2012,H,H,0.5726284134607447,0.2799373773976828,0.14743420914157254,1.29,5.5,11.0,H,1.29,True,29.000000000000004
2012-10-06,2012,H,H,0.6378008572171889,0.2551870337308511,0.10701210905195994,1.22,6.5,12.0,H,1.22,True,21.999999999999996
2012-10-06,2012,D,A,0.3523117453226765,0.22972244466310565,0.4179658100142179,4.2,3.4,1.91,A,1.91,False,-100.0
2012-10-06,2012,A,H,0.425913786167239,0.2662752010375328,0.3078110127952282,4.0,3.6,1.91,H,4.0,False,-100.0
2012-10-06,2012,H,H,0.5827645287304178,0.2688140419359378,0.14842142933364438,1.83,3.75,4.2,H,1.83,True,83.0
2012-10-07,2012,D,H,0.5046448997477462,0.3003152128461681,0.19503988740608577,1.44,4.33,7.5,H,1.44,False,-100.0
2012-10-07,2012,A,A,0.2735735147449372,0.2814947287649456,0.4449317564901172,4.2,3.75,1.83,A,1.83,True,83.0
2012-10-07,2012,D,H,0.5170633200165355,0.26412242356115406,0.21881425642231045,2.75,3.3,2.6,H,2.75,False,-100.0
2012-10-07,2012,H,H,0.6108925309430253,0.2521596853699552,0.13694778368701946,1.44,4.33,7.5,H,1.44,True,43.99999999999999
2012-10-20,2012,H,A,0.303419137419795,0.2107979192770637,0.4857829433031413,6.0,4.2,1.53,A,1.53,False,-100.0
2012-10-20,2012,H,H,0.4554207196624021,0.2791625753596559,0.265416704977942,1.8,3.6,4.5,H,1.8,True,80.0
2012-10-20,2012,H,H,0.6732487771786717,0.18712547187644377,0.13962575094488458,1.33,5.0,10.0,H,1.33,True,33.00000000000001
2012-10-20,2012,H,H,0.5384576403640371,0.2795772433600681,0.18196511627589473,1.29,5.5,11.0,H,1.29,True,29.000000000000004
2012-10-20,2012,H,H,0.4530627291481914,0.30664587444294256,0.24029139640886613,2.1,3.4,3.5,H,2.1,True,110.00000000000001
2012-10-20,2012,A,H,0.3974525829311699,0.2950113677996737,0.3075360492691565,2.5,3.4,2.75,H,2.5,False,-100.0
2012-10-20,2012,H,H,0.397038151806137,0.21839305749052332,0.3845687907033397,1.83,3.75,4.2,H,1.83,True,83.0
2012-10-20,2012,A,A,0.21926660545553014,0.2882889439332676,0.4924444506112023,5.0,3.75,1.7,A,1.7,True,70.0
2012-10-21,2012,D,A,0.3624148459901985,0.2382699507367704,0.3993152032730311,3.25,3.4,2.2,A,2.2,False,-100.0
2012-10-21,2012,D,H,0.3795540270960726,0.28255529856526324,0.3378906743386642,2.5,3.3,2.88,H,2.5,False,-100.0
2012-10-27,2012,H,H,0.3935099625127732,0.25922455335171013,0.34726548413551667,2.25,3.4,3.2,H,2.25,True,125.0
2012-10-27,2012,D,H,0.4360888411721973,0.2730306511808722,0.29088050764693046,1.95,3.3,4.2,H,1.95,False,-100.0
2012-10-27,2012,D,A,0.33897639189436984,0.285909075254692,0.37511453285093815,2.75,3.4,2.5,A,2.5,False,-100.0
2012-10-27,2012,H,H,0.6872837309116823,0.18434262164919693,0.1283736474391207,1.36,5.0,8.5,H,1.36,True,36.00000000000001
2012-10-27,2012,H,H,0.7339280295500691,0.14739717519243398,0.11867479525749702,1.22,6.0,15.0,H,1.22,True,21.999999999999996
2012-10-27,2012,D,H,0.5057522205298701,0.30737184106092535,0.18687593840920455,2.0,3.5,3.75,H,2.0,False,-100.0
2012-10-28,2012,A,H,0.39125665013660854,0.30381497193118223,0.3049283779322092,2.4,3.4,2.9,H,2.4,False,-100.0
2012-10-28,2012,D,H,0.5066626437591208,0.2253728004086114,0.26796455583226775,2.6,3.3,2.75,H,2.6,False,-100.0
2012-10-28,2012,H,H,0.4849175148025598,0.2472529985621953,0.26782948663524486,2.0,3.5,3.75,H,2.0,True,100.0
2012-10-28,2012,A,A,0.3593311132851622,0.26959819106860744,0.37107069564623024,4.2,3.75,1.83,A,1.83,True,83.0
2012-11-03,2012,D,A,0.3364005900899598,0.3205503577933622,0.34304905211667797,2.75,3.4,2.5,A,2.5,False,-100.0
2012-11-03,2012,H,H,0.44096926668177633,0.26011108657100274,0.298919646747221,2.6,3.3,2.75,H,2.6,True,160.0
2012-11-03,2012,H,H,0.3648422496442694,0.29458999628579136,0.3405677540699392,1.7,3.8,5.0,H,1.7,True,70.0
2012-11-03,2012,A,H,0.45562228721593084,0.26809010475459594,0.2762876080294732,2.1,3.3,3.6,H,2.1,False,-100.0
2012-11-03,2012,D,A,0.2816710600319553,0.2529001560834047,0.46542878388464,5.0,3.8,1.7,A,1.7,False,-100.0
2012-11-03,2012,A,H,0.5540940349782507,0.2619713479810118,0.1839346170407374,1.5,4.33,6.5,H,1.5,False,-100.0
2012-11-03,2012,D,A,0.3518655694973242,0.2285147263387496,0.4196197041639262,4.5,3.6,1.8,A,1.8,False,-100.0
2012-11-04,2012,D,H,0.4893079553315547,0.27736382772076196,0.23332821694768327,1.57,4.0,6.0,H,1.57,False,-100.0
2012-11-04,2012,D,H,0.4873549716220589,0.30455179813398586,0.2080932302439553,1.8,3.6,4.5,H,1.8,False,-100.0
2012-11-05,2012,H,H,0.5842460997210536,0.24448769791207373,0.17126620236687262,1.73,3.75,4.75,H,1.73,True,73.0
2012-11-10,2012,A,H,0.39209597506302546,0.26321208765439336,0.34469193728258124,2.3,3.4,3.1,H,2.3,False,-100.0
2012-11-10,2012,H,H,0.49541940155954184,0.2481117648957389,0.2564688335447192,1.91,3.4,4.2,H,1.91,True,90.99999999999999
2012-11-10,2012,D,A,0.3708274478122238,0.24527697251009173,0.3838955796776844,2.38,3.5,2.88,A,2.88,False,-100.0
2012-11-10,2012,H,H,0.5861970547823144,0.2265263059444779,0.1872766392732077,1.44,4.2,8.0,H,1.44,True,43.99999999999999
2012-11-10,2012,A,A,0.2215113908136518,0.23734148326336746,0.5411471259229806,7.0,4.5,1.44,A,1.44,True,43.99999999999999
2012-11-10,2012,D,H,0.5539408019643336,0.24094143803693402,0.20511775999873236,1.53,4.2,6.0,H,1.53,False,-100.0
2012-11-10,2012,D,H,0.44470224118825846,0.2870653912179091,0.26823236759383245,2.25,3.4,3.2,H,2.25,False,-100.0
2012-11-11,2012,H,H,0.7089621987246048,0.1577635431127413,0.13327425816265404,1.57,4.0,6.0,H,1.57,True,57.00000000000001
2012-11-11,2012,A,H,0.39578504700742106,0.2669301966133331,0.3372847563792459,1.95,3.6,3.8,H,1.95,False,-100.0
2012-11-11,2012,D,H,0.4294641869252791,0.283570503661077,0.28696530941364395,1.95,3.5,4.0,H,1.95,False,-100.0
2012-11-17,2012,A,H,0.5236153107906745,0.32447827046818706,0.15190641874113853,1.91,3.6,4.0,H,1.91,False,-100.0
2012-11-17,2012,H,A,0.20854656750580713,0.26012391968550763,0.5313295128086852,7.0,4.5,1.44,A,1.44,False,-100.0
2012-11-17,2012,H,A,0.3195363585038012,0.28114668085321576,0.399316960642983,4.33,3.6,1.83,A,1.83,False,-100.0
2012-11-17,2012,H,A,0.29998004971675857,0.3223782862429289,0.37764166404031246,3.75,3.5,2.0,A,2.0,False,-100.0
2012-11-17,2012,A,H,0.4912062045479317,0.26190285066063795,0.2468909447914304,1.91,3.6,4.0,H,1.91,False,-100.0
2012-11-17,2012,H,H,0.5504304483545716,0.284456780832131,0.16511277081329745,1.44,4.33,7.5,H,1.44,True,43.99999999999999
2012-11-17,2012,H,H,0.5816376625256794,0.24501103259100546,0.17335130488331507,1.91,3.75,3.8,H,1.91,True,90.99999999999999
2012-11-17,2012,H,H,0.6439086804015274,0.2293916332634435,0.126699686335029,1.2,6.5,15.0,H,1.2,True,19.999999999999996
2012-11-18,2012,A,H,0.6453197057366042,0.22099829499807566,0.13368199926532,1.67,3.75,5.25,H,1.67,False,-100.0
2012-11-19,2012,D,H,0.40997272814255076,0.29390091149239844,0.2961263603650508,2.0,3.4,3.8,H,2.0,False,-100.0
2012-11-24,2012,D,A,0.25830866769688793,0.23573714434961945,0.5059541879534927,4.75,3.75,1.73,A,1.73,False,-100.0
2012-11-24,2012,D,H,0.6516608968709016,0.21061040728549366,0.13772869584360486,1.44,4.33,7.5,H,1.44,False,-100.0
2012-11-24,2012,H,H,0.7671189850310244,0.1821516688536197,0.050729346115355865,1.17,7.5,15.0,H,1.17,True,16.999999999999993
2012-11-24,2012,A,H,0.4348235843596801,0.2576184734116811,0.30755794222863875,2.5,3.3,2.88,H,2.5,False,-100.0
2012-11-24,2012,H,H,0.4952192948304557,0.25381224931432556,0.25096845585521876,1.83,3.6,4.33,H,1.83,True,83.0
2012-11-24,2012,H,H,0.4827927263063841,0.24029867860362608,0.27690859508998983,2.2,3.3,3.4,H,2.2,True,120.00000000000001
2012-11-25,2012,D,H,0.4215984946986458,0.2650511329974606,0.31335037230389357,2.5,3.5,2.7,H,2.5,False,-100.0
2012-11-25,2012,H,H,0.41096497833069195,0.2770794891018497,0.3119555325674582,2.3,3.5,3.0,H,2.3,True,129.99999999999997
2012-11-25,2012,D,H,0.38954639458609996,0.28810087936160256,0.32235272605229753,3.4,3.5,2.1,H,3.4,False,-100.0
2012-11-25,2012,H,H,0.5203226421163852,0.23819648263916307,0.2414808752444517,1.67,3.75,5.5,H,1.67,True,67.0
2012-11-27,2012,H,H,0.3901416251300935,0.2697421244108484,0.3401162504590582,1.95,3.4,4.0,H,1.95,True,95.0
2012-11-27,2012,D,H,0.5171952943411162,0.24056908682217895,0.24223561883670483,2.25,3.25,3.3,H,2.25,False,-100.0
2012-11-28,2012,D,H,0.48330979582404315,0.23092464036637195,0.28576556380958484,2.5,3.4,2.75,H,2.5,False,-100.0
2012-11-28,2012,D,H,0.4133669095686012,0.29048842518455614,0.2961446652468426,2.0,3.4,3.8,H,2.0,False,-100.0
2012-11-28,2012,D,H,0.5259415820293841,0.27824108718733404,0.19581733078328178,1.44,4.5,7.0,H,1.44,False,-100.0
2012-11-28,2012,H,H,0.5554550013438345,0.2515728125877257,0.19297218606843983,1.22,6.5,12.0,H,1.22,True,21.999999999999996
2012-11-28,2012,A,A,0.25973358461736246,0.3035011805495113,0.43676523483312635,6.0,4.2,1.53,A,1.53,True,53.0
2012-11-28,2012,H,A,0.36505116828831624,0.23929290747243168,0.39565592423925205,2.4,3.4,2.88,A,2.88,False,-100.0
2012-11-28,2012,H,H,0.45526015168775946,0.24859480953072857,0.29614503878151194,2.3,3.4,3.1,H,2.3,True,129.99999999999997
2012-11-28,2012,H,H,0.43715385590636097,0.2440397892245265,0.3188063548691125,1.91,3.4,4.2,H,1.91,True,90.99999999999999
2012-12-01,2012,A,H,0.5979980237887172,0.24909853025824077,0.15290344595304192,1.44,4.5,7.0,H,1.44,False,-100.0
2012-12-01,2012,A,H,0.42103897408008933,0.2729981562291223,0.3059628696907883,2.88,3.3,2.5,H,2.88,False,-100.0
2012-12-01,2012,H,H,0.6531167122280066,0.1856867682778597,0.16119651949413372,1.4,4.5,8.5,H,1.4,True,39.99999999999999
2012-12-01,2012,D,H,0.6901948335733569,0.21264580280077336,0.09715936362586981,1.5,4.0,7.0,H,1.5,False,-100.0
2012-12-01,2012,D,H,0.44378973309417735,0.3012462050626552,0.25496406184316744,1.95,3.5,4.0,H,1.95,False,-100.0
2012-12-01,2012,A,A,0.30398049329491195,0.22387950956291594,0.4721399971421721,7.5,4.75,1.4,A,1.4,True,39.99999999999999
2012-12-01,2012,A,H,0.48815277175237415,0.24278862540275015,0.26905860284487565,2.1,3.25,3.75,H,2.1,False,-100.0
2012-12-01,2012,H,H,0.432986230034468,0.2597399059126378,0.3072738640528942,4.0,3.5,1.91,H,4.0,True,300.0
2012-12-02,2012,H,H,0.4333006947410207,0.25716362915802776,0.30953567610095156,2.1,3.3,3.6,H,2.1,True,110.00000000000001
2012-12-03,2012,H,H,0.5104909871097404,0.2755302889866646,0.21397872390359507,2.0,3.4,3.75,H,2.0,True,100.0
2012-12-08,2012,H,H,0.46729538922578334,0.265186382267202,0.2675182285070146,1.5,4.33,6.5,H,1.5,True,50.0
2012-12-08,2012,H,H,0.4492262615048637,0.27317950146534437,0.27759423702979197,1.91,3.6,4.0,H,1.91,True,90.99999999999999
2012-12-08,2012,D,A,0.3650146142326924,0.25035440278671733,0.3846309829805903,2.4,3.2,3.1,A,3.1,False,-100.0
2012-12-08,2012,D,H,0.6012995405015089,0.23682082529835916,0.161879634200132,2.3,3.4,3.1,H,2.3,False,-100.0
2012-12-08,2012,A,H,0.6455106224254809,0.24505972044987293,0.10942965712464614,1.8,3.6,4.5,H,1.8,False,-100.0
2012-12-08,2012,A,A,0.3518481605690875,0.27492344450042,0.3732283949304925,4.75,3.5,1.8,A,1.8,True,80.0
2012-12-09,2012,H,H,0.5689204751954907,0.2748339967701902,0.15624552803431913,2.0,3.5,3.75,H,2.0,True,100.0
2012-12-09,2012,A,H,0.40689660867906013,0.25144649553014775,0.341656895790792,2.2,3.5,3.2,H,2.2,False,-100.0
2012-12-09,2012,A,A,0.3072842351882185,0.27289479841451014,0.41982096639727134,3.0,3.3,2.38,A,2.38,True,138.0
2012-12-10,2012,H,H,0.41868853497688713,0.2892102439062114,0.29210122111690145,1.91,3.6,4.0,H,1.91,True,90.99999999999999
2012-12-11,2012,H,H,0.5057522222303709,0.30737184039307724,0.18687593737655186,2.0,3.5,3.75,H,2.0,True,100.0
2012-12-15,2012,A,H,0.3845540644814261,0.3343264281318978,0.2811195073866762,5.5,3.75,1.67,H,5.5,False,-100.0
2012-12-15,2012,D,H,0.3694725554371321,0.2699438002118116,0.3605836443510564,3.1,3.2,2.4,H,3.1,False,-100.0
2012-12-15,2012,H,H,0.3999614754210243,0.2605124295967991,0.33952609498217673,2.4,3.4,2.88,H,2.4,True,140.0
2012-12-15,2012,A,H,0.7248145101823499,0.16232742908549266,0.11285806073215747,1.36,4.75,9.0,H,1.36,False,-100.0
2012-12-15,2012,H,H,0.7576395457990013,0.15719583239338675,0.08516462180761201,1.2,6.5,15.0,H,1.2,True,19.999999999999996
2012-12-15,2012,H,H,0.44837102473858464,0.22909867399939643,0.3225303012620189,2.2,3.4,3.25,H,2.2,True,120.00000000000001
2012-12-16,2012,D,H,0.3637623512605186,0.29144324330542554,0.34479440543405576,2.0,3.5,3.75,H,2.0,False,-100.0
2012-12-16,2012,H,H,0.40809142735488707,0.29521904505354585,0.29668952759156714,1.62,4.0,5.5,H,1.62,True,62.000000000000014
2012-12-17,2012,A,A,0.20645713872925722,0.1899891408370176,0.6035537204337252,5.5,4.0,1.62,A,1.62,True,62.000000000000014
2012-12-22,2012,A,A,0.35601714441222243,0.2638578388119917,0.38012501677578586,2.88,3.25,2.5,A,2.5,True,150.0
2012-12-22,2012,H,H,0.465076187718289,0.25909256956205595,0.275831242719655,2.1,3.4,3.5,H,2.1,True,110.00000000000001
2012-12-22,2012,A,A,0.3279890328260647,0.2244276865468314,0.44758328062710384,4.75,3.75,1.73,A,1.73,True,73.0
2012-12-22,2012,H,H,0.43839308099295476,0.2648417287156035,0.2967651902914417,1.91,3.6,4.0,H,1.91,True,90.99999999999999
2012-12-22,2012,H,H,0.8134916164804906,0.11475858265041955,0.07174980086908996,1.14,8.0,19.0,H,1.14,True,13.99999999999999
2012-12-22,2012,A,H,0.43797859465620514,0.2567964103919716,0.30522499495182326,2.0,3.5,3.75,H,2.0,False,-100.0
2012-12-22,2012,H,H,0.5553894396383168,0.2136887007497215,0.23092185961196166,1.53,4.0,6.5,H,1.53,True,53.0
2012-12-22,2012,D,H,0.6068328461654329,0.2860258561103294,0.1071412977242377,1.62,3.75,6.0,H,1.62,False,-100.0
2012-12-23,2012,H,H,0.5841426639735566,0.2310585518388554,0.1847987841875879,1.33,5.5,8.5,H,1.33,True,33.00000000000001
2012-12-23,2012,D,A,0.28441889581539936,0.2895988795145239,0.4259822246700767,5.0,4.0,1.67,A,1.67,False,-100.0
2012-12-26,2012,A,A,0.2178403070985039,0.27527135809187914,0.5068883348096169,6.0,3.75,1.62,A,1.62,True,62.000000000000014
2012-12-26,2012,H,H,0.38795467210755624,0.29458432293201614,0.3174610049604276,3.4,3.2,2.25,H,3.4,True,240.0
2012-12-26,2012,H,H,0.600541697489872,0.2680689812491628,0.13138932126096528,1.44,4.5,7.0,H,1.44,True,43.99999999999999
2012-12-26,2012,D,H,0.4199558965601819,0.264794512261087,0.315249591178731,2.9,3.4,2.38,H,2.9,False,-100.0
2012-12-26,2012,H,A,0.2598005324995585,0.3265115943361832,0.4136878731642583,6.5,4.0,1.53,A,1.53,False,-100.0
2012-12-26,2012,A,H,0.41787614593451483,0.2678254003150942,0.31429845375039095,2.2,3.4,3.25,H,2.2,False,-100.0
2012-12-26,2012,A,A,0.26874495842142665,0.29684480707793026,0.4344102345006431,3.75,3.5,2.0,A,2.0,True,100.0
2012-12-26,2012,H,H,0.7250856009612114,0.18737684920579734,0.08753754983299115,1.22,6.5,13.0,H,1.22,True,21.999999999999996
2012-12-26,2012,D,H,0.5246079868553393,0.23686483170418204,0.2385271814404787,1.85,3.6,4.2,H,1.85,False,-100.0
2012-12-29,2012,H,H,0.734375370600651,0.16968949902818023,0.0959351303711687,1.44,4.5,7.0,H,1.44,True,43.99999999999999
2012-12-29,2012,A,A,0.32926993220815937,0.22923411347287392,0.4414959543189667,2.4,3.25,3.0,A,3.0,True,200.0
2012-12-29,2012,H,H,0.6890742151126648,0.19940862589258215,0.11151715899475312,1.3,5.5,10.0,H,1.3,True,30.000000000000004
2012-12-29,2012,A,A,0.37856471457189333,0.21950814542052166,0.40192714000758506,2.1,3.4,3.5,A,3.5,True,250.0
2012-12-29,2012,A,A,0.22145230836515753,0.2775253794426922,0.5010223121921503,6.0,4.0,1.57,A,1.57,True,57.00000000000001
2012-12-29,2012,A,A,0.30925262762345357,0.22100998119469564,0.46973739118185076,3.5,3.4,2.1,A,2.1,True,110.00000000000001
2012-12-29,2012,H,A,0.31545610346755215,0.31032748222285916,0.3742164143095887,2.88,3.25,2.5,A,2.5,False,-100.0
2012-12-29,2012,D,H,0.3677627380719335,0.31209550946131476,0.32014175246675175,1.8,3.5,4.75,H,1.8,False,-100.0
2012-12-30,2012,A,A,0.35811196198455725,0.2564893694949793,0.3853986685204635,2.88,3.3,2.5,A,2.5,True,150.0
2012-12-30,2012,A,H,0.5170610545399182,0.24485955590826913,0.23807938955181263,4.0,3.5,1.91,H,4.0,False,-100.0
2013-01-01,2012,H,H,0.44978173886611733,0.2728821648367217,0.2773360962971611,2.1,3.4,3.5,H,2.1,True,110.00000000000001
2013-01-01,2012,A,H,0.40058106236153196,0.3144085190257547,0.2850104186127133,2.0,3.5,3.75,H,2.0,False,-100.0
2013-01-01,2012,D,A,0.3765098047134003,0.23594648937758786,0.3875437059090119,1.57,4.0,6.0,A,6.0,False,-100.0
2013-01-01,2012,H,H,0.7565253674537343,0.14909285796202154,0.0943817745842442,1.33,5.0,10.0,H,1.33,True,33.00000000000001
2013-01-01,2012,H,H,0.5537666622963796,0.27366587017024707,0.17256746753337326,1.29,5.5,11.0,H,1.29,True,29.000000000000004
2013-01-01,2012,A,A,0.22428876385069443,0.23191694750444558,0.54379428864486,6.0,4.2,1.53,A,1.53,True,53.0
2013-01-01,2012,D,A,0.21039430229538866,0.24943319671533848,0.5401725009892728,5.0,3.75,1.7,A,1.7,False,-100.0
2013-01-02,2012,H,H,0.6729678651459396,0.201002651449569,0.1260294834044914,1.4,4.5,8.5,H,1.4,True,39.99999999999999
2013-01-02,2012,A,H,0.5847496876065256,0.26233140852331804,0.15291890387015636,3.0,3.4,2.38,H,3.0,False,-100.0
2013-01-02,2012,A,H,0.5919844342196647,0.2540842955380313,0.15393127024230394,1.2,6.5,15.0,H,1.2,False,-100.0
2013-01-12,2012,D,H,0.40591938796055044,0.19894642568347934,0.39513418635597025,2.2,3.6,3.4,H,2.2,False,-100.0
2013-01-12,2012,A,A,0.351358379477567,0.240143169462491,0.40849845105994204,2.55,3.5,2.9,A,2.9,True,190.0
2013-01-12,2012,D,H,0.4830952905796076,0.2542417072717585,0.26266300214863386,1.57,4.2,6.5,H,1.57,False,-100.0
2013-01-12,2012,D,H,0.4924688652087674,0.27536571871983234,0.2321654160714002,2.05,3.5,4.0,H,2.05,False,-100.0
2013-01-12,2012,H,H,0.503645068066619,0.256692319688492,0.23966261224488908,3.0,3.4,2.5,H,3.0,True,200.0
2013-01-12,2012,H,A,0.33878929291877546,0.2717277537303682,0.3894829533508563,2.38,3.3,3.3,A,3.3,False,-100.0
2013-01-12,2012,A,H,0.4078271078186491,0.292019579204485,0.3001533129768658,4.33,3.5,1.95,H,4.33,False,-100.0
2013-01-12,2012,D,H,0.45321480314460905,0.18020372276791086,0.36658147408748015,4.5,3.8,1.85,H,4.5,False,-100.0
2013-01-13,2012,A,A,0.3254106305367996,0.2965548805252346,0.3780344889379659,2.63,3.5,2.8,A,2.8,True,179.99999999999997
2013-01-13,2012,H,H,0.5776274642847099,0.20575545226563463,0.21661708344965547,1.91,3.8,4.2,H,1.91,True,90.99999999999999
2013-01-16,2012,D,H,0.6325441234457115,0.2319882454487278,0.13546763110556073,1.25,6.5,15.0,H,1.25,False,-100.0
2013-01-19,2012,D,H,0.44277932920604557,0.27287459958288607,0.28434607121106836,2.1,3.5,3.75,H,2.1,False,-100.0
2013-01-19,2012,H,H,0.658176867629527,0.1942998763021515,0.14752325606832153,1.33,5.5,10.5,H,1.33,True,33.00000000000001
2013-01-19,2012,H,H,0.6714818163295071,0.23015300047605095,0.09836518319444204,1.25,6.5,14.0,H,1.25,True,25.0
2013-01-19,2012,A,H,0.5694976203089123,0.2849555759980798,0.14554680369300796,1.75,4.0,5.0,H,1.75,False,-100.0
2013-01-19,2012,H,H,0.4463288614751539,0.27106533995854765,0.28260579856629847,2.2,3.4,3.6,H,2.2,True,120.00000000000001
2013-01-19,2012,D,H,0.3917586261230672,0.2879334384628423,0.3203079354140905,1.75,4.0,5.0,H,1.75,False,-100.0
2013-01-19,2012,A,H,0.41115984784039256,0.23868508237531275,0.3501550697842946,2.15,3.4,3.8,H,2.15,False,-100.0
2013-01-20,2012,D,H,0.43678806387526453,0.2637180961624514,0.2994938399622841,2.9,3.6,2.5,H,2.9,False,-100.0
2013-01-20,2012,H,H,0.4441975334302355,0.2695556815748868,0.2862467849948777,1.91,3.6,4.0,H,1.91,True,90.99999999999999
2013-01-21,2012,D,A,0.31718356076677984,0.32956580750070535,0.35325063173251486,3.6,3.5,2.05,A,2.05,False,-100.0
2013-01-23,2012,H,H,0.5689750887575474,0.22977883686202216,0.2012460743804304,1.44,4.75,8.0,H,1.44,True,43.99999999999999
2013-01-29,2012,D,H,0.4008924646943354,0.24987300176395078,0.3492345335417138,2.5,3.4,3.0,H,2.5,False,-100.0
2013-01-29,2012,D,H,0.42579724528327717,0.22656780428464826,0.34763495043207454,2.2,3.3,3.75,H,2.2,False,-100.0
2013-01-29,2012,A,A,0.35675459214856436,0.1836726856971306,0.45957272215430506,2.9,3.4,2.6,A,2.6,True,160.0
2013-01-29,2012,D,A,0.21887039761172908,0.2605788375209684,0.5205507648673026,7.5,4.5,1.5,A,1.5,False,-100.0
2013-01-30,2012,D,H,0.40027990132899927,0.27256992412092523,0.3271501745500755,2.4,3.5,3.1,H,2.4,False,-100.0
2013-01-30,2012,H,H,0.4868177016738883,0.2616833873090397,0.25149891101707206,1.6,4.1,6.5,H,1.6,True,60.00000000000001
2013-01-30,2012,H,H,0.4763484977637084,0.2466114318093621,0.2770400704269296,2.2,3.5,3.5,H,2.2,True,120.00000000000001
2013-01-30,2012,H,H,0.6008524179584688,0.27102574181446926,0.12812184022706197,1.25,6.5,14.0,H,1.25,True,25.0
2013-01-30,2012,D,A,0.37533958744717627,0.21507202092199637,0.40958839163082744,4.75,3.75,1.83,A,1.83,False,-100.0
2013-01-30,2012,D,A,0.24895046343474372,0.28853025313242786,0.46251928343282844,7.5,4.5,1.5,A,1.5,False,-100.0
2013-02-02,2012,D,H,0.467886688868101,0.2921662933709586,0.2399470177609403,1.95,3.6,4.33,H,1.95,False,-100.0
2013-02-02,2012,A,A,0.26844443139077806,0.25807715186826496,0.4734784167409571,5.5,4.2,1.65,A,1.65,True,64.99999999999999
2013-02-02,2012,H,H,0.5682704476276124,0.2586836121944172,0.17304594017797048,1.44,4.5,9.0,H,1.44,True,43.99999999999999
2013-02-02,2012,D,H,0.6667293257074914,0.21709666140384565,0.11617401288866287,1.4,5.0,9.0,H,1.4,False,-100.0
2013-02-02,2012,H,A,0.31918652251475516,0.2923547485712852,0.3884587289139596,2.5,3.4,3.0,A,3.0,False,-100.0
2013-02-02,2012,H,H,0.38977176188474366,0.24952153554672438,0.36070670256853193,2.4,3.4,3.2,H,2.4,True,140.0
2013-02-02,2012,D,H,0.4835065171652418,0.23930215483896125,0.27719132799579693,2.2,3.5,3.5,H,2.2,False,-100.0
2013-02-02,2012,H,H,0.41715822088843835,0.22870732980154482,0.35413444931001675,4.0,3.6,2.0,H,4.0,True,300.0
2013-02-03,2012,D,H,0.550542125678553,0.2723020158736935,0.17715585844775342,1.83,3.9,4.5,H,1.83,False,-100.0
2013-02-03,2012,A,H,0.470974309633351,0.18123199857514782,0.34779369179150105,3.6,3.4,2.2,H,3.6,False,-100.0
2013-02-09,2012,H,A,0.35656315801457383,0.24263251058310828,0.4008043314023179,5.75,4.0,1.67,A,1.67,False,-100.0
2013-02-09,2012,H,H,0.6090373662161677,0.2284995307260832,0.1624631030577491,1.36,5.5,9.5,H,1.36,True,36.00000000000001
2013-02-09,2012,D,H,0.3756069720166111,0.2760328644431261,0.34836016354026283,2.3,3.4,3.4,H,2.3,False,-100.0
2013-02-09,2012,H,A,0.32743446217194555,0.2623284998364789,0.4102370379915756,1.91,3.5,4.6,A,4.6,False,-100.0
2013-02-09,2012,A,H,0.4089981887076896,0.28000024425583653,0.3110015670364738,4.5,3.6,1.91,H,4.5,False,-100.0
2013-02-09,2012,H,H,0.6630699120801674,0.20798373098081693,0.1289463569390158,1.83,3.75,4.75,H,1.83,True,83.0
2013-02-09,2012,H,H,0.6446233775250727,0.17843257882536193,0.17694404364956537,1.67,4.0,5.75,H,1.67,True,67.0
2013-02-10,2012,H,H,0.38072628284042187,0.24421552683699932,0.37505819032257876,2.63,3.4,2.88,H,2.63,True,163.0
2013-02-10,2012,H,H,0.44204679876905906,0.27589175024021667,0.28206145099072427,1.75,3.9,5.0,H,1.75,True,75.0
2013-02-11,2012,A,H,0.661602678543296,0.22523946458400276,0.11315785687270126,1.4,5.0,9.0,H,1.4,False,-100.0
2013-02-17,2012,H,H,0.5409868652960973,0.2609018435046433,0.19811129119925938,1.57,4.4,6.0,H,1.57,True,57.00000000000001
2013-02-23,2012,A,H,0.39640756230727253,0.26597536314904896,0.33761707454367845,2.63,3.4,2.88,H,2.63,False,-100.0
2013-02-23,2012,A,A,0.29072711478620616,0.2762967812290636,0.43297610398473024,7.0,4.33,1.53,A,1.53,True,53.0
2013-02-23,2012,H,H,0.42104401845969486,0.27335532923048944,0.30560065230981576,2.05,3.5,4.0,H,2.05,True,104.99999999999999
2013-02-23,2012,H,H,0.47133154859621246,0.24931360374322495,0.27935484766056257,2.2,3.3,3.75,H,2.2,True,120.00000000000001
2013-02-23,2012,H,H,0.662303149918241,0.21985058972365853,0.11784626035810046,1.33,5.5,11.0,H,1.33,True,33.00000000000001
2013-02-23,2012,H,H,0.3869120656570739,0.28570853979562205,0.3273793945473041,3.8,3.5,2.1,H,3.8,True,280.0
2013-02-24,2012,H,H,0.39769735773165354,0.21011160850385177,0.3921910337644947,2.2,3.5,3.2,H,2.2,True,120.00000000000001
2013-02-24,2012,H,H,0.49338034676853887,0.23549137080103866,0.2711282824304225,1.95,3.6,4.33,H,1.95,True,95.0
2013-02-25,2012,A,A,0.3233958350698689,0.21102552124743454,0.4655786436826966,3.6,3.5,2.15,A,2.15,True,114.99999999999999
2013-03-02,2012,D,H,0.4195568397519598,0.2757407173596876,0.3047024428883527,2.4,3.3,3.3,H,2.4,False,-100.0
2013-03-02,2012,H,H,0.49245620689280845,0.24937085782164883,0.2581729352855427,2.1,3.6,3.75,H,2.1,True,110.00000000000001
2013-03-02,2012,A,A,0.35471274601593267,0.2399827993872873,0.40530445459678005,4.5,3.75,1.85,A,1.85,True,85.00000000000001
2013-03-02,2012,A,H,0.3666847919063543,0.3075740602953378,0.32574114779830793,2.15,3.25,4.0,H,2.15,False,-100.0
2013-03-02,2012,H,H,0.5814145685144613,0.2666550654096532,0.15193036607588553,1.4,5.0,9.0,H,1.4,True,39.99999999999999
2013-03-02,2012,H,H,0.5703501376819313,0.2833202737560195,0.14632958856204917,1.33,5.5,11.0,H,1.33,True,33.00000000000001
2013-03-02,2012,A,H,0.4346884512002807,0.28894786133652833,0.27636368746319095,1.85,3.8,4.5,H,1.85,False,-100.0
2013-03-02,2012,H,H,0.6942270598202409,0.21823118853292775,0.08754175164683133,1.38,5.0,10.0,H,1.38,True,37.999999999999986
2013-03-03,2012,H,H,0.6458820582134867,0.21286824685960068,0.1412496949269126,2.3,3.6,3.25,H,2.3,True,129.99999999999997
2013-03-04,2012,A,A,0.26702761900235017,0.22749047834659294,0.505481902651057,7.5,4.5,1.44,A,1.44,True,43.99999999999999
2013-03-09,2012,D,A,0.3683693810949816,0.23837637960764832,0.39325423929737013,2.5,3.4,3.0,A,3.0,False,-100.0
2013-03-09,2012,H,H,0.4913711048590957,0.2554659484899318,0.25316294665097244,2.25,3.4,3.5,H,2.25,True,125.0
2013-03-09,2012,A,H,0.48277464059599406,0.27717004996887545,0.2400553094351304,2.45,3.4,3.1,H,2.45,False,-100.0
2013-03-09,2012,H,H,0.4278527994717522,0.27327228409678933,0.29887491643145847,2.45,3.3,3.2,H,2.45,True,145.00000000000003
2013-03-10,2012,H,H,0.5339748017346835,0.22940317390684103,0.23662202435847549,1.95,3.8,4.0,H,1.95,True,95.0
2013-03-10,2012,H,H,0.5541978789909839,0.2753591901760581,0.170442930832958,1.83,3.7,4.8,H,1.83,True,83.0
2013-03-16,2012,H,H,0.4725810535095061,0.21305895189825272,0.31435999459224123,4.2,3.8,1.91,H,4.2,True,320.0
2013-03-16,2012,H,H,0.896138033672683,0.10386196632731708,0.0,1.17,9.0,19.0,H,1.17,True,16.999999999999993
2013-03-16,2012,H,H,0.3839930380098593,0.27323298815887537,0.34277397383126534,2.3,3.4,3.4,H,2.3,True,129.99999999999997
2013-03-16,2012,D,H,0.39793216275028914,0.2803925691833424,0.3216752680663685,2.5,3.3,3.1,H,2.5,False,-100.0
2013-03-16,2012,A,A,0.30100771709505847,0.29361463853113673,0.4053776443738048,3.4,3.5,2.25,A,2.25,True,125.0
2013-03-16,2012,H,H,0.3426573273358424,0.3153631850058268,0.34197948765833086,3.9,3.6,2.05,H,3.9,True,290.0
2013-03-17,2012,H,H,0.611410832101936,0.2760243812594426,0.1125647866386214,1.4,5.0,9.0,H,1.4,True,39.99999999999999
2013-03-17,2012,D,H,0.5402860830551711,0.2944559789333942,0.16525793801143462,2.05,3.5,4.0,H,2.05,False,-100.0
2013-03-17,2012,A,H,0.5897820650525767,0.23962478439951718,0.17059315054790616,1.5,4.5,7.5,H,1.5,False,-100.0
2013-03-17,2012,H,H,0.44554912004176067,0.25760315640177905,0.2968477235564603,2.3,3.4,3.4,H,2.3,True,129.99999999999997
2013-03-30,2012,H,H,0.3741690849973823,0.2898769636599181,0.3359539513426995,3.5,3.5,2.2,H,3.5,True,250.0
2013-03-30,2012,H,H,0.8037257003069945,0.1812403630742864,0.015033936618719037,1.25,6.5,15.0,H,1.25,True,25.0
2013-03-30,2012,H,H,0.6783836267155571,0.21705994316226662,0.1045564301221763,1.57,3.9,7.5,H,1.57,True,57.00000000000001
2013-03-30,2012,H,H,0.5077288643063714,0.24821834456870642,0.24405279112492217,1.33,5.5,11.0,H,1.33,True,33.00000000000001
2013-03-30,2012,H,H,0.4934562826029094,0.27494147812009967,0.23160223927699083,1.95,3.6,4.33,H,1.95,True,95.0
2013-03-30,2012,H,H,0.4513739726230479,0.2615992883192797,0.28702673905767234,2.3,3.4,3.4,H,2.3,True,129.99999999999997
2013-03-30,2012,A,A,0.20916680256918907,0.2541472057601475,0.5366859916706634,3.4,3.4,2.3,A,2.3,True,129.99999999999997
2013-03-30,2012,A,A,0.28056857946567465,0.19624395430282204,0.5231874662315034,6.0,4.0,1.65,A,1.65,True,64.99999999999999
2013-03-31,2012,A,A,0.24638086544010931,0.30839671284854253,0.4452224217113481,5.0,4.0,1.75,A,1.75,True,75.0
2013-04-01,2012,H,H,0.4671201194405255,0.24990782479512105,0.2829720557643534,2.0,3.6,4.0,H,2.0,True,100.0
2013-04-06,2012,A,A,0.3322069519225122,0.30411165791403066,0.3636813901634571,4.1,3.7,1.95,A,1.95,True,95.0
2013-04-06,2012,A,H,0.47551211085525114,0.28444290951937123,0.24004497962537755,2.1,3.4,4.0,H,2.1,False,-100.0
2013-04-06,2012,D,H,0.34384257949586033,0.32637222893391366,0.329785191570226,2.63,3.3,2.9,H,2.63,False,-100.0
2013-04-06,2012,A,H,0.569891505874048,0.1925952167581085,0.23751327736784353,3.3,3.6,2.25,H,3.3,False,-100.0
2013-04-07,2012,D,H,0.39878141417333507,0.2919749077639221,0.30924367806274283,2.2,3.4,3.6,H,2.2,False,-100.0
2013-04-07,2012,H,H,0.48135865232346003,0.22784482522258886,0.2907965224539511,2.1,3.5,3.8,H,2.1,True,110.00000000000001
2013-04-07,2012,D,H,0.4261584300716354,0.26410761120676013,0.30973395872160453,2.38,3.4,3.25,H,2.38,False,-100.0
2013-04-07,2012,H,H,0.5321110798811103,0.22532345983199323,0.2425654602868965,1.36,5.0,11.0,H,1.36,True,36.00000000000001
2013-04-07,2012,D,H,0.6878431050441062,0.21671117995716124,0.09544571499873254,1.36,5.5,9.0,H,1.36,False,-100.0
2013-04-08,2012,A,H,0.4392247258427256,0.2921899979567881,0.2685852762004863,2.3,3.5,3.3,H,2.3,False,-100.0
2013-04-13,2012,H,H,0.7547468653323408,0.18216788503125972,0.06308524963639943,1.25,6.5,14.0,H,1.25,True,25.0
2013-04-13,2012,D,H,0.45837094317628296,0.27792982150156537,0.26369923532215167,2.3,3.3,3.5,H,2.3,False,-100.0
2013-04-13,2012,H,H,0.5634561342619873,0.22898272482203919,0.20756114091597347,1.44,4.75,8.0,H,1.44,True,43.99999999999999
2013-04-13,2012,D,A,0.2815031011548545,0.18519324990210365,0.5333036489430419,8.0,4.75,1.45,A,1.45,False,-100.0
2013-04-13,2012,D,H,0.48843083353356104,0.2904141147835473,0.22115505168289162,1.91,3.75,4.2,H,1.91,False,-100.0
2013-04-14,2012,A,H,0.47346262291305896,0.2627930363419108,0.2637443407450303,1.95,3.5,4.5,H,1.95,False,-100.0
2013-04-14,2012,A,A,0.2077920573849412,0.20722846917832086,0.584979473436738,7.0,3.9,1.6,A,1.6,True,60.00000000000001
2013-04-16,2012,D,H,0.3737995608508701,0.26331095643362246,0.3628894827155074,1.75,3.9,5.0,H,1.75,False,-100.0
2013-04-17,2012,A,H,0.39877830265941494,0.25760172072648824,0.3436199766140968,4.75,3.8,1.8,H,4.75,False,-100.0
2013-04-17,2012,D,A,0.2941184765969725,0.26971051516918787,0.43617100823383964,5.5,3.9,1.7,A,1.7,False,-100.0
2013-04-17,2012,H,H,0.5880639898177079,0.23102963656692918,0.18090637361536285,1.25,6.5,14.0,H,1.25,True,25.0
2013-04-20,2012,D,H,0.47437185156977374,0.2500032302487687,0.27562491818145757,2.38,3.5,3.1,H,2.38,False,-100.0
2013-04-20,2012,H,H,0.42117507312466906,0.24377232552958694,0.335052601345744,3.4,3.4,2.3,H,3.4,True,240.0
2013-04-20,2012,D,H,0.4326490420340036,0.2843029854577725,0.28304797250822394,2.25,3.5,3.4,H,2.25,False,-100.0
2013-04-20,2012,H,H,0.6355162082534179,0.2238035646216566,0.14068022712492548,1.75,3.8,5.25,H,1.75,True,75.0
2013-04-20,2012,A,A,0.2970011328182459,0.3267083435244276,0.37629052365732646,5.0,4.0,1.75,A,1.75,True,75.0
2013-04-20,2012,A,H,0.520472422308006,0.2853821141916459,0.19414546350034798,2.25,3.4,3.5,H,2.25,False,-100.0
2013-04-20,2012,H,H,0.43664945941224875,0.27897165062196233,0.28437888996578886,2.3,3.5,3.3,H,2.3,True,129.99999999999997
2013-04-21,2012,H,A,0.33809701463884423,0.29087819377361024,0.3710247915875456,3.25,3.6,2.3,A,2.3,False,-100.0
2013-04-21,2012,D,H,0.5625888921607924,0.2806819340954185,0.15672917374378914,2.15,3.6,3.6,H,2.15,False,-100.0
2013-04-22,2012,H,H,0.6267894273751494,0.22746224301292903,0.1457483296119216,1.25,6.75,13.0,H,1.25,True,25.0
2013-04-27,2012,H,H,0.45265909124490067,0.2693492027989634,0.2779917059561359,2.25,3.3,3.6,H,2.25,True,125.0
2013-04-27,2012,A,H,0.5422032360059656,0.22255709841259494,0.2352396655814394,1.85,3.75,4.6,H,1.85,False,-100.0
2013-04-27,2012,D,A,0.3021387534018805,0.2748776877824587,0.42298355881566074,3.8,3.6,2.05,A,2.05,False,-100.0
2013-04-27,2012,H,H,0.5802230274416432,0.25273335691638893,0.16704361564196787,1.29,6.0,12.0,H,1.29,True,29.000000000000004
2013-04-27,2012,H,H,0.5746093645504189,0.24193363764655174,0.1834569978030294,1.5,4.5,7.5,H,1.5,True,50.0
2013-04-27,2012,A,H,0.3836559972443796,0.290918907158262,0.3254250955973583,2.88,3.6,2.5,H,2.88,False,-100.0
2013-04-28,2012,D,H,0.4789959337063105,0.250756976278393,0.2702470900152965,2.55,3.5,2.88,H,2.55,False,-100.0
2013-04-28,2012,H,H,0.6121865785169761,0.22209230441725314,0.16572111706577072,1.36,5.5,9.0,H,1.36,True,36.00000000000001
2013-04-28,2012,D,H,0.4742593947359753,0.27410835744652146,0.2516322478175032,2.25,3.6,3.3,H,2.25,False,-100.0
2013-04-29,2012,H,H,0.39892708208516975,0.2633984707809401,0.33767444713389017,2.3,3.4,3.4,H,2.3,True,129.99999999999997
2013-05-04,2012,D,H,0.40359180212195006,0.2868651843126328,0.3095430135654171,2.38,3.4,3.25,H,2.38,False,-100.0
2013-05-04,2012,A,A,0.37233120036558237,0.25500069412638937,0.37266810550802826,2.45,3.5,3.0,A,3.0,True,200.0
2013-05-04,2012,H,H,0.644186185382968,0.23103824869988107,0.12477556591715093,1.44,4.75,8.0,H,1.44,True,43.99999999999999
2013-05-04,2012,A,A,0.29828423244732355,0.23509599749212262,0.46661977006055383,8.0,4.75,1.44,A,1.44,True,43.99999999999999
2013-05-04,2012,A,H,0.4560818858439104,0.2195457051011536,0.3243724090549361,2.55,3.3,3.0,H,2.55,False,-100.0
2013-05-04,2012,A,H,0.5261805342362645,0.26305414323225895,0.2107653225314766,1.73,3.9,5.25,H,1.73,False,-100.0
2013-05-04,2012,D,A,0.300916483886421,0.2335930986996371,0.46549041741394187,5.25,3.8,1.75,A,1.75,False,-100.0
2013-05-05,2012,A,H,0.3435261621233836,0.31623854683208996,0.3402352910445265,2.2,3.5,3.5,H,2.2,False,-100.0
2013-05-05,2012,D,H,0.5973203943581328,0.225194237342911,0.1774853682989562,1.95,3.6,4.2,H,1.95,False,-100.0
2013-05-06,2012,D,H,0.40611134880946453,0.237725679367801,0.35616297182273443,2.1,3.3,4.0,H,2.1,False,-100.0
2013-05-07,2012,H,H,0.6578525244890202,0.1672639349954597,0.17488354051552013,1.4,5.0,9.0,H,1.4,True,39.99999999999999
2013-05-07,2012,A,H,0.5154455014450491,0.27681310264841974,0.2077413959065312,1.83,3.75,4.75,H,1.83,False,-100.0
2013-05-08,2012,D,H,0.4704197881335648,0.3441649403235874,0.18541527154284784,1.95,3.75,4.0,H,1.95,False,-100.0
2013-05-11,2012,A,A,0.23213253578862914,0.23912647537329082,0.52874098883808,4.5,3.8,1.85,A,1.85,True,85.00000000000001
2013-05-12,2012,H,H,0.5524518766634776,0.24376314560517753,0.20378497773134485,1.5,4.5,7.5,H,1.5,True,50.0
2013-05-12,2012,A,H,0.4889364005872707,0.23635085904531986,0.27471274036740945,3.9,3.6,2.05,H,3.9,False,-100.0
2013-05-12,2012,H,H,0.503085119886472,0.2539275994265607,0.24298728068696743,1.3,5.75,12.0,H,1.3,True,30.000000000000004
2013-05-12,2012,A,H,0.3718251791790026,0.28086471674341423,0.34731010407758317,3.4,3.4,2.3,H,3.4,False,-100.0
2013-05-12,2012,D,A,0.3393681452540526,0.23512662048258673,0.42550523426336073,2.8,3.2,2.8,A,2.8,False,-100.0
2013-05-12,2012,A,A,0.326995270999256,0.29106019257952126,0.38194453642122267,4.5,3.6,1.91,A,1.91,True,90.99999999999999
2013-05-12,2012,H,H,0.44834691241611924,0.27269349401296056,0.2789595935709202,2.2,3.4,3.6,H,2.2,True,120.00000000000001
2013-05-14,2012,H,H,0.5950617471668326,0.24619073899708965,0.15874751383607769,1.4,5.5,8.0,H,1.4,True,39.99999999999999
2013-05-14,2012,A,A,0.23884760991100637,0.2471267323621192,0.5140256577268745,6.0,4.33,1.6,A,1.6,True,60.00000000000001
2013-05-19,2012,A,H,0.5736162848312277,0.20123287577514495,0.22515083939362737,1.8,3.8,4.75,H,1.8,False,-100.0
2013-05-19,2012,H,H,0.44750455966638,0.26530896908109053,0.28718647125252955,1.67,4.0,5.75,H,1.67,True,67.0
2013-05-19,2012,D,A,0.22506820910220957,0.2424540515040773,0.5324777393937131,4.5,3.9,1.83,A,1.83,False,-100.0
2013-05-19,2012,H,H,0.6059974755747287,0.260857341374584,0.13314518305068726,1.29,6.0,12.0,H,1.29,True,29.000000000000004
2013-05-19,2012,D,H,0.4251658647843102,0.26591633193661046,0.30891780327907936,2.15,3.6,3.6,H,2.15,False,-100.0
2013-05-19,2012,A,A,0.2971678876208371,0.21622064755350745,0.4866114648256554,6.0,4.6,1.55,A,1.55,True,55.00000000000001
2013-05-19,2012,A,H,0.5635575331249472,0.21424264109167757,0.22219982578337524,1.33,5.5,11.0,H,1.33,False,-100.0
2013-05-19,2012,H,H,0.665633959383121,0.17714047436148508,0.15722556625539386,1.25,7.0,12.0,H,1.25,True,25.0
2013-05-19,2012,H,H,0.48030015056786385,0.2883265788761579,0.23137327055597823,1.7,4.0,5.5,H,1.7,True,70.0
2013-05-19,2012,D,H,0.5247083471632609,0.23807834887728607,0.23721330395945306,1.75,3.8,5.25,H,1.75,False,-100.0
2013-08-17,2013,A,H,0.619552443404812,0.24534434878317743,0.1351032078120107,1.44,4.75,8.0,H,1.44,False,-100.0
2013-08-17,2013,D,H,0.4063573115481844,0.27610583141430883,0.31753685703750684,3.2,3.4,2.4,H,3.2,False,-100.0
2013-08-17,2013,H,H,0.7119732475251701,0.16456107590786717,0.12346567656696268,1.4,5.0,9.5,H,1.4,True,39.99999999999999
2013-08-17,2013,A,A,0.28310809065213854,0.26730698389444696,0.4495849254534144,4.2,3.5,2.0,A,2.0,True,100.0
2013-08-17,2013,A,H,0.39196022488909704,0.2859027153514468,0.3221370597594562,2.3,3.4,3.4,H,2.3,False,-100.0
2013-08-17,2013,A,H,0.47179950143589294,0.2499342291314134,0.27826626943269356,2.4,3.4,3.2,H,2.4,False,-100.0
2013-08-18,2013,H,H,0.7185825257012136,0.2045597965701048,0.07685767772868167,1.2,7.0,21.0,H,1.2,True,19.999999999999996
2013-08-18,2013,A,A,0.31621544617428693,0.24538750384701155,0.4383970499787015,4.75,3.75,1.83,A,1.83,True,83.0
2013-08-19,2013,H,H,0.5981456845706609,0.19873865725351844,0.2031156581758207,1.33,5.5,11.0,H,1.33,True,33.00000000000001
2013-08-21,2013,H,H,0.6984918279973144,0.2055009297021393,0.09600724230054629,1.29,5.5,10.0,H,1.29,True,29.000000000000004
2013-08-24,2013,A,D,0.23667452015883395,0.46308508452731356,0.30024039531385244,4.0,3.75,1.95,D,3.75,False,-100.0
2013-08-24,2013,D,H,0.4781499568520249,0.25392056010596026,0.2679294830420148,1.57,4.33,6.5,H,1.57,False,-100.0
2013-08-24,2013,H,H,0.36912904012388975,0.2828480888889782,0.3480228709871321,2.45,3.4,3.1,H,2.45,True,145.00000000000003
2013-08-24,2013,A,A,0.3489073423424885,0.25864017432171477,0.3924524833357967,3.8,3.5,2.1,A,2.1,True,110.00000000000001
2013-08-24,2013,D,H,0.41890982159039547,0.2481937389582436,0.3328964394513609,2.3,3.4,3.4,H,2.3,False,-100.0
2013-08-24,2013,H,H,0.4811996120819681,0.27133719913149307,0.24746318878653883,1.83,3.6,5.0,H,1.83,True,83.0
2013-08-24,2013,D,H,0.5370294922898272,0.23451560959750836,0.22845489811266448,1.73,3.8,5.5,H,1.73,False,-100.0
2013-08-25,2013,H,A,0.13018930669193043,0.1487141957932804,0.7210964975147892,8.5,4.75,1.44,A,1.44,False,-100.0
2013-08-25,2013,H,H,0.5997694355642312,0.2507475291091084,0.14948303532666035,1.62,4.0,6.5,H,1.62,True,62.000000000000014
2013-08-26,2013,D,H,0.3845205116301047,0.28090226668820534,0.3345772216816901,2.45,3.4,3.1,H,2.45,False,-100.0
2013-08-31,2013,A,A,0.3646042660310265,0.24649115534930513,0.3889045786196683,2.0,3.4,4.33,A,4.33,True,333.0
2013-08-31,2013,H,H,0.4241086933518718,0.26022451987200074,0.3156667867761274,3.0,3.3,2.55,H,3.0,True,200.0
2013-08-31,2013,H,H,0.43249195548664354,0.24887636818554862,0.3186316763278077,2.15,3.4,3.75,H,2.15,True,114.99999999999999
2013-08-31,2013,H,H,0.8337920980302522,0.10861296167099103,0.05759494029875683,1.17,8.5,19.0,H,1.17,True,16.999999999999993
2013-08-31,2013,H,A,0.34966887671827457,0.291950677834432,0.3583804454472934,2.6,3.3,3.0,A,3.0,False,-100.0
2013-08-31,2013,D,A,0.34246488649048334,0.26761068778067587,0.3899244257288408,3.25,3.4,2.38,A,2.38,False,-100.0
2013-09-01,2013,A,H,0.43181525572381263,0.2737559257700401,0.29442881850614727,2.7,3.4,2.8,H,2.7,False,-100.0
2013-09-01,2013,H,H,0.48083934828776215,0.2196683843368842,0.29949226737535367,2.63,3.4,2.88,H,2.63,True,163.0
2013-09-01,2013,H,H,0.4811719370609073,0.25771807316510537,0.2611099897739874,2.1,3.7,3.6,H,2.1,True,110.00000000000001
2013-09-14,2013,H,H,0.7117132699417436,0.171391740445806,0.11689498961245044,1.45,4.75,8.0,H,1.45,True,44.99999999999999
2013-09-14,2013,A,A,0.28130797951597364,0.29365946096585344,0.425032559518173,6.0,3.9,1.67,A,1.67,True,67.0
2013-09-14,2013,D,A,0.2245098414471773,0.37826104187839743,0.39722911667442523,6.0,4.0,1.65,A,1.65,False,-100.0
2013-09-14,2013,H,H,0.744618847390044,0.18519161072551107,0.07018954188444478,1.22,7.0,16.0,H,1.22,True,21.999999999999996
2013-09-14,2013,D,H,0.5093863203658381,0.23128553601295102,0.2593281436212108,2.45,3.25,3.25,H,2.45,False,-100.0
2013-09-14,2013,D,H,0.4865076818318442,0.2986296645151118,0.21486265365304402,2.15,3.5,3.6,H,2.15,False,-100.0
2013-09-14,2013,H,H,0.4490686956800898,0.286336376474627,0.26459492784528316,3.4,3.3,2.35,H,3.4,True,240.0
2013-09-14,2013,A,H,0.4312888567196882,0.25877292654876577,0.30993821673154603,2.15,3.4,3.8,H,2.15,False,-100.0
2013-09-15,2013,D,H,0.5363248062677411,0.23819834723834263,0.22547684649391622,1.85,3.6,4.75,H,1.85,False,-100.0
2013-09-16,2013,D,H,0.44722911674553795,0.2285732458750884,0.3241976373793736,3.5,3.5,2.2,H,3.5,False,-100.0
2013-09-21,2013,A,H,0.5952105936922004,0.27105289255425175,0.13373651375354786,1.6,4.0,6.5,H,1.6,False,-100.0
2013-09-21,2013,A,H,0.48998547789769314,0.23965092596866902,0.2703635961336378,1.85,3.5,5.0,H,1.85,False,-100.0
2013-09-21,2013,H,H,0.6136378197042083,0.26894309940778344,0.11741908088800823,1.3,5.75,12.0,H,1.3,True,30.000000000000004
2013-09-21,2013,H,H,0.4530693199047375,0.24451657153098902,0.30241410856427353,2.05,3.4,4.2,H,2.05,True,104.99999999999999
2013-09-21,2013,A,H,0.42131795606627276,0.248005643873492,0.3306764000602352,3.3,3.3,2.4,H,3.3,False,-100.0
2013-09-21,2013,A,H,0.4568620720440017,0.24417476523838524,0.2989631627176131,2.4,3.4,3.2,H,2.4,False,-100.0
2013-09-22,2013,H,H,0.6802245696233703,0.20277414090376025,0.11700128947286943,1.36,5.25,10.0,H,1.36,True,36.00000000000001
2013-09-22,2013,A,A,0.2912152657664016,0.2614077372863901,0.4473769969472083,4.5,3.6,1.91,A,1.91,True,90.99999999999999
2013-09-22,2013,A,H,0.43984653380287425,0.2920227590088645,0.26813070718826126,3.5,3.4,2.25,H,3.5,False,-100.0
2013-09-22,2013,H,H,0.48627474479894567,0.2630933288885641,0.25063192631249026,2.2,3.4,3.6,H,2.2,True,120.00000000000001
2013-09-28,2013,H,H,0.3996780833336276,0.25181425765357174,0.34850765901280073,2.38,3.3,3.3,H,2.38,True,138.0
2013-09-28,2013,H,A,0.21825059005507838,0.2532032098754185,0.5285462000695031,6.5,4.2,1.57,A,1.57,False,-100.0
2013-09-28,2013,A,H,0.5118462132924222,0.22383654840469092,0.26431723830288695,2.1,3.4,3.9,H,2.1,False,-100.0
2013-09-28,2013,A,H,0.645604819706688,0.22052041548561374,0.1338747648076981,1.3,5.75,12.0,H,1.3,False,-100.0
2013-09-28,2013,H,H,0.6636703749114309,0.20678774635126065,0.1295418787373084,1.45,4.5,8.5,H,1.45,True,44.99999999999999
2013-09-28,2013,A,H,0.44990431469429654,0.250208492883078,0.29988719242262546,3.2,3.4,2.38,H,3.2,False,-100.0
2013-09-28,2013,D,H,0.4548828363725912,0.2493260607944768,0.2957911028329319,2.7,3.3,2.88,H,2.7,False,-100.0
2013-09-29,2013,A,H,0.5569918515514917,0.23629198447866742,0.20671616396984094,1.95,3.4,4.5,H,1.95,False,-100.0
2013-09-29,2013,A,A,0.19582499034363196,0.26142032450915265,0.5427546851472154,5.5,3.9,1.7,A,1.7,True,70.0
2013-09-30,2013,H,H,0.45124469246319693,0.28549460353200057,0.26326070400480256,1.65,4.0,6.0,H,1.65,True,64.99999999999999
2013-10-05,2013,H,H,0.5489826670999828,0.23632372709563412,0.21469360580438304,1.67,4.2,5.5,H,1.67,True,67.0
2013-10-05,2013,A,A,0.2795536143621428,0.2229157848986351,0.497530600739222,6.0,4.0,1.65,A,1.65,True,64.99999999999999
2013-10-05,2013,H,H,0.8001132262869547,0.16235333314878636,0.03753344056425898,1.2,7.5,17.0,H,1.2,True,19.999999999999996
2013-10-05,2013,A,H,0.4160439576491853,0.3004805111586842,0.2834755311921305,2.45,3.4,3.1,H,2.45,False,-100.0
2013-10-05,2013,H,H,0.40098482854833933,0.3126360215672635,0.28637914988439717,2.4,3.3,3.3,H,2.4,True,140.0
2013-10-05,2013,D,A,0.3394857583632149,0.27116485631181403,0.38934938532497104,2.45,3.3,3.2,A,3.2,False,-100.0
2013-10-06,2013,A,H,0.7068453934989298,0.19109117832913045,0.1020634281719397,1.44,4.75,8.5,H,1.44,False,-100.0
2013-10-06,2013,A,A,0.21151236384866268,0.2678746950503937,0.5206129411009436,6.5,4.0,1.62,A,1.62,True,62.000000000000014
2013-10-06,2013,H,H,0.5238347310074449,0.22501895444263464,0.2511463145499204,2.1,3.5,3.8,H,2.1,True,110.00000000000001
2013-10-06,2013,D,A,0.26050673483212994,0.28672557847920527,0.4527676866886648,4.9,4.0,1.75,A,1.75,False,-100.0
2013-10-19,2013,D,H,0.5446787241485902,0.30057414172407754,0.1547471341273323,1.57,4.33,6.5,H,1.57,False,-100.0
2013-10-19,2013,H,H,0.44257565080016875,0.3360155506038353,0.22140879859599594,1.62,4.0,6.5,H,1.62,True,62.000000000000014
2013-10-19,2013,A,H,0.3634996611288521,0.3068934726863247,0.3296068661848232,5.5,3.8,1.73,H,5.5,False,-100.0
2013-10-19,2013,D,H,0.4642968236897511,0.27073463183336227,0.2649685444768866,2.3,3.3,3.5,H,2.3,False,-100.0
2013-10-19,2013,D,H,0.45372475692408837,0.31955759685230695,0.22671764622360477,4.5,3.9,1.83,H,4.5,False,-100.0
2013-10-19,2013,H,H,0.6035550972930667,0.22536229935232577,0.17108260335460757,1.45,4.5,9.0,H,1.45,True,44.99999999999999
2013-10-19,2013,H,H,0.6959565157702544,0.2540343371398252,0.05000914708992026,1.25,6.5,15.0,H,1.25,True,25.0
2013-10-19,2013,H,H,0.6415968376359323,0.22029954985966785,0.13810361250439993,1.29,6.0,12.0,H,1.29,True,29.000000000000004
2013-10-20,2013,A,H,0.38595844565516546,0.2708328912589793,0.34320866308585524,4.0,3.5,2.05,H,4.0,False,-100.0
2013-10-21,2013,A,A,0.269541387953926,0.31677461885980984,0.41368399318626414,2.75,3.3,2.8,A,2.8,True,179.99999999999997
2013-10-26,2013,A,A,0.31102713078024613,0.30594092284274016,0.3830319463770137,3.4,3.4,2.3,A,2.3,True,129.99999999999997
2013-10-26,2013,A,A,0.17797544026161538,0.23900254359215287,0.5830220161462317,11.0,5.0,1.36,A,1.36,True,36.00000000000001
2013-10-26,2013,H,H,0.64470961468815,0.22551193315506426,0.12977845215678582,1.44,4.75,8.0,H,1.44,True,43.99999999999999
2013-10-26,2013,H,H,0.5759310673997416,0.25918096058833334,0.16488797201192504,1.33,5.5,11.0,H,1.33,True,33.00000000000001
2013-10-26,2013,D,A,0.3725572154187831,0.23859312203152325,0.3888496625496936,2.2,3.4,3.6,A,3.6,False,-100.0
2013-10-26,2013,H,H,0.5686730962679113,0.2450506530276313,0.1862762507044574,1.62,4.0,6.5,H,1.62,True,62.000000000000014
2013-10-27,2013,H,H,0.5761230596160577,0.22639487190707855,0.19748206847686375,2.38,3.4,3.2,H,2.38,True,138.0
2013-10-27,2013,H,A,0.25112977537412245,0.368343714811638,0.38052650981423947,2.9,3.3,2.63,A,2.63,False,-100.0
2013-10-27,2013,D,H,0.5557514131972956,0.22441029983180347,0.21983828697090088,1.75,3.8,5.25,H,1.75,False,-100.0
2013-10-27,2013,H,H,0.6506417228934972,0.20618266619602546,0.14317561091047729,1.44,4.75,8.0,H,1.44,True,43.99999999999999
2013-11-02,2013,D,H,0.54242687376439,0.23215285419764953,0.22542027203796042,2.25,3.5,3.4,H,2.25,False,-100.0
2013-11-02,2013,H,H,0.42121087157172443,0.2804402130648733,0.2983489153634022,2.3,3.5,3.3,H,2.3,True,129.99999999999997
2013-11-02,2013,A,A,0.20427800464563725,0.21494922228322347,0.5807727730711393,6.5,4.2,1.57,A,1.57,True,57.00000000000001
2013-11-02,2013,H,H,0.4535144647240301,0.25034744793663993,0.29613808733933006,2.15,3.4,3.8,H,2.15,True,114.99999999999999
2013-11-02,2013,H,H,0.7770961959053917,0.14740851093330234,0.07549529316130595,1.2,7.5,18.0,H,1.2,True,19.999999999999996
2013-11-02,2013,H,A,0.30294006353654707,0.24374159197513878,0.4533183444883142,6.0,4.2,1.62,A,1.62,False,-100.0
2013-11-02,2013,D,H,0.5228170689874942,0.2522192691358682,0.22496366187663755,3.3,3.3,2.4,H,3.3,False,-100.0
2013-11-02,2013,H,H,0.405456541087482,0.2889467128731622,0.30559674603935566,1.55,4.2,7.0,H,1.55,True,55.00000000000001
2013-11-03,2013,D,H,0.45085412903173694,0.30967178820147023,0.2394740827667928,2.5,3.4,3.0,H,2.5,False,-100.0
2013-11-03,2013,H,H,0.4055443484576487,0.28889468113664313,0.3055609704057081,3.4,3.4,2.3,H,3.4,True,240.0
2013-11-09,2013,H,H,0.446892307166807,0.26881801172194314,0.2842896811112498,2.63,3.3,2.9,H,2.63,True,163.0
2013-11-09,2013,H,H,0.5045359292227379,0.3030145821490908,0.19244948862817127,1.62,3.8,7.0,H,1.62,True,62.000000000000014
2013-11-09,2013,H,H,0.6749257211292106,0.20816686234964477,0.11690741652114463,1.25,6.5,15.0,H,1.25,True,25.0
2013-11-09,2013,D,A,0.060281205357411854,0.2913420118514933,0.6483767827910949,6.5,4.0,1.62,A,1.62,False,-100.0
2013-11-09,2013,D,H,0.420990620672375,0.2844545414594019,0.294554837868223,1.29,6.0,12.0,H,1.29,False,-100.0
2013-11-09,2013,H,H,0.48824307789019805,0.2271275566693034,0.2846293654404985,2.0,3.5,4.2,H,2.0,True,100.0
2013-11-10,2013,A,H,0.5897797842144769,0.2431910767378305,0.16702913904769265,1.57,4.33,6.5,H,1.57,False,-100.0
2013-11-10,2013,D,H,0.5336037820429274,0.22664107277972625,0.2397551451773464,2.0,3.4,4.33,H,2.0,False,-100.0
2013-11-10,2013,H,H,0.40907732906811295,0.26823905359746286,0.32268361733442424,2.35,3.5,3.2,H,2.35,True,135.0
2013-11-10,2013,H,A,0.15432030986318854,0.2833370566337667,0.5623426335030448,9.0,5.0,1.4,A,1.4,False,-100.0
2013-11-23,2013,H,H,0.5354462092509227,0.2737920792702376,0.1907617114788397,2.15,3.3,3.9,H,2.15,True,114.99999999999999
2013-11-23,2013,H,H,0.5373681943925934,0.2315398961777135,0.23109190942969313,1.62,4.2,6.0,H,1.62,True,62.000000000000014
2013-11-23,2013,D,H,0.3471917737507331,0.33983327185933626,0.3129749543899306,3.0,3.4,2.5,H,3.0,False,-100.0
2013-11-23,2013,A,H,0.4209402179601201,0.2408238622690435,0.3382359197708364,3.3,3.3,2.38,H,3.3,False,-100.0
2013-11-23,2013,A,H,0.5437264981834954,0.21607726906085148,0.24019623275565313,1.85,3.5,5.0,H,1.85,False,-100.0
2013-11-23,2013,H,H,0.43074778114385665,0.2698255716233608,0.2994266472327825,1.8,3.8,4.75,H,1.8,True,80.0
2013-11-23,2013,A,A,0.2105969045541389,0.22273879923387177,0.5666642962119893,6.0,4.2,1.62,A,1.62,True,62.000000000000014
2013-11-24,2013,D,A,0.25029298871927746,0.24864665364630711,0.5010603576344154,6.0,4.0,1.65,A,1.65,False,-100.0
2013-11-24,2013,H,H,0.5331729357547834,0.2470640049797966,0.21976305926541992,1.7,4.0,5.5,H,1.7,True,70.0
2013-11-25,2013,D,H,0.4998335502208215,0.2239449736004918,0.2762214761786868,2.15,3.4,3.8,H,2.15,False,-100.0
2013-11-30,2013,D,H,0.5845048292860913,0.2315604288858006,0.18393474182810818,2.0,3.4,4.33,H,2.0,False,-100.0
2013-11-30,2013,A,A,0.1454810460499362,0.2616686172999554,0.5928503366501084,6.5,4.0,1.62,A,1.62,True,62.000000000000014
2013-11-30,2013,H,H,0.5616067085673956,0.2601918977605793,0.178201393672025,1.62,4.0,6.25,H,1.62,True,62.000000000000014
2013-11-30,2013,H,H,0.4730101392398633,0.2730767581508864,0.2539131026092503,2.05,3.5,4.0,H,2.05,True,104.99999999999999
2013-11-30,2013,H,H,0.48246265014230066,0.24766488403325138,0.26987246582444796,2.0,3.4,4.33,H,2.0,True,100.0
2013-11-30,2013,H,H,0.5409820289473154,0.2487424857884097,0.2102754852642749,1.91,3.5,4.6,H,1.91,True,90.99999999999999
2013-12-01,2013,D,H,0.5495605051809298,0.24970693412246595,0.20073256069660425,2.8,3.5,2.63,H,2.8,False,-100.0
2013-12-01,2013,H,H,0.6299629693295987,0.19219386975779665,0.1778431609126047,1.29,6.0,13.0,H,1.29,True,29.000000000000004
2013-12-01,2013,H,H,0.6267814059151721,0.2258462160268948,0.1473723780579331,1.57,4.2,6.5,H,1.57,True,57.00000000000001
2013-12-01,2013,H,A,0.21539493939009227,0.27410281483390647,0.5105022457760012,6.5,4.0,1.62,A,1.62,False,-100.0
2013-12-03,2013,H,H,0.4680754588775611,0.23112259291697426,0.30080194820546463,3.25,3.3,2.4,H,3.25,True,225.0
2013-12-04,2013,A,A,0.22098743779016686,0.23671085706496375,0.5423017051448694,5.8,3.9,1.67,A,1.67,True,67.0
2013-12-04,2013,A,H,0.5526209960717609,0.22973057270638567,0.21764843122185348,1.7,3.8,5.75,H,1.7,False,-100.0
2013-12-04,2013,H,H,0.685505640527366,0.1881880201310421,0.12630633934159197,1.2,7.5,17.0,H,1.2,True,19.999999999999996
2013-12-04,2013,H,H,0.5811996494743172,0.233624855965218,0.18517549456046475,1.29,6.0,12.0,H,1.29,True,29.000000000000004
2013-12-04,2013,D,A,0.3560970285083471,0.23352633665962408,0.41037663483202885,2.1,3.4,4.0,A,4.0,False,-100.0
2013-12-04,2013,A,A,0.15663602963275125,0.30251489053731556,0.5408490798299331,6.0,4.2,1.62,A,1.62,True,62.000000000000014
2013-12-04,2013,A,H,0.5769402745460349,0.22228826006924426,0.2007714653847208,1.73,3.75,5.5,H,1.73,False,-100.0
2013-12-04,2013,A,A,0.13660863643377394,0.2299484578216878,0.6334429057445382,6.5,4.33,1.55,A,1.55,True,55.00000000000001
2013-12-04,2013,H,H,0.500730249433336,0.22249550109371827,0.27677424947294565,2.2,3.5,3.5,H,2.2,True,120.00000000000001
2013-12-07,2013,H,A,0.3152266416984766,0.25598259841739507,0.42879075988412835,2.8,3.3,2.75,A,2.75,False,-100.0
2013-12-07,2013,H,H,0.6458010599193407,0.25311942300900675,0.10107951707165248,1.29,6.0,12.0,H,1.29,True,29.000000000000004
2013-12-07,2013,A,H,0.6343630349752047,0.2077925368113407,0.15784442821345457,1.53,4.33,7.0,H,1.53,False,-100.0
2013-12-07,2013,D,A,0.23673577914748992,0.2606797221760524,0.5025844986764576,5.25,3.8,1.75,A,1.75,False,-100.0
2013-12-07,2013,H,A,0.13225959021801717,0.24266019394119445,0.6250802158407884,6.5,4.2,1.57,A,1.57,False,-100.0
2013-12-07,2013,A,A,0.283546554577462,0.2888501072154453,0.42760333820709273,4.5,3.6,1.91,A,1.91,True,90.99999999999999
2013-12-07,2013,A,H,0.6453003209471975,0.18738052432399052,0.16731915472881212,1.8,3.75,5.0,H,1.8,False,-100.0
2013-12-08,2013,H,A,0.34143796649278085,0.26545366986916435,0.39310836363805474,2.75,3.3,2.8,A,2.8,False,-100.0
2013-12-08,2013,D,H,0.5513113337823552,0.21062595463297398,0.23806271158467082,1.7,3.8,5.75,H,1.7,False,-100.0
2013-12-09,2013,D,H,0.5994705409960396,0.2135664680539576,0.1869629909500028,1.75,3.75,5.5,H,1.75,False,-100.0
2013-12-14,2013,D,H,0.5197806240515456,0.23893369800863837,0.24128567793981606,1.95,3.6,4.33,H,1.95,False,-100.0
2013-12-14,2013,H,H,0.5927642147341695,0.21827528073125077,0.18896050453457977,1.18,8.0,19.0,H,1.18,True,17.999999999999993
2013-12-14,2013,H,H,0.4989658314984211,0.28695496789507097,0.21407920060650798,1.83,3.75,4.75,H,1.83,True,83.0
2013-12-14,2013,D,H,0.5567260608092345,0.2290727408835942,0.21420119830717135,2.4,3.4,3.2,H,2.4,False,-100.0
2013-12-14,2013,H,H,0.6588885680716404,0.24315737680461655,0.09795405512374311,1.36,5.0,10.5,H,1.36,True,36.00000000000001
2013-12-14,2013,H,H,0.40733176629954704,0.24546183413741715,0.34720639956303573,2.63,3.4,2.88,H,2.63,True,163.0
2013-12-14,2013,D,H,0.5328908368682644,0.22101176537859302,0.24609739775314257,2.3,3.3,3.5,H,2.3,False,-100.0
2013-12-15,2013,A,A,0.2610303674638523,0.2816710265988872,0.4572986059372605,5.25,3.8,1.75,A,1.75,True,75.0
2013-12-15,2013,D,H,0.5618003814364839,0.24596776956040847,0.19223184900310755,2.88,3.3,2.7,H,2.88,False,-100.0
2013-12-15,2013,A,H,0.623438662415315,0.21643687523533725,0.16012446234934777,2.5,3.4,3.0,H,2.5,False,-100.0
2013-12-21,2013,A,A,0.14146175065825026,0.20115825231892834,0.6573799970228215,9.5,5.25,1.36,A,1.36,True,36.00000000000001
2013-12-21,2013,H,H,0.7755815467090551,0.15376618140273687,0.07065227188820801,1.2,7.5,16.0,H,1.2,True,19.999999999999996
2013-12-21,2013,A,H,0.4005258674317012,0.25327626026465183,0.3461978723036469,3.25,3.4,2.38,H,3.25,False,-100.0
2013-12-21,2013,H,H,0.4180933094025585,0.25109834571376755,0.3308083448836739,2.3,3.25,3.5,H,2.3,True,129.99999999999997
2013-12-21,2013,D,H,0.4625192485080145,0.24844329616470354,0.2890374553272819,2.05,3.5,4.0,H,2.05,False,-100.0
2013-12-21,2013,D,H,0.47548150130715366,0.27907430986362414,0.24544418882922225,1.95,3.5,4.5,H,1.95,False,-100.0
2013-12-21,2013,H,H,0.5502259499892189,0.23554592170190036,0.21422812830888072,1.36,5.25,10.0,H,1.36,True,36.00000000000001
2013-12-22,2013,A,H,0.3834910103975265,0.25243018155646624,0.3640788080460072,2.55,3.3,3.0,H,2.55,False,-100.0
2013-12-22,2013,A,H,0.39393835069422334,0.2994656046504299,0.30659604465534684,3.0,3.4,2.5,H,3.0,False,-100.0
2013-12-23,2013,D,H,0.4356163519722352,0.2688916902126029,0.2954919578151619,2.38,3.4,3.25,H,2.38,False,-100.0
2013-12-26,2013,A,H,0.5107355214251393,0.23096514679036872,0.258299331784492,1.91,3.5,4.5,H,1.91,False,-100.0
2013-12-26,2013,H,H,0.5890576631983652,0.19617837105026126,0.21476396575137358,1.75,3.8,5.25,H,1.75,True,75.0
2013-12-26,2013,A,H,0.4707742661931122,0.2353617036037796,0.2938640302031083,3.3,3.3,2.38,H,3.3,False,-100.0
2013-12-26,2013,A,A,0.3062860967471181,0.2599269794001411,0.4337869238527408,7.0,4.2,1.55,A,1.55,True,55.00000000000001
2013-12-26,2013,H,H,0.6073885455075478,0.194138883355181,0.19847257113727115,1.33,5.5,10.0,H,1.33,True,33.00000000000001
2013-12-26,2013,A,A,0.195824994034015,0.26142032661710424,0.5427546793488808,6.5,4.0,1.62,A,1.62,True,62.000000000000014
2013-12-26,2013,A,A,0.3523614216355018,0.292688426729438,0.35495015163506016,2.05,3.5,4.0,A,4.0,True,300.0
2013-12-26,2013,H,H,0.5831927337319028,0.22957020800776962,0.18723705826032747,1.75,4.2,4.6,H,1.75,True,75.0
2013-12-26,2013,D,H,0.5303717045995477,0.2196994343035162,0.24992886109693604,1.53,4.33,7.0,H,1.53,False,-100.0
2013-12-26,2013,A,H,0.6262924607704566,0.22654621435703737,0.14716132487250594,1.36,5.25,9.5,H,1.36,False,-100.0
2013-12-28,2013,D,H,0.4163451417958313,0.26464450087281494,0.3190103573313537,2.38,3.4,3.25,H,2.38,False,-100.0
2013-12-28,2013,D,A,0.3459963489012306,0.2899759956363384,0.3640276554624309,3.0,3.3,2.55,A,2.55,False,-100.0
2013-12-28,2013,D,H,0.4422407684159877,0.24747974718080923,0.31027948440320313,2.38,3.25,3.4,H,2.38,False,-100.0
2013-12-28,2013,H,H,0.46525618380511985,0.24915599778136924,0.28558781841351094,2.05,3.4,4.1,H,2.05,True,104.99999999999999
2013-12-28,2013,H,H,0.7000182342493888,0.1889786824836058,0.1110030832670054,1.13,9.5,29.0,H,1.13,True,12.99999999999999
2013-12-28,2013,A,A,0.2064469678156684,0.2457348792017049,0.5478181529826267,6.5,4.2,1.57,A,1.57,True,57.00000000000001
2013-12-29,2013,H,H,0.5765616286968462,0.23659128855246667,0.18684708275068707,1.83,3.7,4.75,H,1.83,True,83.0
2013-12-29,2013,A,A,0.33285406899826725,0.2870587400413442,0.3800871909603886,4.0,3.7,2.0,A,2.0,True,100.0
2013-12-29,2013,H,H,0.642904004652881,0.19577172222653427,0.1613242731205847,1.44,4.33,8.0,H,1.44,True,43.99999999999999
2013-12-29,2013,H,H,0.5036667653909731,0.2505480811120224,0.24578515349700444,2.2,3.5,3.5,H,2.2,True,120.00000000000001
2014-01-01,2013,H,H,0.49640313391269547,0.288087920171571,0.21550894591573347,1.29,6.0,13.0,H,1.29,True,29.000000000000004
2014-01-01,2013,H,H,0.7263765904729181,0.1498241901165787,0.12379921941050327,1.3,6.0,11.0,H,1.3,True,30.000000000000004
2014-01-01,2013,A,A,0.3155706176426297,0.2615699140765138,0.42285946828085647,4.0,3.5,2.05,A,2.05,True,104.99999999999999
2014-01-01,2013,H,H,0.42174035319596764,0.28100187426821616,0.29725777253581614,2.5,3.3,3.1,H,2.5,True,150.0
2014-01-01,2013,D,H,0.5012088343305696,0.23779701195805977,0.26099415371137064,2.38,3.3,3.3,H,2.38,False,-100.0
2014-01-01,2013,A,H,0.3847980391585706,0.26617606724567056,0.3490258935957588,5.75,4.25,1.62,H,5.75,False,-100.0
2014-01-01,2013,H,H,0.5163545188235926,0.2663570132822303,0.21728846789417702,2.6,3.4,2.88,H,2.6,True,160.0
2014-01-01,2013,D,A,0.2796390580551628,0.2482385138416563,0.4721224281031809,4.0,3.3,2.1,A,2.1,False,-100.0
2014-01-01,2013,A,H,0.5741539017435159,0.2693717912077273,0.15647430704875678,2.15,3.4,3.75,H,2.15,False,-100.0
2014-01-01,2013,A,H,0.44566701044258944,0.1986382902085102,0.3556946993489003,1.8,3.8,4.75,H,1.8,False,-100.0
2014-01-11,2013,H,H,0.5873680584870234,0.24126599764081033,0.1713659438721661,1.36,5.0,10.0,H,1.36,True,36.00000000000001
2014-01-11,2013,H,H,0.6304778180583751,0.1944293362353079,0.17509284570631709,1.83,3.7,4.75,H,1.83,True,83.0
2014-01-11,2013,H,H,0.5654295675889727,0.2556711989825657,0.17889923342846162,1.57,4.0,7.0,H,1.57,True,57.00000000000001
2014-01-11,2013,A,A,0.3213038140528109,0.20944967426840946,0.4692465116787796,6.5,4.0,1.6,A,1.6,True,60.00000000000001
2014-01-11,2013,A,H,0.4888193360872212,0.23052705092602854,0.28065361298675023,2.2,3.3,3.75,H,2.2,False,-100.0
2014-01-11,2013,H,H,0.5130126190497871,0.2187949487430487,0.2681924322071642,1.4,5.0,9.0,H,1.4,True,39.99999999999999
2014-01-11,2013,A,H,0.46946932289440974,0.27431359917500703,0.2562170779305832,2.0,3.5,4.1,H,2.0,False,-100.0
2014-01-12,2013,A,A,0.3153997703415981,0.28354186290202454,0.40105836675637735,5.25,4.0,1.7,A,1.7,True,70.0
2014-01-12,2013,A,A,0.2241154161805553,0.22422611858774585,0.5516584652316988,5.75,4.0,1.67,A,1.67,True,67.0
2014-01-13,2013,A,A,0.23979523677797707,0.28453074910448956,0.47567401411753335,6.0,4.2,1.62,A,1.62,True,62.000000000000014
2014-01-18,2013,H,H,0.6871516699809043,0.18499331240768288,0.12785501761141274,1.22,7.0,15.0,H,1.22,True,21.999999999999996
2014-01-18,2013,H,H,0.5194677930988166,0.2115082726572156,0.26902393424396776,2.35,3.2,3.5,H,2.35,True,135.0
2014-01-18,2013,D,H,0.6976045293628003,0.21878519899041668,0.0836102716467832,1.22,7.0,15.0,H,1.22,False,-100.0
2014-01-18,2013,H,H,0.808217114910248,0.13927189067884188,0.05251099441091025,1.13,11.0,23.0,H,1.13,True,12.99999999999999
2014-01-18,2013,H,H,0.5376789904694886,0.24290548944036164,0.21941552009014967,2.4,3.3,3.25,H,2.4,True,140.0
2014-01-18,2013,D,H,0.5097877776621682,0.25865402717822955,0.23155819515960216,3.2,3.3,2.45,H,3.2,False,-100.0
2014-01-18,2013,A,H,0.44891569414377447,0.2657716898552555,0.28531261600097,3.0,3.4,2.5,H,3.0,False,-100.0
2014-01-19,2013,H,H,0.6074692594796921,0.20361258102646898,0.18891815949383883,1.73,3.8,5.5,H,1.73,True,73.0
2014-01-19,2013,A,H,0.6738874577243842,0.1828475339749239,0.14326500830069197,3.25,3.4,2.38,H,3.25,False,-100.0
2014-01-20,2013,D,A,0.33748055772015095,0.2788533474240822,0.3836660948557669,3.5,3.4,2.25,A,2.25,False,-100.0
2014-01-28,2013,H,H,0.6225996349169267,0.20325665840529242,0.1741437066777808,1.75,3.75,5.25,H,1.75,True,75.0
2014-01-28,2013,D,H,0.438567612837909,0.24047415809256556,0.3209582290695254,4.33,3.5,1.95,H,4.33,False,-100.0
2014-01-28,2013,D,H,0.5390466123132521,0.26598899976850765,0.1949643879182402,2.7,3.4,2.8,H,2.7,False,-100.0
2014-01-28,2013,H,H,0.4816657714087351,0.2976345817286276,0.2206996468626372,1.83,3.9,4.5,H,1.83,True,83.0
2014-01-28,2013,H,H,0.45597707769838897,0.2472691862857055,0.29675373601590554,2.5,3.2,3.2,H,2.5,True,150.0
2014-01-28,2013,H,H,0.6186686012928657,0.22203259086503613,0.15929880784209813,1.25,6.5,15.0,H,1.25,True,25.0
2014-01-29,2013,A,A,0.3058884133228441,0.23859553383177468,0.4555160528453812,3.75,3.75,2.05,A,2.05,True,104.99999999999999
2014-01-29,2013,H,H,0.6027122643235012,0.23816396331103626,0.15912377236546257,2.1,3.4,3.9,H,2.1,True,110.00000000000001
2014-01-29,2013,D,H,0.6191793995250942,0.2111774770510819,0.16964312342382407,1.18,8.0,19.0,H,1.18,False,-100.0
2014-01-29,2013,H,H,0.3931210358624417,0.24401611414909705,0.36286284998846124,2.6,3.3,3.0,H,2.6,True,160.0
2014-02-01,2013,H,A,0.15889061728512388,0.27129237997722433,0.5698170027376518,7.0,4.0,1.57,A,1.57,False,-100.0
2014-02-01,2013,H,H,0.43876937516016107,0.2740926761543443,0.2871379486854946,2.9,3.4,2.6,H,2.9,True,190.0
2014-02-01,2013,D,A,0.32654786491125437,0.2491735115566167,0.424278623532129,4.0,3.5,2.05,A,2.05,False,-100.0
2014-02-01,2013,A,H,0.5514223372273404,0.2157273912216201,0.23285027155103954,1.95,3.5,4.33,H,1.95,False,-100.0
2014-02-01,2013,H,H,0.6427506296803874,0.22866661543360697,0.12858275488600562,1.53,4.33,7.0,H,1.53,True,53.0
2014-02-01,2013,H,A,0.3573658452890021,0.2518317026095283,0.39080245210146963,2.3,3.4,3.4,A,3.4,False,-100.0
2014-02-01,2013,A,H,0.4725188073141253,0.25018156643008505,0.27729962625578963,3.6,3.4,2.2,H,3.6,False,-100.0
2014-02-02,2013,H,H,0.627257125762121,0.21094884104597686,0.16179403319190208,1.22,7.0,16.0,H,1.22,True,21.999999999999996
2014-02-02,2013,D,A,0.24099524032249084,0.2919624168698178,0.46704234280769147,5.75,4.33,1.62,A,1.62,False,-100.0
2014-02-03,2013,A,H,0.503854846415884,0.21877898709842292,0.27736616648569323,1.85,3.8,4.5,H,1.85,False,-100.0
2014-02-08,2013,D,H,0.5080674411305917,0.2501075454414892,0.24182501342791907,1.55,4.0,7.5,H,1.55,False,-100.0
2014-02-08,2013,H,H,0.5545940278620108,0.23879689555536907,0.20660907658261998,1.85,3.6,4.75,H,1.85,True,85.00000000000001
2014-02-08,2013,A,H,0.5255022802606643,0.22658541252380485,0.24791230721553092,2.15,3.4,3.8,H,2.15,False,-100.0
2014-02-08,2013,D,A,0.3512027153210169,0.21948767237464828,0.4293096123043348,9.0,5.5,1.36,A,1.36,False,-100.0
2014-02-08,2013,H,A,0.35904040318473557,0.2592548780257243,0.3817047187895402,2.6,3.3,3.0,A,3.0,False,-100.0
2014-02-08,2013,H,H,0.6624753421822903,0.17468517577145568,0.16283948204625392,1.25,6.25,15.0,H,1.25,True,25.0
2014-02-08,2013,A,H,0.4601200433450669,0.21926989567173594,0.32061006098319716,2.1,3.5,3.8,H,2.1,False,-100.0
2014-02-08,2013,H,H,0.43170374402644374,0.28920930775411896,0.2790869482194373,2.2,3.6,3.4,H,2.2,True,120.00000000000001
2014-02-09,2013,D,H,0.6295880521604695,0.1813418045393366,0.18907014330019387,1.2,7.0,19.0,H,1.2,False,-100.0
2014-02-09,2013,H,H,0.49214057363334013,0.2355528156810003,0.2723066106856596,2.1,3.5,3.75,H,2.1,True,110.00000000000001
2014-02-11,2013,H,H,0.3913897678969023,0.2396984429322108,0.3689117891708869,2.05,3.5,4.0,H,2.05,True,104.99999999999999
2014-02-11,2013,D,A,0.22729500233065247,0.28262577559088703,0.4900792220784605,7.5,4.5,1.5,A,1.5,False,-100.0
2014-02-11,2013,A,H,0.4719561189283901,0.2595749733752217,0.2684689076963882,3.0,3.25,2.6,H,3.0,False,-100.0
2014-02-11,2013,D,A,0.3415966589006328,0.22722652337559626,0.43117681772377087,2.5,3.4,3.0,A,3.0,False,-100.0
2014-02-12,2013,D,H,0.3867629550732456,0.255162353584892,0.35807469134186243,2.7,3.25,2.9,H,2.7,False,-100.0
2014-02-12,2013,A,H,0.5274283158541898,0.2627107635875073,0.20986092055830297,3.3,3.5,2.3,H,3.3,False,-100.0
2014-02-12,2013,D,H,0.5175141375090075,0.2582449767553964,0.22424088573559606,2.15,3.5,3.6,H,2.15,False,-100.0
2014-02-12,2013,A,A,0.1660129223792185,0.2522170167171224,0.5817700609036591,8.0,5.25,1.4,A,1.4,True,39.99999999999999
2014-02-22,2013,H,A,0.3515898223143287,0.28768720863506075,0.3607229690506106,3.2,3.4,2.4,A,2.4,False,-100.0
2014-02-22,2013,D,H,0.5419714579524225,0.2259076424965584,0.23212089955101903,1.8,3.9,4.75,H,1.8,False,-100.0
2014-02-22,2013,H,H,0.9046908072372957,0.050280955972108736,0.04502823679059562,1.18,8.0,19.0,H,1.18,True,17.999999999999993
2014-02-22,2013,A,A,0.2571019374731789,0.2695121159357858,0.4733859465910353,6.5,4.0,1.6,A,1.6,True,60.00000000000001
2014-02-22,2013,H,H,0.6731602731755629,0.18245950329585017,0.14438022352858676,1.57,4.0,7.0,H,1.57,True,57.00000000000001
2014-02-22,2013,A,H,0.5029135084244,0.2289446226663975,0.26814186890920255,2.75,3.2,2.88,H,2.75,False,-100.0
2014-02-22,2013,H,H,0.5734448011007852,0.22286395908289344,0.2036912398163213,1.33,5.5,11.0,H,1.33,True,33.00000000000001
2014-02-23,2013,H,H,0.655415009265789,0.20384015264280095,0.14074483809141006,1.3,5.75,12.0,H,1.3,True,30.000000000000004
2014-02-23,2013,H,H,0.5096055023881603,0.24178853706023531,0.24860596055160442,2.1,3.4,3.9,H,2.1,True,110.00000000000001
2014-02-23,2013,H,H,0.5466167636625197,0.21843217051505923,0.23495106582242112,3.8,3.5,2.1,H,3.8,True,280.0
2014-03-01,2013,A,A,0.14791205990544828,0.3020461673754477,0.550041772719104,8.0,4.75,1.45,A,1.45,True,44.99999999999999
2014-03-01,2013,A,H,0.5377870907650116,0.24875099964577696,0.2134619095892115,2.45,3.2,3.3,H,2.45,False,-100.0
2014-03-01,2013,H,H,0.5561345500528269,0.24154070852772325,0.20232474141944992,1.53,4.2,7.5,H,1.53,True,53.0
2014-03-01,2013,H,A,0.23016695255360534,0.2914873886303495,0.4783456588160451,5.5,3.8,1.73,A,1.73,False,-100.0
2014-03-01,2013,A,H,0.4528466961412155,0.2577465122457687,0.28940679161301575,3.75,3.75,2.05,H,3.75,False,-100.0
2014-03-02,2013,D,H,0.521543837337585,0.25932568721790833,0.21913047544450662,1.85,3.5,5.0,H,1.85,False,-100.0
2014-03-02,2013,H,H,0.5559008548416566,0.24236909546279914,0.20173004969554428,1.33,5.25,12.0,H,1.33,True,33.00000000000001
2014-03-02,2013,H,H,0.5270551629310763,0.22203009344544755,0.25091474362347604,2.1,3.4,3.9,H,2.1,True,110.00000000000001
2014-03-08,2013,H,H,0.48415880161386315,0.2941399666076832,0.22170123177845366,2.35,3.5,3.2,H,2.35,True,135.0
2014-03-08,2013,H,H,0.6011074050322639,0.24898332134372766,0.14990927362400852,1.57,4.0,7.0,H,1.57,True,57.00000000000001
2014-03-08,2013,A,H,0.42844333900360804,0.2548872079223892,0.3166694530740027,3.9,3.3,2.15,H,3.9,False,-100.0
2014-03-08,2013,D,H,0.5957234877322243,0.2439426410685538,0.16033387119922196,2.25,3.3,3.6,H,2.25,False,-100.0
2014-03-08,2013,A,A,0.3334764629580614,0.25681623650047447,0.40970730054146415,5.0,3.6,1.83,A,1.83,True,83.0
2014-03-15,2013,A,A,0.1516591595844903,0.2891851370488954,0.5591557033666142,6.5,4.33,1.57,A,1.57,True,57.00000000000001
2014-03-15,2013,H,A,0.14417715758577268,0.23392316217849518,0.6218996802357322,7.0,4.33,1.53,A,1.53,False,-100.0
2014-03-15,2013,H,H,0.4300157713985497,0.2666159267560449,0.3033683018454054,2.9,3.4,2.6,H,2.9,True,190.0
2014-03-15,2013,H,H,0.6149868369077305,0.2169200747591493,0.16809308833312023,1.36,5.0,11.0,H,1.36,True,36.00000000000001
2014-03-15,2013,H,H,0.583963545723484,0.2527924442101846,0.1632440100663315,1.62,4.0,6.5,H,1.62,True,62.000000000000014
2014-03-15,2013,H,H,0.48981131899709035,0.2493812844100103,0.2608073965928993,2.25,3.3,3.6,H,2.25,True,125.0
2014-03-15,2013,D,H,0.40161287350032354,0.2901370791389895,0.308250047360687,2.15,3.3,3.9,H,2.15,False,-100.0
2014-03-15,2013,A,H,0.48973719771327867,0.2652032719160292,0.24505953037069214,1.95,3.6,4.33,H,1.95,False,-100.0
2014-03-16,2013,A,H,0.4884611748301668,0.2976991640948878,0.21383966107494543,2.5,3.6,2.9,H,2.5,False,-100.0
2014-03-16,2013,A,H,0.4049442359851108,0.32292164154635983,0.27213412246852936,3.1,3.4,2.45,H,3.1,False,-100.0
2014-03-22,2013,H,H,0.598977858798777,0.2280261146713066,0.1729960265299165,2.25,3.3,3.6,H,2.25,True,125.0
2014-03-22,2013,A,A,0.20473652006905,0.23358875205571258,0.5616747278752374,9.5,5.25,1.36,A,1.36,True,36.00000000000001
2014-03-22,2013,H,H,0.5994007116248788,0.23269004756038733,0.1679092408147338,1.85,3.6,4.75,H,1.85,True,85.00000000000001
2014-03-22,2013,H,H,0.4267545659935103,0.24896647163587338,0.3242789623706163,2.2,3.3,3.75,H,2.2,True,120.00000000000001
2014-03-22,2013,H,H,0.8194694694417063,0.12161479670988817,0.05891573384840557,1.17,9.0,17.0,H,1.17,True,16.999999999999993
2014-03-22,2013,H,H,0.5505700197911442,0.22864630269328398,0.22078367751557196,1.85,3.6,4.75,H,1.85,True,85.00000000000001
2014-03-22,2013,A,A,0.35618213313719504,0.2472510714008881,0.3965667954619168,4.5,3.6,1.91,A,1.91,True,90.99999999999999
2014-03-22,2013,H,H,0.5774397220095917,0.22059849146040478,0.20196178653000352,1.67,3.9,6.0,H,1.67,True,67.0
2014-03-23,2013,A,H,0.5740582960418764,0.24242449352109982,0.18351721043702382,2.2,3.3,3.75,H,2.2,False,-100.0
2014-03-23,2013,H,H,0.46208015314439327,0.251473448803489,0.2864463980521177,2.25,3.4,3.5,H,2.25,True,125.0
2014-03-25,2013,D,H,0.634320855201685,0.2295163050671775,0.13616283973113746,1.57,4.2,6.5,H,1.57,False,-100.0
2014-03-25,2013,A,A,0.2460857754562241,0.19022824254721438,0.5636859819965615,3.5,3.6,2.15,A,2.15,True,114.99999999999999
2014-03-25,2013,A,H,0.4340687850513281,0.28651907797471327,0.27941213697395856,3.5,3.4,2.25,H,3.5,False,-100.0
2014-03-26,2013,H,H,0.7548101842193923,0.17045144984073501,0.07473836593987275,1.17,9.0,19.0,H,1.17,True,16.999999999999993
2014-03-26,2013,H,H,0.4901448507669608,0.25601357753124326,0.25384157170179594,2.4,3.3,3.3,H,2.4,True,140.0
2014-03-29,2013,H,A,0.13765512472392008,0.24336666398416926,0.6189782112919107,10.0,4.75,1.4,A,1.4,False,-100.0
2014-03-29,2013,D,H,0.6270932521026612,0.22474718265847385,0.14815956523886495,1.83,3.75,4.75,H,1.83,False,-100.0
2014-03-29,2013,D,A,0.2908717201524557,0.3107155262042092,0.39841275364333506,3.6,3.5,2.15,A,2.15,False,-100.0
2014-03-29,2013,H,H,0.386674480507545,0.27232393000505595,0.34100158948739906,1.73,3.9,5.25,H,1.73,True,73.0
2014-03-29,2013,H,H,0.507690469810912,0.23484312604999605,0.25746640413909194,2.15,3.3,3.9,H,2.15,True,114.99999999999999
2014-03-29,2013,H,A,0.3776690903552912,0.2265839075138989,0.39574700213081,1.75,3.8,5.25,A,5.25,False,-100.0
2014-03-29,2013,H,H,0.5587268587210189,0.20855559549767,0.2327175457813111,1.45,4.75,8.0,H,1.45,True,44.99999999999999
2014-03-30,2013,H,H,0.7000793864702501,0.18751147593797646,0.11240913759177336,1.48,4.75,7.5,H,1.48,True,48.0
2014-03-30,2013,A,A,0.3002126220214007,0.22897232454860114,0.4708150534299982,5.0,3.75,1.8,A,1.8,True,80.0
2014-03-31,2013,A,H,0.491202042229623,0.2411331945408113,0.26766476322956567,2.3,3.3,3.5,H,2.3,False,-100.0
2014-04-05,2013,A,H,0.417393534279558,0.2489626048637477,0.3336438608566943,2.05,3.5,4.0,H,2.05,False,-100.0
2014-04-05,2013,A,A,0.3717097915892893,0.22661344662193672,0.401676761788774,2.45,3.25,3.25,A,3.25,True,225.0
2014-04-05,2013,H,H,0.6421340596698049,0.23363760844329784,0.1242283318868973,1.29,6.0,13.0,H,1.29,True,29.000000000000004
2014-04-05,2013,H,H,0.4649057068755054,0.24261453633451113,0.29247975678998334,2.75,3.3,2.8,H,2.75,True,175.0
2014-04-05,2013,H,H,0.584140774932576,0.20360504458854597,0.2122541804788781,1.33,5.75,10.0,H,1.33,True,33.00000000000001
2014-04-05,2013,A,H,0.3822318054080538,0.24368092576926512,0.3740872688226811,4.2,3.7,1.95,H,4.2,False,-100.0
2014-04-05,2013,A,H,0.48488103938792726,0.25685372767418385,0.2582652329378889,2.4,3.3,3.25,H,2.4,False,-100.0
2014-04-06,2013,A,A,0.13940291684540615,0.2529786457489677,0.607618437405626,9.0,5.0,1.4,A,1.4,True,39.99999999999999
2014-04-06,2013,H,H,0.6253250251168859,0.18585041200217312,0.18882456288094093,2.5,3.4,3.0,H,2.5,True,150.0
2014-04-07,2013,H,H,0.4431435124284617,0.252807483997744,0.30404900357379433,1.57,4.2,6.5,H,1.57,True,57.00000000000001
2014-04-12,2013,D,H,0.34374192793872066,0.31265394659647777,0.3436041254648016,3.1,3.6,2.38,H,3.1,False,-100.0
2014-04-12,2013,A,A,0.22565347009462475,0.26913440452497084,0.5052121253804044,4.75,3.7,1.83,A,1.83,True,83.0
2014-04-12,2013,H,H,0.4551167089062298,0.2578641179491535,0.2870191731446167,2.1,3.4,3.9,H,2.1,True,110.00000000000001
2014-04-12,2013,H,H,0.41102648796129243,0.3057566778467892,0.28321683419191834,2.15,3.5,3.6,H,2.15,True,114.99999999999999
2014-04-12,2013,H,H,0.40463088948883424,0.24311714838451481,0.35225196212665094,2.15,3.3,3.9,H,2.15,True,114.99999999999999
2014-04-12,2013,A,H,0.5548207794814014,0.22021402804862933,0.22496519246996924,1.45,4.75,8.0,H,1.45,False,-100.0
2014-04-13,2013,H,H,0.5907669253811183,0.22027147400667438,0.18896160061220724,2.45,3.7,2.9,H,2.45,True,145.00000000000003
2014-04-13,2013,A,A,0.28748376148533955,0.2889574748990255,0.42355876361563505,5.0,3.6,1.83,A,1.83,True,83.0
2014-04-15,2013,H,H,0.5314765884969481,0.2274079662873075,0.24111544521574438,1.4,5.0,9.0,H,1.4,True,39.99999999999999
2014-04-16,2013,A,H,0.6350122624141031,0.22061976433816297,0.14436797324773382,1.4,4.75,10.0,H,1.4,False,-100.0
2014-04-16,2013,D,H,0.7514852506653655,0.17290090747763198,0.07561384185700247,1.17,9.0,17.0,H,1.17,False,-100.0
2014-04-19,2013,A,H,0.4896011585579895,0.19998411468753077,0.31041472675447973,2.2,3.2,3.4,H,2.2,False,-100.0
2014-04-19,2013,D,H,0.4132335504577858,0.2479727983340245,0.33879365120818966,3.4,3.4,2.1,H,3.4,False,-100.0
2014-04-19,2013,D,H,0.39684094070640413,0.23349506793936095,0.369663991354235,2.38,3.2,3.0,H,2.38,False,-100.0
2014-04-19,2013,A,H,0.7934071700837437,0.13760806287691632,0.06898476703933995,1.18,7.0,13.0,H,1.18,False,-100.0
2014-04-19,2013,A,H,0.589497268517166,0.2482309062515505,0.16227182523128345,2.63,3.3,2.6,H,2.63,False,-100.0
2014-04-19,2013,H,H,0.6523227726130795,0.1828498644350408,0.16482736295187986,1.5,4.2,6.5,H,1.5,True,50.0
2014-04-20,2013,H,H,0.5400248089779666,0.2219121048539859,0.23806308616804758,2.4,3.4,2.8,H,2.4,True,140.0
2014-04-20,2013,A,A,0.26836448507628197,0.23544202145623905,0.49619349346747893,8.5,5.0,1.33,A,1.33,True,33.00000000000001
2014-04-20,2013,A,A,0.23332412542732092,0.2319847307845372,0.5346911437881419,4.5,3.6,1.8,A,1.8,True,80.0
2014-04-21,2013,H,H,0.5705257967424072,0.21087992432976158,0.21859427892783115,1.2,7.0,11.0,H,1.2,True,19.999999999999996
2014-04-26,2013,H,H,0.6153438345601473,0.2236657422951416,0.1609904231447111,1.7,3.75,6.0,H,1.7,True,70.0
2014-04-26,2013,D,H,0.42517331465903335,0.2453630949001213,0.32946359044084533,2.3,3.4,3.4,H,2.3,False,-100.0
2014-04-26,2013,H,H,0.6588053126011668,0.2180907854351816,0.1231039019636516,1.36,5.25,9.5,H,1.36,True,36.00000000000001
2014-04-26,2013,H,H,0.3706532176414732,0.25887673139303174,0.37047005096549507,2.8,3.5,2.6,H,2.8,True,179.99999999999997
2014-04-26,2013,A,A,0.3050315026807317,0.2945226715593763,0.40044582575989196,3.2,3.4,2.38,A,2.38,True,138.0
2014-04-26,2013,H,H,0.42133906993873854,0.22515832237901612,0.35350260768224534,1.91,3.75,4.33,H,1.91,True,90.99999999999999
2014-04-27,2013,A,H,0.40345596847324616,0.25942726014141587,0.33711677138533797,1.67,4.2,5.25,H,1.67,False,-100.0
2014-04-27,2013,A,A,0.32057072985877955,0.2255823126738085,0.45384695746741194,7.5,5.0,1.44,A,1.44,True,43.99999999999999
2014-04-27,2013,H,H,0.44226791634499013,0.24506585972501985,0.31266622392999005,1.91,3.75,4.33,H,1.91,True,90.99999999999999
2014-04-28,2013,H,H,0.598221548265363,0.21316363834504448,0.18861481338959254,1.29,6.0,12.0,H,1.29,True,29.000000000000004
2014-05-03,2013,H,A,0.22716483552877773,0.32726067457764446,0.44557448989357784,4.33,3.75,1.91,A,1.91,False,-100.0
2014-05-03,2013,A,H,0.4593670905519674,0.2597524702875083,0.28088043916052424,2.5,3.4,3.0,H,2.5,False,-100.0
2014-05-03,2013,H,H,0.5057042487034292,0.2682408101101024,0.2260549411864683,2.3,3.6,3.25,H,2.3,True,129.99999999999997
2014-05-03,2013,A,H,0.6813799330762391,0.18295973883492614,0.1356603280888347,1.36,5.75,8.5,H,1.36,False,-100.0
2014-05-03,2013,A,H,0.37421362500574334,0.2625072462306268,0.36327912876362983,5.0,4.0,1.75,H,5.0,False,-100.0
2014-05-03,2013,H,H,0.4185426673998036,0.28714132506229545,0.29431600753790094,2.5,3.3,3.1,H,2.5,True,150.0
2014-05-03,2013,H,A,0.26749980414775315,0.20637194595741729,0.5261282498948295,2.05,3.6,3.8,A,3.8,False,-100.0
2014-05-04,2013,D,H,0.8583108397758598,0.10272388655259702,0.03896527367154328,1.2,7.5,17.0,H,1.2,False,-100.0
2014-05-04,2013,H,H,0.5281674965814985,0.2812796579026,0.19055284551590143,1.29,6.0,13.0,H,1.29,True,29.000000000000004
2014-05-05,2013,D,A,0.20950280510906538,0.19535669220713447,0.5951405026838001,9.0,5.0,1.4,A,1.4,False,-100.0
2014-05-06,2013,H,H,0.6703551268523533,0.20735412563114478,0.12229074751650178,1.36,5.5,9.0,H,1.36,True,36.00000000000001
2014-05-07,2013,H,H,0.692362102002322,0.2100476894067299,0.0975902085909481,1.14,9.5,21.0,H,1.14,True,13.99999999999999
2014-05-07,2013,H,H,0.5029425564253088,0.22049526114139031,0.2765621824333009,2.1,3.2,4.2,H,2.1,True,110.00000000000001
2014-05-11,2013,H,H,0.7692110325545679,0.15713458929582225,0.0736543781496099,1.22,7.5,13.0,H,1.22,True,21.999999999999996
2014-05-11,2013,D,H,0.4701510672678466,0.28283928328283053,0.24700964944932294,2.63,3.5,2.8,H,2.63,False,-100.0
2014-05-11,2013,H,H,0.682534080130778,0.20901094575104692,0.1084549741181751,1.17,9.0,17.0,H,1.17,True,16.999999999999993
2014-05-11,2013,A,A,0.07594774753697957,0.3565326200500256,0.5675196324129949,8.0,4.75,1.44,A,1.44,True,43.99999999999999
2014-05-11,2013,A,A,0.327322995057536,0.2818750747325598,0.3908019302099042,4.0,3.6,2.0,A,2.0,True,100.0
2014-05-11,2013,A,A,0.3204410190603615,0.24296465843893852,0.4365943225007,4.5,3.8,1.85,A,1.85,True,85.00000000000001
2014-05-11,2013,A,H,0.5401991140913714,0.23321987453326465,0.22658101137536382,2.3,3.4,3.4,H,2.3,False,-100.0
2014-05-11,2013,H,H,0.6074725354280128,0.21759978578565778,0.1749276787863294,1.5,4.5,7.5,H,1.5,True,50.0
2014-05-11,2013,A,H,0.5708796290782611,0.21250985509803855,0.21661051582370036,2.1,3.6,3.75,H,2.1,False,-100.0
2014-05-11,2013,D,H,0.5076350106150663,0.2874488781497721,0.2049161112351614,2.63,3.5,2.8,H,2.63,False,-100.0
2014-08-16,2014,H,H,0.6982550232756539,0.2302469810597779,0.0714979956645682,1.25,6.5,15.0,H,1.25,True,25.0
2014-08-16,2014,D,H,0.3911498455541475,0.25494625945873556,0.353903894987117,3.2,3.4,2.4,H,3.2,False,-100.0
2014-08-16,2014,A,H,0.6414266902796067,0.2428545111572595,0.11571879856313373,1.36,5.0,11.0,H,1.36,False,-100.0
2014-08-16,2014,A,H,0.5136755075056966,0.30569040221505084,0.18063409027925256,2.5,3.3,3.1,H,2.5,False,-100.0
2014-08-16,2014,A,H,0.5881448003823966,0.24534211513756707,0.16651308448003643,1.95,3.5,4.5,H,1.95,False,-100.0
2014-08-16,2014,D,H,0.3769478266168577,0.3449836772517785,0.2780684961313638,2.25,3.4,3.5,H,2.25,False,-100.0
2014-08-16,2014,A,A,0.33033643842094335,0.29097044631495206,0.3786931152641046,3.8,3.6,2.05,A,2.05,True,104.99999999999999
2014-08-17,2014,H,H,0.7386899257045941,0.15274989839620282,0.10856017589920304,1.33,5.75,10.0,H,1.33,True,33.00000000000001
2014-08-17,2014,A,A,0.3665955832094327,0.26433542033361906,0.36906899645694824,5.25,4.33,1.67,A,1.67,True,67.0
2014-08-18,2014,A,A,0.1734725213905923,0.2991799848079056,0.5273474938015021,9.0,5.0,1.4,A,1.4,True,39.99999999999999
2014-08-23,2014,A,H,0.3899762411322334,0.28852120282039,0.3215025560473766,2.5,3.3,3.1,H,2.5,False,-100.0
2014-08-23,2014,D,A,0.34239675834340205,0.2841056217060217,0.37349761995057623,2.5,3.4,3.0,A,3.0,False,-100.0
2014-08-23,2014,H,H,0.7431982630540213,0.1820991236527086,0.07470261329327016,1.2,7.5,17.0,H,1.2,True,19.999999999999996
2014-08-23,2014,D,H,0.472014044884955,0.22419626095602438,0.3037896941590207,1.85,3.7,4.75,H,1.85,False,-100.0
2014-08-23,2014,H,H,0.5211805314886585,0.24054392541179007,0.23827554309955143,1.65,4.0,6.0,H,1.65,True,64.99999999999999
2014-08-23,2014,D,H,0.4067369053456607,0.25859718674428284,0.33466590791005646,2.8,3.4,2.7,H,2.8,False,-100.0
2014-08-24,2014,D,H,0.43738585967919813,0.2535921163688141,0.30902202395198775,2.5,3.25,3.2,H,2.5,False,-100.0
2014-08-24,2014,D,A,0.1396062976429633,0.19898161630081454,0.6614120860562221,5.0,4.0,1.75,A,1.75,False,-100.0
2014-08-24,2014,H,H,0.5734675625568092,0.16570917972532148,0.26082325771786935,1.45,4.75,8.0,H,1.45,True,44.99999999999999
2014-08-25,2014,H,H,0.5735288551428521,0.1845653532503895,0.24190579160675832,1.85,4.0,4.33,H,1.85,True,85.00000000000001
2014-08-30,2014,A,H,0.708951482287279,0.15977904532231893,0.13126947239040218,1.18,8.0,18.0,H,1.18,False,-100.0
2014-08-30,2014,D,A,0.217039398616957,0.19863176181460296,0.58432883956844,6.0,4.2,1.62,A,1.62,False,-100.0
2014-08-30,2014,A,A,0.292258952628186,0.3428733132190385,0.36486773415277546,3.75,3.3,2.2,A,2.2,True,120.00000000000001
2014-08-30,2014,D,H,0.7162960358200791,0.17780627350447706,0.10589769067544395,1.75,3.75,5.25,H,1.75,False,-100.0
2014-08-30,2014,H,H,0.46702506200793575,0.26410126645334436,0.2688736715387198,1.85,3.6,4.75,H,1.85,True,85.00000000000001
2014-08-30,2014,H,D,0.320703346049159,0.40441180608158,0.27488484786926093,2.4,3.25,3.3,D,3.25,False,-100.0
2014-08-30,2014,A,H,0.4210357663999152,0.26223159329817053,0.3167326403019143,2.8,3.4,2.7,H,2.8,False,-100.0
2014-08-31,2014,H,H,0.4186364088289461,0.2599148102298998,0.3214487809411541,2.3,3.3,3.5,H,2.3,True,129.99999999999997
2014-08-31,2014,D,A,0.263385634444997,0.3128620620275206,0.42375230352748244,4.75,3.75,1.83,A,1.83,False,-100.0
2014-08-31,2014,A,H,0.3594751823195734,0.28472652209975385,0.35579829558067266,2.7,3.5,2.7,H,2.7,False,-100.0
2014-09-13,2014,A,H,0.7288775496643204,0.17205725398916147,0.09906519634651818,1.3,6.0,11.0,H,1.3,False,-100.0
2014-09-13,2014,D,H,0.41589095977094553,0.2616868122605198,0.3224222279685346,3.0,3.4,2.5,H,3.0,False,-100.0
2014-09-13,2014,H,H,0.7578085496338854,0.14944785831735943,0.09274359204875508,1.3,5.75,12.0,H,1.3,True,30.000000000000004
2014-09-13,2014,D,H,0.43421430474714184,0.2801223784011317,0.28566331685172647,2.25,3.3,3.6,H,2.25,False,-100.0
2014-09-13,2014,H,H,0.5181222894192461,0.22030752450779342,0.2615701860729605,1.8,3.75,5.0,H,1.8,True,80.0
2014-09-13,2014,A,H,0.4170852123722657,0.2669333351630467,0.3159814524646876,2.1,3.4,4.0,H,2.1,False,-100.0
2014-09-13,2014,D,A,0.3421962325512367,0.2825237329176371,0.3752800345311262,3.6,3.5,2.15,A,2.15,False,-100.0
2014-09-13,2014,A,A,0.29301002230713696,0.26618662882487215,0.44080334886799083,3.5,3.5,2.2,A,2.2,True,120.00000000000001
2014-09-14,2014,H,H,0.6356524355520276,0.20966049541172574,0.15468706903624665,1.29,6.25,12.0,H,1.29,True,29.000000000000004
2014-09-15,2014,D,H,0.5130162825784055,0.22771074332069471,0.2592729741008997,2.15,3.4,3.75,H,2.15,False,-100.0
2014-09-20,2014,D,H,0.43516555188103617,0.2738081687164189,0.29102627940254494,2.5,3.3,3.1,H,2.5,False,-100.0
2014-09-20,2014,A,A,0.21127980132512017,0.23366396801107311,0.5550562306638067,4.75,3.6,1.85,A,1.85,True,85.00000000000001
2014-09-20,2014,D,H,0.41650852243105135,0.19798258181370199,0.38550889575524677,2.2,3.3,3.75,H,2.2,False,-100.0
2014-09-20,2014,A,H,0.5511072113187221,0.23471042904570907,0.21418235963556886,2.5,3.3,3.1,H,2.5,False,-100.0
2014-09-20,2014,H,A,0.27391932856228013,0.26346971207502184,0.4626109593626981,4.5,3.8,1.85,A,1.85,False,-100.0
2014-09-20,2014,D,H,0.40799319319911653,0.26247291998446026,0.32953388681642326,2.8,3.25,2.8,H,2.8,False,-100.0
2014-09-21,2014,A,H,0.6305825132129914,0.19358486957111806,0.17583261721589052,1.53,4.33,7.0,H,1.53,False,-100.0
2014-09-21,2014,A,H,0.6126402778041559,0.22381712661407038,0.16354259558177367,1.4,5.0,9.0,H,1.4,False,-100.0
2014-09-21,2014,H,A,0.19196786409808786,0.30712704958611803,0.5009050863157941,5.5,4.2,1.67,A,1.67,False,-100.0
2014-09-21,2014,D,A,0.35720614189244726,0.23471269746599346,0.40808116064155925,2.38,3.5,3.1,A,3.1,False,-100.0
2014-09-27,2014,H,H,0.7546721477183035,0.18312571557486557,0.06220213670683094,1.22,7.0,16.0,H,1.22,True,21.999999999999996
2014-09-27,2014,D,H,0.5437796285711473,0.24782614898464905,0.2083942224442037,1.75,3.9,5.0,H,1.75,False,-100.0
2014-09-27,2014,H,A,0.3658933293335358,0.2482338180885676,0.3858728525778967,2.63,3.4,2.88,A,2.88,False,-100.0
2014-09-27,2014,A,A,0.2440677842245945,0.2481733076676527,0.5077589081077528,6.5,4.2,1.57,A,1.57,True,57.00000000000001
2014-09-27,2014,D,H,0.4170034003928876,0.2501048396753252,0.33289175993178716,1.91,3.75,4.33,H,1.91,False,-100.0
2014-09-27,2014,D,H,0.4410103481390945,0.2998112804694835,0.25917837139142197,2.9,3.3,2.63,H,2.9,False,-100.0
2014-09-27,2014,H,H,0.4964006779767593,0.20088926587972886,0.30271005614351193,1.4,5.5,8.0,H,1.4,True,39.99999999999999
2014-09-27,2014,H,H,0.6680040795951966,0.16668092906508836,0.16531499133971503,1.44,4.6,8.5,H,1.44,True,43.99999999999999
2014-09-28,2014,H,H,0.37415658667465895,0.2991217849561347,0.3267216283692064,2.0,3.5,4.2,H,2.0,True,100.0
2014-09-29,2014,H,H,0.47308591253200133,0.26633915497083765,0.260574932497161,2.15,3.4,3.8,H,2.15,True,114.99999999999999
2014-10-04,2014,D,H,0.4707720721516182,0.23629826348870098,0.29292966435968076,1.91,3.7,4.33,H,1.91,False,-100.0
2014-10-04,2014,H,H,0.430436682688981,0.24764227976393463,0.3219210375470844,2.55,3.25,3.1,H,2.55,True,154.99999999999997
2014-10-04,2014,H,H,0.5387492638576291,0.23629356959033443,0.22495716655203638,1.44,5.0,7.5,H,1.44,True,43.99999999999999
2014-10-04,2014,H,H,0.43233774296759114,0.24122502037070193,0.326437236661707,2.1,3.5,3.8,H,2.1,True,110.00000000000001
2014-10-04,2014,A,A,0.20950332257857518,0.259356148222564,0.5311405291988609,7.5,4.5,1.5,A,1.5,True,50.0
2014-10-04,2014,D,H,0.38556056213121415,0.268880528359619,0.34555890950916685,1.8,3.75,5.0,H,1.8,False,-100.0
2014-10-05,2014,H,H,0.3977380148682211,0.2747973927645428,0.3274645923672362,1.91,3.6,4.5,H,1.91,True,90.99999999999999
2014-10-05,2014,H,H,0.4019825995582928,0.2766866655348967,0.32133073490681063,2.2,3.5,3.5,H,2.2,True,120.00000000000001
2014-10-05,2014,H,H,0.6417876846908753,0.20085003088191553,0.1573622844272092,1.67,4.2,5.25,H,1.67,True,67.0
2014-10-05,2014,H,H,0.5021245176893538,0.22484254955241859,0.2730329327582275,1.67,4.2,5.25,H,1.67,True,67.0
2014-10-18,2014,H,D,0.37553449269826117,0.4115885250020492,0.21287698229968965,2.25,3.6,3.3,D,3.6,False,-100.0
2014-10-18,2014,H,H,0.5764223909049008,0.2192443543455782,0.20433325474952113,1.57,4.0,7.0,H,1.57,True,57.00000000000001
2014-10-18,2014,H,H,0.5810958629783871,0.1441492515552032,0.27475488546640964,1.45,4.75,8.0,H,1.45,True,44.99999999999999
2014-10-18,2014,H,H,0.6555991293004718,0.1840477199423475,0.16035315075718062,1.6,4.0,6.5,H,1.6,True,60.00000000000001
2014-10-18,2014,A,A,0.1351829763156912,0.3094126064493363,0.5554044172349725,8.5,4.75,1.44,A,1.44,True,43.99999999999999
2014-10-18,2014,A,H,0.4185367327739277,0.258778366029403,0.32268490119666926,2.8,3.4,2.7,H,2.8,False,-100.0
2014-10-18,2014,D,H,0.5993162887933928,0.2510805339953192,0.14960317721128794,1.4,5.0,9.0,H,1.4,False,-100.0
2014-10-19,2014,A,A,0.16321395166585417,0.17799092600841226,0.6587951223257337,6.0,4.2,1.6,A,1.6,True,60.00000000000001
2014-10-19,2014,H,H,0.4503821041993108,0.2538447182455183,0.295773177555171,2.5,3.3,3.1,H,2.5,True,150.0
2014-10-20,2014,D,A,0.2747012893180316,0.27398162972986834,0.45131708095209994,5.0,4.0,1.75,A,1.75,False,-100.0
2014-10-25,2014,A,A,0.3290278436548491,0.2185185974186337,0.45245355892651723,5.5,3.8,1.73,A,1.73,True,73.0
2014-10-25,2014,D,H,0.7344994211192623,0.1748402817256798,0.0906602971550579,1.44,4.75,8.0,H,1.44,False,-100.0
2014-10-25,2014,H,H,0.5122616860870125,0.22175828736543424,0.2659800265475533,1.65,4.0,6.0,H,1.65,True,64.99999999999999
2014-10-25,2014,D,H,0.38462192453176486,0.2831022913891133,0.3322757840791217,1.91,3.6,4.5,H,1.91,False,-100.0
2014-10-25,2014,H,A,0.33440402753603576,0.23247953640871874,0.4331164360552455,6.5,4.5,1.55,A,1.55,False,-100.0
2014-10-25,2014,H,H,0.4550286871418591,0.2485769744088867,0.2963943384492542,1.95,3.7,4.2,H,1.95,True,95.0
2014-10-26,2014,A,A,0.26006736432644184,0.30971401527633574,0.4302186203972225,4.75,3.75,1.83,A,1.83,True,83.0
2014-10-26,2014,D,H,0.47140651177315246,0.28283704994002146,0.24575643828682617,2.88,3.6,2.5,H,2.88,False,-100.0
2014-10-26,2014,A,H,0.49786507274236524,0.246212094988989,0.25592283226864576,1.75,3.9,5.0,H,1.75,False,-100.0
2014-10-27,2014,H,H,0.43013630146219023,0.35361822775357704,0.21624547078423276,2.38,3.25,3.4,H,2.38,True,138.0
2014-11-01,2014,A,H,0.4159452639606711,0.252095797176042,0.3319589388632868,3.8,3.6,2.05,H,3.8,False,-100.0
2014-11-01,2014,H,A,0.19720787271493542,0.20446636279213212,0.5983257644929324,3.8,3.75,2.0,A,2.0,False,-100.0
2014-11-01,2014,A,H,0.48982495738676635,0.22887765253218587,0.28129739008104776,2.3,3.5,3.3,H,2.3,False,-100.0
2014-11-01,2014,D,H,0.5661565816829062,0.24275324022811487,0.19109017808897896,1.75,3.8,5.25,H,1.75,False,-100.0
2014-11-01,2014,H,H,0.5386698907859201,0.29274790771724896,0.16858220149683098,1.25,6.5,14.0,H,1.25,True,25.0
2014-11-01,2014,D,H,0.5800110506343114,0.262806777805017,0.15718217156067163,2.38,3.4,3.25,H,2.38,False,-100.0
2014-11-01,2014,H,H,0.763593641125547,0.13468729424187853,0.10171906463257467,1.17,8.5,21.0,H,1.17,True,16.999999999999993
2014-11-02,2014,H,H,0.6322083412599514,0.18362808952259904,0.18416356921744947,1.91,3.75,4.33,H,1.91,True,90.99999999999999
2014-11-02,2014,A,A,0.2980702503461233,0.2711842794441169,0.4307454702097598,3.75,3.6,2.1,A,2.1,True,110.00000000000001
2014-11-03,2014,A,H,0.47601358513442227,0.25678927107894794,0.2671971437866298,2.1,3.5,3.8,H,2.1,False,-100.0
2014-11-08,2014,H,H,0.6195546912114356,0.2050545245266698,0.17539078426189458,1.44,4.75,8.0,H,1.44,True,43.99999999999999
2014-11-08,2014,H,H,0.3997454584104778,0.21462140467226534,0.3856331369172568,2.5,3.4,3.0,H,2.5,True,150.0
2014-11-08,2014,A,H,0.45214041819180606,0.26122519779497305,0.2866343840132209,3.4,3.4,2.3,H,3.4,False,-100.0
2014-11-08,2014,H,H,0.5978142572234014,0.25049046558587934,0.15169527719071912,1.3,6.0,11.0,H,1.3,True,30.000000000000004
2014-11-08,2014,D,A,0.27175027234872295,0.2648487839304637,0.46340094372081336,7.0,4.75,1.5,A,1.5,False,-100.0
2014-11-08,2014,D,H,0.6440179948320354,0.17926983068466132,0.17671217448330326,1.75,3.75,5.5,H,1.75,False,-100.0
2014-11-09,2014,D,A,0.34851523124155376,0.27371484963876835,0.37776991911967794,4.0,3.5,2.05,A,2.05,False,-100.0
2014-11-09,2014,H,H,0.5132451275352952,0.2103436322782032,0.2764112401865016,3.75,3.5,2.1,H,3.75,True,275.0
2014-11-09,2014,A,H,0.5169189226748254,0.2509376014868946,0.23214347583828,1.7,4.0,5.5,H,1.7,False,-100.0
2014-11-09,2014,A,H,0.3909398504332892,0.250948663581437,0.3581114859852738,2.3,3.5,3.3,H,2.3,False,-100.0
2014-11-22,2014,H,H,0.7663747412753911,0.16880359949465285,0.06482165922995614,1.25,6.5,15.0,H,1.25,True,25.0
2014-11-22,2014,D,H,0.4721435501859186,0.24698195573929635,0.2808744940747851,2.1,3.5,3.8,H,2.1,False,-100.0
2014-11-22,2014,A,H,0.49220985238082554,0.24179953870466409,0.2659906089145104,2.15,3.6,3.5,H,2.15,False,-100.0
2014-11-22,2014,H,H,0.5078291893687131,0.24562366902704744,0.24654714160423952,1.85,3.8,4.5,H,1.85,True,85.00000000000001
2014-11-22,2014,A,H,0.4726955827607841,0.25010201989816905,0.27720239734104696,1.7,3.8,5.75,H,1.7,False,-100.0
2014-11-22,2014,H,H,0.5329861869332699,0.18504769938889057,0.2819661136778394,1.83,3.75,4.75,H,1.83,True,83.0
2014-11-22,2014,H,H,0.6517708246147463,0.21107318082020912,0.1371559945650445,1.4,5.25,8.5,H,1.4,True,39.99999999999999
2014-11-23,2014,H,A,0.35446861188248385,0.2632105298259622,0.3823208582915539,4.33,3.7,1.91,A,1.91,False,-100.0
2014-11-23,2014,A,A,0.2629990998050042,0.23400061899288807,0.5030002812021077,3.6,3.4,2.2,A,2.2,True,120.00000000000001
2014-11-24,2014,D,H,0.36656118296984647,0.2732664839087717,0.3601723331213818,5.25,3.75,1.75,H,5.25,False,-100.0
2014-11-29,2014,A,A,0.3395486150062224,0.2513713224772343,0.4090800625165432,4.5,3.8,1.85,A,1.85,True,85.00000000000001
2014-11-29,2014,D,H,0.4638663424863559,0.2261455667250092,0.3099880907886349,2.15,3.4,3.75,H,2.15,False,-100.0
2014-11-29,2014,H,H,0.5694363523270326,0.19826688265253686,0.23229676502043053,1.73,4.0,5.0,H,1.73,True,73.0
2014-11-29,2014,H,H,0.6966246044202187,0.1469642164070225,0.15641117917275885,1.33,5.75,10.0,H,1.33,True,33.00000000000001
2014-11-29,2014,H,D,0.20232941348788513,0.43516566153540576,0.36250492497670916,2.38,3.4,3.25,D,3.4,False,-100.0
2014-11-29,2014,D,A,0.19737563249119297,0.28551447161151006,0.517109895897297,9.0,5.0,1.4,A,1.4,False,-100.0
2014-11-29,2014,D,H,0.5964325228414689,0.2195136907983026,0.18405378636022854,1.8,3.75,5.0,H,1.8,False,-100.0
2014-11-29,2014,H,H,0.4408690507812083,0.2841146685395319,0.27501628067925976,2.15,3.5,3.6,H,2.15,True,114.99999999999999
2014-11-30,2014,H,H,0.6219390863276578,0.2450230713596817,0.13303784231266041,2.25,3.6,3.25,H,2.25,True,125.0
2014-11-30,2014,A,H,0.3891085043923527,0.2604817798748587,0.35040971573278856,3.2,3.6,2.3,H,3.2,False,-100.0
2014-12-02,2014,H,H,0.644375666994767,0.20084512929842677,0.15477920370680623,1.73,3.8,5.5,H,1.73,True,73.0
2014-12-02,2014,A,A,0.3545582873783338,0.2402435727581539,0.40519813986351233,2.5,3.4,3.0,A,3.0,True,200.0
2014-12-02,2014,H,H,0.5479379153243094,0.2446006980015892,0.2074613866741015,1.45,4.5,8.5,H,1.45,True,44.99999999999999
2014-12-02,2014,A,H,0.3941455738273085,0.25269561951293373,0.35315880665975774,2.1,3.4,4.0,H,2.1,False,-100.0
2014-12-02,2014,A,A,0.20113918004141362,0.24718909633826658,0.5516717236203198,3.8,3.6,2.05,A,2.05,True,104.99999999999999
2014-12-02,2014,D,H,0.3920388075271258,0.3391250082660102,0.26883618420686395,2.8,3.3,2.75,H,2.8,False,-100.0
2014-12-03,2014,H,H,0.6157014919187257,0.24779081066096775,0.13650769742030658,1.8,3.75,5.0,H,1.8,True,80.0
2014-12-03,2014,H,H,0.7448296893325788,0.14522389327876414,0.10994641738865706,1.4,5.0,9.0,H,1.4,True,39.99999999999999
2014-12-03,2014,D,H,0.6741368885026923,0.21181886614552733,0.11404424535178037,1.53,4.33,7.0,H,1.53,False,-100.0
2014-12-03,2014,A,A,0.25582869963212435,0.28616714986958325,0.4580041504982925,7.5,4.5,1.5,A,1.5,True,50.0
2014-12-06,2014,H,A,0.34349588571568046,0.25110335885363544,0.40540075543068416,7.0,4.33,1.53,A,1.53,False,-100.0
2014-12-06,2014,D,D,0.2434448944251546,0.40678552077746244,0.349769584797383,2.45,3.3,3.2,D,3.3,True,229.99999999999997
2014-12-06,2014,D,H,0.6800197042188133,0.17566783990454996,0.14431245587663663,1.5,4.5,7.5,H,1.5,False,-100.0
2014-12-06,2014,H,H,0.719239501652273,0.1629516408634474,0.11780885748427956,1.5,4.75,7.0,H,1.5,True,50.0
2014-12-06,2014,H,H,0.4420076198780129,0.23326699279341304,0.3247253873285741,2.05,3.5,4.0,H,2.05,True,104.99999999999999
2014-12-06,2014,H,A,0.25414105369890055,0.2303366331111105,0.515522313189989,4.0,3.6,2.0,A,2.0,False,-100.0
2014-12-06,2014,D,H,0.5509730102842202,0.25273180400109085,0.19629518571468885,1.6,4.2,6.0,H,1.6,False,-100.0
2014-12-07,2014,H,H,0.47873820725981625,0.3260348719941095,0.19522692074607426,2.4,3.4,3.2,H,2.4,True,140.0
2014-12-07,2014,H,H,0.40535559696171336,0.2583757389162904,0.33626866412199624,2.35,3.4,3.25,H,2.35,True,135.0
2014-12-08,2014,A,H,0.38777341367614765,0.2765948525137261,0.33563173381012623,2.8,3.4,2.7,H,2.8,False,-100.0
2014-12-13,2014,D,H,0.4242691270401846,0.2935336930380425,0.28219717992177296,2.95,3.4,2.55,H,2.95,False,-100.0
2014-12-13,2014,A,A,0.1817149804416753,0.1797679803941655,0.6385170391641593,7.0,4.75,1.5,A,1.5,True,50.0
2014-12-13,2014,H,H,0.7617975777571169,0.14440187489532094,0.09380054734756216,1.18,8.0,18.0,H,1.18,True,17.999999999999993
2014-12-13,2014,D,H,0.48679651634144055,0.24329708440680564,0.2699063992517537,2.6,3.25,3.0,H,2.6,False,-100.0
2014-12-13,2014,H,H,0.7309676760235431,0.16153598322818324,0.10749634074827367,1.44,4.75,8.0,H,1.44,True,43.99999999999999
2014-12-13,2014,H,H,0.41428439451581384,0.2641307150299352,0.32158489045425104,2.15,3.4,3.8,H,2.15,True,114.99999999999999
2014-12-13,2014,H,A,0.31864633768839373,0.1703940713818097,0.5109595909297965,5.5,3.75,1.73,A,1.73,False,-100.0
2014-12-14,2014,A,H,0.39901992089455735,0.2639711604805049,0.3370089186249378,2.5,3.4,3.0,H,2.5,False,-100.0
2014-12-14,2014,H,H,0.5142429444315382,0.18947799752437391,0.2962790580440879,1.8,3.8,4.75,H,1.8,True,80.0
2014-12-15,2014,H,H,0.5378452051746515,0.23587381672776017,0.2262809780975883,1.45,4.5,8.5,H,1.45,True,44.99999999999999
2014-12-20,2014,H,H,0.4058149993520514,0.2766843852888981,0.31750061535905044,2.45,3.5,3.0,H,2.45,True,145.00000000000003
2014-12-20,2014,H,H,0.49273120016786026,0.2834784992576915,0.2237903005744483,1.75,3.9,5.0,H,1.75,True,75.0
2014-12-20,2014,H,H,0.666188690583326,0.18725919643302572,0.14655211298364826,1.5,4.5,7.5,H,1.5,True,50.0
2014-12-20,2014,H,H,0.6475881032529401,0.20729859002593365,0.14511330672112618,1.29,6.0,12.0,H,1.29,True,29.000000000000004
2014-12-20,2014,A,D,0.32838942753576267,0.36299664286402855,0.3086139296002088,3.1,3.3,2.5,D,3.3,False,-100.0
2014-12-20,2014,D,A,0.2937732128817641,0.30607700347515054,0.40014978364308523,6.25,4.0,1.62,A,1.62,False,-100.0
2014-12-20,2014,H,A,0.37381280906548914,0.25007266175876747,0.3761145291757433,2.45,3.3,3.2,A,3.2,False,-100.0
2014-12-21,2014,D,A,0.3303364249813278,0.2909704523321066,0.3786931226865656,2.8,3.5,2.6,A,2.6,False,-100.0
2014-12-21,2014,A,A,0.29561337132534077,0.2637427658487777,0.4406438628258815,2.05,3.5,4.0,A,4.0,True,300.0
2014-12-22,2014,A,A,0.32742065462636516,0.28205774059321836,0.3905216047804165,6.25,4.0,1.62,A,1.62,True,62.000000000000014
2014-12-26,2014,H,H,0.5839616720470951,0.20218761640857577,0.21385071154432903,1.33,5.75,10.0,H,1.33,True,33.00000000000001
2014-12-26,2014,A,H,0.48616156654381165,0.23567530541529846,0.2781631280408899,1.83,3.6,5.0,H,1.83,False,-100.0
2014-12-26,2014,H,H,0.5085631477513051,0.2409150056732939,0.25052184657540105,1.29,6.0,13.0,H,1.29,True,29.000000000000004
2014-12-26,2014,A,A,0.29658256335440014,0.2622144584276888,0.44120297821791105,4.75,3.8,1.8,A,1.8,True,80.0
2014-12-26,2014,A,A,0.30333328760898964,0.26783573599432503,0.4288309763966853,3.75,3.4,2.15,A,2.15,True,114.99999999999999
2014-12-26,2014,A,H,0.4462122379075697,0.2091444571125469,0.3446433049798834,2.05,3.4,4.2,H,2.05,False,-100.0
2014-12-26,2014,H,H,0.5087787126915105,0.2453157047369695,0.24590558257151993,1.75,3.75,5.25,H,1.75,True,75.0
2014-12-26,2014,A,A,0.21362856685233336,0.24763362212606718,0.5387378110215995,6.5,4.5,1.53,A,1.53,True,53.0
2014-12-26,2014,H,H,0.7524955045817915,0.18134445057213103,0.06616004484607758,1.4,5.0,9.0,H,1.4,True,39.99999999999999
2014-12-26,2014,A,A,0.3171183289382078,0.2411577763500011,0.44172389471179113,3.8,3.6,2.05,A,2.05,True,104.99999999999999
2014-12-28,2014,A,A,0.3201938435992389,0.2419773377736144,0.4378288186271467,3.5,3.5,2.2,A,2.2,True,120.00000000000001
2014-12-28,2014,D,H,0.38303029589840126,0.2641966288742989,0.3527730752272999,3.25,3.6,2.3,H,3.25,False,-100.0
2014-12-28,2014,H,H,0.47257960495157963,0.2541137861543298,0.27330660889409064,1.91,3.6,4.5,H,1.91,True,90.99999999999999
2014-12-28,2014,D,H,0.49731398213316225,0.2510306613820757,0.25165535648476206,2.38,3.4,3.25,H,2.38,False,-100.0
2014-12-28,2014,D,A,0.309281488117728,0.28546994065072956,0.4052485712315425,4.75,3.75,1.83,A,1.83,False,-100.0
2014-12-28,2014,D,H,0.7370578062531612,0.15376470574114953,0.1091774880056892,1.18,8.0,19.0,H,1.18,False,-100.0
2014-12-28,2014,A,H,0.5419580362885621,0.23850852732394756,0.21953343638749034,2.25,3.4,3.5,H,2.25,False,-100.0
2014-12-28,2014,D,H,0.3896686932649147,0.3024236077091667,0.3079076990259185,2.35,3.3,3.4,H,2.35,False,-100.0
2014-12-28,2014,H,H,0.42030857707430097,0.2506461400225567,0.3290452829031423,2.9,3.4,2.6,H,2.9,True,190.0
2014-12-29,2014,H,H,0.5980663377658386,0.20998408435441276,0.19194957787974862,1.7,4.0,5.5,H,1.7,True,70.0
2015-01-01,2014,H,A,0.3388181791146962,0.29923344781170425,0.36194837307359956,2.9,3.4,2.6,A,2.6,False,-100.0
2015-01-01,2014,H,A,0.1616690540777685,0.19457850227199314,0.6437524436502384,5.0,3.75,1.8,A,1.8,False,-100.0
2015-01-01,2014,D,H,0.46734868379162325,0.25191870753480855,0.28073260867356814,1.85,3.75,4.5,H,1.85,False,-100.0
2015-01-01,2014,D,H,0.3991365865882699,0.2463374522981444,0.35452596111358564,4.2,3.5,2.0,H,4.2,False,-100.0
2015-01-01,2014,D,A,0.2668055313756263,0.33282767302497807,0.40036679559939564,3.0,3.4,2.5,A,2.5,False,-100.0
2015-01-01,2014,H,A,0.27158816238926253,0.2808846816416257,0.4475271559691118,3.4,3.4,2.3,A,2.3,False,-100.0
2015-01-01,2014,H,H,0.6976029143781556,0.1829154927364518,0.11948159288539273,1.22,7.0,15.0,H,1.22,True,21.999999999999996
2015-01-01,2014,D,H,0.6823224925148729,0.17509101904894786,0.14258648843617938,1.4,5.0,9.0,H,1.4,False,-100.0
2015-01-01,2014,D,D,0.3238117528776763,0.41103005509874624,0.2651581920235775,2.4,3.3,3.3,D,3.3,True,229.99999999999997
2015-01-01,2014,D,H,0.45065728420943657,0.2675980561332185,0.2817446596573449,1.83,3.75,4.75,H,1.83,False,-100.0
2015-01-10,2014,H,H,0.5341979306860253,0.20763592395115893,0.25816614536281585,2.2,3.4,3.6,H,2.2,True,120.00000000000001
2015-01-10,2014,H,H,0.4474050216082865,0.2527249089174419,0.2998700694742716,2.05,3.4,4.2,H,2.05,True,104.99999999999999
2015-01-10,2014,D,H,0.3934336690140361,0.2472224983880548,0.35934383259790903,2.25,3.5,3.4,H,2.25,False,-100.0
2015-01-10,2014,A,A,0.2728201631706186,0.31596579894237303,0.4112140378870084,4.5,3.6,1.91,A,1.91,True,90.99999999999999
2015-01-10,2014,H,A,0.34435226414764797,0.2916545573618388,0.3639931784905131,2.2,3.4,3.6,A,3.6,False,-100.0
2015-01-10,2014,H,H,0.40405999110409185,0.24232670662153422,0.35361330227437393,3.5,3.5,2.2,H,3.5,True,250.0
2015-01-10,2014,H,H,0.6752177483581234,0.2582670911641089,0.06651516047776775,1.2,7.5,17.0,H,1.2,True,19.999999999999996
2015-01-10,2014,D,A,0.21999972299698337,0.2784641349783576,0.501536142024659,4.5,3.75,1.85,A,1.85,False,-100.0
2015-01-11,2014,A,H,0.5958712959808298,0.23636194928469334,0.16776675473447686,1.83,3.75,4.75,H,1.83,False,-100.0
2015-01-11,2014,H,H,0.6102919040795325,0.2230440048755679,0.16666409104489965,1.44,4.75,8.0,H,1.44,True,43.99999999999999
2015-01-17,2014,A,A,0.3497882298453452,0.2211706730810513,0.4290410970736036,4.5,3.6,1.91,A,1.91,True,90.99999999999999
2015-01-17,2014,A,H,0.3806577346504741,0.25700850671475195,0.36233375863477396,2.55,3.25,3.1,H,2.55,False,-100.0
2015-01-17,2014,A,A,0.2461627132640931,0.343814881572077,0.4100224051638299,2.63,3.3,2.9,A,2.9,True,190.0
2015-01-17,2014,A,H,0.36481663157128974,0.27489619762577483,0.36028717080293554,3.3,3.3,2.38,H,3.3,False,-100.0
2015-01-17,2014,A,A,0.36874258508985913,0.187998268524193,0.44325914638594793,6.0,4.2,1.62,A,1.62,True,62.000000000000014
2015-01-17,2014,A,A,0.1973280068976563,0.22955663446672236,0.5731153586356212,7.0,4.2,1.55,A,1.55,True,55.00000000000001
2015-01-17,2014,H,H,0.6099887642807847,0.216882876948412,0.17312835877080326,1.62,4.2,6.0,H,1.62,True,62.000000000000014
2015-01-18,2014,H,H,0.5381979687874185,0.18306115666514086,0.27874087454744056,1.75,3.75,5.25,H,1.75,True,75.0
2015-01-18,2014,A,H,0.5473327364606663,0.24298913042724654,0.20967813311208716,1.8,4.0,4.5,H,1.8,False,-100.0
2015-01-19,2014,D,H,0.5065226072267159,0.23634682922739547,0.25713056354588865,1.85,3.6,4.75,H,1.85,False,-100.0
2015-01-31,2014,A,H,0.4366630777836999,0.3175929635008881,0.245743958715412,2.9,3.3,2.63,H,2.9,False,-100.0
2015-01-31,2014,H,H,0.566023236808775,0.2589856156474832,0.1749911475437418,2.25,3.3,3.6,H,2.25,True,125.0
2015-01-31,2014,H,H,0.5209673041394092,0.21760005546512962,0.26143264039546116,1.65,4.0,6.0,H,1.65,True,64.99999999999999
2015-01-31,2014,H,H,0.6865521226434091,0.16676891684538464,0.14667896051120613,1.36,5.5,9.5,H,1.36,True,36.00000000000001
2015-01-31,2014,A,A,0.35559491250356584,0.2730007360331521,0.37140435146328193,2.7,3.25,2.88,A,2.88,True,188.0
2015-01-31,2014,A,H,0.3921521102166574,0.25208624546913405,0.3557616443142085,2.8,3.3,2.75,H,2.8,False,-100.0
2015-01-31,2014,D,H,0.4759767597210076,0.21296706510899424,0.3110561751699981,2.15,3.5,3.6,H,2.15,False,-100.0
2015-01-31,2014,H,H,0.6599735053637122,0.17331339526066372,0.1667130993756241,1.67,4.0,5.75,H,1.67,True,67.0
2015-02-01,2014,H,H,0.5861814609908071,0.2198006418701154,0.19401789713907747,1.25,6.5,15.0,H,1.25,True,25.0
2015-02-01,2014,A,H,0.6112268241439175,0.20072523688733454,0.18804793896874802,1.6,4.0,6.5,H,1.6,False,-100.0
2015-02-07,2014,H,H,0.4019134266916198,0.25836444243030476,0.3397221308780754,3.25,3.5,2.3,H,3.25,True,225.0
2015-02-07,2014,D,H,0.5406504858251759,0.21816683581174243,0.2411826783630817,1.91,3.5,4.6,H,1.91,False,-100.0
2015-02-07,2014,A,A,0.25268834981003446,0.29700594174396633,0.4503057084459993,4.75,3.6,1.85,A,1.85,True,85.00000000000001
2015-02-07,2014,D,H,0.7295163307644055,0.1658799109911625,0.10460375824443197,1.18,8.0,19.0,H,1.18,False,-100.0
2015-02-07,2014,A,D,0.3625620740778484,0.3758325258955369,0.2616054000266146,2.4,3.3,3.25,D,3.3,False,-100.0
2015-02-07,2014,D,H,0.35263042564796204,0.34253554944788395,0.30483402490415396,3.4,3.4,2.3,H,3.4,False,-100.0
2015-02-07,2014,A,A,0.18089466511994653,0.16088208555452063,0.6582232493255329,10.0,5.25,1.36,A,1.36,True,36.00000000000001
2015-02-08,2014,D,D,0.24887837209703645,0.4633351375424644,0.28778649036049914,2.3,3.4,3.4,D,3.4,True,240.0
2015-02-08,2014,D,A,0.2674027968968427,0.27942345676158026,0.45317374634157703,4.2,3.6,1.95,A,1.95,False,-100.0
2015-02-08,2014,D,A,0.3534894759436084,0.2451359833153206,0.401374540741071,2.6,3.25,3.0,A,3.0,False,-100.0
2015-02-10,2014,H,H,0.5377349706413358,0.20246861636687244,0.2597964129917916,1.91,3.8,4.2,H,1.91,True,90.99999999999999
2015-02-10,2014,A,H,0.36453984697346237,0.31504531214977277,0.3204148408767649,1.91,3.6,4.5,H,1.91,False,-100.0
2015-02-10,2014,H,H,0.652081784715329,0.22093677462831765,0.12698144065635342,1.29,6.0,12.0,H,1.29,True,29.000000000000004
2015-02-10,2014,H,H,0.44280867504084376,0.29081531039539626,0.26637601456376,2.38,3.1,3.5,H,2.38,True,138.0
2015-02-11,2014,H,H,0.582704584317994,0.19104506846169977,0.22625034722030626,1.29,6.0,12.0,H,1.29,True,29.000000000000004
2015-02-11,2014,H,H,0.6325700737282425,0.18692211915579837,0.18050780711595915,1.33,5.5,11.0,H,1.33,True,33.00000000000001
2015-02-11,2014,D,H,0.46120503231271304,0.23761262644311307,0.3011823412441739,2.38,3.3,3.3,H,2.38,False,-100.0
2015-02-11,2014,H,H,0.45483328509997384,0.26779307239147526,0.277373642508551,2.55,3.25,3.1,H,2.55,True,154.99999999999997
2015-02-11,2014,D,H,0.5972574401746421,0.20224481629024949,0.2004977435351083,1.73,3.9,5.25,H,1.73,False,-100.0
2015-02-11,2014,A,A,0.3008288025407317,0.24115583194734438,0.4580153655119239,5.75,3.8,1.7,A,1.7,True,70.0
2015-02-21,2014,A,H,0.38968401063042224,0.25784391563143927,0.35247207373813855,2.7,3.2,2.9,H,2.7,False,-100.0
2015-02-21,2014,D,H,0.7093578641998537,0.1673608576446175,0.1232812781555288,1.2,7.5,17.0,H,1.2,False,-100.0
2015-02-21,2014,A,A,0.29910571603334773,0.2871427113671347,0.41375157259951756,4.75,3.75,1.83,A,1.83,True,83.0
2015-02-21,2014,H,H,0.4348615795753452,0.22818842529124783,0.33694999513340695,2.05,3.3,4.2,H,2.05,True,104.99999999999999
2015-02-21,2014,H,H,0.6656389558751399,0.19996684067433812,0.134394203450522,1.3,6.0,11.0,H,1.3,True,30.000000000000004
2015-02-21,2014,D,H,0.44569051815170363,0.28361051782353003,0.27069896402476634,2.7,3.2,2.9,H,2.7,False,-100.0
2015-02-21,2014,H,H,0.37984608532188474,0.25505759313049264,0.36509632154762267,4.2,3.5,2.0,H,4.2,True,320.0
2015-02-22,2014,D,H,0.6041018294490769,0.20059970153231868,0.19529846901860445,1.83,3.6,5.0,H,1.83,False,-100.0
2015-02-22,2014,A,A,0.3066230943552606,0.28169804360312783,0.41167886204161164,2.63,3.3,2.9,A,2.9,True,190.0
2015-02-22,2014,D,H,0.5714534283060865,0.2489649810028747,0.17958159069103885,1.8,3.8,4.75,H,1.8,False,-100.0
2015-02-28,2014,H,H,0.4957431532538406,0.2230583883724936,0.2811984583736658,1.95,3.5,4.5,H,1.95,True,95.0
2015-02-28,2014,A,A,0.3416446179210845,0.2631814351740987,0.3951739469048168,2.63,3.3,2.9,A,2.9,True,190.0
2015-02-28,2014,H,H,0.5920932650696566,0.17940439132672292,0.22850234360362043,1.36,5.25,10.0,H,1.36,True,36.00000000000001
2015-02-28,2014,A,A,0.32742943440157274,0.26299956902900673,0.4095709965694206,2.15,3.4,3.75,A,3.75,True,275.0
2015-02-28,2014,H,H,0.4001350713961116,0.23693519130440396,0.3629297372994844,3.4,3.2,2.38,H,3.4,True,240.0
2015-02-28,2014,H,A,0.3647999337222554,0.2521235147324582,0.38307655154528636,1.91,3.5,4.75,A,4.75,False,-100.0
2015-03-01,2014,H,H,0.5654003886387932,0.21389217231256627,0.22070743904864054,1.57,4.5,6.0,H,1.57,True,57.00000000000001
2015-03-01,2014,H,H,0.43603902418013707,0.27265817175569557,0.29130280406416736,3.1,3.6,2.38,H,3.1,True,210.0
2015-03-03,2014,H,H,0.5169746729481604,0.2493170537367365,0.2337082733151031,2.88,3.1,2.88,H,2.88,True,188.0
2015-03-03,2014,D,A,0.34186397159296766,0.2898584531415975,0.3682775752654348,2.15,3.3,3.9,A,3.9,False,-100.0
2015-03-03,2014,H,H,0.5683749782123817,0.2523887754787448,0.17923624630887347,1.7,3.8,5.75,H,1.7,True,70.0
2015-03-04,2014,H,H,0.6693848945805009,0.2102643430318367,0.12035076238766247,1.36,5.25,10.0,H,1.36,True,36.00000000000001
2015-03-04,2014,H,H,0.6205787559291608,0.20605427480191077,0.17336696926892847,1.75,3.8,5.25,H,1.75,True,75.0
2015-03-04,2014,A,A,0.3150434146105234,0.25622949549660173,0.42872708989287495,6.25,4.0,1.62,A,1.62,True,62.000000000000014
2015-03-04,2014,H,A,0.37480460405706983,0.21560227726861705,0.4095931186743131,2.5,3.3,3.1,A,3.1,False,-100.0
2015-03-04,2014,A,A,0.16434172716587245,0.19670859339713745,0.6389496794369901,7.0,4.33,1.53,A,1.53,True,53.0
2015-03-04,2014,A,A,0.34567986952073654,0.2936336722121504,0.36068645826711315,4.2,3.5,2.0,A,2.0,True,100.0
2015-03-04,2014,H,H,0.7633864719824114,0.1627788227433503,0.07383470527423837,1.25,7.0,13.0,H,1.25,True,25.0
2015-03-07,2014,A,A,0.29125086187620514,0.2733068780744036,0.4354422600493912,4.75,3.9,1.8,A,1.8,True,80.0
2015-03-14,2014,A,H,0.4427109416147636,0.2506952704708488,0.30659378791438757,2.38,3.25,3.4,H,2.38,False,-100.0
2015-03-14,2014,D,H,0.4360004036249863,0.2449452125977878,0.3190543837772259,2.2,3.3,3.75,H,2.2,False,-100.0
2015-03-14,2014,H,H,0.45046970187049756,0.3307821059431337,0.21874819218636868,2.38,3.25,3.4,H,2.38,True,138.0
2015-03-14,2014,H,A,0.23831609988195993,0.23019724266110542,0.5314866574569347,7.5,5.0,1.44,A,1.44,False,-100.0
2015-03-14,2014,H,H,0.5901721916490876,0.21619933458128782,0.19362847376962458,1.4,5.0,9.0,H,1.4,True,39.99999999999999
2015-03-14,2014,H,H,0.47808427137183257,0.24448054615748702,0.27743518247068044,1.83,3.75,4.75,H,1.83,True,83.0
2015-03-15,2014,D,H,0.43533951480319427,0.2549886425754531,0.3096718426213526,1.62,4.0,6.5,H,1.62,False,-100.0
2015-03-15,2014,H,H,0.5370473184141945,0.19692479931375387,0.2660278822720516,1.91,3.75,4.33,H,1.91,True,90.99999999999999
2015-03-15,2014,H,H,0.5627013672688168,0.20227251187444795,0.23502612085673533,1.83,3.75,4.75,H,1.83,True,83.0
2015-03-16,2014,A,H,0.36962158017620633,0.2875298726582336,0.3428485471655602,4.0,3.6,2.0,H,4.0,False,-100.0
2015-03-21,2014,H,H,0.49555406244922695,0.24418001692280114,0.2602659206279719,1.53,4.0,6.0,H,1.53,True,53.0
2015-03-21,2014,H,H,0.4133421714972381,0.35058963266532334,0.23606819583743857,1.8,3.5,4.5,H,1.8,True,80.0
2015-03-21,2014,H,H,0.5737647866959069,0.2567355204105978,0.1694996928934953,1.4,4.5,7.5,H,1.4,True,39.99999999999999
2015-03-21,2014,A,H,0.47749559991587304,0.22834397599776338,0.29416042408636356,2.1,3.3,3.5,H,2.1,False,-100.0
2015-03-21,2014,A,A,0.18779614723251395,0.17231207680663377,0.6398917759608523,6.0,3.8,1.57,A,1.57,True,57.00000000000001
2015-03-21,2014,H,H,0.761058523650588,0.17394275999760936,0.06499871635180272,1.3,5.5,8.5,H,1.3,True,30.000000000000004
2015-03-21,2014,A,H,0.4871099286496931,0.24490742961246467,0.2679826417378422,2.5,3.25,2.8,H,2.5,False,-100.0
2015-03-22,2014,A,A,0.07726794411439004,0.31481080380774473,0.6079212520778653,7.0,4.33,1.44,A,1.44,True,43.99999999999999
2015-03-22,2014,A,H,0.48819717108048016,0.23309751771887244,0.2787053112006473,2.05,3.4,3.6,H,2.05,False,-100.0
2015-03-22,2014,A,A,0.30118786661657015,0.2955377639823524,0.40327436940107747,3.3,3.4,2.15,A,2.15,True,114.99999999999999
2015-04-04,2014,A,A,0.35504136758495336,0.2684584727742287,0.37650015964081796,1.8,3.5,4.5,A,4.5,True,350.0
2015-04-04,2014,H,H,0.57049463422697,0.24961033745569602,0.17989502831733395,1.3,5.5,10.0,H,1.3,True,30.000000000000004
2015-04-04,2014,H,H,0.4117382313773355,0.25723606360646895,0.33102570501619555,2.38,3.3,3.1,H,2.38,True,138.0
2015-04-04,2014,H,H,0.4264944546286779,0.25558632251405006,0.3179192228572721,1.91,3.5,4.2,H,1.91,True,90.99999999999999
2015-04-04,2014,H,H,0.5160918037890321,0.31262676016628,0.171281436044688,1.29,5.5,11.0,H,1.29,True,29.000000000000004
2015-04-04,2014,H,H,0.6182389485771224,0.1867421434347177,0.19501890798816002,1.83,3.75,4.2,H,1.83,True,83.0
2015-04-04,2014,H,A,0.32366265586936693,0.313605018901932,0.3627323252287011,2.63,3.2,2.8,A,2.8,False,-100.0
2015-04-05,2014,H,H,0.39708945463798745,0.26906080664538057,0.333849738716632,2.5,3.1,3.1,H,2.5,True,150.0
2015-04-05,2014,D,A,0.2793682438247595,0.3489851292886643,0.3716466268865762,3.5,3.4,2.1,A,2.1,False,-100.0
2015-04-06,2014,H,A,0.14096192862202211,0.1995250132480607,0.6595130581299171,5.0,4.0,1.67,A,1.67,False,-100.0
2015-04-07,2014,D,H,0.4661164205914523,0.2684505040064629,0.26543307540208466,2.15,3.4,3.8,H,2.15,False,-100.0
2015-04-11,2014,D,H,0.42780975767982277,0.3649541210555791,0.20723612126459812,2.3,3.4,3.4,H,2.3,False,-100.0
2015-04-11,2014,A,H,0.5867245485173876,0.23393274939379546,0.17934270208881695,2.3,3.4,3.4,H,2.3,False,-100.0
2015-04-11,2014,A,H,0.5023813443938653,0.22412936797751046,0.2734892876286243,1.62,4.2,6.0,H,1.62,False,-100.0
2015-04-11,2014,A,H,0.3717731639004111,0.2729403206321456,0.3552865154674434,2.9,3.2,2.7,H,2.9,False,-100.0
2015-04-11,2014,H,H,0.5903346491612259,0.24605920839135278,0.16360614244742122,1.53,4.2,7.5,H,1.53,True,53.0
2015-04-11,2014,A,A,0.19389104354301465,0.24935911376188713,0.5567498426950982,6.5,4.33,1.57,A,1.57,True,57.00000000000001
2015-04-11,2014,D,H,0.3996845798431847,0.26578421859765106,0.3345312015591643,2.5,3.3,3.1,H,2.5,False,-100.0
2015-04-12,2014,H,A,0.32384652156541543,0.20322462603746091,0.4729288523971236,2.63,3.4,2.88,A,2.88,False,-100.0
2015-04-12,2014,A,A,0.16571032576054276,0.31534675881048413,0.5189429154289731,9.0,5.0,1.4,A,1.4,True,39.99999999999999
2015-04-13,2014,H,H,0.6637907414390418,0.1940319435537936,0.1421773150071646,1.4,5.0,9.0,H,1.4,True,39.99999999999999
2015-04-18,2014,A,H,0.42625913105063534,0.269674809921495,0.3040660590278697,1.95,3.5,4.5,H,1.95,False,-100.0
2015-04-18,2014,H,H,0.5894204456653008,0.2285868445008855,0.18199270983381352,1.73,3.8,5.5,H,1.73,True,73.0
2015-04-18,2014,H,H,0.5032198402791465,0.23508720301125172,0.26169295670960174,2.0,3.4,4.33,H,2.0,True,100.0
2015-04-18,2014,H,H,0.3884393862906134,0.24637174559560285,0.3651888681137838,3.5,3.25,2.3,H,3.5,True,250.0
2015-04-18,2014,H,H,0.3966392100105518,0.25867821276435143,0.34468257722509676,2.15,3.4,3.75,H,2.15,True,114.99999999999999
2015-04-19,2014,H,H,0.6539008394817297,0.1904211228452366,0.15567803767303365,1.25,6.5,11.0,H,1.25,True,25.0
2015-04-19,2014,A,A,0.21354144036788533,0.2507627541688806,0.535695805463234,3.3,3.5,2.3,A,2.3,True,129.99999999999997
2015-04-25,2014,D,A,0.28889917463758463,0.26753387923891503,0.44356694612350034,4.0,3.6,2.0,A,2.0,False,-100.0
2015-04-25,2014,D,H,0.41658526397835843,0.26519660828317937,0.31821812773846225,2.38,3.4,3.25,H,2.38,False,-100.0
2015-04-25,2014,A,H,0.44011799634583126,0.2552411967940155,0.3046408068601532,2.45,3.25,3.25,H,2.45,False,-100.0
2015-04-25,2014,D,H,0.4557165009297249,0.22987465463731369,0.3144088444329614,1.91,3.5,4.75,H,1.91,False,-100.0
2015-04-25,2014,A,H,0.45869883670287254,0.2329142772603406,0.30838688603678693,2.05,3.3,4.2,H,2.05,False,-100.0
2015-04-25,2014,A,H,0.5370981517936758,0.24181231809286233,0.22108953011346177,2.63,3.3,2.9,H,2.63,False,-100.0
2015-04-25,2014,H,H,0.7274192517956175,0.16471367554667352,0.107867072657709,1.29,6.0,12.0,H,1.29,True,29.000000000000004
2015-04-25,2014,D,H,0.3884561961401138,0.2764217644358354,0.33512203942405083,2.1,3.5,3.8,H,2.1,False,-100.0
2015-04-26,2014,D,H,0.6287998499903975,0.21994411554099702,0.15125603446860544,2.4,3.3,3.3,H,2.4,False,-100.0
2015-04-26,2014,H,A,0.36011531817396825,0.20881326714759932,0.4310714146784324,3.75,3.4,2.15,A,2.15,False,-100.0
2015-04-28,2014,H,H,0.3827568483036854,0.28125791375279835,0.3359852379435162,4.33,3.4,2.0,H,4.33,True,333.0
2015-04-29,2014,A,H,0.4031595088295332,0.2453614093027372,0.3514790818677295,5.75,3.8,1.7,H,5.75,False,-100.0
2015-05-02,2014,H,A,0.31332839469177426,0.28929092199320633,0.39738068331501936,4.2,3.4,2.05,A,2.05,False,-100.0
2015-05-02,2014,H,A,0.2704202515792566,0.3231297837338114,0.4064499646869321,2.25,3.5,3.4,A,3.4,False,-100.0
2015-05-02,2014,H,H,0.4155621096083853,0.2682110022165575,0.3162268881750571,2.3,3.4,3.4,H,2.3,True,129.99999999999997
2015-05-02,2014,A,H,0.6689862281406033,0.18775750502581734,0.1432562668335793,1.36,5.25,10.0,H,1.36,False,-100.0
2015-05-02,2014,H,H,0.5054578380078122,0.2179535533373588,0.276588608654829,1.91,3.7,4.33,H,1.91,True,90.99999999999999
2015-05-02,2014,H,H,0.38896062578984925,0.2915801557568651,0.3194592184532857,2.75,3.3,2.8,H,2.75,True,175.0
2015-05-02,2014,H,H,0.6407865558385198,0.18561575408405648,0.17359769007742365,1.36,5.25,10.0,H,1.36,True,36.00000000000001
2015-05-03,2014,H,H,0.7398135561658542,0.16088701861212254,0.09929942522202329,1.36,5.25,10.0,H,1.36,True,36.00000000000001
2015-05-03,2014,A,A,0.1777125203697176,0.3222898507994468,0.4999976288308356,3.75,3.75,2.05,A,2.05,True,104.99999999999999
2015-05-04,2014,A,A,0.31718077071687545,0.21026314946318503,0.4725560798199395,5.5,4.0,1.7,A,1.7,True,70.0
2015-05-09,2014,A,A,0.29928639699845444,0.29641448253073926,0.40429912047080635,1.95,3.5,4.5,A,4.5,True,350.0
2015-05-09,2014,H,H,0.4363152972620287,0.21513502903023737,0.348549673707734,1.91,3.7,4.33,H,1.91,True,90.99999999999999
2015-05-09,2014,A,A,0.3494369357470042,0.25542369642535184,0.395139367827644,4.5,3.6,1.91,A,1.91,True,90.99999999999999
2015-05-09,2014,A,H,0.5420633858149627,0.21240367494769696,0.24553293923734035,1.8,3.75,5.0,H,1.8,False,-100.0
2015-05-09,2014,D,H,0.44785274053544244,0.23064962918735335,0.3214976302772042,2.55,3.3,3.0,H,2.55,False,-100.0
2015-05-09,2014,H,H,0.41905416519798716,0.26794410547782616,0.3130017293241867,2.9,3.4,2.6,H,2.9,True,190.0
2015-05-09,2014,H,H,0.41345720587807827,0.24333299442179648,0.34320979970012533,2.6,3.4,2.9,H,2.6,True,160.0
2015-05-10,2014,D,H,0.49428914602609564,0.24280319891385008,0.26290765506005426,2.1,3.5,3.8,H,2.1,False,-100.0
2015-05-10,2014,H,H,0.6311587664249586,0.20302170046758838,0.16581953310745304,1.22,7.5,13.0,H,1.22,True,21.999999999999996
2015-05-11,2014,A,H,0.6169290075793413,0.2355637499483181,0.1475072424723405,1.3,6.0,11.0,H,1.3,False,-100.0
2015-05-16,2014,D,H,0.3965394827530715,0.2868437500096202,0.31661676723730836,2.8,3.3,2.75,H,2.8,False,-100.0
2015-05-16,2014,A,H,0.4288268332301095,0.310243307006026,0.26092985976386446,2.9,3.4,2.6,H,2.9,False,-100.0
2015-05-16,2014,H,H,0.4930628370238391,0.2554371842638023,0.2514999787123587,1.75,3.8,5.25,H,1.75,True,75.0
2015-05-16,2014,H,H,0.4841437986265252,0.2513469619628888,0.26450923941058596,1.8,3.8,4.75,H,1.8,True,80.0
2015-05-16,2014,A,H,0.6453086915401623,0.16658285630288902,0.18810845215694869,1.45,4.75,8.0,H,1.45,False,-100.0
2015-05-16,2014,D,H,0.4606680371593677,0.24050587574153015,0.298826087099102,2.7,3.3,2.88,H,2.7,False,-100.0
2015-05-16,2014,H,A,0.2823730340733064,0.3387665763084527,0.3788603896182408,3.1,3.5,2.4,A,2.4,False,-100.0
2015-05-17,2014,A,A,0.22409375926753924,0.2872487127307512,0.48865752800170964,4.75,4.2,1.75,A,1.75,True,75.0
2015-05-17,2014,D,H,0.43158392899467585,0.2496843657548228,0.3187317052505013,2.45,3.5,3.0,H,2.45,False,-100.0
2015-05-18,2014,H,A,0.29842050935011105,0.2741503325868957,0.42742915806299336,4.1,3.5,2.0,A,2.0,False,-100.0
2015-05-20,2014,D,H,0.5100085817560519,0.3197657458205894,0.17022567242335862,1.3,6.0,11.0,H,1.3,False,-100.0
2015-05-24,2014,H,H,0.7412075146405793,0.16819138524341462,0.09060110011600604,1.4,5.25,8.5,H,1.4,True,39.99999999999999
2015-05-24,2014,A,A,0.3045749393976109,0.2588939541247271,0.436531106477662,2.1,3.6,3.75,A,3.75,True,275.0
2015-05-24,2014,H,H,0.6470241240672747,0.18742913212541112,0.16554674380731413,1.36,5.25,9.5,H,1.36,True,36.00000000000001
2015-05-24,2014,H,H,0.4383476475662566,0.2786090522950086,0.28304330013873485,2.25,3.6,3.3,H,2.25,True,125.0
2015-05-24,2014,A,H,0.5688909017798303,0.2611198845236719,0.16998921369649786,2.4,3.6,3.0,H,2.4,False,-100.0
2015-05-24,2014,D,A,0.3643067268453521,0.2429136963168355,0.3927795768378124,3.2,3.75,2.25,A,2.25,False,-100.0
2015-05-24,2014,H,H,0.6295302944242144,0.20384412711086444,0.1666255784649211,1.6,4.33,6.0,H,1.6,True,60.00000000000001
2015-05-24,2014,H,H,0.6614253642927667,0.16787397269632512,0.17070066301090817,1.57,4.5,6.0,H,1.57,True,57.00000000000001
2015-05-24,2014,H,H,0.5046628778909669,0.2566579671102021,0.23867915499883097,1.83,4.0,4.33,H,1.83,True,83.0
2015-05-24,2014,H,A,0.2311299003062277,0.23368439657768392,0.5351857031160884,3.5,3.6,2.15,A,2.15,False,-100.0
2015-08-08,2015,H,H,0.45916664299002957,0.27293055975755265,0.2679027972524178,1.95,3.5,4.33,H,1.95,True,95.0
2015-08-08,2015,H,H,0.37460513504114507,0.29492644259948003,0.33046842235937496,1.65,4.0,6.0,H,1.65,True,64.99999999999999
2015-08-08,2015,D,H,0.5893167898711172,0.24547750381035296,0.16520570631852974,1.7,3.9,5.5,H,1.7,False,-100.0
2015-08-08,2015,A,H,0.42673585475754744,0.2610505929948785,0.31221355224757413,2.55,3.3,3.0,H,2.55,False,-100.0
2015-08-08,2015,D,H,0.5579004109941441,0.27848010637516646,0.1636194826306894,1.36,5.0,11.0,H,1.36,False,-100.0
2015-08-09,2015,A,H,0.6457359362663389,0.2125737897547171,0.14169027397894404,1.29,6.0,12.0,H,1.29,False,-100.0
2015-08-09,2015,D,H,0.4164170743476315,0.2776608413999185,0.30592208425245004,2.88,3.3,2.7,H,2.88,False,-100.0
2015-08-09,2015,A,A,0.36534707296421765,0.24422518096901247,0.39042774606676983,3.4,3.4,2.3,A,2.3,True,129.99999999999997
2015-08-10,2015,A,A,0.3073907860235117,0.30387244659238266,0.38873676738410556,5.75,4.0,1.67,A,1.67,True,67.0
2015-08-14,2015,A,A,0.3409954295964797,0.2779898715488922,0.3810146988546281,5.5,3.8,1.73,A,1.73,True,73.0
2015-08-15,2015,H,H,0.4899363916654647,0.2320097669303828,0.2780538414041525,1.95,3.6,4.33,H,1.95,True,95.0
2015-08-15,2015,A,H,0.5850410289091414,0.24351891634233,0.17144005474852864,1.95,3.6,4.33,H,1.95,False,-100.0
2015-08-15,2015,A,H,0.49210364855058647,0.22452590213748605,0.28337044931192745,2.5,3.3,3.1,H,2.5,False,-100.0
2015-08-15,2015,D,H,0.5022847981006643,0.25786307574704437,0.23985212615229137,1.8,3.75,5.0,H,1.8,False,-100.0
2015-08-15,2015,D,H,0.43096328633837183,0.24896020031899524,0.32007651334263304,2.3,3.4,3.4,H,2.3,False,-100.0
2015-08-15,2015,A,H,0.4436713822243877,0.2669339012504903,0.2893947165251219,2.25,3.5,3.4,H,2.25,False,-100.0
2015-08-16,2015,A,A,0.31705892060525964,0.31302192407323753,0.3699191553215028,5.25,3.9,1.73,A,1.73,True,73.0
2015-08-16,2015,H,H,0.7227233193718009,0.15583136471723077,0.12144531591096837,2.1,3.5,3.75,H,2.1,True,110.00000000000001
2015-08-17,2015,H,H,0.4989641386249412,0.28280630372992316,0.2182295576451357,1.45,4.75,8.0,H,1.45,True,44.99999999999999
2015-08-22,2015,D,A,0.32924283325530435,0.25090439732893,0.41985276941576566,4.0,3.4,2.1,A,2.1,False,-100.0
2015-08-22,2015,A,H,0.385295295052867,0.3077566588423186,0.30694804610481435,2.38,3.4,3.2,H,2.38,False,-100.0
2015-08-22,2015,D,H,0.37340146531929735,0.2835436505773857,0.3430548841033169,2.3,3.3,3.5,H,2.3,False,-100.0
2015-08-22,2015,D,H,0.45234872035434365,0.27513104502879243,0.272520234616864,2.63,3.6,2.75,H,2.63,False,-100.0
2015-08-22,2015,D,H,0.6409365179353607,0.15985036103666708,0.19921312102797228,1.36,5.25,10.0,H,1.36,False,-100.0
2015-08-22,2015,H,H,0.5288554153688123,0.22181222606520545,0.24933235856598226,1.85,3.6,4.75,H,1.85,True,85.00000000000001
2015-08-23,2015,D,H,0.3691018501964514,0.3043056648415613,0.3265924849619873,2.8,3.3,2.75,H,2.8,False,-100.0
2015-08-23,2015,A,H,0.537175564619011,0.21639687131752636,0.24642756406346278,5.0,4.0,1.73,H,5.0,False,-100.0
2015-08-23,2015,A,A,0.20600058440862523,0.20185279843052095,0.5921466171608538,6.5,4.0,1.62,A,1.62,True,62.000000000000014
2015-08-24,2015,D,H,0.6597664146659904,0.17814514594566747,0.16208843938834222,1.75,4.0,5.0,H,1.75,False,-100.0
2015-08-29,2015,A,A,0.22281839532301215,0.17687473592520617,0.6003068687517817,6.0,4.2,1.62,A,1.62,True,62.000000000000014
2015-08-29,2015,H,H,0.6537139450568517,0.25918971546469055,0.08709633947845781,1.2,8.0,15.0,H,1.2,True,19.999999999999996
2015-08-29,2015,D,H,0.48416277602646196,0.24249128419824495,0.27334593977529315,1.91,3.5,4.75,H,1.91,False,-100.0
2015-08-29,2015,A,H,0.5349122049080792,0.24421608426939712,0.22087171082252366,1.36,5.5,9.0,H,1.36,False,-100.0
2015-08-29,2015,D,A,0.35461266885669773,0.22053761610998912,0.4248497150333132,2.0,3.5,4.2,A,4.2,False,-100.0
2015-08-29,2015,A,H,0.5456093332552009,0.20829600774348025,0.246094659001319,1.36,5.0,11.0,H,1.36,False,-100.0
2015-08-29,2015,A,H,0.3983407077804649,0.2862914941917597,0.31536779802777537,1.95,3.4,4.5,H,1.95,False,-100.0
2015-08-29,2015,D,H,0.36967333160923294,0.31552633507863304,0.31480033331213403,2.2,3.6,3.4,H,2.2,False,-100.0
2015-08-30,2015,H,H,0.47821412565267973,0.2739010268029254,0.24788484754439485,2.05,3.5,4.0,H,2.05,True,104.99999999999999
2015-08-30,2015,H,H,0.4538989626933912,0.2577864382191741,0.28831459908743473,3.6,3.3,2.25,H,3.6,True,260.0
2015-09-12,2015,H,H,0.44179671587541874,0.24287998950212683,0.31532329462245445,2.4,3.4,3.2,H,2.4,True,140.0
2015-09-12,2015,H,H,0.474782058633044,0.2527923992379973,0.2724255421289588,2.75,3.4,2.75,H,2.75,True,175.0
2015-09-12,2015,D,A,0.3318749129738426,0.3250957341171225,0.3430293529090349,3.2,3.2,2.5,A,2.5,False,-100.0
2015-09-12,2015,H,H,0.4327389578527983,0.21225950582612096,0.3550015363210807,2.0,3.4,4.33,H,2.0,True,100.0
2015-09-12,2015,A,A,0.3541803168932564,0.21037314936090237,0.43544653374584125,5.5,4.2,1.67,A,1.67,True,67.0
2015-09-12,2015,H,H,0.7472727668542115,0.18442423751584244,0.06830299562994598,1.29,6.0,12.0,H,1.29,True,29.000000000000004
2015-09-12,2015,H,A,0.2898364550638283,0.2761020613857597,0.43406148355041196,4.0,3.6,2.0,A,2.0,False,-100.0
2015-09-13,2015,H,H,0.4041468909212886,0.2757999974577049,0.3200531116210066,1.91,3.75,4.33,H,1.91,True,90.99999999999999
2015-09-13,2015,A,A,0.33687697420626,0.30427803629103617,0.3588449895027039,4.33,3.6,1.95,A,1.95,True,95.0
2015-09-14,2015,H,H,0.40794609498622786,0.24649930210683468,0.34555460290693746,2.25,3.5,3.4,H,2.25,True,125.0
2015-09-19,2015,A,H,0.7204554797538787,0.1834366561900894,0.09610786405603193,1.29,6.5,11.0,H,1.29,False,-100.0
2015-09-19,2015,H,H,0.6215817813132876,0.21474195914608507,0.1636762595406274,1.7,4.0,5.5,H,1.7,True,70.0
2015-09-19,2015,H,H,0.38474693390112996,0.24794237235065217,0.36731069374821795,2.45,3.5,3.0,H,2.45,True,145.00000000000003
2015-09-19,2015,A,A,0.345719236509279,0.2980330124426724,0.3562477510480486,2.3,3.25,3.5,A,3.5,True,250.0
2015-09-19,2015,D,H,0.43586243520174145,0.24764955386868306,0.31648801092957546,2.5,3.4,3.0,H,2.5,False,-100.0
2015-09-19,2015,D,H,0.43658593435247556,0.32435140645606225,0.2390626591914621,2.3,3.4,3.4,H,2.3,False,-100.0
2015-09-19,2015,A,A,0.26261973888227896,0.2854473055750078,0.45193295554271334,2.5,3.3,3.1,A,3.1,True,210.0
2015-09-20,2015,D,H,0.4526876482679308,0.2596158352313091,0.28769651650076006,1.67,4.0,5.75,H,1.67,False,-100.0
2015-09-20,2015,A,H,0.3536630177310259,0.3096379726956076,0.33669900957336646,3.1,3.3,2.5,H,3.1,False,-100.0
2015-09-20,2015,H,H,0.45871023120718313,0.2719188110708959,0.26937095772192104,2.0,3.6,4.0,H,2.0,True,100.0
2015-09-26,2015,A,A,0.1743070129766484,0.3012782884862871,0.5244146985370645,4.5,4.0,1.8,A,1.8,True,80.0
2015-09-26,2015,H,H,0.47883325722827424,0.2684828542957949,0.2526838884759308,1.53,4.33,7.0,H,1.53,True,53.0
2015-09-26,2015,D,A,0.1330474498603872,0.15284122538912293,0.7141113247504899,6.0,4.2,1.62,A,1.62,False,-100.0
2015-09-26,2015,H,H,0.7913158261504645,0.16121868093079253,0.04746549291874297,1.2,7.5,16.0,H,1.2,True,19.999999999999996
2015-09-26,2015,H,H,0.5586916482507315,0.2434221316377865,0.19788622011148202,2.05,3.4,4.2,H,2.05,True,104.99999999999999
2015-09-26,2015,H,A,0.3239743030475508,0.2992684691598133,0.3767572277926359,2.55,3.3,3.0,A,3.0,False,-100.0
2015-09-26,2015,D,H,0.5012354360869155,0.24749395614482816,0.25127060776825627,2.25,3.5,3.4,H,2.25,False,-100.0
2015-09-26,2015,H,H,0.4042993514366244,0.23660154584874463,0.359099102714631,4.2,3.8,1.91,H,4.2,True,320.0
2015-09-27,2015,A,H,0.4202542314186293,0.2295217953075598,0.3502239732738109,2.5,3.3,3.1,H,2.5,False,-100.0
2015-09-28,2015,A,H,0.36957817001217447,0.3184716631173814,0.3119501668704441,3.1,3.3,2.5,H,3.1,False,-100.0
2015-10-03,2015,D,H,0.45136549023870237,0.2192149301631157,0.32941957959818197,3.2,3.4,2.4,H,3.2,False,-100.0
2015-10-03,2015,A,H,0.4097070230112088,0.2596753437654981,0.33061763322329313,2.3,3.5,3.3,H,2.3,False,-100.0
2015-10-03,2015,H,H,0.4972127479708475,0.23662807536069352,0.26615917666845895,1.83,3.6,5.0,H,1.83,True,83.0
2015-10-03,2015,H,H,0.7503466110727303,0.17162368670978087,0.07802970221748891,1.25,7.0,13.0,H,1.25,True,25.0
2015-10-03,2015,D,A,0.35806812621094686,0.2511800007436658,0.39075187304538733,2.1,3.5,3.8,A,3.8,False,-100.0
2015-10-03,2015,A,H,0.4516025805654325,0.2986119565363081,0.24978546289825934,2.5,3.3,3.1,H,2.5,False,-100.0
2015-10-03,2015,A,H,0.6433047333836446,0.2042460032133467,0.15244926340300877,1.83,3.7,4.8,H,1.83,False,-100.0
2015-10-04,2015,D,A,0.3389212435687417,0.2931218513302455,0.36795690510101275,2.75,3.25,2.8,A,2.8,False,-100.0
2015-10-04,2015,D,A,0.3358831399277629,0.2945887156278892,0.36952814444434784,2.7,3.4,2.8,A,2.8,False,-100.0
2015-10-04,2015,H,H,0.6066721230397468,0.2041112825293191,0.1892165944309341,2.0,3.8,3.8,H,2.0,True,100.0
2015-10-17,2015,D,H,0.48134863157447033,0.23601877666825266,0.28263259175727706,2.5,3.5,3.0,H,2.5,False,-100.0
2015-10-17,2015,H,H,0.40166332110737035,0.2477981008375815,0.3505385780550481,2.05,3.4,4.2,H,2.05,True,104.99999999999999
2015-10-17,2015,A,A,0.2481556995663974,0.26080010210906274,0.49104419832453977,6.0,4.2,1.62,A,1.62,True,62.000000000000014
2015-10-17,2015,D,H,0.6565981522103407,0.21836705956406388,0.1250347882255954,1.75,4.0,5.0,H,1.75,False,-100.0
2015-10-17,2015,H,H,0.6923707383488821,0.17394070503134698,0.1336885566197709,1.33,5.75,10.0,H,1.33,True,33.00000000000001
2015-10-17,2015,A,A,0.2752999927438223,0.2670313708237493,0.4576686364324285,3.25,3.4,2.38,A,2.38,True,138.0
2015-10-17,2015,A,H,0.44829265260693724,0.2316105930732281,0.3200967543198347,2.0,3.6,4.0,H,2.0,False,-100.0
2015-10-17,2015,H,H,0.6815517746397003,0.19564607682127585,0.12280214853902384,1.33,5.75,10.0,H,1.33,True,33.00000000000001
2015-10-18,2015,H,A,0.30344042592754844,0.2691352921614201,0.4274242819110314,2.6,3.4,2.88,A,2.88,False,-100.0
2015-10-19,2015,A,H,0.5334206766104975,0.24309937535407947,0.22347994803542295,2.05,3.4,4.2,H,2.05,False,-100.0
2015-10-24,2015,A,A,0.2811248975029144,0.3533709890479133,0.36550411344917216,3.0,3.3,2.6,A,2.6,True,160.0
2015-10-24,2015,H,H,0.7495804644165439,0.15486325896863545,0.09555627661482073,1.44,4.75,8.0,H,1.44,True,43.99999999999999
2015-10-24,2015,H,H,0.4971542790630205,0.3201241596266466,0.18272156131033293,2.2,3.6,3.4,H,2.2,True,120.00000000000001
2015-10-24,2015,A,H,0.4613601282146575,0.3283027429322421,0.2103371288531005,2.0,3.5,4.2,H,2.0,False,-100.0
2015-10-24,2015,A,H,0.39949220338771435,0.22999212008035533,0.37051567653193035,2.1,3.3,4.0,H,2.1,False,-100.0
2015-10-24,2015,H,H,0.36863272409586356,0.2710559251784231,0.36031135072571335,4.0,3.8,1.95,H,4.0,True,300.0
2015-10-25,2015,A,H,0.38493486781376035,0.2796051060012622,0.33546002618497744,3.4,3.5,2.25,H,3.4,False,-100.0
2015-10-25,2015,D,H,0.48113894592135215,0.26068342904085223,0.25817762503779557,2.05,3.6,3.8,H,2.05,False,-100.0
2015-10-25,2015,D,H,0.3960983331966214,0.2825078212600501,0.32139384554332856,2.6,3.5,2.8,H,2.6,False,-100.0
2015-10-25,2015,H,H,0.42054241233654627,0.22299029609469048,0.3564672915687632,2.6,3.4,2.9,H,2.6,True,160.0
2015-10-31,2015,H,H,0.39155893909510714,0.2521022830587517,0.35633877784614104,2.6,3.4,2.9,H,2.6,True,160.0
2015-10-31,2015,A,A,0.3077066703041951,0.32655939231878917,0.3657339373770158,2.9,3.4,2.6,A,2.6,True,160.0
2015-10-31,2015,A,A,0.27715545511533984,0.300208572565577,0.4226359723190832,5.0,4.0,1.75,A,1.75,True,75.0
2015-10-31,2015,A,H,0.3938068570904824,0.28136492095533866,0.32482822195417893,2.1,3.5,3.75,H,2.1,False,-100.0
2015-10-31,2015,H,H,0.5979578665239603,0.2617897283503588,0.14025240512568085,1.29,6.0,12.0,H,1.29,True,29.000000000000004
2015-10-31,2015,D,D,0.28074150690743016,0.3599843375206209,0.3592741555719489,3.8,3.5,2.1,D,3.5,True,250.0
2015-10-31,2015,D,H,0.38121396170500227,0.2503289620600188,0.36845707623497886,2.4,3.4,3.2,H,2.4,False,-100.0
2015-11-01,2015,H,H,0.4217745265473351,0.2556743755657205,0.3225510978869444,1.55,4.33,6.5,H,1.55,True,55.00000000000001
2015-11-01,2015,H,H,0.48504547419429184,0.26097572128970326,0.25397880451600485,1.5,4.5,7.5,H,1.5,True,50.0
2015-11-02,2015,H,H,0.7138283923034535,0.1184549542741536,0.16771665342239306,1.44,4.75,8.0,H,1.44,True,43.99999999999999
2015-11-07,2015,D,H,0.3817654652091569,0.30539367426504277,0.31284086052580035,2.6,3.5,2.8,H,2.6,False,-100.0
2015-11-07,2015,A,A,0.18286661159404008,0.34184143836638947,0.4752919500395703,4.75,3.8,1.8,A,1.8,True,80.0
2015-11-07,2015,H,A,0.19176397412501447,0.22471235940879475,0.5835236664661908,3.8,3.6,2.05,A,2.05,False,-100.0
2015-11-07,2015,H,H,0.5276165002002543,0.26229329753316977,0.21009020226657596,2.45,3.4,3.1,H,2.45,True,145.00000000000003
2015-11-07,2015,H,H,0.6343407036311982,0.23099991359176777,0.13465938277703404,1.33,5.25,12.0,H,1.33,True,33.00000000000001
2015-11-07,2015,H,H,0.5548743452260655,0.1954886493758907,0.24963700539804382,1.85,3.8,4.5,H,1.85,True,85.00000000000001
2015-11-07,2015,A,A,0.3271630832113591,0.24761483486516953,0.42522208192347133,2.25,3.5,3.4,A,3.4,True,240.0
2015-11-08,2015,D,H,0.6043491571537687,0.194229397074574,0.20142144577165724,1.73,4.0,5.0,H,1.73,False,-100.0
2015-11-08,2015,D,A,0.3479515147936276,0.1931148055714789,0.45893367963489345,7.5,5.0,1.44,A,1.44,False,-100.0
2015-11-08,2015,A,H,0.6477074124435734,0.1994980613310656,0.15279452622536105,1.67,3.8,6.0,H,1.67,False,-100.0
2015-11-21,2015,A,A,0.29878670900853793,0.3418354976330866,0.35937779335837544,2.88,3.6,2.5,A,2.5,True,150.0
2015-11-21,2015,H,H,0.4884060407370026,0.22771124485232655,0.2838827144106708,1.4,5.0,9.0,H,1.4,True,39.99999999999999
2015-11-21,2015,A,H,0.5327388862575156,0.21927102641436655,0.24799008732811786,1.7,4.0,5.5,H,1.7,False,-100.0
2015-11-21,2015,H,H,0.5905507027554816,0.22372515298076268,0.18572414426375572,1.57,4.2,6.5,H,1.57,True,57.00000000000001
2015-11-21,2015,D,A,0.3512051801006329,0.26605859812921095,0.38273622177015615,1.91,3.6,4.5,A,4.5,False,-100.0
2015-11-21,2015,H,A,0.17033648661768308,0.2186504252639537,0.6110130881183632,7.0,4.33,1.53,A,1.53,False,-100.0
2015-11-21,2015,A,D,0.2881681615517355,0.36284154496546267,0.3489902934828019,4.33,3.4,2.0,D,3.4,False,-100.0
2015-11-21,2015,A,H,0.6500494153588842,0.1998554501728842,0.15009513446823172,1.57,4.0,7.0,H,1.57,False,-100.0
2015-11-22,2015,H,H,0.5528519091673453,0.30105918308125307,0.1460889077514017,1.57,4.2,6.5,H,1.57,True,57.00000000000001
2015-11-23,2015,A,H,0.5569367393730341,0.22212207972454875,0.22094118090241718,1.57,4.0,7.0,H,1.57,False,-100.0
2015-11-28,2015,H,A,0.26106968661853364,0.2776656013830479,0.4612647119984184,3.2,3.3,2.45,A,2.45,False,-100.0
2015-11-28,2015,A,A,0.297255648658584,0.32538818479418113,0.3773561665472349,2.75,3.3,2.8,A,2.8,True,179.99999999999997
2015-11-28,2015,D,H,0.39130670738230916,0.24860268713457723,0.3600906054831136,2.9,3.6,2.5,H,2.9,False,-100.0
2015-11-28,2015,H,H,0.5273529330407413,0.24112406607495843,0.23152300088430042,1.7,3.9,5.5,H,1.7,True,70.0
2015-11-28,2015,D,H,0.4491527130614486,0.2611872577009183,0.2896600292376332,3.1,3.5,2.4,H,3.1,False,-100.0
2015-11-28,2015,H,H,0.4963617164526948,0.2175616938206192,0.2860765897266859,1.6,4.33,6.0,H,1.6,True,60.00000000000001
2015-11-29,2015,H,H,0.7332074932814986,0.1815763462898278,0.08521616042867353,1.44,4.75,8.0,H,1.44,True,43.99999999999999
2015-11-29,2015,D,A,0.2929842526009201,0.2395298845210249,0.467485862878055,6.0,4.2,1.62,A,1.62,False,-100.0
2015-11-29,2015,D,H,0.43637974394339735,0.27571774185555326,0.28790251420104945,2.05,3.5,4.0,H,2.05,False,-100.0
2015-11-29,2015,D,H,0.5098300594406545,0.24036931816836096,0.24980062239098455,2.6,3.4,2.9,H,2.6,False,-100.0
2015-12-05,2015,D,A,0.2571918809575557,0.23589612904424154,0.5069119899982027,4.75,3.6,1.85,A,1.85,False,-100.0
2015-12-05,2015,H,H,0.4202002102060766,0.2797890687671029,0.3000107210268205,2.15,3.5,3.6,H,2.15,True,114.99999999999999
2015-12-05,2015,A,A,0.3191497114834293,0.3141102048374605,0.3667400836791102,2.7,3.4,2.75,A,2.75,True,175.0
2015-12-05,2015,H,A,0.27103036601703195,0.24819949402809482,0.4807701399548732,5.25,4.0,1.7,A,1.7,False,-100.0
2015-12-05,2015,A,H,0.47942731156087187,0.23363192094616916,0.28694076749295894,1.36,5.25,9.5,H,1.36,False,-100.0
2015-12-05,2015,D,H,0.6902911534533048,0.18328099420659846,0.12642785234009682,1.44,4.5,9.0,H,1.44,False,-100.0
2015-12-05,2015,H,H,0.6535301684580809,0.21175774558762409,0.13471208595429504,1.29,6.0,13.0,H,1.29,True,29.000000000000004
2015-12-05,2015,D,H,0.6044952647908041,0.23274362962541484,0.16276110558378104,1.5,4.5,7.5,H,1.5,False,-100.0
2015-12-06,2015,H,A,0.20187487114301553,0.2535912091463482,0.5445339197106362,5.75,4.33,1.62,A,1.62,False,-100.0
2015-12-07,2015,D,H,0.43573844540533196,0.2475767594260303,0.31668479516863773,2.1,3.6,3.75,H,2.1,False,-100.0
2015-12-12,2015,A,H,0.34560865512865324,0.3212954889716641,0.33309585589968266,2.9,3.3,2.63,H,2.9,False,-100.0
2015-12-12,2015,D,H,0.4909409795328748,0.24535723823789315,0.26370178222923196,2.9,3.5,2.55,H,2.9,False,-100.0
2015-12-12,2015,D,A,0.3313343010283099,0.32767114124595054,0.34099455772573956,2.63,3.3,2.9,A,2.9,False,-100.0
2015-12-12,2015,H,H,0.4648149240506734,0.2589541711384492,0.27623090481087736,2.6,3.3,3.0,H,2.6,True,160.0
2015-12-12,2015,H,A,0.2728401067062877,0.2265952379170938,0.5005646553766184,3.4,3.4,2.3,A,2.3,False,-100.0
2015-12-12,2015,H,H,0.578531274455313,0.24987044042599313,0.17159828511869382,1.3,6.0,11.0,H,1.3,True,30.000000000000004
2015-12-13,2015,D,H,0.6919145427853132,0.20016187022558715,0.10792358698909967,1.4,4.75,10.0,H,1.4,False,-100.0
2015-12-13,2015,A,H,0.5795828995567148,0.19335479049053553,0.22706230995274967,1.36,5.5,9.0,H,1.36,False,-100.0
2015-12-13,2015,A,H,0.4115870589142048,0.22903132767308573,0.35938161341270947,6.5,4.2,1.57,H,6.5,False,-100.0
2015-12-14,2015,H,H,0.5571224955102804,0.24192667939013315,0.20095082509958648,3.2,3.5,2.35,H,3.2,True,220.00000000000003
2015-12-19,2015,A,H,0.4694261471149182,0.23335169859720864,0.2972221542878731,2.5,3.2,3.2,H,2.5,False,-100.0
2015-12-19,2015,A,H,0.3980137485448246,0.3184751714397787,0.2835110800153967,2.7,3.4,2.8,H,2.7,False,-100.0
2015-12-19,2015,D,A,0.25442298418412274,0.23056740723532973,0.5150096085805477,2.05,3.5,4.0,A,4.0,False,-100.0
2015-12-19,2015,A,A,0.3297180863623416,0.2837704108749041,0.3865115027627543,2.55,3.3,3.0,A,3.0,True,200.0
2015-12-19,2015,A,H,0.5152881908403949,0.2877764264060017,0.19693538275360342,2.1,3.75,3.6,H,2.1,False,-100.0
2015-12-19,2015,H,H,0.6196657254507667,0.20579086744152653,0.17454340710770674,1.33,5.25,12.0,H,1.33,True,33.00000000000001
2015-12-19,2015,A,H,0.6991646751530474,0.1758132643318163,0.12502206051513634,1.45,4.5,8.5,H,1.45,False,-100.0
2015-12-20,2015,D,H,0.5228301963305579,0.22219082362952025,0.2549789800399218,2.1,3.4,3.9,H,2.1,False,-100.0
2015-12-20,2015,H,A,0.33826188089573755,0.2936089327248816,0.3681291863793809,4.2,3.6,1.95,A,1.95,False,-100.0
2015-12-21,2015,H,A,0.33209091754431336,0.2542189944981195,0.4136900879575672,2.45,3.5,3.0,A,3.0,False,-100.0
2015-12-26,2015,H,H,0.6936381731379645,0.21147742800542665,0.09488439885660883,1.2,7.0,13.0,H,1.2,True,19.999999999999996
2015-12-26,2015,D,H,0.6088153633446153,0.24938697587710812,0.14179766077827657,1.44,4.5,7.5,H,1.44,False,-100.0
2015-12-26,2015,H,H,0.46404882285612986,0.27759996822028715,0.25835120892358293,1.91,3.8,3.8,H,1.91,True,90.99999999999999
2015-12-26,2015,D,H,0.43799463042862957,0.25126998061842915,0.3107353889529413,2.63,3.25,2.75,H,2.63,False,-100.0
2015-12-26,2015,D,H,0.4611940778398862,0.24984174349382438,0.2889641786662895,2.4,3.3,3.0,H,2.4,False,-100.0
2015-12-26,2015,H,A,0.3165548251568288,0.24983762806526802,0.4336075467779032,3.25,3.2,2.3,A,2.3,False,-100.0
2015-12-26,2015,H,H,0.41297569161643316,0.2716808068535744,0.31534350152999246,3.6,3.5,2.05,H,3.6,True,260.0
2015-12-26,2015,A,A,0.3028111029179708,0.2356165600164164,0.46157233706561285,3.2,3.5,2.2,A,2.2,True,120.00000000000001
2015-12-26,2015,H,H,0.594135517268632,0.23742516190756432,0.1684393208238036,1.91,3.4,4.5,H,1.91,True,90.99999999999999
2015-12-26,2015,H,H,0.6561048940957408,0.2329349680016187,0.11096013790264052,1.4,4.75,8.0,H,1.4,True,39.99999999999999
2015-12-28,2015,H,H,0.4520633916023278,0.23026296344950847,0.31767364494816386,2.2,3.25,3.75,H,2.2,True,120.00000000000001
2015-12-28,2015,H,H,0.38800904396227026,0.2574022132272307,0.354588742810499,3.6,3.4,2.2,H,3.6,True,260.0
2015-12-28,2015,H,H,0.40375767590894585,0.29185722951214066,0.3043850945789135,2.05,3.6,3.8,H,2.05,True,104.99999999999999
2015-12-28,2015,A,H,0.4200426219028041,0.2532425548464106,0.3267148232507853,3.75,3.5,2.1,H,3.75,False,-100.0
2015-12-28,2015,D,H,0.445156664761267,0.2370301390098627,0.3178131962288704,2.1,3.4,4.0,H,2.1,False,-100.0
2015-12-28,2015,H,H,0.6743485656602711,0.20124140431390958,0.12441003002581941,1.44,4.75,8.0,H,1.44,True,43.99999999999999
2015-12-28,2015,D,H,0.4209296529414133,0.23807821204696844,0.34099213501161824,2.6,3.3,3.0,H,2.6,False,-100.0
2015-12-28,2015,A,H,0.5521196098501158,0.23284892124565915,0.2150314689042251,1.95,3.6,4.2,H,1.95,False,-100.0
2015-12-29,2015,D,A,0.3079065196490896,0.2384664541252348,0.45362702622567563,4.33,4.0,1.85,A,1.85,False,-100.0
2015-12-30,2015,A,A,0.22522752502296217,0.2407010439579705,0.5340714310190674,5.5,3.9,1.7,A,1.7,True,70.0
2016-01-02,2015,H,A,0.28884095498291673,0.31424233704415455,0.3969167079729288,4.0,3.5,2.05,A,2.05,False,-100.0
2016-01-02,2015,H,H,0.4019511597808241,0.2435532936752899,0.354495546543886,2.5,3.25,3.2,H,2.5,True,150.0
2016-01-02,2015,H,H,0.4980222776039725,0.2373359165259782,0.2646418058700493,2.8,3.2,2.8,H,2.8,True,179.99999999999997
2016-01-02,2015,A,A,0.21444528843937474,0.3297696650888158,0.45578504647180945,5.0,4.0,1.75,A,1.75,True,75.0
2016-01-02,2015,H,H,0.4087854702428599,0.30568832068709434,0.2855262090700457,3.2,3.4,2.4,H,3.2,True,220.00000000000003
2016-01-02,2015,D,H,0.39674411664363446,0.2732905645193789,0.3299653188369866,1.91,3.75,4.33,H,1.91,False,-100.0
2016-01-02,2015,H,H,0.7203041898025816,0.18345721885169708,0.09623859134572137,1.29,6.5,11.0,H,1.29,True,29.000000000000004
2016-01-02,2015,H,H,0.5736399392903679,0.19085408157743966,0.23550597913219243,1.55,4.2,7.0,H,1.55,True,55.00000000000001
2016-01-03,2015,D,H,0.43883026369168204,0.25122454042940695,0.30994519587891106,2.8,3.5,2.63,H,2.8,False,-100.0
2016-01-03,2015,A,H,0.3766693691789536,0.2844660401827524,0.33886459063829394,3.8,3.5,2.1,H,3.8,False,-100.0
2016-01-12,2015,H,A,0.21109043654558754,0.2501650652595639,0.5387444981948487,3.2,3.25,2.45,A,2.45,False,-100.0
2016-01-12,2015,A,A,0.3708512614062031,0.24457122170047743,0.3845775168933195,2.0,3.6,4.0,A,4.0,True,300.0
2016-01-12,2015,D,A,0.29429937619867946,0.2336786628664312,0.4720219609348894,5.0,3.7,1.8,A,1.8,False,-100.0
2016-01-13,2015,A,H,0.6223133247643052,0.24912433783654975,0.12856233739914494,1.75,3.8,5.25,H,1.75,False,-100.0
2016-01-13,2015,A,H,0.46570425928033976,0.25886593867994906,0.2754298020397112,1.8,3.6,5.25,H,1.8,False,-100.0
2016-01-13,2015,H,A,0.3203960872062459,0.310555709232841,0.3690482035609131,2.05,3.3,4.2,A,4.2,False,-100.0
2016-01-13,2015,D,H,0.5018667671819504,0.2346322109389427,0.2635010218791068,1.44,4.5,9.0,H,1.44,False,-100.0
2016-01-13,2015,D,H,0.6861166287503909,0.1884745861082593,0.1254087851413497,1.53,4.75,6.0,H,1.53,False,-100.0
2016-01-13,2015,D,H,0.4477737402866968,0.2551889505786787,0.29703730913462445,2.88,3.4,2.6,H,2.88,False,-100.0
2016-01-13,2015,H,H,0.40912803075678106,0.2859640016022946,0.3049079676409243,1.95,3.5,4.33,H,1.95,True,95.0
2016-01-16,2015,H,H,0.3726099544581077,0.29869614428648195,0.32869390125541037,1.91,3.6,4.5,H,1.91,True,90.99999999999999
2016-01-16,2015,D,H,0.45553451969914854,0.23383516650762518,0.31063031379322625,1.83,3.75,4.75,H,1.83,False,-100.0
2016-01-16,2015,H,H,0.6565981446875928,0.21836706467173075,0.12503479064067644,1.36,5.25,9.5,H,1.36,True,36.00000000000001
2016-01-16,2015,D,H,0.3950437066989329,0.26466862986043743,0.3402876634406297,3.6,3.4,2.2,H,3.6,False,-100.0
2016-01-16,2015,H,H,0.38176893390674566,0.25064974608650276,0.36758132000675153,2.5,3.4,3.0,H,2.5,True,150.0
2016-01-16,2015,H,H,0.5089556310852577,0.2227855483575685,0.2682588205571738,1.73,3.75,5.5,H,1.73,True,73.0
2016-01-16,2015,H,H,0.6404865205863158,0.1604815385289413,0.19903194088474294,1.4,5.25,8.5,H,1.4,True,39.99999999999999
2016-01-17,2015,D,A,0.2963489370793176,0.34306963136818275,0.36058143155249955,4.33,3.6,1.95,A,1.95,False,-100.0
2016-01-17,2015,A,H,0.5677575304207351,0.17897618253645733,0.25326628704280757,2.3,3.25,3.5,H,2.3,False,-100.0
2016-01-18,2015,H,H,0.46124769032276,0.27231938118407745,0.2664329284931626,2.38,3.25,3.4,H,2.38,True,138.0
2016-01-23,2015,A,A,0.331569103293257,0.29310311177261444,0.3753277849341286,3.6,3.5,2.15,A,2.15,True,114.99999999999999
2016-01-23,2015,H,H,0.4966743708700159,0.24783944341291397,0.25548618571707,2.1,3.5,3.8,H,2.1,True,110.00000000000001
2016-01-23,2015,A,H,0.3822048637309194,0.2851422797524816,0.332652856516599,1.91,3.5,4.75,H,1.91,False,-100.0
2016-01-23,2015,A,A,0.3324741142918763,0.1841696485724835,0.4833562371356403,4.33,3.5,1.95,A,1.95,True,95.0
2016-01-23,2015,D,A,0.25640245857031285,0.3151485232401022,0.42844901818958503,3.0,3.4,2.5,A,2.5,False,-100.0
2016-01-23,2015,H,H,0.372771031963683,0.2952919994665986,0.33193696856971844,2.05,3.5,4.0,H,2.05,True,104.99999999999999
2016-01-23,2015,D,H,0.4025593458858248,0.27166586263583925,0.3257747914783359,2.1,3.3,4.0,H,2.1,False,-100.0
2016-01-23,2015,D,A,0.2623387338146191,0.28248460033316863,0.4551766658522122,5.0,4.0,1.73,A,1.73,False,-100.0
2016-01-24,2015,A,H,0.4827900192267309,0.23728725595632183,0.27992272481694724,1.73,3.8,5.5,H,1.73,False,-100.0
2016-01-24,2015,A,H,0.40159288962912204,0.25427816938151426,0.34412894098936375,2.1,3.5,3.9,H,2.1,False,-100.0
2016-02-02,2015,H,H,0.48006954966903786,0.23326894425873426,0.28666150607222796,1.91,3.5,4.75,H,1.91,True,90.99999999999999
2016-02-02,2015,D,H,0.513903967254603,0.22824947943675336,0.25784655330864376,2.63,3.1,3.1,H,2.63,False,-100.0
2016-02-02,2015,A,A,0.2051365915642496,0.2371614587246155,0.5577019497111348,4.5,3.75,1.85,A,1.85,True,85.00000000000001
2016-02-02,2015,A,A,0.2007864341234122,0.2628508431278744,0.5363627227487134,8.0,4.75,1.45,A,1.45,True,44.99999999999999
2016-02-02,2015,H,A,0.2798555571692725,0.33832825518114285,0.38181618764958464,2.63,3.4,2.88,A,2.88,False,-100.0
2016-02-02,2015,A,H,0.4782859945260404,0.23008489421282388,0.2916291112611357,2.45,3.3,3.2,H,2.45,False,-100.0
2016-02-02,2015,D,H,0.5071488217955183,0.2893019712998773,0.2035492069046043,1.75,3.75,5.25,H,1.75,False,-100.0
2016-02-02,2015,H,H,0.5237205992436106,0.29090917730806165,0.18537022344832774,1.7,3.75,5.75,H,1.7,True,70.0
2016-02-03,2015,H,H,0.6272186631174697,0.24161226171181496,0.13116907517071533,1.65,4.2,5.5,H,1.65,True,64.99999999999999
2016-02-03,2015,D,H,0.39423798994958004,0.26948376149227277,0.3362782485581472,4.33,3.5,1.95,H,4.33,False,-100.0
2016-02-06,2015,H,H,0.5230817311456478,0.27639285796449137,0.20052541088986084,2.15,3.4,3.8,H,2.15,True,114.99999999999999
2016-02-06,2015,H,H,0.43550179116906645,0.2651976067398901,0.29930060209104337,2.45,3.2,3.3,H,2.45,True,145.00000000000003
2016-02-06,2015,D,H,0.6718953001456353,0.20309012750375768,0.12501457235060695,1.44,4.75,8.5,H,1.44,False,-100.0
2016-02-06,2015,A,H,0.5004031292279508,0.24246019766801385,0.2571366731040354,1.62,4.2,6.0,H,1.62,False,-100.0
2016-02-06,2015,H,H,0.5519920003713509,0.23269823431093975,0.2153097653177094,1.73,3.8,5.5,H,1.73,True,73.0
2016-02-06,2015,A,H,0.4005047776522878,0.2629581117015031,0.3365371106462091,2.7,3.4,2.8,H,2.7,False,-100.0
2016-02-06,2015,D,H,0.44441625213858044,0.2372244812815266,0.318359266579893,2.25,3.3,3.6,H,2.25,False,-100.0
2016-02-06,2015,H,H,0.7234531244023484,0.159401018960483,0.11714585663716855,1.5,4.33,8.0,H,1.5,True,50.0
2016-02-07,2015,A,A,0.34537798969983263,0.2543888210001266,0.40023318930004076,3.8,3.5,2.1,A,2.1,True,110.00000000000001
2016-02-07,2015,D,H,0.4690722745715785,0.2330410764987565,0.29788664892966504,2.15,3.3,3.9,H,2.15,False,-100.0
2016-02-13,2015,D,H,0.3970128450059778,0.329333541339671,0.27365361365435115,2.38,3.4,3.25,H,2.38,False,-100.0
2016-02-13,2015,H,A,0.3058195390573272,0.30817318510922775,0.38600727583344496,5.25,3.75,1.75,A,1.75,False,-100.0
2016-02-13,2015,A,H,0.4576988976693637,0.25748081493834357,0.28482028739229265,1.53,4.2,7.5,H,1.53,False,-100.0
2016-02-13,2015,A,H,0.442513162083493,0.27222157230798877,0.2852652656085183,3.2,3.25,2.5,H,3.2,False,-100.0
2016-02-13,2015,H,H,0.5867096753284685,0.19962434211916566,0.21366598255236577,1.44,4.75,8.0,H,1.44,True,43.99999999999999
2016-02-13,2015,A,A,0.3314398477808593,0.2771174730513724,0.3914426791677683,2.25,3.3,3.6,A,3.6,True,260.0
2016-02-13,2015,A,H,0.46737753138363347,0.26064775985734967,0.2719747087590168,2.05,3.4,4.1,H,2.05,False,-100.0
2016-02-14,2015,A,A,0.18590301286284763,0.22237359583530594,0.5917233913018465,4.75,3.6,1.85,A,1.85,True,85.00000000000001
2016-02-14,2015,A,H,0.4822847343761991,0.31082986250965355,0.20688540311414738,2.1,3.75,3.6,H,2.1,False,-100.0
2016-02-14,2015,H,H,0.5482392235384593,0.2526153328139416,0.19914544364759915,1.75,4.0,5.0,H,1.75,True,75.0
2016-02-27,2015,H,H,0.38153318856031476,0.25419487329227236,0.3642719381474128,1.8,3.5,4.5,H,1.8,True,80.0
2016-02-27,2015,D,H,0.4387626842249948,0.248444855198254,0.3127924605767512,2.38,3.25,3.0,H,2.38,False,-100.0
2016-02-27,2015,H,A,0.28964608038556944,0.3224005585950233,0.38795336101940725,2.6,3.1,2.8,A,2.8,False,-100.0
2016-02-27,2015,A,H,0.48576264233819294,0.27700376806495575,0.23723358959685129,2.8,3.25,2.5,H,2.8,False,-100.0
2016-02-27,2015,H,H,0.5527131294954225,0.23574482934669463,0.21154204115788292,1.5,4.33,6.0,H,1.5,True,50.0
2016-02-27,2015,H,H,0.4891101532703191,0.24661957143450677,0.26427027529517405,1.62,3.75,5.5,H,1.62,True,62.000000000000014
2016-02-28,2015,H,H,0.6841057457761966,0.19085786079357167,0.12503639343023168,1.4,4.2,9.0,H,1.4,True,39.99999999999999
2016-02-28,2015,H,A,0.36151009847586685,0.26957239233748614,0.368917509186647,3.0,3.25,2.38,A,2.38,False,-100.0
2016-03-01,2015,A,A,0.23208762939982475,0.2101142184886009,0.5577981521115744,4.5,3.6,1.91,A,1.91,True,90.99999999999999
2016-03-01,2015,H,A,0.33059455267800175,0.30717271909939176,0.36223272822260655,2.9,3.25,2.7,A,2.7,False,-100.0
2016-03-01,2015,D,H,0.6727414705989232,0.20336127164122433,0.12389725775985254,1.73,3.8,5.5,H,1.73,False,-100.0
2016-03-01,2015,A,A,0.16299583670494563,0.2810074289439896,0.5559967343510648,5.25,4.0,1.7,A,1.7,True,70.0
2016-03-01,2015,D,H,0.47124975450521384,0.2442193132590411,0.28453093223574505,2.5,3.3,3.1,H,2.5,False,-100.0
2016-03-02,2015,H,H,0.4429045299952834,0.24863496633410098,0.30846050367061567,2.63,3.4,2.88,H,2.63,True,163.0
2016-03-02,2015,A,H,0.5721239468127153,0.22648353199382332,0.20139252119346143,1.36,5.25,10.0,H,1.36,False,-100.0
2016-03-02,2015,H,H,0.5136231706716495,0.24144511174972563,0.24493171757862484,2.0,3.5,4.2,H,2.0,True,100.0
2016-03-02,2015,H,A,0.3719284874833361,0.24783238183843748,0.3802391306782264,4.0,3.6,2.0,A,2.0,False,-100.0
2016-03-02,2015,H,H,0.5630475500757726,0.21314382791730047,0.223808622006927,1.67,3.8,6.0,H,1.67,True,67.0
2016-03-05,2015,D,H,0.49848779279808825,0.2341027082109729,0.2674094989909388,2.38,3.4,3.25,H,2.38,False,-100.0
2016-03-05,2015,H,H,0.4875791882790028,0.3023070263207797,0.21011378540021752,2.05,3.5,4.0,H,2.05,True,104.99999999999999
2016-03-05,2015,D,H,0.49791946938976267,0.22714620501517446,0.27493432559506287,1.6,4.0,6.5,H,1.6,False,-100.0
2016-03-05,2015,A,D,0.32769050020408835,0.3451800211569931,0.32712947863891867,3.0,3.4,2.55,D,3.4,False,-100.0
2016-03-05,2015,H,H,0.736808060190128,0.19301009405241606,0.07018184575745594,1.22,7.0,15.0,H,1.22,True,21.999999999999996
2016-03-05,2015,A,H,0.6705547306715814,0.17451606593526678,0.15492920339315178,1.73,4.0,5.0,H,1.73,False,-100.0
2016-03-05,2015,D,H,0.6624788437686447,0.1998897112672954,0.13763144496405982,1.5,4.5,7.5,H,1.5,False,-100.0
2016-03-05,2015,A,A,0.3513635972566407,0.28710683989857105,0.36152956284478827,2.63,3.4,2.88,A,2.88,True,188.0
2016-03-06,2015,A,A,0.28231940187058907,0.3119555961690185,0.4057250019603924,3.8,3.5,2.1,A,2.1,True,110.00000000000001
2016-03-06,2015,H,H,0.36902240104506223,0.27159148324072263,0.35938611571421514,4.33,3.4,2.0,H,4.33,True,333.0
2016-03-12,2015,H,H,0.3755021009891368,0.29215286125806683,0.3323450377527964,1.95,3.5,4.33,H,1.95,True,95.0
2016-03-12,2015,D,A,0.2595114492952254,0.17895656821183456,0.56153198249294,6.0,4.2,1.6,A,1.6,False,-100.0
2016-03-12,2015,A,A,0.31319769955626775,0.23868205561147815,0.4481202448322541,2.7,3.2,2.9,A,2.9,True,190.0
2016-03-13,2015,A,A,0.35397110662509174,0.18509178402000584,0.4609371093549024,7.5,4.5,1.5,A,1.5,True,50.0
2016-03-14,2015,H,H,0.5036249009518992,0.23965544680216988,0.25671965224593096,1.57,4.33,6.25,H,1.57,True,57.00000000000001
2016-03-19,2015,A,A,0.21419937373860934,0.2877459320655055,0.49805469419588516,2.25,3.3,3.6,A,3.6,True,260.0
2016-03-19,2015,A,A,0.276097449679232,0.3151894798171165,0.40871307050365147,2.4,3.25,3.3,A,3.3,True,229.99999999999997
2016-03-19,2015,H,H,0.5292996032779119,0.2528033531592287,0.21789704356285935,1.67,3.8,6.0,H,1.67,True,67.0
2016-03-19,2015,A,H,0.40007283116813425,0.3180917132265457,0.2818354556053201,2.7,3.5,2.7,H,2.7,False,-100.0
2016-03-19,2015,A,A,0.3317531881442311,0.3206366909922039,0.3476101208635651,3.0,3.4,2.5,A,2.5,True,150.0
2016-03-19,2015,D,H,0.5735414667346285,0.1997528698220471,0.22670566344332443,1.75,3.8,5.25,H,1.75,False,-100.0
2016-03-20,2015,A,H,0.5874288044016343,0.2226271180062287,0.18994407759213713,1.83,3.75,4.75,H,1.83,False,-100.0
2016-03-20,2015,D,H,0.4755780615966227,0.24235373273988647,0.2820682056634909,2.1,3.5,3.8,H,2.1,False,-100.0
2016-03-20,2015,H,H,0.4477250899666325,0.24891677096482256,0.303358139068545,2.63,3.4,2.88,H,2.63,True,163.0
2016-03-20,2015,H,H,0.6291625662593899,0.2151284801109653,0.15570895362964474,1.53,4.33,7.0,H,1.53,True,53.0
2016-04-02,2015,D,H,0.39683866148035923,0.2499773304599411,0.3531840080596997,2.5,3.4,3.0,H,2.5,False,-100.0
2016-04-02,2015,H,H,0.5399625416262647,0.19821277225139491,0.2618246861223404,1.36,5.25,10.0,H,1.36,True,36.00000000000001
2016-04-02,2015,A,H,0.3953433958334574,0.26524886159772126,0.33940774256882134,3.75,3.6,2.1,H,3.75,False,-100.0
2016-04-02,2015,A,A,0.21314911496272163,0.1882715149691343,0.5985793700681441,6.5,4.33,1.57,A,1.57,True,57.00000000000001
2016-04-02,2015,D,A,0.3184928018573468,0.23980246491835977,0.4417047332242934,2.2,3.4,3.6,A,3.6,False,-100.0
2016-04-02,2015,D,A,0.31320988221661794,0.3149767831877041,0.37181333459567795,2.1,3.3,4.0,A,4.0,False,-100.0
2016-04-02,2015,D,H,0.4670758694880659,0.2560480158475542,0.2768761146643799,1.95,3.6,4.2,H,1.95,False,-100.0
2016-04-02,2015,H,A,0.2625987938376326,0.244408635436562,0.4929925707258054,2.2,3.4,3.6,A,3.6,False,-100.0
2016-04-03,2015,H,H,0.5036133767277421,0.22947027071851323,0.26691635255374474,2.25,3.4,3.5,H,2.25,True,125.0
2016-04-03,2015,H,H,0.45459919105168384,0.2528682876366057,0.2925325213117105,2.1,3.5,3.75,H,2.1,True,110.00000000000001
2016-04-09,2015,D,A,0.31378243599903594,0.25897680817022267,0.4272407558307414,3.4,3.3,2.15,A,2.15,False,-100.0
2016-04-09,2015,D,H,0.38918047066993555,0.28333603677710206,0.32748349255296244,3.6,3.5,2.0,H,3.6,False,-100.0
2016-04-09,2015,H,A,0.2965166312774256,0.23323211719627,0.4702512515263044,3.75,3.4,2.0,A,2.0,False,-100.0
2016-04-09,2015,H,H,0.4770486860815315,0.251712452219279,0.27123886169918937,2.05,3.4,3.6,H,2.05,True,104.99999999999999
2016-04-09,2015,H,H,0.8235644110467496,0.12061728971897752,0.055818299234272985,1.33,5.0,9.0,H,1.33,True,33.00000000000001
2016-04-09,2015,A,A,0.23481060611178783,0.2824613998908237,0.4827279939973885,3.4,3.2,2.2,A,2.2,True,120.00000000000001
2016-04-09,2015,H,H,0.49853119089592396,0.23671569667942524,0.26475311242465077,1.53,4.0,6.0,H,1.53,True,53.0
2016-04-10,2015,H,H,0.564683627680295,0.2454807554858143,0.18983561683389064,1.91,3.5,4.0,H,1.91,True,90.99999999999999
2016-04-10,2015,H,H,0.5719170859985555,0.25776391074105537,0.1703190032603891,1.55,4.0,5.75,H,1.55,True,55.00000000000001
2016-04-10,2015,A,A,0.34288305470823754,0.23592071576807516,0.4211962295236873,3.4,3.4,2.1,A,2.1,True,110.00000000000001
2016-04-13,2015,D,H,0.36943213477430387,0.27143992611094053,0.35912793911475566,2.9,3.4,2.6,H,2.9,False,-100.0
2016-04-16,2015,A,A,0.31552708081974346,0.26704554616789916,0.4174273730123574,2.4,3.2,3.4,A,3.4,True,240.0
2016-04-16,2015,A,H,0.47220396528648895,0.2302843720196833,0.2975116626938277,2.4,3.3,3.25,H,2.4,False,-100.0
2016-04-16,2015,H,A,0.35630413316157195,0.26622762923370086,0.3774682376047272,2.3,3.4,3.4,A,3.4,False,-100.0
2016-04-16,2015,D,A,0.36405763440807104,0.2549630291628995,0.3809793364290295,2.7,3.4,2.8,A,2.8,False,-100.0
2016-04-16,2015,A,A,0.32422535360145127,0.3338839379386485,0.34189070845990016,2.75,3.4,2.7,A,2.7,True,170.00000000000003
2016-04-16,2015,H,H,0.7693103189894005,0.1864116475629067,0.04427803344769273,1.22,7.0,17.0,H,1.22,True,21.999999999999996
2016-04-17,2015,A,A,0.329369273733677,0.2873482216091954,0.3832825046571277,3.6,3.5,2.15,A,2.15,True,114.99999999999999
2016-04-17,2015,D,H,0.48343680413973544,0.20032608760260676,0.3162371082576578,1.95,3.6,4.2,H,1.95,False,-100.0
2016-04-17,2015,D,H,0.5084124600307498,0.17603091101866153,0.3155566289505887,1.33,5.75,9.5,H,1.33,False,-100.0
2016-04-18,2015,A,A,0.21635994652015178,0.28172816993422756,0.5019118835456208,4.5,3.75,1.85,A,1.85,True,85.00000000000001
2016-04-19,2015,D,A,0.24439069826224347,0.22409732642340705,0.5315119753143496,6.0,4.5,1.57,A,1.57,False,-100.0
2016-04-20,2015,H,H,0.5390783942588951,0.2585536518972977,0.20236795384380715,1.73,4.0,5.0,H,1.73,True,73.0
2016-04-20,2015,H,H,0.4173851637887813,0.2598710345559991,0.3227438016552196,1.53,4.33,7.0,H,1.53,True,53.0
2016-04-20,2015,H,H,0.5357905918085778,0.2541419925841817,0.21006741560724043,1.57,4.33,6.5,H,1.57,True,57.00000000000001
2016-04-21,2015,H,H,0.65232146749199,0.21368828445147958,0.13399024805653045,1.29,6.0,13.0,H,1.29,True,29.000000000000004
2016-04-23,2015,A,A,0.3190772373380637,0.17161185518407188,0.5093109074778644,7.5,4.2,1.53,A,1.53,True,53.0
2016-04-23,2015,A,D,0.23599629271029574,0.40352242733379434,0.3604812799559099,3.1,3.5,2.4,D,3.5,False,-100.0
2016-04-23,2015,D,H,0.6469776068322292,0.20246624762948665,0.1505561455382842,1.57,4.5,6.0,H,1.57,False,-100.0
2016-04-23,2015,H,H,0.5449564736635731,0.2247164679033519,0.23032705843307488,1.3,6.0,11.0,H,1.3,True,30.000000000000004
2016-04-24,2015,D,A,0.18373946254217058,0.23584658334982986,0.5804139541079995,4.5,4.0,1.8,A,1.8,False,-100.0
2016-04-24,2015,H,H,0.5583437303655084,0.24622346329913572,0.19543280633535579,1.75,3.7,5.5,H,1.75,True,75.0
2016-04-25,2015,D,H,0.7184246486254002,0.17673557059686176,0.10483978077773799,1.22,7.0,15.0,H,1.22,False,-100.0
2016-04-30,2015,A,A,0.2656425186168369,0.2297725670335772,0.5045849143495859,4.0,3.4,2.1,A,2.1,True,110.00000000000001
2016-04-30,2015,H,H,0.4758493673921917,0.24910850249561647,0.27504213011219186,1.7,3.8,5.75,H,1.7,True,70.0
2016-04-30,2015,D,H,0.476991947844511,0.24025178837943106,0.282756263776058,2.75,3.3,2.8,H,2.75,False,-100.0
2016-04-30,2015,H,H,0.4822217693378093,0.36294667115594886,0.1548315595062418,2.0,3.8,3.8,H,2.0,True,100.0
2016-04-30,2015,H,H,0.5882666959254809,0.25295673725698126,0.1587765668175377,1.29,6.5,11.0,H,1.29,True,29.000000000000004
2016-04-30,2015,H,H,0.3832110379274906,0.3410205505034325,0.2757684115690769,2.0,3.6,4.0,H,2.0,True,100.0
2016-05-01,2015,H,H,0.3505647911560315,0.3308163207644143,0.31861888807955413,3.1,3.5,2.4,H,3.1,True,210.0
2016-05-01,2015,D,H,0.48467582585107355,0.2443705505143292,0.27095362363459724,2.1,3.4,3.9,H,2.1,False,-100.0
2016-05-01,2015,H,A,0.3339938615038862,0.2905796368915689,0.3754265016045449,2.8,3.4,2.7,A,2.7,False,-100.0
2016-05-02,2015,D,H,0.3599614565553482,0.304906928372557,0.3351316150720947,2.75,3.6,2.63,H,2.75,False,-100.0
2016-05-07,2015,H,A,0.279777749516992,0.3097050779528571,0.41051717253015085,3.0,3.5,2.45,A,2.45,False,-100.0
2016-05-07,2015,A,H,0.5735406956820186,0.2104443635773039,0.21601494074067748,1.44,4.75,8.0,H,1.44,False,-100.0
2016-05-07,2015,D,D,0.3065811172567742,0.35749381362571814,0.3359250691175077,5.75,4.2,1.65,D,4.2,True,320.0
2016-05-07,2015,D,H,0.48715417336683137,0.286621923529598,0.22622390310357066,1.95,3.6,4.2,H,1.95,False,-100.0
2016-05-07,2015,H,H,0.49794537882993123,0.26009353276505637,0.24196108840501238,2.05,3.5,3.9,H,2.05,True,104.99999999999999
2016-05-07,2015,H,H,0.5604017118834683,0.21681285169649325,0.22278543642003845,1.91,4.0,4.0,H,1.91,True,90.99999999999999
2016-05-07,2015,A,A,0.2101100106013427,0.28109532051055247,0.5087946688881048,4.5,3.6,1.91,A,1.91,True,90.99999999999999
2016-05-08,2015,A,H,0.5925994685095198,0.2285506013925894,0.17884993009789082,2.05,3.6,3.9,H,2.05,False,-100.0
2016-05-08,2015,D,H,0.41988195776467857,0.2988896178223968,0.28122842441292467,2.5,3.6,2.9,H,2.5,False,-100.0
2016-05-08,2015,H,H,0.5966435952314936,0.17765289748040292,0.22570350728810348,1.5,4.5,7.5,H,1.5,True,50.0
2016-05-10,2015,H,H,0.377835725927358,0.33561091344824395,0.286553360624398,3.0,3.5,2.45,H,3.0,True,200.0
2016-05-11,2015,H,H,0.4934334780077918,0.2524259816106465,0.2541405403815617,1.83,3.75,4.75,H,1.83,True,83.0
2016-05-11,2015,H,H,0.5022067229485251,0.24157203863146096,0.256221238420014,1.75,4.0,5.0,H,1.75,True,75.0
2016-05-11,2015,D,H,0.5742108055608234,0.21996934485324737,0.20581984958592917,2.0,3.8,3.8,H,2.0,False,-100.0
2016-05-15,2015,D,H,0.4043790793552446,0.2772884915967814,0.3183324290479741,2.05,3.75,3.7,H,2.05,False,-100.0
2016-05-15,2015,D,A,0.19426979213761145,0.22592930493417426,0.5798009029282144,6.0,4.75,1.53,A,1.53,False,-100.0
2016-05-15,2015,D,H,0.394584825817589,0.25107174223824386,0.3543434319441671,2.4,3.6,3.0,H,2.4,False,-100.0
2016-05-15,2015,H,H,0.4546565010389802,0.2500495844617472,0.2952939144992726,3.5,3.6,2.15,H,3.5,True,250.0
2016-05-15,2015,H,H,0.4491869268901345,0.26451087492999203,0.2863021981798735,1.8,4.0,4.5,H,1.8,True,80.0
2016-05-15,2015,H,A,0.28229863715451503,0.27372553654695037,0.44397582629853466,4.5,4.0,1.8,A,1.8,False,-100.0
2016-05-15,2015,H,H,0.7303770481829438,0.17273789630916947,0.09688505550788669,1.36,5.5,9.0,H,1.36,True,36.00000000000001
2016-05-15,2015,D,H,0.3690312581824375,0.26257713422677714,0.36839160759078543,2.3,3.75,3.1,H,2.3,False,-100.0
2016-05-15,2015,H,H,0.7820065279958349,0.17427113952872977,0.04372233247543539,1.17,9.0,17.0,H,1.17,True,16.999999999999993
2016-05-17,2015,H,H,0.5595867810205329,0.18239434238526295,0.2580188765942042,1.67,4.2,5.25,H,1.67,True,67.0
2016-08-13,2016,D,H,0.5453349372583497,0.2682271451835803,0.18643791755807004,1.8,3.75,5.0,H,1.8,False,-100.0
2016-08-13,2016,D,H,0.46172072745719506,0.26019074464947894,0.2780885278933261,2.38,3.2,3.4,H,2.38,False,-100.0
2016-08-13,2016,H,A,0.18991371863584824,0.31622815410323096,0.49385812726092077,4.5,3.6,1.91,A,1.91,False,-100.0
2016-08-13,2016,H,H,0.689797374643959,0.21119716862905266,0.09900545672698831,1.25,6.5,15.0,H,1.25,True,25.0
2016-08-13,2016,A,H,0.4975729989417063,0.24301994392215734,0.2594070571361364,2.0,3.3,4.5,H,2.0,False,-100.0
2016-08-13,2016,A,H,0.4118562291875145,0.24734664130947048,0.34079712950301494,2.4,3.3,3.25,H,2.4,False,-100.0
2016-08-13,2016,D,A,0.2075644321588638,0.24528644553561052,0.5471491223055257,3.2,3.4,2.4,A,2.4,False,-100.0
2016-08-14,2016,A,H,0.49670966422058394,0.24447079632107735,0.2588195394583388,2.4,3.5,3.1,H,2.4,False,-100.0
2016-08-14,2016,A,A,0.2992226955003265,0.2693116170919148,0.43146568740775876,4.75,3.6,1.85,A,1.85,True,85.00000000000001
2016-08-15,2016,H,H,0.481454430713063,0.2329223677290707,0.2856232015578663,1.65,4.0,6.0,H,1.65,True,64.99999999999999
2016-08-19,2016,H,H,0.535369198877545,0.2144774513215444,0.2501533498009106,1.53,4.2,7.5,H,1.53,True,53.0
2016-08-20,2016,H,A,0.2347412539115823,0.26348820380441124,0.5017705422840065,6.5,4.2,1.57,A,1.57,False,-100.0
2016-08-20,2016,A,A,0.33902378111470904,0.2581935609412084,0.4027826579440825,5.5,3.8,1.73,A,1.73,True,73.0
2016-08-20,2016,D,H,0.3707459397847808,0.30515149296882976,0.32410256724638936,2.88,3.6,2.5,H,2.88,False,-100.0
2016-08-20,2016,A,H,0.3643360572165713,0.31906998674329873,0.3165939560401299,3.0,3.25,2.6,H,3.0,False,-100.0
2016-08-20,2016,A,H,0.5298262981336035,0.2305403823533905,0.23963331951300595,1.8,3.6,5.25,H,1.8,False,-100.0
2016-08-20,2016,H,H,0.5575561526807783,0.22130325343784019,0.2211405938813815,1.45,4.75,8.0,H,1.45,True,44.99999999999999
2016-08-20,2016,A,A,0.2162878883540061,0.2728771410285227,0.5108349706174712,5.5,3.8,1.73,A,1.73,True,73.0
2016-08-21,2016,A,H,0.41358173248833996,0.2555295377947738,0.33088872971688627,2.55,3.2,3.1,H,2.55,False,-100.0
2016-08-21,2016,H,H,0.5160105300599981,0.2737162977696521,0.21027317217034977,1.95,3.75,4.0,H,1.95,True,95.0
2016-08-27,2016,A,A,0.25447022870701547,0.26613369268280956,0.47939607861017497,5.0,3.75,1.73,A,1.73,True,73.0
2016-08-27,2016,D,H,0.4470745307751067,0.2969543094642071,0.2559711597606862,2.38,3.4,3.0,H,2.38,False,-100.0
2016-08-27,2016,D,H,0.5241438213532336,0.2707765444312857,0.2050796342154808,1.57,3.6,6.5,H,1.57,False,-100.0
2016-08-27,2016,H,H,0.5174651556505344,0.25317228567268873,0.2293625586767768,1.73,3.6,5.25,H,1.73,True,73.0
2016-08-27,2016,H,H,0.49845324357252935,0.2795329590492473,0.22201379737822333,1.73,3.6,5.25,H,1.73,True,73.0
2016-08-27,2016,D,H,0.4539997695199823,0.2831074353163308,0.26289279516368685,2.3,3.2,3.3,H,2.3,False,-100.0
2016-08-27,2016,H,H,0.7542109120634969,0.17610263456450212,0.06968645337200104,1.25,5.5,15.0,H,1.25,True,25.0
2016-08-27,2016,A,A,0.3133490211099441,0.22450647278526192,0.46214450610479396,8.0,4.1,1.44,A,1.44,True,43.99999999999999
2016-08-28,2016,D,H,0.5206114883010001,0.27250357728753405,0.20688493441146572,2.6,3.1,2.9,H,2.6,False,-100.0
2016-08-28,2016,H,H,0.43861483842785676,0.2386100403238811,0.3227751212482622,1.25,6.0,11.0,H,1.25,True,25.0
2016-09-10,2016,A,H,0.4961406501537127,0.2648332724565157,0.23902607738977152,2.3,3.2,3.6,H,2.3,False,-100.0
2016-09-10,2016,A,H,0.4549914862462314,0.2567651917102634,0.28824332204350517,1.91,3.6,4.5,H,1.91,False,-100.0
2016-09-10,2016,A,A,0.17922325112603563,0.25207416235860686,0.5687025865153574,4.6,3.75,1.85,A,1.85,True,85.00000000000001
2016-09-10,2016,A,H,0.4205905489379856,0.29692148476526253,0.2824879662967519,2.38,3.25,3.4,H,2.38,False,-100.0
2016-09-10,2016,H,H,0.5423774387320913,0.23949869212865507,0.2181238691392536,1.7,4.0,5.5,H,1.7,True,70.0
2016-09-10,2016,D,H,0.44708475568709743,0.2634391132794267,0.28947613103347586,2.45,3.1,3.4,H,2.45,False,-100.0
2016-09-10,2016,H,H,0.5256593077329572,0.23815477988408204,0.23618591238296074,2.05,3.25,4.33,H,2.05,True,104.99999999999999
2016-09-10,2016,H,H,0.5066288946613197,0.24538951109260757,0.24798159424607283,1.57,4.2,6.5,H,1.57,True,57.00000000000001
2016-09-11,2016,D,A,0.23794894086111562,0.29791698191504273,0.4641340772238416,5.75,4.0,1.67,A,1.67,False,-100.0
2016-09-12,2016,A,A,0.298443249183696,0.2750362575805219,0.426520493235782,3.8,3.5,2.1,A,2.1,True,110.00000000000001
2016-09-16,2016,A,H,0.5000591725296486,0.24048218504756666,0.2594586424227847,2.25,3.5,3.4,H,2.25,False,-100.0
2016-09-17,2016,H,H,0.5882870511802997,0.25961458060144177,0.15209836821825853,1.67,3.8,6.0,H,1.67,True,67.0
2016-09-17,2016,H,H,0.5205008932639567,0.23007370716098696,0.2494253995750565,1.5,4.33,8.0,H,1.5,True,50.0
2016-09-17,2016,A,A,0.23453414263074268,0.28969308625983,0.47577277110942734,6.0,4.2,1.6,A,1.6,True,60.00000000000001
2016-09-17,2016,H,H,0.4926343185520214,0.2564111362024135,0.2509545452455651,2.8,3.2,2.8,H,2.8,True,179.99999999999997
2016-09-17,2016,H,H,0.6427174249283714,0.20890251795515988,0.14838005711646876,1.29,6.0,12.0,H,1.29,True,29.000000000000004
2016-09-18,2016,H,H,0.48085825999644854,0.25703143803768286,0.26211030196586854,2.0,3.5,4.2,H,2.0,True,100.0
2016-09-18,2016,H,H,0.5085125297713846,0.2422060449832263,0.24928142524538907,1.7,3.8,5.75,H,1.7,True,70.0
2016-09-18,2016,H,H,0.6683065753866487,0.2033813060999894,0.12831211851336202,1.33,5.5,11.0,H,1.33,True,33.00000000000001
2016-09-18,2016,H,A,0.1769516929840389,0.2461677806159921,0.576880526399969,6.0,4.2,1.62,A,1.62,False,-100.0
2016-09-24,2016,D,H,0.4070855553707741,0.2607845454668744,0.3321298991623515,2.38,3.3,3.3,H,2.38,False,-100.0
2016-09-24,2016,A,A,0.1340077203098347,0.22993584818949864,0.6360564315006667,9.0,5.5,1.36,A,1.36,True,36.00000000000001
2016-09-24,2016,A,H,0.4674658339356266,0.26019888264760765,0.27233528341676566,2.88,3.25,2.7,H,2.88,False,-100.0
2016-09-24,2016,A,A,0.31431113497433155,0.29535810068826124,0.39033076433740715,3.75,3.5,2.1,A,2.1,True,110.00000000000001
2016-09-24,2016,H,H,0.5823495695836064,0.215433974015379,0.20221645640101457,1.73,3.9,5.25,H,1.73,True,73.0
2016-09-24,2016,H,H,0.6913438615341843,0.21558524691212125,0.09307089155369445,1.22,7.0,15.0,H,1.22,True,21.999999999999996
2016-09-24,2016,H,A,0.32888237607760645,0.2825878857495208,0.38852973817287273,3.6,3.5,2.15,A,2.15,False,-100.0
2016-09-24,2016,H,H,0.4231388057774113,0.3414973730748479,0.2353638211477408,2.4,3.5,3.1,H,2.4,True,140.0
2016-09-25,2016,A,H,0.441621718753797,0.261996883183864,0.29638139806233893,2.8,3.3,2.75,H,2.8,False,-100.0
2016-09-26,2016,H,A,0.2996653162674327,0.2748386598056567,0.42549602392691055,2.9,3.2,2.7,A,2.7,False,-100.0
2016-09-30,2016,D,H,0.5519607390700028,0.24439815630689798,0.20364110462309926,1.73,4.0,5.0,H,1.73,False,-100.0
2016-10-01,2016,D,H,0.39746493980783953,0.29829077098335927,0.30424428920880126,2.25,3.4,3.5,H,2.25,False,-100.0
2016-10-01,2016,D,A,0.33694631465507224,0.27223530009597724,0.39081838524895046,2.38,3.3,3.3,A,3.3,False,-100.0
2016-10-01,2016,A,A,0.1838095743692065,0.30079016170845735,0.5154002639223362,8.0,4.75,1.45,A,1.45,True,44.99999999999999
2016-10-01,2016,D,H,0.3996213114124931,0.2547136338968124,0.34566505469069453,2.5,3.25,3.2,H,2.5,False,-100.0
2016-10-01,2016,A,A,0.17003142893953038,0.19858495283981795,0.6313836182206516,7.5,4.5,1.5,A,1.5,True,50.0
2016-10-02,2016,A,A,0.10296897828455431,0.25244271909294846,0.6445883026224972,9.0,5.0,1.4,A,1.4,True,39.99999999999999
2016-10-02,2016,D,A,0.35571698026814125,0.25908011459552616,0.3852029051363326,2.25,3.4,3.5,A,3.5,False,-100.0
2016-10-02,2016,D,H,0.5721446229154142,0.2152587458923283,0.2125966311922575,1.33,5.75,10.0,H,1.33,False,-100.0
2016-10-02,2016,H,H,0.40828210140841437,0.29938024533997704,0.2923376532516086,3.0,3.5,2.5,H,3.0,True,200.0
2016-10-15,2016,H,H,0.7496516574369285,0.17682499268828059,0.07352334987479092,1.29,6.5,11.0,H,1.29,True,29.000000000000004
2016-10-15,2016,H,H,0.5152152687943076,0.25613074683304765,0.22865398437264473,1.85,3.5,5.0,H,1.85,True,85.00000000000001
2016-10-15,2016,H,H,0.5762543580339842,0.22590696476472846,0.19783867720128737,1.57,4.5,6.0,H,1.57,True,57.00000000000001
2016-10-15,2016,D,A,0.31252117742617264,0.30485447052951753,0.38262435204430983,5.5,3.8,1.73,A,1.73,False,-100.0
2016-10-15,2016,D,H,0.5913770117226845,0.21432498616056309,0.1942980021167525,1.5,4.75,7.0,H,1.5,False,-100.0
2016-10-15,2016,H,H,0.5400651468526078,0.2566289605443413,0.20330589260305088,2.0,3.6,4.0,H,2.0,True,100.0
2016-10-15,2016,A,H,0.48151209174116955,0.2554494819000201,0.2630384263588104,2.15,3.5,3.6,H,2.15,False,-100.0
2016-10-16,2016,A,A,0.3034442905327257,0.3296585026895812,0.36689720677769316,2.25,3.3,3.6,A,3.6,True,260.0
2016-10-16,2016,H,H,0.5205008976368743,0.23007369515120682,0.24942540721191886,1.4,4.8,9.5,H,1.4,True,39.99999999999999
2016-10-17,2016,D,H,0.5420296173269472,0.25465972535528636,0.2033106573177664,2.2,3.5,3.5,H,2.2,False,-100.0
2016-10-22,2016,A,H,0.40543044574289105,0.26180306413988574,0.3327664901172232,3.1,3.3,2.5,H,3.1,False,-100.0
2016-10-22,2016,D,H,0.7463294879506929,0.20008835741027323,0.05358215463903393,1.25,6.5,15.0,H,1.25,False,-100.0
2016-10-22,2016,D,A,0.31420104805416044,0.23958788732772027,0.4462110646181192,4.2,3.6,1.95,A,1.95,False,-100.0
2016-10-22,2016,H,A,0.16732261260216574,0.20945075887527562,0.6232266285225586,6.0,3.8,1.67,A,1.67,False,-100.0
2016-10-22,2016,H,H,0.637667483295602,0.21673178479333097,0.14560073191106707,1.67,4.0,5.75,H,1.67,True,67.0
2016-10-22,2016,H,H,0.3795471807638835,0.24584685775304918,0.3746059614830673,2.05,3.5,3.9,H,2.05,True,104.99999999999999
2016-10-22,2016,H,H,0.6559856261021136,0.22179036995058019,0.12222400394730616,1.29,6.0,13.0,H,1.29,True,29.000000000000004
2016-10-22,2016,D,H,0.4277403337877304,0.2736101969084126,0.29864946930385694,2.38,3.3,3.3,H,2.38,False,-100.0
2016-10-23,2016,H,H,0.5279198006230651,0.24815502793664676,0.22392517144028826,2.15,3.4,3.8,H,2.15,True,114.99999999999999
2016-10-23,2016,D,H,0.5242688319745311,0.254746723383174,0.22098444464229494,1.5,4.5,7.5,H,1.5,False,-100.0
2016-10-29,2016,A,A,0.2089594095157448,0.26293374327047386,0.5281068472137814,9.0,5.0,1.4,A,1.4,True,39.99999999999999
2016-10-29,2016,A,H,0.4198529449219808,0.26135981453526314,0.31878724054275603,5.25,4.0,1.7,H,5.25,False,-100.0
2016-10-29,2016,D,H,0.6667634159842256,0.21925052051677943,0.11398606349899504,1.2,7.0,19.0,H,1.2,False,-100.0
2016-10-29,2016,H,H,0.45994820724556806,0.2529413408514051,0.2871104519030268,2.5,3.2,3.2,H,2.5,True,150.0
2016-10-29,2016,D,H,0.572338368774607,0.2253429241814232,0.20231870704396973,1.62,4.2,6.0,H,1.62,False,-100.0
2016-10-29,2016,H,H,0.5932336338837728,0.2267511810782026,0.1800151850380245,1.75,3.75,5.25,H,1.75,True,75.0
2016-10-29,2016,A,A,0.17410304869590884,0.22888428777772804,0.5970126635263631,8.0,4.75,1.44,A,1.44,True,43.99999999999999
2016-10-30,2016,H,H,0.5114467588326738,0.23040416144364964,0.2581490797236765,1.8,3.8,4.75,H,1.8,True,80.0
2016-10-30,2016,A,H,0.389871068393193,0.30441458312155373,0.3057143484852532,3.2,3.4,2.4,H,3.2,False,-100.0
2016-10-31,2016,H,H,0.47456185496015735,0.251034337676042,0.27440380736380066,2.05,3.6,3.8,H,2.05,True,104.99999999999999
2016-11-05,2016,H,A,0.17058583940301478,0.1933885863782557,0.6360255742187295,3.3,3.3,2.38,A,2.38,False,-100.0
2016-11-05,2016,D,H,0.7697573166389495,0.17478223035561746,0.055460453005433064,1.22,7.0,15.0,H,1.22,False,-100.0
2016-11-05,2016,A,H,0.5553592460515021,0.2887637846495961,0.15587696929890174,1.65,4.2,5.5,H,1.65,False,-100.0
2016-11-05,2016,D,H,0.5021643321643654,0.26818720229239174,0.2296484655432429,2.0,3.6,4.0,H,2.0,False,-100.0
2016-11-05,2016,H,H,0.5258791165578546,0.21211256711673665,0.2620083163254089,1.53,4.33,7.0,H,1.53,True,53.0
2016-11-06,2016,D,H,0.382195468855201,0.2782143502341588,0.33959018091064025,1.95,3.6,4.2,H,1.95,False,-100.0
2016-11-06,2016,H,A,0.28427582349899433,0.2560528842770376,0.459671292223968,5.75,3.8,1.7,A,1.7,False,-100.0
2016-11-06,2016,A,A,0.320927808782525,0.22104468078198589,0.4580275104354891,1.8,3.6,5.25,A,5.25,True,425.0
2016-11-06,2016,H,H,0.6584094575104152,0.19227280807392833,0.14931773441565643,1.29,6.0,12.0,H,1.29,True,29.000000000000004
2016-11-06,2016,A,A,0.22511138156535526,0.2520008702368812,0.5228877481977635,5.0,4.0,1.73,A,1.73,True,73.0
2016-11-19,2016,D,H,0.4974547672783929,0.2639360160574576,0.23860921666414958,1.6,4.33,6.0,H,1.6,False,-100.0
2016-11-19,2016,D,H,0.43577673095943953,0.2428151388129455,0.321408130227615,3.4,3.6,2.2,H,3.4,False,-100.0
2016-11-19,2016,A,A,0.22149296815909114,0.2068920974476506,0.5716149343932583,6.5,4.5,1.53,A,1.53,True,53.0
2016-11-19,2016,D,H,0.4900452546265803,0.24002314061962196,0.26993160475379785,2.6,3.4,2.9,H,2.6,False,-100.0
2016-11-19,2016,H,A,0.32369304523559167,0.2876251817619346,0.3886817730024737,2.8,3.3,2.75,A,2.75,False,-100.0
2016-11-19,2016,A,H,0.4261672999709507,0.2587701822439374,0.3150625177851119,2.3,3.4,3.4,H,2.3,False,-100.0
2016-11-19,2016,H,H,0.44475719351439996,0.254988387323487,0.30025441916211304,2.15,3.4,3.8,H,2.15,True,114.99999999999999
2016-11-19,2016,H,H,0.6793404501007806,0.1664413323726036,0.15421821752661571,1.5,4.5,7.5,H,1.5,True,50.0
2016-11-20,2016,A,A,0.16241421114495147,0.26119142394080713,0.5763943649142415,7.0,4.0,1.57,A,1.57,True,57.00000000000001
2016-11-21,2016,H,H,0.5192173148325979,0.22506460847197637,0.25571807669542573,1.95,3.4,4.5,H,1.95,True,95.0
2016-11-26,2016,H,H,0.42728331971126865,0.24760223003934353,0.3251144502493878,2.63,3.4,2.88,H,2.63,True,163.0
2016-11-26,2016,H,H,0.7615220753120496,0.2072762972191029,0.0312016274688474,1.17,8.5,19.0,H,1.17,True,16.999999999999993
2016-11-26,2016,D,A,0.26355646100431734,0.24035212446848572,0.496091414527197,1.91,3.6,4.5,A,4.5,False,-100.0
2016-11-26,2016,H,H,0.44314187097411845,0.2987714299049161,0.25808669912096543,1.75,3.8,5.25,H,1.75,True,75.0
2016-11-26,2016,A,A,0.15776815045027553,0.21798380063353726,0.6242480489161872,9.0,6.0,1.33,A,1.33,True,33.00000000000001
2016-11-26,2016,D,A,0.31811212811560335,0.2613938835792832,0.4204939883051135,3.1,3.2,2.6,A,2.6,False,-100.0
2016-11-27,2016,H,H,0.46465879076175104,0.2751900258507391,0.2601511833875099,2.2,3.4,3.6,H,2.2,True,120.00000000000001
2016-11-27,2016,H,H,0.5043383037621395,0.2501847554765962,0.24547694076126425,1.4,5.0,9.0,H,1.4,True,39.99999999999999
2016-11-27,2016,D,H,0.5744315908012884,0.23081861977203114,0.19474978942668053,1.45,4.75,8.0,H,1.45,False,-100.0
2016-11-27,2016,A,H,0.40336358060468647,0.2823712355762644,0.31426518381904905,2.4,3.3,3.3,H,2.4,False,-100.0
2016-12-03,2016,H,A,0.30916047084763715,0.24673677867293162,0.4441027504794312,3.5,3.3,2.3,A,2.3,False,-100.0
2016-12-03,2016,H,H,0.5671833194814591,0.21972379742753656,0.21309288309100438,1.62,4.0,6.5,H,1.62,True,62.000000000000014
2016-12-03,2016,A,H,0.576106556554304,0.22498717394545162,0.1989062695002444,2.15,3.6,3.6,H,2.15,False,-100.0
2016-12-03,2016,H,H,0.48218088619613053,0.257749786197059,0.26006932760681045,1.36,5.5,9.0,H,1.36,True,36.00000000000001
2016-12-03,2016,H,A,0.28439096501107386,0.2856804492931743,0.4299285856957518,3.4,3.4,2.3,A,2.3,False,-100.0
2016-12-03,2016,A,A,0.2691827486151938,0.25766467174104085,0.4731525796437654,4.75,4.2,1.75,A,1.75,True,75.0
2016-12-03,2016,H,H,0.5046871891683459,0.254813278742558,0.24049953208909614,2.2,3.3,3.75,H,2.2,True,120.00000000000001
2016-12-04,2016,H,A,0.21100566239626298,0.2990332067665846,0.48996113083715237,5.0,4.0,1.75,A,1.75,False,-100.0
2016-12-04,2016,D,A,0.32393514097249226,0.31081010215024346,0.36525475687726416,3.6,3.5,2.15,A,2.15,False,-100.0
2016-12-05,2016,H,H,0.4822348602078552,0.27205201378608357,0.2457131260060612,1.83,3.5,5.25,H,1.83,True,83.0
2016-12-10,2016,H,A,0.2916272607223297,0.334492504116088,0.37388023516158236,3.1,3.4,2.45,A,2.45,False,-100.0
2016-12-10,2016,H,H,0.5480733455627128,0.19386714130468352,0.2580595131326036,1.35,5.5,9.5,H,1.35,True,35.00000000000001
2016-12-10,2016,H,A,0.2251857785506651,0.27776175674281683,0.49705246470651804,3.5,3.5,2.2,A,2.2,False,-100.0
2016-12-10,2016,D,A,0.3061802686109227,0.24432192531040062,0.44949780607867673,3.5,3.3,2.3,A,2.3,False,-100.0
2016-12-10,2016,H,A,0.26150370814676643,0.23443536430149517,0.5040609275517384,5.25,4.0,1.7,A,1.7,False,-100.0
2016-12-10,2016,H,H,0.394167366860868,0.3145769077984237,0.29125572534070837,2.15,3.5,3.6,H,2.15,True,114.99999999999999
2016-12-11,2016,D,H,0.6126075133048938,0.19645856698289474,0.19093391971221138,1.3,6.0,11.0,H,1.3,False,-100.0
2016-12-11,2016,H,H,0.5543560219791582,0.2250273231577392,0.22061665486310247,1.25,6.25,15.0,H,1.25,True,25.0
2016-12-11,2016,H,H,0.47694876510093875,0.2690519360036723,0.2539992988953889,2.2,3.4,3.6,H,2.2,True,120.00000000000001
2016-12-11,2016,H,H,0.594881546123098,0.22330387251854034,0.18181458135836168,1.7,3.7,6.0,H,1.7,True,70.0
2016-12-13,2016,H,H,0.42843008044164405,0.29527264198379716,0.27629727757455885,2.4,3.4,3.2,H,2.4,True,140.0
2016-12-13,2016,H,A,0.3116609729382618,0.29290174183541834,0.3954372852263199,4.2,3.75,1.91,A,1.91,False,-100.0
2016-12-14,2016,A,A,0.18869135033331066,0.3135999276713301,0.49770872199535915,5.25,4.0,1.7,A,1.7,True,70.0
2016-12-14,2016,H,H,0.5914725085147501,0.21268412762122132,0.1958433638640286,1.29,6.5,11.0,H,1.29,True,29.000000000000004
2016-12-14,2016,A,A,0.27464140973820683,0.230602074548268,0.4947565157135252,6.0,4.33,1.6,A,1.6,True,60.00000000000001
2016-12-14,2016,D,H,0.40114608368077737,0.28867750668656766,0.31017640963265497,3.1,3.3,2.5,H,3.1,False,-100.0
2016-12-14,2016,A,A,0.1766589529441888,0.24489686294303392,0.5784441841127773,10.0,5.75,1.33,A,1.33,True,33.00000000000001
2016-12-14,2016,H,H,0.608924905519466,0.24709835023781776,0.14397674424271634,1.22,7.0,15.0,H,1.22,True,21.999999999999996
2016-12-14,2016,H,H,0.4075281850962726,0.23839116931901091,0.3540806455847165,2.05,3.5,4.0,H,2.05,True,104.99999999999999
2016-12-14,2016,H,H,0.6074677946594097,0.2283179910183609,0.16421421432222952,1.67,4.0,5.75,H,1.67,True,67.0
2016-12-17,2016,H,H,0.5152813374440033,0.23618691693571084,0.24853174562028588,2.1,3.4,4.0,H,2.1,True,110.00000000000001
2016-12-17,2016,D,H,0.3757837917787225,0.2958942284767425,0.3283219797445349,2.6,3.4,2.9,H,2.6,False,-100.0
2016-12-17,2016,A,A,0.18240723334042416,0.26684729141477825,0.5507454752447974,6.5,4.2,1.57,A,1.57,True,57.00000000000001
2016-12-17,2016,H,H,0.5438679190245203,0.2526961398745962,0.20343594110088356,1.62,4.1,6.0,H,1.62,True,62.000000000000014
2016-12-17,2016,A,A,0.32369899603634034,0.32490383170101117,0.3513971722626485,5.75,3.8,1.7,A,1.7,True,70.0
2016-12-17,2016,H,A,0.3599132924440194,0.2685802499587151,0.3715064575972655,2.63,3.3,2.9,A,2.9,False,-100.0
2016-12-18,2016,A,A,0.3377877716858568,0.2537715174682627,0.4084407108458805,3.0,3.3,2.6,A,2.6,True,160.0
2016-12-18,2016,H,H,0.4766397411866114,0.2501361463690545,0.27322411244433414,2.15,3.6,3.5,H,2.15,True,114.99999999999999
2016-12-18,2016,H,H,0.6232728043572631,0.2692771806101067,0.10745001503263023,1.22,7.0,15.0,H,1.22,True,21.999999999999996
2016-12-19,2016,A,A,0.3424726038232934,0.25150731460443465,0.40602008157227204,4.2,3.6,1.95,A,1.95,True,95.0
2016-12-26,2016,A,A,0.09396988741321145,0.2018844797615361,0.7041456328252526,10.0,5.5,1.3,A,1.3,True,30.000000000000004
2016-12-26,2016,H,H,0.5624748367030484,0.2418943259276963,0.19563083736925535,1.33,5.5,8.5,H,1.33,True,33.00000000000001
2016-12-26,2016,H,A,0.30807929968189024,0.2773585949465302,0.41456210537157956,2.9,3.1,2.6,A,2.6,False,-100.0
2016-12-26,2016,H,H,0.6558131414747156,0.18213713057215133,0.16204972795313308,1.36,5.0,8.5,H,1.36,True,36.00000000000001
2016-12-26,2016,D,H,0.41143292520565566,0.262422366596116,0.32614470819822833,2.5,3.3,2.9,H,2.5,False,-100.0
2016-12-26,2016,H,H,0.7442901333627603,0.1737024742022365,0.0820073924350032,1.22,6.5,13.0,H,1.22,True,21.999999999999996
2016-12-26,2016,A,H,0.4277764550863152,0.2603137399491294,0.3119098049645555,2.63,3.2,2.8,H,2.63,False,-100.0
2016-12-26,2016,A,H,0.481335799226749,0.23107977422775297,0.287584426545498,2.5,3.3,2.9,H,2.5,False,-100.0
2016-12-27,2016,H,H,0.609092708871541,0.24886717488764573,0.14204011624081325,1.3,5.5,10.0,H,1.3,True,30.000000000000004
2016-12-28,2016,A,H,0.41715585630684293,0.2531642388776234,0.3296799048155336,2.8,3.25,2.6,H,2.8,False,-100.0
2016-12-30,2016,D,A,0.2707303070307662,0.2499008942900579,0.47936879867917587,4.33,3.5,1.95,A,1.95,False,-100.0
2016-12-31,2016,H,H,0.42214294005935127,0.25283226765649475,0.3250247922841539,2.4,3.25,3.3,H,2.4,True,140.0
2016-12-31,2016,H,H,0.45582576790658536,0.27675116586440995,0.2674230662290047,2.35,3.6,3.1,H,2.35,True,135.0
2016-12-31,2016,H,H,0.5839957468769534,0.2318227447848686,0.18418150833817803,1.25,6.5,14.0,H,1.25,True,25.0
2016-12-31,2016,H,H,0.5041780023351536,0.24838456662909625,0.2474374310357501,2.1,3.6,3.7,H,2.1,True,110.00000000000001
2016-12-31,2016,H,H,0.6667363906809539,0.2283196027709932,0.10494400654805285,1.25,6.0,16.0,H,1.25,True,25.0
2016-12-31,2016,A,H,0.4991470903886898,0.2586917650958595,0.2421611445154507,1.75,3.7,5.5,H,1.75,False,-100.0
2016-12-31,2016,A,H,0.37239998901333543,0.26826454909616787,0.3593354618904967,2.9,3.4,2.6,H,2.9,False,-100.0
2017-01-01,2016,H,H,0.6069536039023334,0.22829583011557875,0.1647505659820878,1.29,5.5,9.5,H,1.29,True,29.000000000000004
2017-01-01,2016,A,A,0.21254857647490186,0.21743576438677378,0.5700156591383244,5.5,3.75,1.62,A,1.62,True,62.000000000000014
2017-01-02,2016,D,H,0.4409081639576953,0.2727346678354637,0.286357168206841,2.75,3.2,2.88,H,2.75,False,-100.0
2017-01-02,2016,H,H,0.7229070870408963,0.19249546916591095,0.08459744379319274,1.17,8.5,19.0,H,1.17,True,16.999999999999993
2017-01-02,2016,H,H,0.44760662850792715,0.24033861791202615,0.3120547535800467,2.2,3.4,3.6,H,2.2,True,120.00000000000001
2017-01-02,2016,D,A,0.16522838614628046,0.23946126930982944,0.5953103445438901,11.0,5.5,1.33,A,1.33,False,-100.0
2017-01-02,2016,H,H,0.4089518165724508,0.280027946787666,0.31102023663988326,1.75,3.7,5.5,H,1.75,True,75.0
2017-01-02,2016,A,A,0.36710430010127354,0.23762230249553673,0.3952733974031897,6.0,4.0,1.65,A,1.65,True,64.99999999999999
2017-01-03,2016,D,A,0.32174110699778113,0.2886709740814832,0.3895879189207358,4.33,3.4,1.85,A,1.85,False,-100.0
2017-01-03,2016,A,H,0.509136340863057,0.2520941115721056,0.23876954756483745,1.75,3.5,4.75,H,1.75,False,-100.0
2017-01-03,2016,H,H,0.4632509938320628,0.26045408955081656,0.27629491661712063,1.8,3.5,4.5,H,1.8,True,80.0
2017-01-04,2016,H,D,0.3820529114685444,0.395183613271973,0.22276347525948256,2.63,3.25,2.63,D,3.25,False,-100.0
2017-01-14,2016,H,A,0.33783808601398607,0.263994054428116,0.39816785955789785,3.3,3.5,2.3,A,2.3,False,-100.0
2017-01-14,2016,A,A,0.2976399615414373,0.2667285125132896,0.43563152594527316,3.1,3.3,2.5,A,2.5,True,150.0
2017-01-14,2016,H,A,0.27439715369632833,0.25319592220255394,0.47240692410111773,3.6,3.4,2.2,A,2.2,False,-100.0
2017-01-14,2016,A,A,0.2988746579827082,0.2668328346339874,0.43429250738330444,6.0,4.1,1.62,A,1.62,True,62.000000000000014
2017-01-14,2016,A,A,0.18279528229134878,0.28808794049972986,0.5291167772089214,7.0,4.75,1.5,A,1.5,True,50.0
2017-01-14,2016,H,H,0.6913599805421793,0.2099715926882919,0.0986684267695288,1.33,5.5,11.0,H,1.33,True,33.00000000000001
2017-01-14,2016,D,A,0.34373159470212306,0.2923605553078168,0.36390784999006015,2.5,3.2,3.2,A,3.2,False,-100.0
2017-01-14,2016,H,H,0.6064011590251069,0.2531731149884299,0.14042572598646302,2.38,3.4,3.2,H,2.38,True,138.0
2017-01-15,2016,H,A,0.21061208305437037,0.28412469755748226,0.5052632193881473,4.5,4.0,1.8,A,1.8,False,-100.0
2017-01-15,2016,D,H,0.5213448606791654,0.23815353902847958,0.24050160029235504,2.15,3.4,3.75,H,2.15,False,-100.0
2017-01-21,2016,H,H,0.4342828651085145,0.18924264523800716,0.37647448965347835,1.7,3.8,5.75,H,1.7,True,70.0
2017-01-21,2016,D,A,0.14301316077060897,0.2896623195560708,0.5673245196733202,6.0,4.2,1.6,A,1.6,False,-100.0
2017-01-21,2016,A,H,0.4039002489146924,0.25311765911243433,0.34298209197287327,2.5,3.2,3.25,H,2.5,False,-100.0
2017-01-21,2016,D,H,0.4103387851785734,0.34898381000275247,0.24067740481867406,2.15,3.5,3.6,H,2.15,False,-100.0
2017-01-21,2016,A,H,0.4737946486025937,0.23627402810596684,0.28993132329143956,3.25,3.4,2.38,H,3.25,False,-100.0
2017-01-21,2016,D,H,0.5241284403076361,0.22560727962566915,0.25026428006669477,1.83,3.75,4.75,H,1.83,False,-100.0
2017-01-21,2016,A,H,0.6384463964621152,0.23720650864766735,0.1243470948902174,1.22,7.0,15.0,H,1.22,False,-100.0
2017-01-22,2016,H,H,0.5185886014606552,0.2460378321785448,0.23537356636079995,1.83,3.5,5.25,H,1.83,True,83.0
2017-01-22,2016,H,H,0.717973320289773,0.21008881876935895,0.07193786094086801,1.2,7.5,17.0,H,1.2,True,19.999999999999996
2017-01-22,2016,H,H,0.6057304337300627,0.2654195821597102,0.12884998411022708,1.18,8.0,19.0,H,1.18,True,17.999999999999993
2017-01-31,2016,A,H,0.6904164300974548,0.2175622681961241,0.09202130170642109,1.22,7.0,15.0,H,1.22,False,-100.0
2017-01-31,2016,A,H,0.5426718883886289,0.26640971419166415,0.19091839741970693,2.05,3.5,3.9,H,2.05,False,-100.0
2017-01-31,2016,H,H,0.37941304148892074,0.2903705827058278,0.3302163758052515,2.9,3.25,2.7,H,2.9,True,190.0
2017-01-31,2016,D,D,0.30378649052143886,0.3616316703113456,0.33458183916721557,2.7,3.1,3.0,D,3.1,True,210.0
2017-01-31,2016,D,H,0.4513283925994818,0.2670383311012412,0.281633276299277,2.65,3.25,2.9,H,2.65,False,-100.0
2017-01-31,2016,D,A,0.18557848222707293,0.2894057757725938,0.5250157420003333,9.5,5.25,1.36,A,1.36,False,-100.0
2017-01-31,2016,H,A,0.26808889566491967,0.27158619400213335,0.460324910332947,3.4,3.4,2.3,A,2.3,False,-100.0
2017-02-01,2016,D,H,0.7246717961710454,0.19793233843514293,0.07739586539381167,1.2,7.5,17.0,H,1.2,False,-100.0
2017-02-01,2016,D,A,0.31619341234663323,0.3389981545081293,0.34480843314523746,2.88,3.4,2.63,A,2.63,False,-100.0
2017-02-01,2016,A,A,0.21974208118810803,0.23892459738553806,0.5413333214263539,6.0,4.5,1.57,A,1.57,True,57.00000000000001
2017-02-04,2016,H,H,0.38964993201938164,0.2687243590171476,0.34162570896347083,1.95,3.6,4.2,H,1.95,True,95.0
2017-02-04,2016,A,H,0.6209155799478675,0.2299628210370143,0.1491215990151182,1.7,3.9,5.5,H,1.7,False,-100.0
2017-02-04,2016,H,H,0.49869899297134873,0.2602957366812882,0.24100527034736308,1.7,4.0,5.25,H,1.7,True,70.0
2017-02-04,2016,H,A,0.16081124349329914,0.213059806125839,0.6261289503808619,8.0,4.75,1.45,A,1.45,False,-100.0
2017-02-04,2016,A,H,0.5892126733215394,0.250748987444594,0.16003833923386654,1.85,3.75,4.5,H,1.85,False,-100.0
2017-02-04,2016,H,H,0.727606661875151,0.1748929350450664,0.09750040307978258,1.29,6.0,13.0,H,1.29,True,29.000000000000004
2017-02-04,2016,H,H,0.38172242450809907,0.26595803050814343,0.35231954498375745,2.15,3.3,3.9,H,2.15,True,114.99999999999999
2017-02-04,2016,H,H,0.5157601598816771,0.2303118671962574,0.2539279729220654,2.3,3.25,3.5,H,2.3,True,129.99999999999997
2017-02-05,2016,A,A,0.274809629513555,0.2711550110552055,0.45403535943123946,5.75,4.0,1.65,A,1.65,True,64.99999999999999
2017-02-05,2016,H,H,0.6570348926926535,0.22730483140550958,0.1156602759018369,1.22,7.0,15.0,H,1.22,True,21.999999999999996
2017-02-11,2016,D,A,0.29740589719637084,0.22421111556686216,0.47838298723676703,3.9,3.3,2.15,A,2.15,False,-100.0
2017-02-11,2016,H,H,0.45579021850753537,0.35589639629366016,0.18831338519880444,2.3,3.4,3.4,H,2.3,True,129.99999999999997
2017-02-11,2016,H,H,0.48196404555709754,0.3497645572777058,0.1682713971651966,1.25,6.5,14.0,H,1.25,True,25.0
2017-02-11,2016,H,A,0.3494433008474271,0.26081807592133827,0.3897386232312347,2.15,3.3,3.9,A,3.9,False,-100.0
2017-02-11,2016,A,A,0.32340538334694907,0.27577200314156836,0.4008226135114825,3.9,3.4,2.1,A,2.1,True,110.00000000000001
2017-02-11,2016,D,H,0.4159465199523564,0.24369672378691268,0.340356756260731,2.25,3.3,3.6,H,2.25,False,-100.0
2017-02-11,2016,H,H,0.6234570360929174,0.23474501936945238,0.1417979445376303,1.29,6.0,13.0,H,1.29,True,29.000000000000004
2017-02-12,2016,D,A,0.30745527814917434,0.17969636561310767,0.512848356237718,9.0,5.0,1.4,A,1.4,False,-100.0
2017-02-12,2016,H,H,0.44668434830994075,0.25567917683921515,0.29763647485084416,2.4,3.3,3.25,H,2.4,True,140.0
2017-02-13,2016,A,A,0.18484727323741246,0.22813468479878138,0.5870180419638061,7.5,5.0,1.44,A,1.44,True,43.99999999999999
2017-02-25,2016,H,H,0.4476519172907795,0.22122001719770454,0.33112806551151597,2.1,3.2,4.2,H,2.1,True,110.00000000000001
2017-02-25,2016,H,A,0.24847268364578293,0.2358159300725445,0.5157113862816726,2.1,3.4,4.0,A,4.0,False,-100.0
2017-02-25,2016,H,H,0.6993714278094801,0.20835331137670968,0.09227526081381011,1.25,6.5,15.0,H,1.25,True,25.0
2017-02-25,2016,H,H,0.7020986365228187,0.18253435977692622,0.11536700370025514,1.4,5.25,8.5,H,1.4,True,39.99999999999999
2017-02-25,2016,D,H,0.421930057184859,0.2833150027330072,0.2947549400821338,2.15,3.3,3.9,H,2.15,False,-100.0
2017-02-25,2016,D,H,0.4074826407833743,0.25542102438408815,0.33709633483253754,2.63,3.3,2.9,H,2.63,False,-100.0
2017-02-26,2016,H,H,0.6113412580222998,0.19902479993333855,0.1896339420443617,1.44,5.0,7.5,H,1.44,True,43.99999999999999
2017-02-27,2016,H,A,0.1718430727939596,0.23982254501676956,0.5883343821892709,5.5,4.2,1.65,A,1.65,False,-100.0
2017-03-04,2016,A,A,0.24343044434320296,0.2931408187587774,0.4634287368980196,3.6,3.4,2.2,A,2.2,True,120.00000000000001
2017-03-04,2016,A,H,0.4371919214129621,0.26485773358488174,0.29795034500215617,2.2,3.3,3.8,H,2.2,False,-100.0
2017-03-04,2016,H,H,0.43938620040199083,0.25752696778039025,0.3030868318176188,2.0,3.5,4.2,H,2.0,True,100.0
2017-03-04,2016,D,H,0.5091626913772017,0.32302015600948836,0.16781715261330996,1.25,6.5,15.0,H,1.25,False,-100.0
2017-03-04,2016,H,H,0.5431260768679204,0.24389597909692495,0.21297794403515471,2.15,3.6,3.6,H,2.15,True,114.99999999999999
2017-03-04,2016,H,H,0.5096150844863506,0.2395331564160287,0.2508517590976206,1.85,3.6,4.75,H,1.85,True,85.00000000000001
2017-03-04,2016,H,H,0.506931897554466,0.2319838381862084,0.26108426425932557,1.95,3.4,4.5,H,1.95,True,95.0
2017-03-05,2016,A,A,0.1760402722470066,0.17597423847813318,0.6479854892748603,11.0,6.5,1.29,A,1.29,True,29.000000000000004
2017-03-05,2016,H,H,0.4670551453742677,0.25570630315981785,0.2772385514659144,1.67,4.2,5.25,H,1.67,True,67.0
2017-03-06,2016,A,A,0.3077532974028109,0.27296363261883944,0.4192830699783497,6.0,4.1,1.62,A,1.62,True,62.000000000000014
2017-03-08,2016,D,H,0.5761634432561248,0.2877135966824029,0.1361229600614724,1.25,6.5,15.0,H,1.25,False,-100.0
2017-03-11,2016,H,H,0.4006329839058562,0.26627749009037954,0.33308952600376424,2.6,3.5,2.8,H,2.6,True,160.0
2017-03-11,2016,H,H,0.5468958396038954,0.21755826648434803,0.2355458939117565,1.67,3.8,6.0,H,1.67,True,67.0
2017-03-11,2016,H,H,0.40154253479346896,0.2505237284365644,0.3479337367699667,2.55,3.3,3.0,H,2.55,True,154.99999999999997
2017-03-12,2016,H,H,0.7024519174417145,0.23722264646014748,0.06032543609813792,1.25,6.5,14.0,H,1.25,True,25.0
2017-03-18,2016,A,H,0.41827394774886667,0.2732351874301493,0.30849086482098403,2.3,3.5,3.3,H,2.3,False,-100.0
2017-03-18,2016,H,A,0.2442850146825726,0.2808666177795655,0.47484836753786186,5.25,4.0,1.73,A,1.73,False,-100.0
2017-03-18,2016,A,A,0.24904079700568185,0.28627613098325067,0.46468307201106746,6.5,4.0,1.62,A,1.62,True,62.000000000000014
2017-03-18,2016,D,H,0.45979755107632875,0.25079771300564796,0.2894047359180234,2.55,3.3,3.0,H,2.55,False,-100.0
2017-03-18,2016,H,H,0.4880931929723605,0.2419343420241257,0.2699724650035138,1.91,3.5,4.75,H,1.91,True,90.99999999999999
2017-03-18,2016,H,H,0.4545028875080817,0.24369266164863337,0.30180445084328483,2.15,3.5,3.6,H,2.15,True,114.99999999999999
2017-03-18,2016,H,H,0.5431327679568905,0.2153234757724254,0.24154375627068414,1.53,4.33,7.0,H,1.53,True,53.0
2017-03-19,2016,D,A,0.2941931742686105,0.2734171563490087,0.43238966938238077,2.0,3.75,3.8,A,3.8,False,-100.0
2017-03-19,2016,A,A,0.31662932446500386,0.20807587504106692,0.4752948004939292,6.0,3.7,1.7,A,1.7,True,70.0
2017-03-19,2016,H,H,0.45989984154924973,0.23901852048780037,0.30108163796294996,1.73,3.8,5.5,H,1.73,True,73.0
2017-04-01,2016,D,H,0.5403044439577364,0.24458193212756382,0.21511362391469988,1.36,5.0,11.0,H,1.36,False,-100.0
2017-04-01,2016,H,H,0.46118039126982885,0.28139455877862835,0.25742504995154275,1.85,3.6,4.75,H,1.85,True,85.00000000000001
2017-04-01,2016,D,H,0.5272201040928853,0.25376860598865714,0.21901128991845745,1.65,4.0,6.0,H,1.65,False,-100.0
2017-04-01,2016,H,H,0.47741635067334265,0.26358489537831037,0.258998753948347,1.73,3.9,5.25,H,1.73,True,73.0
2017-04-01,2016,H,H,0.4179995016603535,0.279927041521259,0.3020734568183875,2.05,3.5,4.0,H,2.05,True,104.99999999999999
2017-04-01,2016,H,H,0.473653647970892,0.25285091636384394,0.27349543566526396,2.45,3.4,3.1,H,2.45,True,145.00000000000003
2017-04-01,2016,A,H,0.5150033027215429,0.22338567217181363,0.26161102510664336,1.3,5.75,12.0,H,1.3,False,-100.0
2017-04-01,2016,A,A,0.26198240877844753,0.24050958363057692,0.49750800759097563,5.75,3.8,1.7,A,1.7,True,70.0
2017-04-02,2016,D,H,0.4687122769709164,0.2487258495444056,0.28256187348467804,2.0,3.4,4.33,H,2.0,False,-100.0
2017-04-02,2016,D,H,0.39830509820296767,0.23184882544732485,0.3698460763497074,3.1,3.75,2.3,H,3.1,False,-100.0
2017-04-04,2016,H,H,0.5744051806993018,0.2711057089461895,0.15448911035450866,1.45,4.5,8.5,H,1.45,True,44.99999999999999
2017-04-04,2016,D,H,0.5665079367531338,0.2268150800044457,0.20667698324242054,1.57,4.2,6.5,H,1.57,False,-100.0
2017-04-04,2016,H,H,0.4621555039260267,0.2656244228726213,0.272220073201352,2.5,3.1,3.3,H,2.5,True,150.0
2017-04-04,2016,H,H,0.4863727301784642,0.24302064773686927,0.2706066220846665,2.5,3.2,3.2,H,2.5,True,150.0
2017-04-05,2016,H,H,0.40803988131974694,0.25654270875612895,0.3354174099241241,2.05,3.3,4.2,H,2.05,True,104.99999999999999
2017-04-05,2016,H,H,0.4612076553288869,0.2792198675818095,0.2595724770893036,2.4,3.5,3.1,H,2.4,True,140.0
2017-04-05,2016,H,H,0.6075045764367529,0.2091774779144825,0.1833179456487645,1.4,5.25,8.0,H,1.4,True,39.99999999999999
2017-04-05,2016,D,H,0.6669152639454007,0.16610862044160746,0.16697611561299178,1.36,5.25,9.5,H,1.36,False,-100.0
2017-04-05,2016,H,H,0.57541834377421,0.26193845457670584,0.16264320164908425,1.83,3.7,4.75,H,1.83,True,83.0
2017-04-05,2016,A,A,0.17519457048446177,0.26890435340487173,0.5559010761106665,5.0,4.0,1.73,A,1.73,True,73.0
2017-04-08,2016,A,A,0.264536925817287,0.26600409604085673,0.46945897814185616,6.5,4.0,1.6,A,1.6,True,60.00000000000001
2017-04-08,2016,H,H,0.6711586552306632,0.240088686230609,0.08875265853872787,1.2,7.5,17.0,H,1.2,True,19.999999999999996
2017-04-08,2016,D,H,0.4507810078137678,0.24045311360153968,0.3087658785846925,2.45,3.1,3.4,H,2.45,False,-100.0
2017-04-08,2016,A,H,0.43537423167861933,0.2319088279894956,0.33271694033188504,4.0,3.75,1.95,H,4.0,False,-100.0
2017-04-08,2016,H,H,0.6355505059191099,0.23474290820794338,0.12970658587294673,1.25,6.5,15.0,H,1.25,True,25.0
2017-04-08,2016,A,H,0.36458219442436707,0.3345578823713264,0.3008599232043065,3.0,3.3,2.55,H,3.0,False,-100.0
2017-04-08,2016,H,H,0.4083615934565461,0.2785609389232857,0.31307746762016814,2.1,3.6,3.7,H,2.1,True,110.00000000000001
2017-04-09,2016,H,H,0.46700271933070914,0.3051847739448857,0.22781250672440512,1.75,3.9,5.0,H,1.75,True,75.0
2017-04-09,2016,A,A,0.31333882578410066,0.24090674850101834,0.44575442571488094,10.0,5.25,1.36,A,1.36,True,36.00000000000001
2017-04-10,2016,H,A,0.26177225059814163,0.19445307007166826,0.54377467933019,4.5,3.9,1.83,A,1.83,False,-100.0
2017-04-15,2016,H,H,0.41660981616310394,0.31536731307642,0.2680228707604761,1.95,3.3,4.0,H,1.95,True,95.0
2017-04-15,2016,D,H,0.6287587446301645,0.23680787075898055,0.134433384610855,1.73,3.6,4.75,H,1.73,False,-100.0
2017-04-15,2016,A,A,0.3163986932632302,0.2615638816207194,0.42203742511605036,4.33,4.0,1.73,A,1.73,True,73.0
2017-04-15,2016,H,H,0.6155389039952085,0.20165830169012552,0.18280279431466592,1.4,4.5,8.0,H,1.4,True,39.99999999999999
2017-04-15,2016,H,H,0.36915863894897855,0.3278548996650301,0.30298646138599133,2.4,3.3,2.9,H,2.4,True,140.0
2017-04-15,2016,H,H,0.6993985918715265,0.1794679844954583,0.12113342363301512,1.25,6.0,10.0,H,1.25,True,25.0
2017-04-15,2016,D,A,0.3095547523408395,0.2855595809037717,0.4048856667553888,3.3,3.25,2.2,A,2.2,False,-100.0
2017-04-16,2016,H,H,0.4537141528128827,0.2707861582845356,0.27549968890258164,2.55,3.2,2.8,H,2.55,True,154.99999999999997
2017-04-16,2016,A,A,0.31992294326827664,0.27211033991184247,0.40796671681988084,4.0,3.8,1.8,A,1.8,True,80.0
2017-04-17,2016,A,A,0.21787061100433677,0.2257154331871927,0.5564139558084705,7.0,4.0,1.5,A,1.5,True,50.0
2017-04-22,2016,D,A,0.3093245944705689,0.27350498474097873,0.4171704207884523,3.3,3.6,2.25,A,2.25,False,-100.0
2017-04-22,2016,H,A,0.29582352859335775,0.30305098497467414,0.40112548643196805,2.2,3.4,3.6,A,3.6,False,-100.0
2017-04-22,2016,H,H,0.4557546115823061,0.23699188815177985,0.30725350026591397,1.85,3.75,4.5,H,1.85,True,85.00000000000001
2017-04-22,2016,H,H,0.477045349488076,0.24361604807349221,0.27933860243843184,1.91,3.7,4.33,H,1.91,True,90.99999999999999
2017-04-23,2016,A,A,0.35656138575738244,0.2653855912547881,0.37805302298782945,5.75,4.0,1.67,A,1.67,True,67.0
2017-04-23,2016,A,H,0.5387816646462634,0.2222872257610384,0.23893110959269823,1.5,4.75,7.0,H,1.5,False,-100.0
2017-04-25,2016,H,H,0.5383611383154938,0.2500275378984644,0.21161132378604183,1.45,4.6,8.5,H,1.45,True,44.99999999999999
2017-04-26,2016,H,H,0.4646880980640929,0.23140355059394427,0.3039083513419628,1.6,4.5,5.75,H,1.6,True,60.00000000000001
2017-04-26,2016,A,A,0.3420233493058245,0.22173730069875405,0.4362393499954214,5.5,4.2,1.65,A,1.65,True,64.99999999999999
2017-04-26,2016,H,H,0.4120234892759318,0.24201434730575075,0.3459621634183174,2.3,3.4,3.4,H,2.3,True,129.99999999999997
2017-04-27,2016,D,H,0.5217517685360784,0.21959028466167219,0.2586579468022494,1.91,3.75,4.2,H,1.91,False,-100.0
2017-04-29,2016,A,H,0.4630014095737615,0.2582917438409344,0.2787068465853041,2.4,3.5,2.75,H,2.4,False,-100.0
2017-04-29,2016,A,A,0.3139690083764301,0.26947653790844617,0.41655445371512373,3.0,3.4,2.3,A,2.3,True,129.99999999999997
2017-04-29,2016,D,H,0.530139873438603,0.22638387869684407,0.24347624786455288,2.0,3.5,3.6,H,2.0,False,-100.0
2017-04-29,2016,D,H,0.48986615267819666,0.26175204425556836,0.24838180306623495,1.6,3.75,5.75,H,1.6,False,-100.0
2017-04-29,2016,A,H,0.5362462034198832,0.24358579793255977,0.22016799864755707,1.75,3.5,4.75,H,1.75,False,-100.0
2017-04-30,2016,D,A,0.21742133963815838,0.17659276404931723,0.6059858963125244,13.0,5.25,1.25,A,1.25,False,-100.0
2017-04-30,2016,A,H,0.37029044198148076,0.30163457304142277,0.3280749849770965,3.5,3.6,2.0,H,3.5,False,-100.0
2017-04-30,2016,D,H,0.6324560941519239,0.16847645117042162,0.19906745467765444,1.36,4.75,8.0,H,1.36,False,-100.0
2017-04-30,2016,H,H,0.6785543939135973,0.20746508451908716,0.11398052156731571,1.85,3.75,4.0,H,1.85,True,85.00000000000001
2017-05-01,2016,A,A,0.31318658819404627,0.26030415912652244,0.42650925267943135,5.75,4.5,1.5,A,1.5,True,50.0
2017-05-05,2016,H,A,0.2650168385158522,0.24792302683648026,0.48706013464766756,8.5,5.25,1.4,A,1.4,False,-100.0
2017-05-06,2016,A,H,0.6319884961186948,0.21451504445508865,0.1534964594262165,1.44,4.75,8.0,H,1.44,False,-100.0
2017-05-06,2016,D,H,0.3517786062122011,0.33369203013519133,0.3145293636526076,2.25,3.3,3.6,H,2.25,False,-100.0
2017-05-06,2016,D,A,0.3181236482858102,0.317157055753221,0.3647192959609688,2.25,3.6,3.3,A,3.3,False,-100.0
2017-05-06,2016,H,H,0.4449078542571334,0.2742694345361501,0.2808227112067166,2.8,3.5,2.63,H,2.8,True,179.99999999999997
2017-05-06,2016,H,H,0.5399007261248742,0.20765063959968474,0.2524486342754411,1.29,6.5,11.0,H,1.29,True,29.000000000000004
2017-05-06,2016,H,H,0.48611032808944693,0.28415596973061097,0.22973370217994216,1.57,4.2,6.5,H,1.57,True,57.00000000000001
2017-05-07,2016,H,H,0.5538305692267866,0.22135371892172326,0.22481571185149016,1.91,3.7,4.33,H,1.91,True,90.99999999999999
2017-05-07,2016,D,H,0.49047428557354594,0.24913189541654368,0.2603938190099104,1.62,4.2,6.0,H,1.62,False,-100.0
2017-05-08,2016,H,H,0.6968773133970267,0.19329764277206576,0.10982504383090742,1.17,9.0,19.0,H,1.17,True,16.999999999999993
2017-05-10,2016,A,A,0.21401191152569998,0.2267547668720836,0.5592333216022164,3.6,3.8,2.05,A,2.05,True,104.99999999999999
2017-05-12,2016,A,A,0.23504223186320825,0.26158645170218336,0.5033713164346084,10.0,5.25,1.36,A,1.36,True,36.00000000000001
2017-05-12,2016,H,H,0.4160122223732881,0.24547904478978477,0.3385087328369271,1.5,4.5,7.5,H,1.5,True,50.0
2017-05-13,2016,A,A,0.3390903959799852,0.27520909062591986,0.3857005133940949,4.2,3.8,1.91,A,1.91,True,90.99999999999999
2017-05-13,2016,A,A,0.30687964561484193,0.2892267367923067,0.40389361759285136,4.75,4.1,1.75,A,1.75,True,75.0
2017-05-13,2016,A,H,0.3850506640484242,0.27496803787276664,0.33998129807880906,4.0,3.6,2.0,H,4.0,False,-100.0
2017-05-13,2016,H,H,0.39725129017014105,0.2947289459079586,0.30801976392190034,1.91,3.75,4.2,H,1.91,True,90.99999999999999
2017-05-13,2016,H,H,0.7186639841125295,0.21370478814805327,0.06763122773941731,1.25,7.0,12.0,H,1.25,True,25.0
2017-05-14,2016,H,H,0.5080205949650881,0.2371015241106962,0.2548778809242156,2.1,3.6,3.75,H,2.1,True,110.00000000000001
2017-05-14,2016,H,H,0.49987872590247173,0.26286214775436395,0.2372591263431643,1.73,3.9,5.25,H,1.73,True,73.0
2017-05-14,2016,A,A,0.22677079061494923,0.3135176884115476,0.4597115209735032,5.25,4.0,1.7,A,1.7,True,70.0
2017-05-15,2016,H,H,0.5600739309242351,0.2758050630316032,0.1641210060441617,1.25,6.75,13.0,H,1.25,True,25.0
2017-05-16,2016,H,H,0.7089820169378772,0.21449865679389912,0.07651932626822361,1.09,13.0,29.0,H,1.09,True,9.000000000000007
2017-05-16,2016,H,H,0.7418063831060578,0.19810034863205386,0.06009326826188824,1.14,9.0,23.0,H,1.14,True,13.99999999999999
2017-05-17,2016,D,H,0.47317297353338716,0.2530586951829051,0.27376833128370764,2.75,3.3,2.8,H,2.75,False,-100.0
2017-05-18,2016,A,A,0.2564499078568537,0.33045256870409917,0.4130975234390471,4.5,3.8,1.85,A,1.85,True,85.00000000000001
2017-05-21,2016,A,H,0.37954718500304563,0.24584685048333457,0.37460596451361977,2.45,3.5,3.0,H,2.45,False,-100.0
2017-05-21,2016,H,H,0.5164763237534213,0.22305510344830534,0.26046857279827323,1.45,5.0,7.5,H,1.45,True,44.99999999999999
2017-05-21,2016,A,A,0.3425644892941871,0.3054621382447924,0.3519733724610205,7.0,4.75,1.5,A,1.5,True,50.0
2017-05-21,2016,D,H,0.41797570265708783,0.23354695294059047,0.3484773444023217,2.0,3.6,4.0,H,2.0,False,-100.0
2017-05-21,2016,H,H,0.7464769179508389,0.17343683998257223,0.08008624206658875,1.14,9.0,23.0,H,1.14,True,13.99999999999999
2017-05-21,2016,H,H,0.462766987524917,0.2725908035471714,0.26464220892791157,2.5,3.3,3.1,H,2.5,True,150.0
2017-05-21,2016,A,A,0.19388084772690053,0.21758979248128685,0.5885293597918126,11.0,6.0,1.3,A,1.3,True,30.000000000000004
2017-05-21,2016,A,H,0.6086959204703265,0.20156419243048615,0.18973988709918746,1.8,3.8,4.75,H,1.8,False,-100.0
2017-05-21,2016,H,H,0.46142906275786527,0.2926294393858212,0.24594149785631345,2.1,3.5,3.75,H,2.1,True,110.00000000000001
2017-05-21,2016,H,H,0.7518403152144467,0.19315125914802475,0.05500842563752855,1.14,9.0,23.0,H,1.14,True,13.99999999999999
2017-08-11,2017,H,H,0.696361797637044,0.1973219972637524,0.10631620509920363,1.53,4.5,6.5,H,1.53,True,53.0
2017-08-12,2017,A,H,0.6786328013813244,0.19494942609557434,0.1264177725231012,1.25,6.5,15.0,H,1.25,False,-100.0
2017-08-12,2017,H,A,0.3708981919305628,0.20607723542407677,0.42302457264536036,1.7,3.8,5.75,A,5.75,False,-100.0
2017-08-12,2017,D,H,0.5403493810586542,0.26465521780137236,0.1949954011399735,1.62,4.0,6.5,H,1.62,False,-100.0
2017-08-12,2017,D,A,0.2984781013465578,0.26209285552794864,0.43942904312549363,6.0,4.2,1.62,A,1.62,False,-100.0
2017-08-12,2017,H,H,0.3985286789519929,0.3104607396848456,0.2910105813631614,2.4,3.3,3.3,H,2.4,True,140.0
2017-08-13,2017,A,D,0.2790796156114639,0.4049883661935072,0.3159320181950289,5.5,4.0,1.7,D,4.0,False,-100.0
2017-08-13,2017,H,H,0.5091987472242901,0.22223721105416405,0.26856404172154585,1.3,5.75,12.0,H,1.3,True,30.000000000000004
2017-08-19,2017,A,A,0.24422485231085034,0.23313913783172344,0.5226360098574263,11.0,5.0,1.36,A,1.36,True,36.00000000000001
2017-08-19,2017,H,A,0.34299200603017715,0.28528190892271615,0.3717260850471067,4.5,3.8,1.85,A,1.85,False,-100.0
2017-08-19,2017,H,H,0.49477901700467175,0.31046220352884973,0.19475877946647846,1.36,5.25,9.5,H,1.36,True,36.00000000000001
2017-08-19,2017,H,H,0.5507304372502267,0.2335940853398779,0.21567547740989548,1.75,3.8,5.25,H,1.75,True,75.0
2017-08-19,2017,A,H,0.3882611352558522,0.24975353999877145,0.36198532474537637,2.63,3.2,3.0,H,2.63,False,-100.0
2017-08-19,2017,A,H,0.44965002693490846,0.2687212702257476,0.2816287028393438,2.0,3.6,4.0,H,2.0,False,-100.0
2017-08-19,2017,H,H,0.6575019922900028,0.22233906349079682,0.12015894421920024,1.73,3.8,5.5,H,1.73,True,73.0
2017-08-20,2017,H,H,0.5778895656058217,0.199745365086155,0.22236506930802324,2.5,3.25,3.2,H,2.5,True,150.0
2017-08-20,2017,A,H,0.5222216059881587,0.2088221850515146,0.2689562089603267,2.1,3.6,3.75,H,2.1,False,-100.0
2017-08-21,2017,D,H,0.722771588719668,0.1752853658593956,0.10194304542093642,1.33,5.75,10.0,H,1.33,False,-100.0
2017-08-26,2017,A,H,0.6047437919847376,0.18111249345054262,0.2141437145647198,1.95,3.5,4.33,H,1.95,False,-100.0
2017-08-26,2017,D,H,0.64650675099897,0.22467256331509908,0.12882068568593102,1.91,3.4,4.0,H,1.91,False,-100.0
2017-08-26,2017,H,H,0.563684614651281,0.2328247723432153,0.20349061300550375,1.33,5.5,11.0,H,1.33,True,33.00000000000001
2017-08-26,2017,H,H,0.4628333123636372,0.2729048858841751,0.2642618017521878,2.3,3.4,3.4,H,2.3,True,129.99999999999997
2017-08-26,2017,D,H,0.4126026934147699,0.20965634791919485,0.37774095866603535,3.9,3.4,2.1,H,3.9,False,-100.0
2017-08-26,2017,A,A,0.0792844665109323,0.2543710890938315,0.6663444443952362,11.0,6.0,1.3,A,1.3,True,30.000000000000004
2017-08-27,2017,H,H,0.7231501669169749,0.16972958322801732,0.1071202498550079,1.45,4.5,8.5,H,1.45,True,44.99999999999999
2017-08-27,2017,H,H,0.6541754734344314,0.20626004443897425,0.13956448212659436,2.15,3.7,3.5,H,2.15,True,114.99999999999999
2017-08-27,2017,D,H,0.6914844757701162,0.1793541870432005,0.12916133718668332,1.25,6.5,15.0,H,1.25,False,-100.0
2017-08-27,2017,D,H,0.39779341323913986,0.29373569635209673,0.30847089040876335,2.4,3.1,3.5,H,2.4,False,-100.0
2017-09-09,2017,H,H,0.4242463266448621,0.24762762797247231,0.32812604538266554,1.85,4.0,4.2,H,1.85,True,85.00000000000001
2017-09-09,2017,A,H,0.5844293155612411,0.20905431072536274,0.20651637371339612,1.65,4.0,6.0,H,1.65,False,-100.0
2017-09-09,2017,A,A,0.18348805061916426,0.26755747456822204,0.5489544748126137,4.75,3.9,1.8,A,1.8,True,80.0
2017-09-09,2017,D,A,0.33071939287661134,0.23800785436581018,0.43127275275757854,7.5,4.5,1.5,A,1.5,False,-100.0
2017-09-09,2017,H,A,0.2883153202376742,0.22556958668713833,0.48611509307518747,2.7,3.1,3.0,A,3.0,False,-100.0
2017-09-09,2017,H,H,0.7289079092336586,0.18008630943658988,0.0910057813297515,1.36,5.5,9.0,H,1.36,True,36.00000000000001
2017-09-09,2017,A,A,0.3355880264067565,0.23045649194123918,0.4339554816520043,3.8,3.5,2.1,A,2.1,True,110.00000000000001
2017-09-10,2017,A,A,0.2492313731002009,0.3186009221330614,0.43216770476673766,2.4,3.25,3.3,A,3.3,True,229.99999999999997
2017-09-10,2017,H,H,0.42023996282149123,0.28162289836426635,0.2981371388142425,2.3,3.25,3.5,H,2.3,True,129.99999999999997
2017-09-11,2017,H,A,0.3150247901770176,0.30781998274808603,0.3771552270748964,1.95,3.5,4.5,A,4.5,False,-100.0
2017-09-15,2017,H,H,0.5077486552858669,0.27782131726067966,0.2144300274534533,2.15,3.4,3.8,H,2.15,True,114.99999999999999
2017-09-16,2017,D,H,0.44445820546198594,0.28808621077781926,0.2674555837601947,2.38,3.25,3.4,H,2.38,False,-100.0
2017-09-16,2017,A,A,0.1905092054395134,0.2555138326398806,0.553976961920606,9.0,6.0,1.33,A,1.33,True,33.00000000000001
2017-09-16,2017,D,H,0.7104147857383261,0.17988975417994957,0.10969546008172422,1.22,7.0,15.0,H,1.22,False,-100.0
2017-09-16,2017,D,H,0.6534885173059504,0.24485401722872516,0.10165746546532446,1.29,6.0,13.0,H,1.29,False,-100.0
2017-09-16,2017,D,H,0.45005958277149777,0.2076508814959914,0.34228953573251086,3.5,3.4,2.25,H,3.5,False,-100.0
2017-09-16,2017,A,H,0.36101428786933565,0.2791542414139703,0.3598314707166941,3.0,3.3,2.6,H,3.0,False,-100.0
2017-09-16,2017,H,H,0.46749986420762224,0.2705128536965848,0.2619872820957929,2.38,3.25,3.4,H,2.38,True,138.0
2017-09-17,2017,D,H,0.5500808636459988,0.24068356364599977,0.20923557270800142,1.8,4.0,4.5,H,1.8,False,-100.0
2017-09-17,2017,H,H,0.6180933291189518,0.20672985095110552,0.1751768199299426,1.36,5.25,10.0,H,1.36,True,36.00000000000001
2017-09-23,2017,A,A,0.31422320926478436,0.22604787957200223,0.45972891116321346,5.5,3.8,1.73,A,1.73,True,73.0
2017-09-23,2017,D,H,0.38878142579028757,0.23124367225390452,0.37997490195580785,2.15,3.25,3.9,H,2.15,False,-100.0
2017-09-23,2017,A,A,0.2677766790356569,0.2365061694598977,0.49571715150444545,4.1,3.9,1.91,A,1.91,True,90.99999999999999
2017-09-23,2017,H,H,0.6038685694687089,0.21642340666970913,0.17970802386158202,1.65,4.0,5.75,H,1.65,True,64.99999999999999
2017-09-23,2017,A,A,0.2521192733458002,0.33764357299885733,0.41023715365534247,2.4,3.3,3.25,A,3.25,True,225.0
2017-09-23,2017,A,A,0.11228740467178015,0.19098608934834538,0.6967265059798745,6.0,4.33,1.6,A,1.6,True,60.00000000000001
2017-09-23,2017,A,A,0.32432766241897043,0.2466252813430914,0.4290470562379381,6.0,4.1,1.62,A,1.62,True,62.000000000000014
2017-09-23,2017,H,H,0.7955112421824969,0.11372921196436354,0.09075954585313954,1.14,10.0,21.0,H,1.14,True,13.99999999999999
2017-09-24,2017,H,H,0.41371859261038724,0.27088343242002916,0.3153979749695837,2.8,3.1,2.9,H,2.8,True,179.99999999999997
2017-09-25,2017,H,H,0.6196137243720372,0.22351249721058097,0.1568737784173819,1.33,5.5,11.0,H,1.33,True,33.00000000000001
2017-09-30,2017,H,H,0.6140912391286596,0.21202979108219666,0.17387896978914372,1.8,3.5,4.5,H,1.8,True,80.0
2017-09-30,2017,H,A,0.35776132093223484,0.2748548949912639,0.36738378407650124,2.88,3.2,2.45,A,2.45,False,-100.0
2017-09-30,2017,H,H,0.6898254350041576,0.18868266306252934,0.12149190193331295,1.17,7.0,15.0,H,1.17,True,16.999999999999993
2017-09-30,2017,D,A,0.3555044816138934,0.24061478537935047,0.40388073300675614,2.15,3.2,3.5,A,3.5,False,-100.0
2017-09-30,2017,A,H,0.391691332154656,0.27602594190160146,0.3322827259437425,2.75,3.3,2.5,H,2.75,False,-100.0
2017-09-30,2017,D,H,0.3908219022999382,0.26788363949256405,0.34129445820749776,2.8,3.25,2.5,H,2.8,False,-100.0
2017-09-30,2017,A,A,0.21884952597092078,0.21461115791649935,0.5665393161125799,8.5,4.75,1.36,A,1.36,True,36.00000000000001
2017-10-01,2017,D,A,0.271741929593145,0.2011012215259059,0.5271568488809492,5.0,3.8,1.67,A,1.67,False,-100.0
2017-10-01,2017,H,H,0.7249698054948833,0.17019817821089622,0.10483201629422045,1.2,6.5,13.0,H,1.2,True,19.999999999999996
2017-10-01,2017,A,H,0.5475382937458854,0.21145601071652828,0.24100569553758636,1.67,3.6,5.75,H,1.67,False,-100.0
2017-10-14,2017,H,H,0.7066850042420562,0.1713038673492097,0.12201112840873429,1.2,8.0,15.0,H,1.2,True,19.999999999999996
2017-10-14,2017,D,A,0.3405894469644179,0.2907618155334127,0.3686487375021694,2.75,3.25,2.8,A,2.8,False,-100.0
2017-10-14,2017,H,A,0.2600704532309485,0.2221789189738886,0.5177506277951629,9.0,5.0,1.4,A,1.4,False,-100.0
2017-10-14,2017,D,D,0.40403526708990173,0.4300952762380512,0.16586945667204703,2.8,3.25,2.8,D,3.25,True,225.0
2017-10-14,2017,H,H,0.7050866499024018,0.14841662561825317,0.1464967244793451,1.14,9.5,21.0,H,1.14,True,13.99999999999999
2017-10-14,2017,H,H,0.359473117155078,0.31531978253333826,0.32520710031158373,2.2,3.25,3.75,H,2.2,True,120.00000000000001
2017-10-14,2017,H,A,0.26468510749098517,0.2305610965667734,0.5047537959422415,5.25,4.33,1.65,A,1.65,False,-100.0
2017-10-15,2017,D,A,0.36997831805910747,0.230813726087201,0.3992079558536914,3.25,3.3,2.4,A,2.4,False,-100.0
2017-10-15,2017,D,H,0.486420529657595,0.2829767257138079,0.23060274462859706,1.91,3.6,4.5,H,1.91,False,-100.0
2017-10-16,2017,D,H,0.4878866162809808,0.22842175090130565,0.28369163281771353,2.05,3.4,4.2,H,2.05,False,-100.0
2017-10-20,2017,A,H,0.4392456222108257,0.21617159462107938,0.34458278316809493,1.83,3.5,5.25,H,1.83,False,-100.0
2017-10-21,2017,A,H,0.4253882578402352,0.23725613252299257,0.33735560963677225,2.14,3.5,3.6,H,2.14,False,-100.0
2017-10-21,2017,A,A,0.3075234170408383,0.3175891156472371,0.3748874673119246,2.79,3.25,2.75,A,2.75,True,175.0
2017-10-21,2017,H,H,0.5172332598368562,0.22606934804160114,0.25669739212154263,1.85,3.39,5.25,H,1.85,True,85.00000000000001
2017-10-21,2017,H,A,0.24470209381057995,0.2072850674188822,0.5480128387705379,11.0,5.0,1.36,A,1.36,False,-100.0
2017-10-21,2017,H,H,0.7185114518973377,0.16693352321713317,0.11455502488552914,1.11,12.0,26.0,H,1.11,True,11.00000000000001
2017-10-21,2017,H,H,0.6338221016789402,0.218887603359995,0.14729029496106497,1.36,5.25,10.0,H,1.36,True,36.00000000000001
2017-10-21,2017,H,H,0.4366638662285674,0.26490047545957424,0.29843565831185837,2.0,3.5,4.2,H,2.0,True,100.0
2017-10-22,2017,A,A,0.3618878917471726,0.2617368914007777,0.3763752168520497,3.79,3.6,2.04,A,2.04,True,104.0
2017-10-22,2017,H,H,0.489381891250059,0.24547825375330737,0.2651398549966336,2.25,3.5,3.39,H,2.25,True,125.0
2017-10-28,2017,H,H,0.6195901903431387,0.24825992988781556,0.13214987976904577,1.25,7.0,12.0,H,1.25,True,25.0
2017-10-28,2017,A,A,0.269628691257227,0.3286656990681731,0.4017056096745999,6.0,4.2,1.61,A,1.61,True,61.00000000000001
2017-10-28,2017,A,A,0.3393246800033555,0.24938771007331062,0.4112876099233338,2.04,3.6,3.79,A,3.79,True,279.0
2017-10-28,2017,D,A,0.2217515911884658,0.2534425118300672,0.524805896981467,2.39,3.29,3.29,A,3.29,False,-100.0
2017-10-28,2017,H,H,0.42935675081902697,0.24035614097367353,0.3302871082072995,2.14,3.39,3.79,H,2.14,True,114.00000000000001
2017-10-28,2017,A,A,0.3399475251251835,0.17885865785856284,0.4811938170162536,11.0,6.5,1.28,A,1.28,True,28.000000000000004
2017-10-28,2017,H,H,0.6040869991784908,0.24376524716919568,0.1521477536523134,1.25,6.75,13.0,H,1.25,True,25.0
2017-10-29,2017,D,A,0.3475189057615556,0.24132420325290127,0.41115689098554303,3.29,3.2,2.45,A,2.45,False,-100.0
2017-10-29,2017,H,H,0.4560901805544839,0.23763198943733552,0.3062778300081806,2.14,3.39,3.75,H,2.14,True,114.00000000000001
2017-10-30,2017,H,H,0.3854284778448993,0.2816781257894052,0.3328933963656955,2.89,3.2,2.7,H,2.89,True,189.0
2017-11-04,2017,A,H,0.4664764376957328,0.2588781099182552,0.27464545238601196,2.39,3.2,3.39,H,2.39,False,-100.0
2017-11-04,2017,D,H,0.422860338791055,0.27166887073789353,0.30547079047105147,2.7,3.29,2.87,H,2.7,False,-100.0
2017-11-04,2017,A,H,0.6200892842067987,0.22104515390724425,0.15886556188595705,1.66,3.75,6.5,H,1.66,False,-100.0
2017-11-04,2017,H,D,0.22845331422006832,0.488436598960337,0.28311008681959465,2.79,3.0,3.0,D,3.0,False,-100.0
2017-11-04,2017,A,A,0.27955495961262283,0.241666068982583,0.4787789714047941,5.25,4.33,1.66,A,1.66,True,65.99999999999999
2017-11-04,2017,A,H,0.4102895997961607,0.29433055745149067,0.29537984275234863,2.0,3.5,4.2,H,2.0,False,-100.0
2017-11-05,2017,H,H,0.46316817262658727,0.2581688102588999,0.2786630171145128,2.2,3.39,3.6,H,2.2,True,120.00000000000001
2017-11-05,2017,H,H,0.5110825353494755,0.3244777951917057,0.16443966945881883,1.39,5.5,7.5,H,1.39,True,38.99999999999999
2017-11-05,2017,H,H,0.419961358812186,0.26945696757037735,0.3105816736174367,2.5,3.2,3.2,H,2.5,True,150.0
2017-11-05,2017,H,H,0.5814268192808857,0.26442368084638646,0.15414949987272797,1.28,6.0,12.0,H,1.28,True,28.000000000000004
2017-11-18,2017,H,H,0.5093115545641024,0.288431022029291,0.2022574234066066,2.5,3.6,2.89,H,2.5,True,150.0
2017-11-18,2017,H,H,0.5707753877463894,0.21662451599652136,0.21260009625708923,1.83,3.5,5.25,H,1.83,True,83.0
2017-11-18,2017,H,H,0.4182912904774934,0.226125511173821,0.3555831983486855,2.14,3.2,4.0,H,2.14,True,114.00000000000001
2017-11-18,2017,D,H,0.49780227567867313,0.31392150000092645,0.18827622432040036,2.39,3.25,3.29,H,2.39,False,-100.0
2017-11-18,2017,A,A,0.1407797090956648,0.23081770413144306,0.6284025867728921,9.5,5.75,1.33,A,1.33,True,33.00000000000001
2017-11-18,2017,A,A,0.344824646136564,0.2032272932742909,0.4519480605891452,6.5,4.0,1.61,A,1.61,True,61.00000000000001
2017-11-18,2017,H,H,0.6594146072958041,0.1942924876393679,0.14629290506482803,1.28,5.75,13.0,H,1.28,True,28.000000000000004
2017-11-18,2017,H,H,0.5272028123303576,0.24126372030912666,0.23153346736051575,1.39,5.0,9.0,H,1.39,True,38.99999999999999
2017-11-19,2017,H,H,0.4911318543548489,0.22889018580411025,0.27997795984104085,2.1,3.5,3.75,H,2.1,True,110.00000000000001
2017-11-20,2017,D,H,0.5018449748641497,0.21108711444464337,0.2870679106912069,2.39,3.2,3.39,H,2.39,False,-100.0
2017-11-24,2017,D,H,0.4119984990641468,0.2655007281806646,0.3225007727551885,2.7,3.39,2.75,H,2.7,False,-100.0
2017-11-25,2017,D,H,0.743466778051673,0.20164726617306264,0.05488595577526434,1.25,6.0,16.0,H,1.25,False,-100.0
2017-11-25,2017,D,H,0.4160975786919889,0.25548755407898455,0.3284148672290266,2.79,3.25,2.79,H,2.79,False,-100.0
2017-11-25,2017,A,H,0.5045690305890664,0.22892583596399738,0.26650513344693616,2.2,3.5,3.5,H,2.2,False,-100.0
2017-11-25,2017,D,H,0.47530685295700587,0.29002207151671916,0.23467107552627495,2.14,3.6,3.5,H,2.14,False,-100.0
2017-11-25,2017,H,H,0.5383269371183692,0.24478342717446502,0.21688963570716577,2.04,3.5,4.0,H,2.04,True,104.0
2017-11-25,2017,H,H,0.6446001682155984,0.23775696943284808,0.11764286235155345,1.19,7.0,19.0,H,1.19,True,18.999999999999993
2017-11-26,2017,A,A,0.27463034881168674,0.25128097640327235,0.47408867478504096,6.5,4.5,1.53,A,1.53,True,53.0
2017-11-26,2017,A,A,0.12149445153170087,0.17565500968689793,0.7028505387814011,17.0,8.0,1.18,A,1.18,True,17.999999999999993
2017-11-26,2017,H,H,0.5254910405522096,0.2118618930333087,0.2626470664144816,1.9,3.39,4.75,H,1.9,True,89.99999999999999
2017-11-28,2017,A,A,0.22812108896981995,0.22304207197262618,0.5488368390575539,5.25,3.89,1.72,A,1.72,True,72.0
2017-11-28,2017,D,H,0.497604459008472,0.24276068163361111,0.2596348593579169,2.37,3.1,3.5,H,2.37,False,-100.0
2017-11-28,2017,D,H,0.38493084653783366,0.29719451795821133,0.31787463550395495,2.7,3.1,3.0,H,2.7,False,-100.0
2017-11-28,2017,H,A,0.366466470881186,0.21331665880230374,0.4202168703165103,5.0,3.89,1.75,A,1.75,False,-100.0
2017-11-29,2017,H,H,0.7152478419845704,0.1721331242491991,0.11261903376623043,1.19,7.5,17.0,H,1.19,True,18.999999999999993
2017-11-29,2017,A,H,0.4562495211266396,0.21910809464027783,0.32464238423308256,2.0,3.39,4.33,H,2.0,False,-100.0
2017-11-29,2017,H,H,0.6337190023555143,0.27060720224261464,0.09567379540187103,1.18,8.0,17.0,H,1.18,True,17.999999999999993
2017-11-29,2017,H,H,0.4832299544961683,0.21091506525181888,0.3058549802520128,2.37,3.29,3.29,H,2.37,True,137.0
2017-11-29,2017,H,H,0.640874015822074,0.2285701199809319,0.13055586419699394,1.19,8.0,15.0,H,1.19,True,18.999999999999993
2017-11-29,2017,A,A,0.22081866115032187,0.24349364716312802,0.5356876916865502,6.5,4.5,1.55,A,1.55,True,55.00000000000001
2017-12-02,2017,H,H,0.4636788590051464,0.21943468328203872,0.31688645771281493,1.72,3.79,5.5,H,1.72,True,72.0
2017-12-02,2017,A,H,0.42439083380651654,0.2786779236883163,0.2969312425051671,2.5,3.39,3.0,H,2.5,False,-100.0
2017-12-02,2017,A,A,0.29677152462651213,0.2402160793951774,0.4630123959783105,7.5,4.5,1.5,A,1.5,True,50.0
2017-12-02,2017,H,H,0.5957997157762565,0.2689048817583343,0.13529540246540925,1.25,6.5,15.0,H,1.25,True,25.0
2017-12-02,2017,H,H,0.5309290632064358,0.18962726887216252,0.2794436679214017,1.95,3.39,4.5,H,1.95,True,95.0
2017-12-02,2017,D,H,0.45166359697208475,0.20690554695771438,0.34143085607020085,2.5,3.2,3.2,H,2.5,False,-100.0
2017-12-02,2017,D,A,0.23598007105489863,0.2425152116712743,0.5215047172738271,5.0,4.0,1.72,A,1.72,False,-100.0
2017-12-02,2017,H,H,0.607229614447991,0.23926802162084473,0.15350236393116426,1.83,3.6,5.0,H,1.83,True,83.0
2017-12-03,2017,D,H,0.39616839914496355,0.21984166285023846,0.38398993800479797,2.89,3.25,2.39,H,2.89,False,-100.0
2017-12-03,2017,H,H,0.8377160494180803,0.16228395058191963,0.0,1.08,11.0,21.0,H,1.08,True,8.000000000000007
2017-12-09,2017,A,H,0.385762390660326,0.3085375642542026,0.30570004508547144,2.62,3.29,2.89,H,2.62,False,-100.0
2017-12-09,2017,H,A,0.29471825985748273,0.3200644378187248,0.3852173023237924,2.7,3.1,3.0,A,3.0,False,-100.0
2017-12-09,2017,H,A,0.3074423227497996,0.34029930511054035,0.35225837213966,2.7,3.1,3.0,A,3.0,False,-100.0
2017-12-09,2017,H,H,0.6014393066206442,0.25590192471663475,0.14265876866272112,1.28,6.5,11.0,H,1.28,True,28.000000000000004
2017-12-09,2017,H,H,0.43550217386833207,0.23971722576088372,0.3247806003707842,2.6,3.25,3.0,H,2.6,True,160.0
2017-12-09,2017,D,H,0.40303143416176296,0.26679441689412225,0.33017414894411484,2.04,3.5,4.0,H,2.04,False,-100.0
2017-12-09,2017,H,A,0.18337838524124864,0.2342955804013517,0.5823260343573996,7.5,4.5,1.5,A,1.5,False,-100.0
2017-12-10,2017,D,H,0.4008319181886391,0.2512209790640505,0.3479471027473104,4.0,3.75,1.95,H,4.0,False,-100.0
2017-12-10,2017,D,H,0.6252183713539984,0.22860678972388945,0.14617483892211225,1.3,6.0,11.0,H,1.3,False,-100.0
2017-12-10,2017,A,A,0.3318600197615345,0.2374918568197519,0.43064812341871356,3.39,3.5,2.25,A,2.25,True,125.0
2017-12-12,2017,H,H,0.5545348456018356,0.2238575801489409,0.2216075742492236,2.29,3.2,3.6,H,2.29,True,129.0
2017-12-12,2017,H,H,0.4614177180861847,0.3024198770543443,0.23616240485947096,2.29,3.5,3.25,H,2.29,True,129.0
2017-12-12,2017,A,A,0.27999386589360625,0.241793871212431,0.4782122628939627,9.0,4.5,1.44,A,1.44,True,43.99999999999999
2017-12-13,2017,D,A,0.2309648337720828,0.20524419509496514,0.5637909711329521,5.25,4.2,1.66,A,1.66,False,-100.0
2017-12-13,2017,A,A,0.10632296987417034,0.22031694023705772,0.673360089888772,15.0,6.5,1.25,A,1.25,True,25.0
2017-12-13,2017,A,H,0.43847775676671524,0.2744580642972948,0.28706417893598996,2.1,3.39,3.89,H,2.1,False,-100.0
2017-12-13,2017,D,H,0.7227220022147672,0.18533493956861538,0.09194305821661729,1.22,7.0,15.0,H,1.22,False,-100.0
2017-12-13,2017,H,H,0.6676419110987942,0.2054971532148011,0.12686093568640466,1.28,6.0,12.0,H,1.28,True,28.000000000000004
2017-12-13,2017,H,H,0.651320666710466,0.2721797366498004,0.07649959663973366,1.25,6.5,15.0,H,1.25,True,25.0
2017-12-13,2017,A,D,0.25125742225973163,0.503680566321063,0.2450620114192054,2.39,3.29,3.25,D,3.29,False,-100.0
2017-12-16,2017,H,H,0.5732694774872684,0.2203739576274609,0.20635656488527068,1.39,5.0,9.0,H,1.39,True,38.99999999999999
2017-12-16,2017,D,H,0.5396371403287272,0.2663466409708213,0.19401621870045146,2.62,3.0,3.2,H,2.62,False,-100.0
2017-12-16,2017,H,H,0.46982980249670997,0.31203525017764405,0.21813494732564598,1.25,6.5,14.0,H,1.25,True,25.0
2017-12-16,2017,A,H,0.43786616452565247,0.286662222745336,0.2754716127290117,1.89,3.6,4.5,H,1.89,False,-100.0
2017-12-16,2017,H,H,0.5069972534002335,0.20634673413624968,0.28665601246351685,1.55,4.59,6.0,H,1.55,True,55.00000000000001
2017-12-16,2017,A,H,0.5013869580005114,0.25801617943014,0.24059686256934856,2.29,3.29,3.5,H,2.29,False,-100.0
2017-12-16,2017,A,H,0.5555268139886874,0.20849798431530972,0.2359752016960028,1.8,3.75,5.0,H,1.8,False,-100.0
2017-12-17,2017,A,A,0.2723120227982275,0.257279826230356,0.47040815097141647,6.5,4.5,1.53,A,1.53,True,53.0
2017-12-17,2017,A,A,0.22705660181957574,0.23926167223611383,0.5336817259443104,6.5,4.0,1.6,A,1.6,True,60.00000000000001
2017-12-18,2017,H,H,0.49493611889495065,0.19241284312932028,0.312651037975729,1.72,3.75,5.5,H,1.72,True,72.0
2017-12-22,2017,D,H,0.5419623809742192,0.29488213735778673,0.16315548166799407,2.54,3.6,2.79,H,2.54,False,-100.0
2017-12-23,2017,D,H,0.38115701673786545,0.25370119832263915,0.3651417849394954,4.5,3.6,1.9,H,4.5,False,-100.0
2017-12-23,2017,H,H,0.4190856476633305,0.2878052902611045,0.29310906207556503,2.62,3.2,3.0,H,2.62,True,162.0
2017-12-23,2017,A,A,0.28461747870308707,0.20870800604398565,0.5066745152529273,7.0,4.2,1.55,A,1.55,True,55.00000000000001
2017-12-23,2017,D,A,0.3192796442774662,0.20175274303145832,0.4789676126910754,6.0,3.89,1.66,A,1.66,False,-100.0
2017-12-23,2017,D,H,0.5620976114924132,0.23008291702836747,0.20781947147921934,1.61,3.89,6.5,H,1.61,False,-100.0
2017-12-23,2017,H,H,0.7270344237446397,0.14698248345760226,0.125983092797758,1.12,11.0,23.0,H,1.12,True,12.00000000000001
2017-12-23,2017,D,H,0.4547287198757562,0.23613220496585494,0.3091390751583889,3.29,3.2,2.45,H,3.29,False,-100.0
2017-12-23,2017,A,H,0.40526699147652906,0.31681217905122666,0.2779208294722442,2.1,3.39,3.89,H,2.1,False,-100.0
2017-12-23,2017,H,H,0.40154646364076335,0.2794828297991007,0.31897070656013593,2.29,3.25,3.5,H,2.29,True,129.0
2017-12-26,2017,D,H,0.38912762448455035,0.25404171149602783,0.3568306640194218,2.5,3.2,3.2,H,2.5,False,-100.0
2017-12-26,2017,D,H,0.35303484767465193,0.297871472148294,0.34909368017705406,2.79,3.29,2.75,H,2.79,False,-100.0
2017-12-26,2017,H,H,0.6319948958185474,0.2367759061845582,0.1312291979968944,1.19,7.5,17.0,H,1.19,True,18.999999999999993
2017-12-26,2017,H,H,0.7893304806383887,0.1850860389118741,0.02558348044973713,1.16,9.0,19.0,H,1.16,True,15.999999999999993
2017-12-26,2017,D,H,0.6354962428469908,0.2512727511030443,0.11323100604996499,1.25,6.5,15.0,H,1.25,False,-100.0
2017-12-26,2017,H,H,0.35922766172073217,0.2980479668322631,0.34272437144700474,2.54,3.5,2.87,H,2.54,True,154.0
2017-12-26,2017,D,H,0.4244966485213677,0.26502708711503453,0.3104762643635978,2.54,3.2,3.1,H,2.54,False,-100.0
2017-12-26,2017,H,H,0.5889097856769926,0.2402591844540781,0.17083102986892917,1.36,5.25,10.0,H,1.36,True,36.00000000000001
2017-12-27,2017,A,A,0.11085024433900385,0.2158896424524027,0.6732601132085935,13.0,6.75,1.25,A,1.25,True,25.0
2017-12-28,2017,A,A,0.3702089869367267,0.2275622948070838,0.40222871825618944,4.5,4.0,1.8,A,1.8,True,80.0
2017-12-30,2017,D,H,0.5216920992317481,0.2438775471827571,0.23443035358549483,1.36,5.5,9.0,H,1.36,False,-100.0
2017-12-30,2017,D,H,0.487746487038019,0.2230492059799949,0.2892043069819861,2.14,3.2,4.0,H,2.14,False,-100.0
2017-12-30,2017,A,H,0.4767863344612279,0.227141785486182,0.29607188005259016,1.66,3.79,6.0,H,1.66,False,-100.0
2017-12-30,2017,D,H,0.4876730657116264,0.31006221670936335,0.2022647175790103,2.37,3.1,3.5,H,2.37,False,-100.0
2017-12-30,2017,H,H,0.6884020313488263,0.18641893230063342,0.12517903635054023,1.16,8.5,19.0,H,1.16,True,15.999999999999993
2017-12-30,2017,H,H,0.38049922051704793,0.286572640208179,0.332928139274773,2.37,3.29,3.29,H,2.37,True,137.0
2017-12-30,2017,H,H,0.5949192863600093,0.22442942717615302,0.18065128646383774,1.3,6.0,11.0,H,1.3,True,30.000000000000004
2017-12-31,2017,D,A,0.2782850554944681,0.19774983464496046,0.5239651098605714,11.0,6.5,1.28,A,1.28,False,-100.0
2017-12-31,2017,D,A,0.31315789934230737,0.239145751408165,0.44769634924952767,5.0,4.0,1.72,A,1.72,False,-100.0
2018-01-01,2017,H,H,0.49279984009802674,0.26208155114748,0.24511860875449323,1.66,3.79,6.0,H,1.66,True,65.99999999999999
2018-01-01,2017,A,A,0.34138284801460544,0.2263499688038252,0.43226718318156926,5.5,3.5,1.8,A,1.8,True,80.0
2018-01-01,2017,A,H,0.39408009781898296,0.2782769595802958,0.32764294260072124,2.29,3.29,3.5,H,2.29,False,-100.0
2018-01-01,2017,D,H,0.48669180060736267,0.21958405260203095,0.29372414679060627,2.37,3.2,3.39,H,2.37,False,-100.0
2018-01-01,2017,A,A,0.20220135503944073,0.2485810073919977,0.5492176375685616,7.5,4.5,1.5,A,1.5,True,50.0
2018-01-02,2017,H,H,0.6892722439241962,0.2078436249039218,0.10288413117188205,1.12,8.5,19.0,H,1.12,True,12.00000000000001
2018-01-02,2017,A,H,0.4599756995798936,0.24490664546004304,0.2951176549600633,1.9,3.39,4.0,H,1.9,False,-100.0
2018-01-02,2017,A,A,0.07640241514288638,0.2362601746632603,0.6873374101938534,12.0,4.75,1.3,A,1.3,True,30.000000000000004
2018-01-02,2017,H,H,0.39794769038846584,0.2530181871882023,0.3490341224233319,1.9,3.39,4.09,H,1.9,True,89.99999999999999
2018-01-03,2017,D,H,0.40158597704147336,0.3540908578486753,0.24432316510985133,2.6,3.39,2.6,H,2.6,False,-100.0
2018-01-04,2017,D,H,0.6127552473267062,0.19664907196973894,0.19059568070355493,1.25,6.0,10.0,H,1.25,False,-100.0
2018-01-13,2017,H,H,0.5805903881091875,0.22328239747771508,0.19612721441309736,2.14,3.0,4.33,H,2.14,True,114.00000000000001
2018-01-13,2017,D,H,0.4574399893445899,0.2646263543263206,0.2779336563290895,2.5,3.39,3.0,H,2.5,False,-100.0
2018-01-13,2017,H,H,0.7019523828005495,0.20686074933659182,0.09118686786285851,1.28,6.0,13.0,H,1.28,True,28.000000000000004
2018-01-13,2017,A,H,0.36823457359110207,0.32288573502670465,0.3088796913821934,2.62,3.1,3.1,H,2.62,False,-100.0
2018-01-13,2017,H,H,0.41947846897414937,0.27169785738811597,0.3088236736377346,2.0,3.29,4.5,H,2.0,True,100.0
2018-01-13,2017,D,H,0.6950212048337638,0.2112499576545341,0.09372883751170212,1.3,5.75,12.0,H,1.3,False,-100.0
2018-01-13,2017,D,H,0.40470286521837306,0.2949870434397963,0.3003100913418307,1.95,3.39,4.5,H,1.95,False,-100.0
2018-01-14,2017,H,A,0.28278638814798057,0.23305355445836193,0.48416005739365736,4.75,4.2,1.75,A,1.75,False,-100.0
2018-01-14,2017,H,H,0.482151110287901,0.25805877524935167,0.2597901144627474,3.1,3.75,2.29,H,3.1,True,210.0
2018-01-15,2017,H,H,0.677906325840358,0.21970581523598065,0.1023878589236612,1.22,7.0,15.0,H,1.22,True,21.999999999999996
2018-01-20,2017,H,H,0.6007359476358206,0.21117874449412635,0.18808530787005306,1.5,4.75,7.0,H,1.5,True,50.0
2018-01-20,2017,A,A,0.23252066336354707,0.18882600497514654,0.5786533316613064,6.5,3.89,1.61,A,1.61,True,61.00000000000001
2018-01-20,2017,A,A,0.15819358522103652,0.19808185799701708,0.6437245567819465,7.5,3.89,1.57,A,1.57,True,57.00000000000001
2018-01-20,2017,D,A,0.31630007104932717,0.21310249924313918,0.4705974297075337,2.14,3.2,4.0,A,4.0,False,-100.0
2018-01-20,2017,H,H,0.7194983173156414,0.1917593131548352,0.08874236952952345,1.12,10.0,26.0,H,1.12,True,12.00000000000001
2018-01-20,2017,D,H,0.45288172817329403,0.2544159575289313,0.29270231429777466,2.0,3.6,4.0,H,2.0,False,-100.0
2018-01-20,2017,H,H,0.5448151457711731,0.2418609214973009,0.21332393273152594,1.85,3.89,4.33,H,1.85,True,85.00000000000001
2018-01-20,2017,H,H,0.4675222261120758,0.24450914753783323,0.28796862635009096,2.04,3.39,4.09,H,2.04,True,104.0
2018-01-21,2017,D,A,0.21803107809774316,0.26705772297145985,0.514911198930797,5.75,4.09,1.64,A,1.64,False,-100.0
2018-01-22,2017,H,A,0.05576893603609112,0.21102720101345496,0.7332038629504539,12.0,5.75,1.3,A,1.3,False,-100.0
2018-01-30,2017,A,A,0.05576894818176207,0.22895573115728804,0.7152753206609499,12.0,5.75,1.3,A,1.3,True,30.000000000000004
2018-01-30,2017,H,A,0.3651341928553702,0.1917247986230712,0.4431410085215586,7.0,4.59,1.5,A,1.5,False,-100.0
2018-01-30,2017,D,A,0.318129773878592,0.310020509725251,0.371849716396157,3.1,3.25,2.54,A,2.54,False,-100.0
2018-01-31,2017,H,H,0.8546603239171507,0.1084511348230272,0.03688854125982205,1.14,10.0,21.0,H,1.14,True,13.99999999999999
2018-01-31,2017,A,H,0.6217739239510237,0.18621510729997656,0.19201096874899978,1.28,6.5,11.0,H,1.28,False,-100.0
2018-01-31,2017,H,D,0.28957462398422457,0.38186126359547895,0.32856411242029654,3.0,3.2,2.62,D,3.2,False,-100.0
2018-01-31,2017,H,H,0.45660689628502854,0.2800182247164615,0.26337487899851,2.35,3.29,3.39,H,2.35,True,135.0
2018-01-31,2017,D,H,0.3707418167088317,0.2713477288204162,0.3579104544707521,2.2,3.2,3.89,H,2.2,False,-100.0
2018-01-31,2017,D,H,0.4209512259626678,0.2538606176304529,0.3251881564068792,2.25,3.5,3.39,H,2.25,False,-100.0
2018-01-31,2017,D,H,0.5359051245677132,0.22373708503387868,0.2403577903984081,1.75,3.5,6.0,H,1.75,False,-100.0
2018-02-03,2017,H,H,0.8364584981297606,0.1635415018702394,0.0,1.16,8.5,19.0,H,1.16,True,15.999999999999993
2018-02-03,2017,A,A,0.33940877484683885,0.2393309392997535,0.42126028585340763,2.54,3.2,3.1,A,3.1,True,210.0
2018-02-03,2017,D,H,0.4787990352606624,0.2927524482416682,0.22844851649766937,1.8,3.6,5.25,H,1.8,False,-100.0
2018-02-03,2017,D,A,0.057069755507637376,0.199408597597558,0.7435216468948046,13.0,6.0,1.28,A,1.28,False,-100.0
2018-02-03,2017,H,H,0.4604868755727658,0.29241189556584873,0.2471012288613855,2.35,3.0,3.7,H,2.35,True,135.0
2018-02-03,2017,H,H,0.5816994447658499,0.2470297005643791,0.17127085466977107,1.9,3.7,4.33,H,1.9,True,89.99999999999999
2018-02-03,2017,H,H,0.5314465026690153,0.20119349924850202,0.26735999808248273,1.3,5.75,12.0,H,1.3,True,30.000000000000004
2018-02-04,2017,D,H,0.483020358683601,0.2005893504685782,0.3163902908478207,2.04,3.39,4.2,H,2.04,False,-100.0
2018-02-04,2017,D,H,0.40425746943209556,0.2876275352404427,0.3081149953274617,2.1,3.75,3.6,H,2.1,False,-100.0
2018-02-05,2017,H,A,0.24450187043524188,0.24770984915723546,0.5077882804075227,6.25,4.0,1.61,A,1.61,False,-100.0
2018-02-10,2017,D,H,0.3894722784890962,0.23073500491130028,0.3797927165996035,2.2,3.2,3.39,H,2.2,False,-100.0
2018-02-10,2017,H,A,0.28433070147300116,0.2070417531928821,0.5086275453341167,2.25,3.25,3.2,A,3.2,False,-100.0
2018-02-10,2017,H,H,0.7469494756634582,0.1818588662537172,0.07119165808282481,1.19,6.5,13.0,H,1.19,True,18.999999999999993
2018-02-10,2017,H,H,0.37372645073759153,0.3147066930533282,0.31156685620908026,2.5,3.29,2.79,H,2.5,True,150.0
2018-02-10,2017,H,H,0.4825779428826586,0.3135089138846619,0.2039131432326795,2.0,3.6,3.5,H,2.0,True,100.0
2018-02-10,2017,H,H,0.3703972569163427,0.3152144392576041,0.31438830382605315,2.37,3.0,3.25,H,2.37,True,137.0
2018-02-11,2017,H,A,0.30690941612555117,0.20883953459834906,0.4842510492760998,3.25,3.2,2.25,A,2.25,False,-100.0
2018-02-11,2017,H,A,0.28043171379242265,0.24917113664665155,0.4703971495609258,5.5,3.75,1.61,A,1.61,False,-100.0
2018-02-11,2017,A,A,0.3286578120862573,0.27662903668521616,0.3947131512285266,4.2,3.79,1.8,A,1.8,True,80.0
2018-02-12,2017,H,H,0.5973128806731444,0.2202198047049108,0.18246731462194485,1.36,4.75,8.0,H,1.36,True,36.00000000000001
2018-02-24,2017,H,H,0.48334763614457216,0.2821379872607223,0.23451437659470545,2.25,3.39,3.5,H,2.25,True,125.0
2018-02-24,2017,A,H,0.5206417337923173,0.1907889645186713,0.28856930168901146,1.95,3.29,4.75,H,1.95,False,-100.0
2018-02-24,2017,H,H,0.7336989285309228,0.19046030436981778,0.07584076709925933,1.22,7.5,13.0,H,1.22,True,21.999999999999996
2018-02-24,2017,D,H,0.40361124772379964,0.2610388852874627,0.33534986698873764,2.89,3.1,2.79,H,2.89,False,-100.0
2018-02-24,2017,H,H,0.4505637205461707,0.24222182473658482,0.30721445471724457,2.14,3.25,4.0,H,2.14,True,114.00000000000001
2018-02-24,2017,D,H,0.42641127552379493,0.26607867099972493,0.3075100534764802,2.1,3.5,3.79,H,2.1,False,-100.0
2018-02-24,2017,D,H,0.4597566356690603,0.23079991373408912,0.3094434505968507,1.72,3.89,5.25,H,1.72,False,-100.0
2018-02-25,2017,H,H,0.45667045684128377,0.24237619569482519,0.300953347463891,2.29,3.25,3.5,H,2.29,True,129.0
2018-02-25,2017,A,A,0.24322081933900677,0.1892770349269992,0.567502145733994,7.5,4.5,1.5,A,1.5,True,50.0
2018-03-01,2017,A,A,0.28632982333842233,0.28727067647629295,0.4263995001852847,4.5,4.0,1.72,A,1.72,True,72.0
2018-03-03,2017,D,H,0.4460412133067922,0.2528480980560787,0.30111068863712914,1.75,3.75,5.25,H,1.75,False,-100.0
2018-03-03,2017,H,H,0.4548859431999149,0.2928549298109557,0.25225912698912945,2.14,3.29,3.89,H,2.14,True,114.00000000000001
2018-03-03,2017,H,H,0.7833132393300386,0.14267362143362053,0.07401313923634083,1.19,7.5,17.0,H,1.19,True,18.999999999999993
2018-03-03,2017,H,H,0.42616456747010206,0.24169233099960097,0.33214310153029697,2.6,3.25,3.0,H,2.6,True,160.0
2018-03-03,2017,H,H,0.6948869331212988,0.20632176442177563,0.09879130245692573,1.22,7.0,15.0,H,1.22,True,21.999999999999996
2018-03-03,2017,D,H,0.5247151251448892,0.2299643869956709,0.24532048785944002,1.85,3.75,4.5,H,1.85,False,-100.0
2018-03-03,2017,H,A,0.33321866156614127,0.2578527000582008,0.4089286383756579,2.5,3.1,3.29,A,3.29,False,-100.0
2018-03-04,2017,H,A,0.2748822114315233,0.26308636883044345,0.46203141973803324,4.2,3.79,1.9,A,1.9,False,-100.0
2018-03-04,2017,H,H,0.6079866768737473,0.24378023615469843,0.14823308697155424,1.61,4.2,6.0,H,1.61,True,61.00000000000001
2018-03-05,2017,A,A,0.2731468085717263,0.22534329320449506,0.5015098982237788,7.0,4.0,1.57,A,1.57,True,57.00000000000001
2018-03-10,2017,H,H,0.5312053665360318,0.21759649312904403,0.2511981403349242,1.3,5.75,12.0,H,1.3,True,30.000000000000004
2018-03-10,2017,H,H,0.38107536623588495,0.29818462642622123,0.3207400073378939,2.75,3.39,2.75,H,2.75,True,175.0
2018-03-10,2017,D,H,0.4767879976035822,0.268383882163255,0.25482812023316287,2.54,3.1,3.2,H,2.54,False,-100.0
2018-03-10,2017,H,H,0.4441720967203792,0.248065469287587,0.3077624339920338,2.2,3.2,3.89,H,2.2,True,120.00000000000001
2018-03-10,2017,A,A,0.2866782802326558,0.2200331981187964,0.49328852164854786,3.0,3.25,2.6,A,2.6,True,160.0
2018-03-10,2017,A,H,0.4102895822452071,0.2943305716297176,0.29537984612507534,2.29,3.2,3.6,H,2.29,False,-100.0
2018-03-10,2017,H,A,0.3499117365741768,0.2843200450071353,0.36576821841868795,2.79,3.2,2.79,A,2.79,False,-100.0
2018-03-11,2017,H,H,0.5711650734958308,0.2405493018935254,0.1882856246106437,1.44,5.0,7.5,H,1.44,True,43.99999999999999
2018-03-11,2017,A,A,0.2909119453472743,0.211100318140682,0.4979877365120437,6.5,4.5,1.55,A,1.55,True,55.00000000000001
2018-03-12,2017,A,A,0.13461473229452678,0.23913814540241426,0.6262471223030589,15.0,6.5,1.25,A,1.25,True,25.0
2018-03-17,2017,H,H,0.5404622744639289,0.2341328470435359,0.22540487849253518,1.83,3.6,5.0,H,1.83,True,83.0
2018-03-17,2017,A,H,0.37285905815902987,0.30842217029035796,0.3187187715506122,3.0,3.1,2.7,H,3.0,False,-100.0
2018-03-17,2017,H,H,0.6959648466781191,0.19295896488733436,0.11107618843454665,1.19,8.0,15.0,H,1.19,True,18.999999999999993
2018-03-17,2017,A,H,0.4110915441006187,0.2586961584965422,0.33021229740283903,2.5,3.29,3.1,H,2.5,False,-100.0
2018-03-31,2017,A,A,0.3061343177267781,0.2683182095828372,0.4255474726903847,9.0,5.0,1.33,A,1.33,True,33.00000000000001
2018-03-31,2017,A,A,0.2824163686049622,0.23635165608902634,0.4812319753060114,7.0,4.33,1.44,A,1.44,True,43.99999999999999
2018-03-31,2017,A,H,0.6102443030986785,0.19936311573438903,0.19039258116693256,2.5,3.0,3.1,H,2.5,False,-100.0
2018-03-31,2017,A,H,0.4535239345508136,0.26285549827868054,0.28362056717050593,2.7,3.2,2.62,H,2.7,False,-100.0
2018-03-31,2017,D,H,0.45422845512938737,0.21177199626520696,0.3339995486054057,2.29,3.29,3.1,H,2.29,False,-100.0
2018-03-31,2017,H,H,0.3953506031920933,0.28107624854532204,0.3235731482625847,2.7,3.25,2.6,H,2.7,True,170.00000000000003
2018-03-31,2017,H,H,0.4481179140824056,0.2404047341960761,0.31147735172151836,1.75,3.39,5.0,H,1.75,True,75.0
2018-03-31,2017,H,H,0.7158816593065077,0.1811378853147199,0.10298045537877239,1.25,6.0,10.0,H,1.25,True,25.0
2018-04-01,2017,A,H,0.3956720607901394,0.35016856060686585,0.25415937860299476,2.29,3.29,3.1,H,2.29,False,-100.0
2018-04-01,2017,H,H,0.6450738829640157,0.2258266536271435,0.12909946340884074,1.28,5.5,10.0,H,1.28,True,28.000000000000004
2018-04-07,2017,D,H,0.4130540072739377,0.2638189200571102,0.3231270726689521,2.5,3.39,3.0,H,2.5,False,-100.0
2018-04-07,2017,D,H,0.4223482388105822,0.2620493658918605,0.31560239529755724,1.85,3.5,5.0,H,1.85,False,-100.0
2018-04-07,2017,A,H,0.5056656485221275,0.3063215514357857,0.18801280004208684,1.95,3.6,4.2,H,1.95,False,-100.0
2018-04-07,2017,D,A,0.27913935578988786,0.2766219409662172,0.44423870324389503,4.2,3.75,1.9,A,1.9,False,-100.0
2018-04-07,2017,A,A,0.29000661299643526,0.19614529939895328,0.5138480876046115,11.0,5.5,1.33,A,1.33,True,33.00000000000001
2018-04-07,2017,A,H,0.4155889018618397,0.27953005277534393,0.30488104536281635,2.39,3.2,3.39,H,2.39,False,-100.0
2018-04-07,2017,D,H,0.5071802271524216,0.28151219756838014,0.2113075752791983,2.37,3.2,3.39,H,2.37,False,-100.0
2018-04-07,2017,A,H,0.6823649672376945,0.18430742296864847,0.1333276097936571,1.89,3.79,4.2,H,1.89,False,-100.0
2018-04-08,2017,H,H,0.5055276542233664,0.259060635124047,0.2354117106525866,1.57,4.5,6.0,H,1.57,True,57.00000000000001
2018-04-08,2017,D,H,0.5288575495801427,0.3255335338554285,0.14560891656442876,1.28,6.0,12.0,H,1.28,False,-100.0
2018-04-14,2017,H,H,0.5193600340141123,0.2419428103044803,0.23869715568140734,1.9,3.5,4.75,H,1.9,True,89.99999999999999
2018-04-14,2017,D,H,0.36052408849736856,0.3146515894571369,0.32482432204549455,2.54,3.25,3.1,H,2.54,False,-100.0
2018-04-14,2017,A,H,0.4091959457807204,0.2894012092552449,0.30140284496403474,2.62,3.6,2.7,H,2.62,False,-100.0
2018-04-14,2017,A,A,0.2711154179909396,0.2598593756401662,0.4690252063688942,4.5,3.75,1.85,A,1.85,True,85.00000000000001
2018-04-14,2017,H,H,0.5329003861607502,0.22509616703732846,0.24200344680192143,2.62,3.2,3.0,H,2.62,True,162.0
2018-04-14,2017,H,H,0.4542315552990091,0.271736371514016,0.2740320731869749,2.62,3.25,3.0,H,2.62,True,162.0
2018-04-14,2017,H,H,0.6758765139367652,0.19662487433702236,0.12749861172621244,1.25,7.0,12.0,H,1.25,True,25.0
2018-04-15,2017,H,A,0.37099765392011247,0.2364774197587299,0.39252492632115765,3.29,3.6,2.25,A,2.25,False,-100.0
2018-04-15,2017,A,H,0.7219784870101161,0.20181457541333048,0.07620693757655334,1.18,8.0,19.0,H,1.18,False,-100.0
2018-04-16,2017,D,H,0.43941904163012596,0.2780959680151061,0.28248499035476793,2.0,3.6,4.0,H,2.0,False,-100.0
2018-04-17,2017,D,A,0.21627202272810156,0.20209542747116305,0.5816325498007354,6.5,4.33,1.55,A,1.55,False,-100.0
2018-04-18,2017,A,A,0.23365067652636617,0.3050926355530545,0.46125668792057933,5.0,3.89,1.75,A,1.75,True,75.0
2018-04-19,2017,A,H,0.3882210993415514,0.2557394081505153,0.3560394925079333,4.0,3.39,1.9,H,4.0,False,-100.0
2018-04-19,2017,D,H,0.46747960432552776,0.2804460945933791,0.2520743010810931,2.25,3.29,3.2,H,2.25,False,-100.0
2018-04-21,2017,D,H,0.3536645140479693,0.3053380282733313,0.34099745767869943,2.89,3.39,2.54,H,2.89,False,-100.0
2018-04-21,2017,D,A,0.21070401029410166,0.22068523386725358,0.5686107558386447,7.5,4.5,1.5,A,1.5,False,-100.0
2018-04-22,2017,H,H,0.7726558859308251,0.1498509939060146,0.07749312016316025,1.14,9.0,23.0,H,1.14,True,13.99999999999999
2018-04-22,2017,D,H,0.39293634662184057,0.2903064174334756,0.31675723594468375,2.29,3.29,3.5,H,2.29,False,-100.0
2018-04-22,2017,H,H,0.5167745767763038,0.2896549092608109,0.1935705139628853,1.55,4.59,6.0,H,1.55,True,55.00000000000001
2018-04-23,2017,H,H,0.3939054271472974,0.2621178310176186,0.34397674183508403,2.29,3.39,3.39,H,2.29,True,129.0
2018-04-28,2017,H,H,0.5309691019939423,0.24871854018273462,0.22031235782332317,1.72,4.0,5.0,H,1.72,True,72.0
2018-04-28,2017,A,H,0.5141794666883244,0.21966777771110127,0.26615275560057444,1.85,3.6,4.75,H,1.85,False,-100.0
2018-04-28,2017,D,H,0.6481569457959724,0.16600779811468072,0.18583525608934692,1.33,5.75,10.0,H,1.33,False,-100.0
2018-04-28,2017,A,A,0.12149445226809713,0.17565501268344974,0.7028505350484532,7.0,4.33,1.53,A,1.53,True,53.0
2018-04-28,2017,H,A,0.35297749260733086,0.272426754582685,0.3745957528099841,2.04,3.6,3.79,A,3.79,False,-100.0
2018-04-28,2017,D,H,0.4835835975698098,0.23324842680296656,0.2831679756272236,2.25,3.2,3.7,H,2.25,False,-100.0
2018-04-28,2017,A,H,0.44005540072268684,0.2772151831005241,0.28272941617678904,2.62,3.1,3.1,H,2.62,False,-100.0
2018-04-29,2017,A,A,0.127325720154881,0.24737717554175664,0.6252971043033624,10.0,5.75,1.33,A,1.33,True,33.00000000000001
2018-04-29,2017,H,H,0.5131058894606993,0.24961479619984517,0.23727931433945548,1.44,4.75,8.0,H,1.44,True,43.99999999999999
2018-04-30,2017,H,H,0.7980125093266673,0.15408263331309516,0.047904857360237585,1.16,8.5,21.0,H,1.16,True,15.999999999999993
2018-05-04,2017,H,A,0.28972202220697246,0.22190365291991468,0.4883743248731129,4.75,3.6,1.85,A,1.85,False,-100.0
2018-05-05,2017,H,A,0.24192921628563,0.22151295581468133,0.5365578278996886,8.0,4.75,1.44,A,1.44,False,-100.0
2018-05-05,2017,A,H,0.4185819988378466,0.28051937164500124,0.3008986295171521,2.7,3.39,2.79,H,2.7,False,-100.0
2018-05-05,2017,H,H,0.38837462800006217,0.28531459450552227,0.32631077749441556,2.37,3.39,3.2,H,2.37,True,137.0
2018-05-05,2017,D,A,0.3454265188684347,0.2883716121859397,0.3662018689456256,2.89,3.29,2.62,A,2.62,False,-100.0
2018-05-05,2017,A,H,0.443523335767204,0.24004814827923515,0.31642851595356086,2.25,3.5,3.39,H,2.25,False,-100.0
2018-05-05,2017,H,H,0.44912002780072163,0.3064764858654887,0.24440348633378975,2.1,3.6,3.7,H,2.1,True,110.00000000000001
2018-05-06,2017,H,H,0.4679328371090805,0.2697557148361968,0.2623114480547227,2.25,3.6,3.29,H,2.25,True,125.0
2018-05-06,2017,D,H,0.7761713334094678,0.1241857927388265,0.09964287385170573,1.08,13.0,34.0,H,1.08,False,-100.0
2018-05-06,2017,H,H,0.6436737184178001,0.22650995954598543,0.12981632203621446,1.57,4.2,6.5,H,1.57,True,57.00000000000001
2018-05-08,2017,A,A,0.34054831208819797,0.26648770402827154,0.39296398388353043,3.1,3.25,2.54,A,2.54,True,154.0
2018-05-09,2017,H,H,0.699270313107278,0.21105383026367477,0.08967585662904724,1.18,8.5,17.0,H,1.18,True,17.999999999999993
2018-05-09,2017,H,H,0.7521868145013187,0.18279250832275137,0.06502067717592992,1.12,10.0,27.0,H,1.12,True,12.00000000000001
2018-05-09,2017,H,H,0.45352609353984086,0.23652030710041827,0.3099535993597408,3.75,3.79,2.0,H,3.75,True,275.0
2018-05-09,2017,D,H,0.7110470676369487,0.19044790540826406,0.09850502695478729,1.16,8.5,19.0,H,1.16,False,-100.0
2018-05-10,2017,D,A,0.25782581890472783,0.2160707255199765,0.5261034555752957,4.75,3.79,1.8,A,1.8,False,-100.0
2018-05-13,2017,H,H,0.7129967790569166,0.17346076101811522,0.11354245992496809,1.19,8.0,15.0,H,1.19,True,18.999999999999993
2018-05-13,2017,H,H,0.544172188850066,0.28041384931813756,0.17541396183179647,1.39,5.25,8.5,H,1.39,True,38.99999999999999
2018-05-13,2017,A,H,0.4347059942683588,0.24859025200065132,0.3167037537309898,2.14,3.5,3.6,H,2.14,False,-100.0
2018-05-13,2017,H,H,0.5467306740297567,0.2269119385885945,0.2263573873816487,1.8,3.79,4.75,H,1.8,True,80.0
2018-05-13,2017,A,A,0.24624465592758046,0.20363351975113633,0.5501218243212832,6.0,4.33,1.6,A,1.6,True,60.00000000000001
2018-05-13,2017,H,H,0.5600278709489867,0.19681480826446285,0.2431573207865505,1.33,6.0,9.0,H,1.33,True,33.00000000000001
2018-05-13,2017,A,A,0.2398209672465245,0.2819209522745892,0.47825808047888624,9.0,5.0,1.39,A,1.39,True,38.99999999999999
2018-05-13,2017,A,A,0.35428664014868966,0.28565807095526513,0.36005528889604527,1.9,3.79,4.2,A,4.2,True,320.0
2018-05-13,2017,H,H,0.433712310906671,0.28687157033934424,0.2794161187539847,2.45,3.5,3.0,H,2.45,True,145.00000000000003
2018-05-13,2017,H,A,0.36705394139145725,0.2325778585549474,0.40036820005359536,6.5,4.2,1.6,A,1.6,False,-100.0
2018-08-10,2018,H,H,0.5330781535786161,0.23183948535755416,0.2350823610638297,1.57,3.9,7.5,H,1.57,True,57.00000000000001
2018-08-11,2018,D,H,0.4148298118187557,0.31162218366546707,0.27354800451577727,2.37,3.3,3.3,H,2.37,False,-100.0
2018-08-11,2018,H,H,0.3866125218667646,0.3004556874983912,0.3129317906348442,1.9,3.6,4.5,H,1.9,True,89.99999999999999
2018-08-11,2018,A,H,0.384384779286435,0.28690333973980436,0.32871188097376064,2.5,3.4,3.0,H,2.5,False,-100.0
2018-08-11,2018,A,A,0.15137527339438572,0.21445448842272105,0.6341702381828932,6.5,4.0,1.61,A,1.61,True,61.00000000000001
2018-08-11,2018,A,H,0.4081890036748404,0.27237582105320784,0.31943517527195175,3.9,3.5,2.04,H,3.9,False,-100.0
2018-08-11,2018,H,H,0.46897102773160126,0.26645215796537447,0.2645768143030242,2.37,3.2,3.4,H,2.37,True,137.0
2018-08-12,2018,A,H,0.3812206086746661,0.28248261779855494,0.336296773526779,4.0,3.8,1.95,H,4.0,False,-100.0
2018-08-12,2018,D,H,0.4594953533994861,0.24137249994760301,0.29913214665291094,1.85,3.5,5.0,H,1.85,False,-100.0
2018-08-12,2018,H,H,0.6462838103250116,0.25169968307724955,0.10201650659773885,1.25,6.5,14.0,H,1.25,True,25.0
2018-08-18,2018,H,H,0.5615227500672583,0.2763767059783318,0.1621005439544099,1.28,6.0,12.0,H,1.28,True,28.000000000000004
2018-08-18,2018,A,H,0.42267330915098866,0.2878965132245265,0.2894301776244849,2.1,3.6,3.7,H,2.1,False,-100.0
2018-08-18,2018,H,H,0.3630142795927256,0.27847788097543197,0.35850783943184245,2.04,3.5,3.9,H,2.04,True,104.0
2018-08-18,2018,D,A,0.3608745751898614,0.2580313646196816,0.3810940601904571,3.25,3.1,2.54,A,2.54,False,-100.0
2018-08-18,2018,H,H,0.5229890317049356,0.2457230883602529,0.23128787993481148,1.8,4.0,4.5,H,1.8,True,80.0
2018-08-18,2018,H,H,0.4549080684175661,0.2872837044041932,0.25780822717824076,1.9,3.5,4.75,H,1.9,True,89.99999999999999
2018-08-19,2018,H,A,0.25702209245027935,0.22006433595191033,0.5229135715978104,5.5,3.6,1.75,A,1.75,False,-100.0
2018-08-19,2018,A,H,0.45605345481457454,0.23792820387801794,0.3060183413074075,2.45,3.1,3.4,H,2.45,False,-100.0
2018-08-19,2018,H,H,0.7314658224589689,0.23314463816878572,0.03538953937224539,1.1,13.0,26.0,H,1.1,True,10.000000000000009
2018-08-20,2018,A,A,0.1520458969320095,0.2185006029142574,0.6294535001537331,7.0,5.0,1.44,A,1.44,True,43.99999999999999
2018-08-25,2018,D,H,0.5286581164923124,0.21845571283344115,0.25288617067424646,2.37,3.0,3.7,H,2.37,False,-100.0
2018-08-25,2018,H,H,0.5407771640765855,0.24233543385072,0.21688740207269452,1.36,5.5,9.0,H,1.36,True,36.00000000000001
2018-08-25,2018,D,H,0.46395428567679503,0.2771228553277492,0.2589228589954557,2.62,3.6,2.75,H,2.62,False,-100.0
2018-08-25,2018,D,A,0.1630617836983169,0.39292697332030496,0.4440112429813781,11.0,6.5,1.28,A,1.28,False,-100.0
2018-08-25,2018,H,H,0.7709099993038837,0.20456335327556663,0.024526647420549677,1.16,8.5,19.0,H,1.16,True,15.999999999999993
2018-08-25,2018,A,H,0.44600710439534336,0.2502193084930352,0.30377358711162145,2.45,3.2,3.25,H,2.45,False,-100.0
2018-08-26,2018,H,H,0.44569020330209574,0.29875652765584865,0.25555326904205566,2.0,3.4,4.33,H,2.0,True,100.0
2018-08-26,2018,A,A,0.26699497831219915,0.2297393774238039,0.503265644263997,5.75,4.0,1.66,A,1.66,True,65.99999999999999
2018-08-26,2018,H,H,0.44190421095624793,0.263716154164569,0.2943796348791831,2.6,3.25,3.0,H,2.6,True,160.0
2018-08-27,2018,A,H,0.35028137641825124,0.3006033749962178,0.34911524858553095,2.62,3.3,2.9,H,2.62,False,-100.0
2018-09-01,2018,D,A,0.27507720459757506,0.26923403536192597,0.455688760040499,2.3,3.4,3.4,A,3.4,False,-100.0
2018-09-01,2018,A,H,0.39599698693077134,0.3021596420791563,0.30184337099007236,2.0,3.5,4.2,H,2.0,False,-100.0
2018-09-01,2018,A,H,0.4292597070253279,0.2513849385857712,0.3193553543889009,2.6,3.4,2.87,H,2.6,False,-100.0
2018-09-01,2018,H,H,0.6554832385276793,0.21224311059855663,0.13227365087376405,1.3,6.0,11.0,H,1.3,True,30.000000000000004
2018-09-01,2018,H,H,0.6742331268821983,0.18012184318944893,0.14564502992835274,1.11,11.0,26.0,H,1.11,True,11.00000000000001
2018-09-01,2018,A,A,0.1489638723145523,0.27728467100291837,0.5737514566825294,7.5,5.0,1.44,A,1.44,True,43.99999999999999
2018-09-01,2018,D,H,0.6948325659588592,0.2021370849725477,0.10303034906859297,1.53,4.2,7.5,H,1.53,False,-100.0
2018-09-02,2018,H,A,0.2501135543143868,0.2516573075319454,0.49822913815366787,5.5,4.2,1.64,A,1.64,False,-100.0
2018-09-02,2018,A,A,0.3108669232047319,0.2424553185545745,0.4466777582406936,6.0,3.75,1.7,A,1.7,True,70.0
2018-09-02,2018,A,A,0.26168941148675456,0.24188205045610137,0.49642853805714404,6.5,4.33,1.57,A,1.57,True,57.00000000000001
2018-09-15,2018,H,H,0.7175981758446467,0.16780825522033457,0.11459356893501871,1.12,10.0,26.0,H,1.12,True,12.00000000000001
2018-09-15,2018,H,H,0.48890309909672247,0.23508127225157935,0.27601562865169826,2.45,3.5,3.0,H,2.45,True,145.00000000000003
2018-09-15,2018,H,H,0.6819294513413077,0.20934357780137194,0.1087269708573203,1.18,8.0,19.0,H,1.18,True,17.999999999999993
2018-09-15,2018,A,H,0.38280250558756174,0.2484872027414583,0.36871029167097996,3.3,3.1,2.5,H,3.3,False,-100.0
2018-09-15,2018,A,A,0.3351149682487579,0.2544159022761894,0.4104691294750527,4.2,3.8,1.9,A,1.9,True,89.99999999999999
2018-09-15,2018,A,A,0.3257035202886332,0.29471448741763634,0.37958199229373046,3.0,3.6,2.4,A,2.4,True,140.0
2018-09-15,2018,A,A,0.3587911094314736,0.24716506673697233,0.3940438238315542,4.33,3.6,1.95,A,1.95,True,95.0
2018-09-16,2018,A,H,0.416582950207318,0.28629823525672027,0.2971188145359616,2.0,3.75,3.9,H,2.0,False,-100.0
2018-09-16,2018,H,H,0.43150025122361263,0.257420171987921,0.31107957678846637,1.75,3.6,5.75,H,1.75,True,75.0
2018-09-17,2018,D,H,0.6578357825862895,0.21545247458531022,0.12671174282840028,2.1,3.4,3.9,H,2.1,False,-100.0
2018-09-22,2018,H,A,0.35361939352176036,0.2849305162685291,0.3614500902097106,3.0,3.4,2.5,A,2.5,False,-100.0
2018-09-22,2018,D,H,0.5017243008751756,0.2831493659820103,0.21512633314281407,2.14,3.4,3.75,H,2.14,False,-100.0
2018-09-22,2018,A,A,0.15400136526272853,0.18590037058054343,0.6600982641567281,23.0,8.0,1.16,A,1.16,True,15.999999999999993
2018-09-22,2018,A,A,0.3520047907439887,0.2518134491083788,0.3961817601476325,5.0,4.0,1.75,A,1.75,True,75.0
2018-09-22,2018,D,H,0.3765772425562239,0.313386741954376,0.31003601548940013,2.54,3.5,2.9,H,2.54,False,-100.0
2018-09-22,2018,H,H,0.6058887878926135,0.24591900967087585,0.14819220243651074,1.61,4.0,6.5,H,1.61,True,61.00000000000001
2018-09-22,2018,H,H,0.5944405817976183,0.21946434479638569,0.18609507340599607,1.2,7.5,17.0,H,1.2,True,19.999999999999996
2018-09-22,2018,D,H,0.5796342160089836,0.2213460911518066,0.19901969283920987,1.57,4.33,6.5,H,1.57,False,-100.0
2018-09-23,2018,H,H,0.5713275707081665,0.19791927752329966,0.2307531517685338,1.44,5.0,7.5,H,1.44,True,43.99999999999999
2018-09-23,2018,D,A,0.158928662374144,0.32553949927327563,0.5155318383525804,6.0,4.5,1.57,A,1.57,False,-100.0
2018-09-29,2018,A,A,0.33371460093481087,0.23021447547508397,0.4360709235901052,8.5,4.5,1.44,A,1.44,True,43.99999999999999
2018-09-29,2018,H,H,0.5130801054610855,0.2693945799461675,0.21752531459274693,1.44,5.1,7.0,H,1.44,True,43.99999999999999
2018-09-29,2018,D,H,0.35442386575831053,0.32541337795858677,0.3201627562831027,2.8,3.6,2.54,H,2.8,False,-100.0
2018-09-29,2018,H,H,0.5027545145233361,0.23837977471266045,0.2588657107640035,1.75,4.2,4.75,H,1.75,True,75.0
2018-09-29,2018,A,A,0.35012838871154517,0.244806391246165,0.4050652200422898,2.6,3.3,3.0,A,3.0,True,200.0
2018-09-29,2018,H,H,0.7099579958757593,0.19379203563798883,0.09624996848625199,1.1,12.0,34.0,H,1.1,True,10.000000000000009
2018-09-29,2018,H,A,0.2829496073590661,0.23060914097060117,0.4864412516703327,4.5,3.8,1.85,A,1.85,False,-100.0
2018-09-29,2018,H,H,0.4046397095343219,0.2551869385939603,0.3401733518717178,1.8,3.6,5.25,H,1.8,True,80.0
2018-09-30,2018,A,H,0.46946794959673505,0.2826999801856953,0.24783207021756967,2.62,3.0,3.2,H,2.62,False,-100.0
2018-10-01,2018,H,H,0.38037138225246486,0.2899131691543895,0.3297154485931456,2.25,3.5,3.4,H,2.25,True,125.0
2018-10-05,2018,H,H,0.3528893061084853,0.31082560180288804,0.3362850920886266,2.7,3.3,2.87,H,2.7,True,170.00000000000003
2018-10-06,2018,A,H,0.4877126655641017,0.2403145994930592,0.27197273494283913,2.14,3.6,3.5,H,2.14,False,-100.0
2018-10-06,2018,H,H,0.6616466417160002,0.21346703628178998,0.1248863220022099,1.22,7.0,15.0,H,1.22,True,21.999999999999996
2018-10-06,2018,A,H,0.4827000438705005,0.23852582554861287,0.2787741305808866,2.2,3.4,3.6,H,2.2,False,-100.0
2018-10-06,2018,D,H,0.37173116500069264,0.2918938867092051,0.33637494829010234,2.14,3.1,4.2,H,2.14,False,-100.0
2018-10-06,2018,A,H,0.4694719069206397,0.2625358522095635,0.2679922408697968,3.0,3.2,2.62,H,3.0,False,-100.0
2018-10-06,2018,H,H,0.6695106511002259,0.2173936353121617,0.11309571358761254,1.44,4.5,9.0,H,1.44,True,43.99999999999999
2018-10-07,2018,A,A,0.23143933357496302,0.2154176843027126,0.5531429821223244,6.0,4.1,1.61,A,1.61,True,61.00000000000001
2018-10-07,2018,A,A,0.1343423520871653,0.28108340346627575,0.5845742444465589,5.25,4.33,1.66,A,1.66,True,65.99999999999999
2018-10-07,2018,D,A,0.37391600297930316,0.21986580173578743,0.4062181952849094,2.54,3.6,2.8,A,2.8,False,-100.0
2018-10-20,2018,D,H,0.48723334599886386,0.2466414081796994,0.2661252458214367,2.04,3.7,3.75,H,2.04,False,-100.0
2018-10-20,2018,H,H,0.389767549802684,0.24052761863036387,0.36970483156695205,2.5,3.5,2.95,H,2.5,True,150.0
2018-10-20,2018,D,H,0.5979743146529924,0.23371212299312585,0.1683135623538817,1.75,3.8,5.25,H,1.75,False,-100.0
2018-10-20,2018,A,A,0.127831284977745,0.20323173960319396,0.6689369754190609,11.0,5.5,1.33,A,1.33,True,33.00000000000001
2018-10-20,2018,H,H,0.685713176113249,0.23665413051122094,0.07763269337553008,1.08,13.0,34.0,H,1.08,True,8.000000000000007
2018-10-20,2018,A,H,0.42854424929699525,0.27592159729347854,0.2955341534095263,2.2,3.25,3.8,H,2.2,False,-100.0
2018-10-20,2018,A,A,0.3412861506858637,0.2877116122068168,0.37100223710731944,4.1,3.9,1.9,A,1.9,True,89.99999999999999
2018-10-20,2018,A,H,0.5233642186406455,0.2713204798342999,0.2053153015250547,1.75,3.75,5.25,H,1.75,False,-100.0
2018-10-21,2018,H,H,0.4540647687778756,0.23453578422002908,0.31139944700209526,1.85,3.6,4.75,H,1.85,True,85.00000000000001
2018-10-22,2018,H,H,0.6455402257372461,0.19769315669830556,0.15676661756444824,1.53,4.5,6.5,H,1.53,True,53.0
2018-10-27,2018,H,H,0.38533002520286014,0.3042418335777454,0.3104281412193945,3.2,3.2,2.5,H,3.2,True,220.00000000000003
2018-10-27,2018,D,H,0.40391553222158455,0.2624758060126749,0.33360866176574056,2.1,3.5,3.8,H,2.1,False,-100.0
2018-10-27,2018,A,H,0.4409287860350995,0.29669001407848267,0.2623811998864179,2.9,3.75,2.4,H,2.9,False,-100.0
2018-10-27,2018,H,H,0.6838073396257472,0.22377804629744424,0.0924146140768085,1.11,11.0,26.0,H,1.11,True,11.00000000000001
2018-10-27,2018,D,H,0.502838302287793,0.2757514556380161,0.22141024207419088,2.1,3.4,3.9,H,2.1,False,-100.0
2018-10-27,2018,H,H,0.39364971122904535,0.27417852842765944,0.3321717603432952,1.75,3.75,5.25,H,1.75,True,75.0
2018-10-28,2018,H,H,0.4329875135437144,0.2525292323516396,0.31448325410464606,1.72,3.9,5.25,H,1.72,True,72.0
2018-10-28,2018,D,A,0.29172364973496395,0.2768235131458753,0.43145283711916077,4.75,4.1,1.75,A,1.75,False,-100.0
2018-10-28,2018,A,A,0.1564809984407155,0.192488773551884,0.6510302280074004,11.0,5.0,1.36,A,1.36,True,36.00000000000001
2018-10-29,2018,A,H,0.4063743949046635,0.21006788937682688,0.38355771571850955,4.75,4.1,1.75,H,4.75,False,-100.0
2018-11-03,2018,A,H,0.3819234666971438,0.26112036898913726,0.35695616431371907,3.1,3.4,2.45,H,3.1,False,-100.0
2018-11-03,2018,H,H,0.6046390991767586,0.25061346191725337,0.14474743890598799,1.75,3.75,5.25,H,1.75,True,75.0
2018-11-03,2018,H,H,0.4208670571448649,0.2650476146123671,0.314085328242768,2.75,3.25,2.8,H,2.75,True,175.0
2018-11-03,2018,H,H,0.6711965947554782,0.2146855597775729,0.11411784546694904,1.61,4.0,6.5,H,1.61,True,61.00000000000001
2018-11-03,2018,A,H,0.35629909620712086,0.321675560777372,0.3220253430155071,3.8,3.4,2.14,H,3.8,False,-100.0
2018-11-03,2018,A,A,0.2942203131491685,0.25999274772105124,0.4457869391297802,3.6,3.7,2.1,A,2.1,True,110.00000000000001
2018-11-03,2018,D,H,0.42990825043554626,0.21295407700752575,0.357137672556928,3.9,3.9,1.95,H,3.9,False,-100.0
2018-11-04,2018,H,H,0.6711095291159115,0.22496108694160974,0.10392938394247879,1.25,6.75,13.0,H,1.25,True,25.0
2018-11-04,2018,H,H,0.72150188637031,0.17791253621673253,0.10058557741295747,1.11,11.0,29.0,H,1.11,True,11.00000000000001
2018-11-05,2018,H,H,0.5231257510311497,0.2508291652232649,0.22604508374558532,2.3,3.5,3.3,H,2.3,True,129.99999999999997
2018-11-10,2018,D,H,0.5042847510675181,0.24377871481484395,0.2519365341176379,3.4,3.25,2.35,H,3.4,False,-100.0
2018-11-10,2018,A,A,0.25748911863776675,0.30374023575724735,0.43877064560498596,4.5,3.75,1.85,A,1.85,True,85.00000000000001
2018-11-10,2018,H,H,0.39616536395599705,0.35306402537158815,0.25077061067241474,2.6,3.1,3.1,H,2.6,True,160.0
2018-11-10,2018,H,H,0.4129625638357594,0.25958654877188686,0.3274508873923537,2.9,3.4,2.6,H,2.9,True,190.0
2018-11-10,2018,D,H,0.4442517144825842,0.2597614116305477,0.295986873886868,2.5,3.3,3.1,H,2.5,False,-100.0
2018-11-10,2018,D,H,0.6343683770694625,0.23055535892789822,0.13507626400263936,1.5,4.33,8.0,H,1.5,False,-100.0
2018-11-11,2018,D,H,0.5237086990449443,0.23521871804893787,0.24107258290611777,1.66,4.2,5.25,H,1.66,False,-100.0
2018-11-11,2018,D,H,0.5507015168119888,0.23671701808962164,0.2125814650983897,1.4,5.25,8.5,H,1.4,False,-100.0
2018-11-11,2018,H,H,0.7715492469679012,0.12636556862242973,0.10208518440966911,1.11,11.0,26.0,H,1.11,True,11.00000000000001
2018-11-11,2018,H,H,0.5775801736535019,0.2547421710308797,0.16767765531561843,1.4,5.25,8.5,H,1.4,True,39.99999999999999
2018-11-24,2018,H,A,0.2642078046494935,0.2936038371875611,0.4421883581629454,2.8,3.5,2.6,A,2.6,False,-100.0
2018-11-24,2018,A,A,0.17652772065025782,0.15040396814970183,0.6730683112000403,13.0,6.5,1.25,A,1.25,True,25.0
2018-11-24,2018,D,H,0.6190615032916053,0.19309407679753213,0.18784441991086256,1.4,5.25,8.0,H,1.4,False,-100.0
2018-11-24,2018,A,A,0.3036087225636532,0.25472069742324055,0.4416705800131062,6.5,4.33,1.55,A,1.55,True,55.00000000000001
2018-11-24,2018,H,H,0.5973662679330416,0.22565024693202793,0.17698348513493048,1.4,5.0,9.0,H,1.4,True,39.99999999999999
2018-11-24,2018,D,H,0.40917221376348484,0.27735204525014073,0.31347574098637443,2.9,3.4,2.6,H,2.9,False,-100.0
2018-11-24,2018,H,H,0.5038355552781405,0.26721663371972976,0.2289478110021297,2.62,3.5,2.8,H,2.62,True,162.0
2018-11-25,2018,A,H,0.5387454388365689,0.2420990234000099,0.2191555377634212,1.5,4.33,8.0,H,1.5,False,-100.0
2018-11-25,2018,A,A,0.3710320417139375,0.24495028576544808,0.38401767252061436,3.5,3.75,1.95,A,1.95,True,95.0
2018-11-26,2018,A,H,0.42840659107167717,0.22750140973409905,0.34409199919422373,2.9,3.2,2.75,H,2.9,False,-100.0
2018-11-30,2018,H,H,0.3971834513094115,0.26980981810378085,0.3330067305868076,3.8,3.25,2.2,H,3.8,True,280.0
2018-12-01,2018,H,H,0.5416530763493368,0.2057649266999697,0.25258199695069355,1.61,3.9,6.5,H,1.61,True,61.00000000000001
2018-12-01,2018,A,H,0.48284897224957657,0.30434216420213317,0.2128088635482903,2.5,3.0,3.4,H,2.5,False,-100.0
2018-12-01,2018,H,H,0.49762838108426416,0.2471649322744415,0.25520668664129437,2.25,3.3,3.6,H,2.25,True,125.0
2018-12-01,2018,H,H,0.6868745141756633,0.21673605947684463,0.09638942634749213,1.11,11.0,26.0,H,1.11,True,11.00000000000001
2018-12-01,2018,A,H,0.35620311096867024,0.30085962823480056,0.3429372607965293,2.5,3.3,3.1,H,2.5,False,-100.0
2018-12-01,2018,D,H,0.3576160736962868,0.3072448194481901,0.3351391068555231,4.33,3.6,1.95,H,4.33,False,-100.0
2018-12-02,2018,H,H,0.6014360595523064,0.22859381969736212,0.16997012075033147,1.4,5.0,9.0,H,1.4,True,39.99999999999999
2018-12-02,2018,H,H,0.7262401148284279,0.19931534951683946,0.07444453565473269,1.18,8.0,17.0,H,1.18,True,17.999999999999993
2018-12-02,2018,H,H,0.473321840576954,0.2642079028465159,0.26247025657653017,2.62,3.6,2.75,H,2.62,True,162.0
2018-12-04,2018,H,H,0.5806721677364334,0.23213381239078124,0.1871940198727855,1.66,3.8,6.0,H,1.66,True,65.99999999999999
2018-12-04,2018,H,H,0.4774695851790141,0.26795918534558794,0.25457122947539795,3.0,3.1,2.7,H,3.0,True,200.0
2018-12-04,2018,A,A,0.1543766614911647,0.2597775482078421,0.5858457903009933,11.0,6.0,1.3,A,1.3,True,30.000000000000004
2018-12-04,2018,H,H,0.47604522031349267,0.2305677605415136,0.2933870191449937,1.66,4.0,5.75,H,1.66,True,65.99999999999999
2018-12-05,2018,H,H,0.5340074428769944,0.21381761395380916,0.2521749431691964,1.36,5.25,9.5,H,1.36,True,36.00000000000001
2018-12-05,2018,D,H,0.3785557602719249,0.273585776766455,0.34785846296162015,2.45,3.5,3.0,H,2.45,False,-100.0
2018-12-05,2018,H,A,0.15499656736015321,0.2786053879779005,0.5663980446619462,5.0,3.75,1.8,A,1.8,False,-100.0
2018-12-05,2018,D,H,0.5070413334257541,0.24790083363330187,0.24505783294094416,1.6,4.0,6.5,H,1.6,False,-100.0
2018-12-05,2018,A,A,0.15784055601718808,0.21688372836566802,0.6252757156171439,14.0,5.75,1.28,A,1.28,True,28.000000000000004
2018-12-05,2018,D,H,0.45884985863940025,0.2930014258465569,0.24814871551404283,3.0,3.5,2.45,H,3.0,False,-100.0
2018-12-08,2018,H,H,0.5971395244388165,0.24919561964049328,0.15366485592069035,1.28,6.0,12.0,H,1.28,True,28.000000000000004
2018-12-08,2018,A,A,0.2890735128199238,0.25231816124148254,0.45860832593859363,5.75,4.5,1.6,A,1.6,True,60.00000000000001
2018-12-08,2018,H,H,0.48052356366880683,0.2745232470770891,0.244953189254104,2.9,3.2,2.75,H,2.9,True,190.0
2018-12-08,2018,H,H,0.3943497439761348,0.23021288962851075,0.37543736639535435,2.9,3.25,2.7,H,2.9,True,190.0
2018-12-08,2018,H,A,0.3517303888069661,0.26960194643534824,0.37866766475768565,4.0,3.8,1.95,A,1.95,False,-100.0
2018-12-08,2018,H,H,0.5123984091825756,0.21215363415579183,0.2754479566616325,1.33,5.75,10.0,H,1.33,True,33.00000000000001
2018-12-08,2018,A,A,0.34160850335861226,0.24141788780324,0.41697360883814777,3.8,3.75,2.0,A,2.0,True,100.0
2018-12-08,2018,H,H,0.47636077129673154,0.2607892363460205,0.2628499923572479,2.3,3.4,3.4,H,2.3,True,129.99999999999997
2018-12-09,2018,A,H,0.4368609292993284,0.26129936735438314,0.3018397033462885,2.9,3.2,2.7,H,2.9,False,-100.0
2018-12-10,2018,D,H,0.4841133543615681,0.2568732441668083,0.2590134014716236,1.8,3.75,5.0,H,1.8,False,-100.0
2018-12-15,2018,H,H,0.41738820052875863,0.2999819874042223,0.28262981206701904,1.95,3.6,4.33,H,1.95,True,95.0
2018-12-15,2018,H,H,0.5380206555012871,0.22394844442911088,0.23803090006960195,2.62,3.2,3.0,H,2.62,True,162.0
2018-12-15,2018,A,A,0.3671248767357753,0.2570142291332903,0.3758608941309343,2.9,3.6,2.5,A,2.5,True,150.0
2018-12-15,2018,A,H,0.4732646154912876,0.2709426222399378,0.2557927622687746,2.6,3.1,3.1,H,2.6,False,-100.0
2018-12-15,2018,H,H,0.7105644432425757,0.18861684000093124,0.10081871675649307,1.22,7.5,13.0,H,1.22,True,21.999999999999996
2018-12-15,2018,H,H,0.6940224786089516,0.20106024180100093,0.10491727959004736,1.18,8.0,19.0,H,1.18,True,17.999999999999993
2018-12-15,2018,H,H,0.4839074093880271,0.23587320997734693,0.280219380634626,1.64,3.9,6.0,H,1.64,True,63.99999999999999
2018-12-16,2018,A,A,0.3226779295523503,0.23390867792766223,0.4434133925199875,7.5,4.5,1.5,A,1.5,True,50.0
2018-12-16,2018,H,H,0.4065163759390486,0.23785615601569932,0.3556274680452521,4.1,3.9,1.9,H,4.1,True,309.99999999999994
2018-12-16,2018,H,H,0.647763826478428,0.2242832636194686,0.12795290990210342,1.57,4.5,6.0,H,1.57,True,57.00000000000001
2018-12-21,2018,A,A,0.3547025855940595,0.24767521405648388,0.39762220034945667,7.0,4.0,1.57,A,1.57,True,57.00000000000001
2018-12-22,2018,H,H,0.5757314499124843,0.3175162013313654,0.1067523487561504,1.25,6.5,15.0,H,1.25,True,25.0
2018-12-22,2018,H,H,0.5712907028683111,0.23075014169446714,0.19795915543722176,1.9,3.7,4.33,H,1.9,True,89.99999999999999
2018-12-22,2018,A,A,0.28715566145578425,0.2376838647078752,0.4751604738363406,6.5,4.2,1.57,A,1.57,True,57.00000000000001
2018-12-22,2018,A,H,0.4628664481773284,0.27296510038681415,0.2641684514358575,1.33,5.5,11.0,H,1.33,False,-100.0
2018-12-22,2018,A,H,0.39054706899118324,0.2977088522803155,0.31174407872850124,3.1,3.1,2.6,H,3.1,False,-100.0
2018-12-22,2018,A,H,0.7009203009190447,0.1923589152219388,0.10672078385901651,1.14,10.0,21.0,H,1.14,False,-100.0
2018-12-22,2018,D,H,0.41488450040221864,0.301167633849086,0.28394786574869535,2.0,3.6,4.0,H,2.0,False,-100.0
2018-12-22,2018,A,H,0.49820718185754603,0.23702243936397957,0.26477037877847437,2.37,3.5,3.1,H,2.37,False,-100.0
2018-12-23,2018,A,H,0.4002983438631749,0.27200672871480197,0.32769492742202316,3.25,3.5,2.3,H,3.25,False,-100.0
2018-12-26,2018,D,A,0.28095020324045733,0.28858821088117653,0.4304615858783662,3.25,3.4,2.37,A,2.37,False,-100.0
2018-12-26,2018,A,A,0.3598535970292971,0.2686021940668976,0.37154420890380524,4.33,3.5,1.95,A,1.95,True,95.0
2018-12-26,2018,D,H,0.5174593724446047,0.23920089237616557,0.24333973517922977,1.66,4.0,5.75,H,1.66,False,-100.0
2018-12-26,2018,H,H,0.7270854552152174,0.18733621908295006,0.08557832570183249,1.16,8.5,19.0,H,1.16,True,15.999999999999993
2018-12-26,2018,D,A,0.30731284728066594,0.2700339936890934,0.42265315903024064,5.25,3.9,1.72,A,1.72,False,-100.0
2018-12-26,2018,H,H,0.6559264480737546,0.21768614661162264,0.1263874053146228,1.25,6.5,15.0,H,1.25,True,25.0
2018-12-26,2018,H,H,0.6266357035123284,0.18710880101257524,0.18625549547509626,1.36,5.5,9.0,H,1.36,True,36.00000000000001
2018-12-26,2018,H,A,0.16164024501335897,0.2673151467861783,0.5710446082004627,9.5,5.25,1.36,A,1.36,False,-100.0
2018-12-26,2018,A,A,0.21130462722335439,0.31369012208399105,0.47500525069265453,5.25,3.8,1.75,A,1.75,True,75.0
2018-12-27,2018,A,H,0.4403988671462192,0.27447097939940585,0.2851301534543749,2.3,3.5,3.3,H,2.3,False,-100.0
2018-12-29,2018,A,H,0.6388344033554981,0.2018634061608543,0.1593021904836475,1.33,5.0,8.5,H,1.33,False,-100.0
2018-12-29,2018,H,H,0.6720020971239012,0.19379604328811298,0.1342018595879859,1.5,4.5,5.75,H,1.5,True,50.0
2018-12-29,2018,D,H,0.5518623642372437,0.2366654561369569,0.21147217962579948,1.85,3.6,4.0,H,1.85,False,-100.0
2018-12-29,2018,H,H,0.5660498075371874,0.23008513414617482,0.2038650583166378,2.0,3.4,3.75,H,2.0,True,100.0
2018-12-29,2018,H,A,0.3426791714937069,0.25857877652263245,0.3987420519836606,3.25,3.4,2.14,A,2.14,False,-100.0
2018-12-29,2018,A,H,0.549747164256271,0.23913200265913628,0.21112083308459273,1.55,4.0,6.0,H,1.55,False,-100.0
2018-12-30,2018,H,H,0.4953948576745446,0.23943708772652073,0.2651680545989346,3.3,3.2,2.25,H,3.3,True,229.99999999999997
2018-12-30,2018,A,A,0.14707344232141695,0.29278886864394327,0.5601376890346398,4.75,4.0,1.66,A,1.66,True,65.99999999999999
2018-12-30,2018,H,H,0.5760840241338089,0.29346516954789387,0.13045080631829728,1.33,4.75,10.0,H,1.33,True,33.00000000000001
2018-12-30,2018,A,A,0.19074848496440178,0.2696945206554149,0.5395569943801833,10.0,5.25,1.3,A,1.3,True,30.000000000000004
2019-01-01,2018,A,H,0.43956328575192266,0.24217013382807182,0.3182665804200056,2.0,3.5,4.2,H,2.0,False,-100.0
2019-01-01,2018,A,A,0.24832463747756087,0.242540801062057,0.5091345614603822,7.5,4.5,1.5,A,1.5,True,50.0
2019-01-01,2018,H,H,0.5893495830201712,0.17896840358267072,0.23168201339715822,1.33,5.75,9.5,H,1.33,True,33.00000000000001
2019-01-02,2018,D,H,0.4954934926552002,0.23698252609865808,0.26752398124614163,1.95,3.75,4.0,H,1.95,False,-100.0
2019-01-02,2018,A,H,0.425733734131682,0.2669507740420326,0.3073154918262855,2.0,3.4,4.33,H,2.0,False,-100.0
2019-01-02,2018,A,A,0.3153450529301273,0.23508060232893654,0.4495743447409361,6.0,4.2,1.61,A,1.61,True,61.00000000000001
2019-01-02,2018,A,H,0.43291765394439113,0.26969494126514965,0.2973874047904593,2.14,3.1,4.2,H,2.14,False,-100.0
2019-01-02,2018,D,H,0.5815126359734415,0.25813989079505606,0.1603474732315024,1.28,6.5,11.0,H,1.28,False,-100.0
2019-01-02,2018,D,H,0.385064314329143,0.2954399925263111,0.3194956931445459,2.6,3.6,2.75,H,2.6,False,-100.0
2019-01-03,2018,H,H,0.5627883002899349,0.19700635747396888,0.24020534223609616,2.04,3.8,3.6,H,2.04,True,104.0
2019-01-12,2018,H,A,0.3062757099101017,0.2829461482075652,0.4107781418823331,3.5,4.0,2.05,A,2.05,False,-100.0
2019-01-12,2018,A,A,0.06096904456562608,0.21073031574243073,0.7283006396919433,11.0,6.0,1.3,A,1.3,True,30.000000000000004
2019-01-12,2018,H,H,0.4032760455756113,0.26348506694365925,0.33323888748072933,2.4,3.3,3.25,H,2.4,True,140.0
2019-01-12,2018,D,H,0.5331606752220353,0.22166094025430205,0.24517838452366267,2.25,3.25,3.6,H,2.25,False,-100.0
2019-01-12,2018,H,H,0.6950849690972697,0.20788690989335745,0.0970281210093728,1.22,7.0,15.0,H,1.22,True,21.999999999999996
2019-01-12,2018,A,H,0.593921321655453,0.22462740856096572,0.18145126978358128,2.25,3.4,3.5,H,2.25,False,-100.0
2019-01-12,2018,A,H,0.5555750944415841,0.23165911359614896,0.21276579196226694,1.95,3.5,4.33,H,1.95,False,-100.0
2019-01-13,2018,A,H,0.47377545954063427,0.24057009928865267,0.28565444117071315,2.05,3.7,3.75,H,2.05,False,-100.0
2019-01-13,2018,H,H,0.4242653972612558,0.3260135834308922,0.24972101930785204,1.75,4.0,4.8,H,1.75,True,75.0
2019-01-14,2018,H,H,0.6698436838433675,0.20806967735111825,0.12208663880551429,1.18,8.0,17.0,H,1.18,True,17.999999999999993
2019-01-19,2018,H,H,0.4051019891838068,0.27388517132127427,0.32101283949491893,2.37,3.2,3.4,H,2.37,True,137.0
2019-01-19,2018,D,H,0.5085830228467879,0.21249124905938066,0.27892572809383137,1.65,4.0,5.75,H,1.65,False,-100.0
2019-01-19,2018,H,H,0.43069778745822457,0.29828154559136194,0.27102066695041344,2.75,3.4,2.7,H,2.75,True,175.0
2019-01-19,2018,H,H,0.4516058157970309,0.24687919773190334,0.3015149864710657,1.95,3.4,4.5,H,1.95,True,95.0
2019-01-19,2018,H,H,0.6951737219195159,0.2026375694359864,0.10218870864449771,1.2,7.5,17.0,H,1.2,True,19.999999999999996
2019-01-19,2018,H,H,0.5121330092490904,0.2505901369526609,0.2372768537982486,2.37,3.7,3.0,H,2.37,True,137.0
2019-01-19,2018,H,A,0.3111412570692233,0.3067380097784203,0.3821207331523564,3.1,3.6,2.37,A,2.37,False,-100.0
2019-01-19,2018,H,H,0.5482409177614782,0.24879560779637808,0.20296347444214372,1.3,5.75,12.0,H,1.3,True,30.000000000000004
2019-01-20,2018,A,A,0.23902491342377497,0.30283085707321306,0.45814422950301203,5.25,3.8,1.75,A,1.75,True,75.0
2019-01-20,2018,A,A,0.1346107788916269,0.23573541387114905,0.6296538072372241,21.0,8.5,1.16,A,1.16,True,15.999999999999993
2019-01-29,2018,H,H,0.637587707685162,0.2563285759216977,0.10608371639314025,1.22,7.0,15.0,H,1.22,True,21.999999999999996
2019-01-29,2018,H,H,0.44964181641279916,0.24806446728537043,0.3022937163018304,2.1,3.5,3.75,H,2.1,True,110.00000000000001
2019-01-29,2018,H,A,0.14344440357074037,0.22956314340288245,0.6269924530263772,19.0,8.0,1.18,A,1.18,False,-100.0
2019-01-29,2018,D,H,0.5874630872908334,0.22642917566673418,0.18610773704243244,1.28,6.0,12.0,H,1.28,False,-100.0
2019-01-29,2018,H,H,0.4666515056443818,0.25143029492997965,0.2819181994256386,2.37,3.3,3.3,H,2.37,True,137.0
2019-01-29,2018,A,H,0.4016913207134642,0.2388461731393666,0.35946250614716924,4.0,3.3,2.1,H,4.0,False,-100.0
2019-01-30,2018,H,A,0.19454700773999808,0.20834899334422663,0.5971039989157754,5.25,4.2,1.66,A,1.66,False,-100.0
2019-01-30,2018,D,H,0.6763146375155736,0.21157922137673282,0.1121061411076935,1.22,7.0,15.0,H,1.22,False,-100.0
2019-01-30,2018,D,H,0.4350860228868476,0.2573013959978647,0.3076125811152878,2.4,3.4,3.2,H,2.4,False,-100.0
2019-01-30,2018,H,H,0.5516372363909771,0.23754908033642175,0.2108136832726011,1.66,4.0,5.75,H,1.66,True,65.99999999999999
2019-02-02,2018,D,A,0.3792165656548092,0.23965747812676585,0.381125956218425,2.55,3.3,3.0,A,3.0,False,-100.0
2019-02-02,2018,H,H,0.475296949560611,0.24432883236785827,0.2803742180715307,3.25,3.5,2.3,H,3.25,True,225.0
2019-02-02,2018,D,H,0.44788070401804597,0.28830869356725547,0.2638106024146985,2.55,3.5,2.87,H,2.55,False,-100.0
2019-02-02,2018,H,H,0.5987718997153211,0.24748286017495427,0.15374524010972465,1.44,4.5,9.0,H,1.44,True,43.99999999999999
2019-02-02,2018,H,H,0.6417700063911616,0.22710999140829438,0.131120002200544,1.2,7.5,19.0,H,1.2,True,19.999999999999996
2019-02-02,2018,A,H,0.45684280991488113,0.2549418251574687,0.28821536492765015,2.37,3.4,3.25,H,2.37,False,-100.0
2019-02-02,2018,H,H,0.515878014501702,0.25264597729631233,0.23147600820198566,2.05,3.5,4.0,H,2.05,True,104.99999999999999
2019-02-03,2018,A,A,0.3657606554897261,0.25690541951790213,0.3773339249923719,3.6,3.5,2.15,A,2.15,True,114.99999999999999
2019-02-03,2018,H,H,0.546753895830445,0.21838856173266144,0.2348575424368936,1.33,6.0,9.0,H,1.33,True,33.00000000000001
2019-02-04,2018,D,A,0.3015296918432447,0.23534133851351843,0.46312896964323685,8.0,5.25,1.4,A,1.4,False,-100.0
2019-02-06,2018,A,A,0.15993103712974915,0.24781761286551243,0.5922513500047384,10.0,6.25,1.3,A,1.3,True,30.000000000000004
2019-02-09,2018,H,A,0.3184303567750845,0.25475211900913936,0.42681752421577607,2.35,3.5,3.2,A,3.2,False,-100.0
2019-02-09,2018,A,H,0.4918627184732483,0.26687330805038084,0.24126397347637088,1.75,3.9,5.0,H,1.75,False,-100.0
2019-02-09,2018,H,H,0.7102166232694486,0.1973640460407647,0.0924193306897867,1.22,7.5,14.0,H,1.22,True,21.999999999999996
2019-02-09,2018,D,H,0.5367107684910217,0.25099206684032294,0.21229716466865525,2.1,3.5,3.75,H,2.1,False,-100.0
2019-02-09,2018,A,A,0.17747828568991364,0.272624522667872,0.5498971916422143,5.5,4.4,1.61,A,1.61,True,61.00000000000001
2019-02-09,2018,A,H,0.4998355776999351,0.23147112572719641,0.2686932965728685,2.05,3.3,4.2,H,2.05,False,-100.0
2019-02-09,2018,A,A,0.23399975854964658,0.21780693972313395,0.5481933017272195,5.75,4.4,1.6,A,1.6,True,60.00000000000001
2019-02-10,2018,H,H,0.6277523059843179,0.22159222849940496,0.15065546551627726,1.5,4.75,7.0,H,1.5,True,50.0
2019-02-10,2018,H,H,0.5151524132382129,0.23618491768250685,0.24866266907928036,1.7,3.9,5.5,H,1.7,True,70.0
2019-02-11,2018,D,H,0.4860564267444832,0.2414256794747235,0.27251789378079333,1.7,3.75,5.75,H,1.7,False,-100.0
2019-02-22,2018,H,H,0.439802481912908,0.25473420867028357,0.30546330941680844,1.95,3.8,4.0,H,1.95,True,95.0
2019-02-22,2018,A,H,0.44247561884553693,0.12483758680121633,0.4326867943532468,3.1,3.4,2.45,H,3.1,False,-100.0
2019-02-23,2018,D,H,0.38356597501689427,0.2728036517994446,0.34363037318366113,2.87,3.4,2.62,H,2.87,False,-100.0
2019-02-23,2018,H,A,0.2510859216963211,0.26922787213885774,0.4796862061648211,5.75,3.8,1.7,A,1.7,False,-100.0
2019-02-23,2018,A,H,0.570878236145392,0.2398595899035115,0.18926217395109646,2.25,3.4,3.5,H,2.25,False,-100.0
2019-02-23,2018,H,H,0.4861268404320616,0.2536831241149142,0.26019003545302416,1.83,3.5,5.25,H,1.83,True,83.0
2019-02-24,2018,H,H,0.5388791006259694,0.2257909960927735,0.23532990328125705,1.5,4.75,7.0,H,1.5,True,50.0
2019-02-24,2018,D,H,0.4616455091475296,0.25345451754246284,0.28489997331000744,3.1,3.5,2.37,H,3.1,False,-100.0
2019-02-26,2018,H,H,0.4925645784324401,0.27768349833992173,0.22975192322763816,1.9,3.5,4.6,H,1.9,True,89.99999999999999
2019-02-26,2018,H,H,0.5156789218759944,0.2313030002324675,0.25301807789153813,2.15,3.3,3.9,H,2.15,True,114.99999999999999
2019-02-26,2018,H,A,0.3454556471178806,0.21179516015746927,0.44274919272465024,5.0,3.5,1.85,A,1.85,False,-100.0
2019-02-26,2018,A,A,0.28522350694185467,0.3033813134217058,0.4113951796364395,3.75,3.4,2.15,A,2.15,True,114.99999999999999
2019-02-27,2018,H,H,0.7419149569142638,0.2204697977902196,0.037615245295516624,1.16,9.0,19.0,H,1.16,True,15.999999999999993
2019-02-27,2018,H,H,0.6802730046119473,0.21696090805144322,0.10276608733660943,1.28,6.0,12.0,H,1.28,True,28.000000000000004
2019-02-27,2018,H,H,0.4964191654876564,0.24292367316465505,0.2606571613476885,1.9,3.7,4.33,H,1.9,True,89.99999999999999
2019-02-27,2018,H,H,0.5366331338570189,0.228508310341795,0.23485855580118606,2.3,3.5,3.25,H,2.3,True,129.99999999999997
2019-02-27,2018,A,A,0.3255132353030947,0.27330900371304817,0.4011777609838572,3.25,3.5,2.3,A,2.3,True,129.99999999999997
2019-02-27,2018,H,H,0.5729822030738548,0.22003866986347695,0.20697912706266827,1.44,5.0,7.5,H,1.44,True,43.99999999999999
2019-03-02,2018,H,H,0.453863684519842,0.2604777582474849,0.2856585572326731,2.15,3.5,3.6,H,2.15,True,114.99999999999999
2019-03-02,2018,H,H,0.5105672515408002,0.22620019810644013,0.2632325503527598,1.5,4.33,8.0,H,1.5,True,50.0
2019-03-02,2018,D,H,0.48501011630609914,0.2213788492552826,0.2936110344386183,2.05,3.7,3.75,H,2.05,False,-100.0
2019-03-02,2018,A,H,0.3713278481284809,0.2993485590052172,0.32932359286630203,2.8,3.3,2.75,H,2.8,False,-100.0
2019-03-02,2018,H,H,0.5544295271326956,0.22329728063928087,0.22227319222802355,1.45,4.5,8.5,H,1.45,True,44.99999999999999
2019-03-02,2018,H,H,0.5721106050862327,0.23778956998854203,0.19009982492522534,1.85,3.4,5.25,H,1.85,True,85.00000000000001
2019-03-02,2018,A,A,0.08659305783918148,0.22114462288145487,0.6922623192793637,13.0,7.5,1.22,A,1.22,True,21.999999999999996
2019-03-03,2018,D,A,0.25155441749656,0.25170052818559846,0.49674505431784155,6.0,4.2,1.61,A,1.61,False,-100.0
2019-03-03,2018,A,A,0.33410442084222236,0.21103384612534173,0.454861733032436,6.5,4.5,1.53,A,1.53,True,53.0
2019-03-03,2018,H,H,0.42243991260881325,0.297169942988986,0.2803901444022006,2.55,3.3,3.0,H,2.55,True,154.99999999999997
2019-03-09,2018,H,A,0.280149093144356,0.2827663160292029,0.43708459082644113,3.6,3.5,2.15,A,2.15,False,-100.0
2019-03-09,2018,A,H,0.4370396959443325,0.28212234313803214,0.2808379609176353,1.83,3.6,5.0,H,1.83,False,-100.0
2019-03-09,2018,A,H,0.3761435717057438,0.3241159757786977,0.29974045251555853,3.4,3.3,2.35,H,3.4,False,-100.0
2019-03-09,2018,H,H,0.5019846465404245,0.27827050082801935,0.21974485263155608,2.8,3.25,2.8,H,2.8,True,179.99999999999997
2019-03-09,2018,H,A,0.2480905125014341,0.2423006679202704,0.5096088195782954,4.5,3.8,1.85,A,1.85,False,-100.0
2019-03-09,2018,H,H,0.5869496476344909,0.25008552211886603,0.16296483024664307,1.57,4.5,6.0,H,1.57,True,57.00000000000001
2019-03-09,2018,H,H,0.7158946375767649,0.22356286848461693,0.06054249393861815,1.16,9.0,19.0,H,1.16,True,15.999999999999993
2019-03-10,2018,H,H,0.40826632406953683,0.28312852781717224,0.308605148113291,2.4,3.6,3.0,H,2.4,True,140.0
2019-03-10,2018,D,H,0.5330476097707062,0.21886285965677124,0.2480895305725225,1.55,4.2,7.0,H,1.55,False,-100.0
2019-03-10,2018,H,H,0.7308256692071161,0.2276252348346224,0.04154909595826159,1.16,8.5,21.0,H,1.16,True,15.999999999999993
2019-03-16,2018,H,H,0.5071429912066224,0.24282677603518002,0.25003023275819763,1.55,4.2,7.0,H,1.55,True,55.00000000000001
2019-03-16,2018,A,A,0.3266260095607278,0.30350088197140584,0.36987310846786636,3.1,3.4,2.45,A,2.45,True,145.00000000000003
2019-03-16,2018,D,H,0.42965095865218644,0.2883536422516799,0.28199539909613364,2.05,3.6,3.8,H,2.05,False,-100.0
2019-03-17,2018,H,A,0.3314541610679787,0.23208414844106037,0.436461690490961,4.0,3.8,1.95,A,1.95,False,-100.0
2019-03-17,2018,A,A,0.14169173140147887,0.2883404795047648,0.5699677890937563,12.0,7.0,1.25,A,1.25,True,25.0
2019-03-30,2018,H,H,0.6237192254269923,0.2076298934171581,0.16865088115584959,1.44,4.75,8.0,H,1.44,True,43.99999999999999
2019-03-30,2018,H,H,0.4994759578040158,0.23835816517005273,0.2621658770259314,1.85,3.8,4.5,H,1.85,True,85.00000000000001
2019-03-30,2018,A,H,0.40718474090420836,0.25702322347235856,0.335792035623433,2.55,3.5,2.9,H,2.55,False,-100.0
2019-03-30,2018,A,A,0.17403782445522795,0.2767896429803553,0.5491725325644169,21.0,11.0,1.12,A,1.12,True,12.00000000000001
2019-03-30,2018,H,A,0.35033554367972264,0.2653938770699653,0.38427057925031205,3.2,3.25,2.45,A,2.45,False,-100.0
2019-03-30,2018,A,H,0.43507347921368283,0.2622335207102437,0.3026930000760735,2.55,3.2,3.1,H,2.55,False,-100.0
2019-03-30,2018,H,H,0.50849159986952,0.24896644307914392,0.2425419570513362,1.45,4.4,9.0,H,1.45,True,44.99999999999999
2019-03-31,2018,A,A,0.2219915051610415,0.21629227979323726,0.5617162150457213,9.0,4.5,1.44,A,1.44,True,43.99999999999999
2019-03-31,2018,H,H,0.5129452449442615,0.22344757120545553,0.2636071838502829,1.61,4.2,6.0,H,1.61,True,61.00000000000001
2019-04-01,2018,H,H,0.6180168903974937,0.20183249401493616,0.18015061558757003,1.36,5.25,9.5,H,1.36,True,36.00000000000001
2019-04-02,2018,H,H,0.5932823929226209,0.23616768615322833,0.1705499209241509,1.72,4.0,5.0,H,1.72,True,72.0
2019-04-02,2018,H,A,0.31540545553782257,0.22318861271728865,0.4614059317448888,4.0,3.6,2.0,A,2.0,False,-100.0
2019-04-03,2018,H,H,0.6723859457624487,0.16480871044078418,0.16280534379676706,1.06,17.0,34.0,H,1.06,True,6.000000000000005
2019-04-03,2018,H,H,0.6663956742655115,0.2291417671007997,0.10446255863368879,1.25,6.5,15.0,H,1.25,True,25.0
2019-04-03,2018,H,H,0.5705638121860876,0.2625266323968034,0.16690955541710892,1.45,5.0,7.5,H,1.45,True,44.99999999999999
2019-04-05,2018,A,A,0.256322410357041,0.26157036811298146,0.48210722152997754,9.0,5.0,1.4,A,1.4,True,39.99999999999999
2019-04-06,2018,A,H,0.41788295651492996,0.2615091670763323,0.3206078764087378,2.6,3.25,3.0,H,2.6,False,-100.0
2019-04-06,2018,A,H,0.5892366411164611,0.22941492589409643,0.1813484329894424,2.1,3.6,3.75,H,2.1,False,-100.0
2019-04-06,2018,A,A,0.3292495957166852,0.28441509461014935,0.38633530967316543,5.0,4.0,1.72,A,1.72,True,72.0
2019-04-07,2018,H,H,0.4927034924243066,0.23301989169512385,0.27427661588056945,3.0,3.75,2.35,H,3.0,True,200.0
2019-04-08,2018,H,H,0.602913800357206,0.20895767416938182,0.1881285254734122,1.33,5.75,9.5,H,1.33,True,33.00000000000001
2019-04-12,2018,A,H,0.5713954583381463,0.2053427139723968,0.22326182768945682,1.66,4.0,5.75,H,1.66,False,-100.0
2019-04-13,2018,A,H,0.5606652651070121,0.22395747367270324,0.21537726122028458,2.3,3.4,3.4,H,2.3,False,-100.0
2019-04-13,2018,H,H,0.5458415251576635,0.22303449542665932,0.23112397941567717,1.9,3.6,4.5,H,1.9,True,89.99999999999999
2019-04-13,2018,H,A,0.21911224239918092,0.2993212791226979,0.4815664784781211,5.0,4.0,1.75,A,1.75,False,-100.0
2019-04-13,2018,H,H,0.5790271163880026,0.2208245924993456,0.20014829111265173,1.4,5.25,8.5,H,1.4,True,39.99999999999999
2019-04-13,2018,H,H,0.4190343165254859,0.22514261236113042,0.3558230711133838,2.6,3.25,3.0,H,2.6,True,160.0
2019-04-13,2018,H,H,0.6489813662379852,0.24525521806595107,0.10576341569606383,1.22,7.0,15.0,H,1.22,True,21.999999999999996
2019-04-14,2018,A,A,0.12516417916950265,0.22033740044582958,0.6544984203846678,11.0,6.0,1.3,A,1.3,True,30.000000000000004
2019-04-14,2018,H,H,0.5419698357058486,0.25416637024084704,0.20386379405330446,1.66,4.2,5.25,H,1.66,True,65.99999999999999
2019-04-15,2018,A,A,0.27032078444574076,0.3091500122864506,0.4205292032678085,3.2,3.75,2.25,A,2.25,True,125.0
2019-04-16,2018,A,H,0.38231992141471255,0.30136864115298156,0.31631143743230594,2.0,3.3,4.5,H,2.0,False,-100.0
2019-04-20,2018,H,H,0.7168681952323781,0.19146889618777677,0.09166290857984509,1.3,6.0,11.0,H,1.3,True,30.000000000000004
2019-04-20,2018,A,A,0.26264361541027137,0.23457109698883646,0.5027852876008921,4.4,3.9,1.85,A,1.85,True,85.00000000000001
2019-04-20,2018,A,H,0.4873131735584734,0.24175684991401702,0.27092997652750955,1.65,4.4,5.25,H,1.65,False,-100.0
2019-04-20,2018,D,H,0.4199509575439801,0.2843747480615277,0.2956742943944923,3.3,3.5,2.3,H,3.3,False,-100.0
2019-04-20,2018,H,H,0.37744846519341574,0.2655741685482674,0.35697736625831683,2.55,3.2,3.1,H,2.55,True,154.99999999999997
2019-04-20,2018,D,H,0.5909842257921919,0.1855713140584386,0.22344446014936958,1.75,3.5,6.0,H,1.75,False,-100.0
2019-04-21,2018,A,H,0.5723325818428684,0.20513406311001947,0.22253335504711216,1.53,4.6,6.5,H,1.53,False,-100.0
2019-04-21,2018,A,A,0.1178783339344414,0.2498456258236449,0.6322760402419138,17.0,7.5,1.2,A,1.2,True,19.999999999999996
2019-04-21,2018,H,H,0.38156403500445624,0.28739267055918094,0.3310432944363628,3.25,3.5,2.3,H,3.25,True,225.0
2019-04-22,2018,D,H,0.5956584324300604,0.26327356856663736,0.14106799900330222,1.25,6.25,15.0,H,1.25,False,-100.0
2019-04-23,2018,H,H,0.6917466566729975,0.21644460805206725,0.09180873527493523,1.28,6.0,13.0,H,1.28,True,28.000000000000004
2019-04-23,2018,D,H,0.4695641189960143,0.2400693096988413,0.2903665713051444,2.25,3.5,3.4,H,2.25,False,-100.0
2019-04-24,2018,H,A,0.3662238283698889,0.23142576477730614,0.40235040685280493,2.9,3.5,2.55,A,2.55,False,-100.0
2019-04-24,2018,A,A,0.13868842007246288,0.26654479101854095,0.5947667889089961,7.5,5.0,1.44,A,1.44,True,43.99999999999999
2019-04-26,2018,H,H,0.6848071404939015,0.188505697005292,0.12668716250080664,1.07,15.0,41.0,H,1.07,True,7.000000000000006
2019-04-27,2018,H,H,0.4167303049376945,0.2644617901648409,0.31880790489746463,2.4,3.6,3.0,H,2.4,True,140.0
2019-04-27,2018,A,H,0.44462116867708507,0.2679135446424516,0.28746528668046345,2.62,3.3,2.9,H,2.62,False,-100.0
2019-04-27,2018,A,H,0.5949417364872494,0.2071801775932772,0.19787808591947353,1.4,5.5,7.5,H,1.4,False,-100.0
2019-04-27,2018,D,A,0.332045723391855,0.2980954265049664,0.3698588501031786,2.3,3.2,3.6,A,3.6,False,-100.0
2019-04-27,2018,D,H,0.3893701384955907,0.30642271702062807,0.3042071444837813,2.62,3.5,2.8,H,2.62,False,-100.0
2019-04-27,2018,D,H,0.484670874204157,0.24025934542866176,0.27506978036718127,1.9,3.9,4.1,H,1.9,False,-100.0
2019-04-28,2018,H,H,0.44969218937839556,0.23587543935353908,0.31443237126806534,2.75,3.6,2.6,H,2.75,True,175.0
2019-04-28,2018,A,A,0.15704661979332746,0.26817076892985997,0.5747826112768125,23.0,9.0,1.14,A,1.14,True,13.99999999999999
2019-04-28,2018,D,H,0.38674943882836615,0.31582671467127477,0.297423846500359,2.7,3.5,2.7,H,2.7,False,-100.0
2019-05-03,2018,H,H,0.7597843944295898,0.14540346077202626,0.09481214479838385,1.66,4.0,5.75,H,1.66,True,65.99999999999999
2019-05-04,2018,H,H,0.45464529607853943,0.24792002365195387,0.29743468026950676,2.3,3.75,3.1,H,2.3,True,129.99999999999997
2019-05-04,2018,A,A,0.1581418899017787,0.21792712906544512,0.6239309810327762,9.5,5.25,1.36,A,1.36,True,36.00000000000001
2019-05-04,2018,H,H,0.5257900295800568,0.2788022426676138,0.1954077277523294,1.53,4.2,7.5,H,1.53,True,53.0
2019-05-04,2018,H,A,0.2421198944863565,0.2914306941370372,0.4664494113766063,4.0,4.0,1.9,A,1.9,False,-100.0
2019-05-04,2018,A,H,0.46177044832055986,0.29891728100949627,0.23931227066994376,2.6,3.75,2.7,H,2.6,False,-100.0
2019-05-05,2018,H,H,0.5212227800501821,0.21848804435782077,0.26028917559199716,1.4,5.25,8.0,H,1.4,True,39.99999999999999
2019-05-05,2018,D,A,0.1786135188016711,0.2703424612280988,0.5510440199702301,11.0,6.0,1.3,A,1.3,False,-100.0
2019-05-05,2018,D,H,0.6397246481107991,0.20626761292653528,0.15400773896266554,1.4,5.0,9.0,H,1.4,False,-100.0
2019-05-06,2018,H,H,0.6510496962397656,0.18447629390568498,0.16447400985454938,1.12,8.5,17.0,H,1.12,True,12.00000000000001
2019-05-12,2018,A,A,0.059251649987322526,0.2052848700363652,0.7354634799763122,19.0,8.5,1.16,A,1.16,True,15.999999999999993
2019-05-12,2018,A,H,0.4235211325206473,0.2604953368533947,0.31598353062595796,3.25,3.8,2.2,H,3.25,False,-100.0
2019-05-12,2018,H,H,0.5220999207920377,0.22394704953663158,0.25395302967133065,1.9,4.2,3.8,H,1.9,True,89.99999999999999
2019-05-12,2018,A,H,0.37312548099871096,0.3199809510464189,0.30689356795487016,2.5,3.6,2.9,H,2.5,False,-100.0
2019-05-12,2018,D,H,0.4897529200917104,0.2507723249499536,0.259474754958336,2.4,3.75,2.9,H,2.4,False,-100.0
2019-05-12,2018,H,H,0.4384121231919946,0.22629517309466843,0.335292703713337,1.3,6.0,11.0,H,1.3,True,30.000000000000004
2019-05-12,2018,A,H,0.5412291857315037,0.2538613200709949,0.20490949419750148,1.28,6.5,11.0,H,1.28,False,-100.0
2019-05-12,2018,D,H,0.6133816649090961,0.24359202827079943,0.14302630682010448,1.44,4.75,8.5,H,1.44,False,-100.0
2019-05-12,2018,A,H,0.49399351308392925,0.24255063176916547,0.2634558551469053,2.25,3.75,3.2,H,2.25,False,-100.0
2019-05-12,2018,D,H,0.4731215240755862,0.23314232179598426,0.2937361541284295,2.2,3.5,3.5,H,2.2,False,-100.0
2019-08-09,2019,H,H,0.6093477788757413,0.2153990461427361,0.17525317498152262,1.14,10.0,19.0,H,1.14,True,13.99999999999999
2019-08-10,2019,A,H,0.564899301334982,0.24286011694897106,0.19224058171604683,1.9,3.4,4.0,H,1.9,False,-100.0
2019-08-10,2019,D,H,0.3892052839453571,0.29858435832374464,0.3122103577308983,3.0,3.25,2.37,H,3.0,False,-100.0
2019-08-10,2019,H,H,0.6697657694067806,0.2363044904211813,0.09392974017203809,1.3,5.25,10.0,H,1.3,True,30.000000000000004
2019-08-10,2019,D,H,0.47839448898757264,0.28505784764521097,0.23654766336721644,1.95,3.6,3.6,H,1.95,False,-100.0
2019-08-10,2019,A,A,0.15729351393545263,0.20826929112777273,0.6344371949367745,12.0,6.5,1.22,A,1.22,True,21.999999999999996
2019-08-10,2019,H,H,0.4277125561595021,0.29090287644097934,0.2813845673995186,2.62,3.2,2.75,H,2.62,True,162.0
2019-08-11,2019,A,A,0.2892728667698685,0.2243976485173282,0.48632948471280324,4.5,3.75,1.72,A,1.72,True,72.0
2019-08-11,2019,D,H,0.4652678272296266,0.2645781943129699,0.27015397845740347,2.2,3.2,3.4,H,2.2,False,-100.0
2019-08-11,2019,H,H,0.510483237386346,0.24029865900520353,0.24921810360845043,2.1,3.3,3.5,H,2.1,True,110.00000000000001
2019-08-17,2019,H,H,0.44443099665752506,0.2582223229994165,0.2973466803430585,2.25,3.3,3.3,H,2.25,True,125.0
2019-08-17,2019,H,H,0.5064004428494061,0.23564322466203547,0.2579563324885583,1.72,3.8,4.75,H,1.72,True,72.0
2019-08-17,2019,A,A,0.21319666152408345,0.20881417869840355,0.577989159777513,6.5,4.75,1.44,A,1.44,True,43.99999999999999
2019-08-17,2019,A,H,0.48356526508665665,0.2533389999515691,0.26309573496177424,2.3,3.4,3.1,H,2.3,False,-100.0
2019-08-17,2019,H,H,0.5345121654629286,0.21382398885296613,0.25166384568410527,1.3,5.5,10.0,H,1.3,True,30.000000000000004
2019-08-17,2019,D,H,0.5073255494940381,0.2314491370185161,0.2612253134874458,2.55,3.25,2.87,H,2.55,False,-100.0
2019-08-17,2019,D,H,0.662791869648924,0.21407678533987307,0.12313134501120292,1.36,5.25,8.0,H,1.36,False,-100.0
2019-08-18,2019,D,H,0.5616704967917315,0.2638159541590781,0.17451354904919045,1.7,3.75,5.0,H,1.7,False,-100.0
2019-08-18,2019,H,H,0.4340928436299985,0.25631318280592774,0.30959397356407364,2.55,3.1,2.9,H,2.55,True,154.99999999999997
2019-08-19,2019,D,A,0.3571370475067756,0.23235077978410557,0.4105121727091188,3.3,3.3,2.25,A,2.25,False,-100.0
2019-08-23,2019,H,H,0.4516230187104171,0.26254147332167554,0.28583550796790735,3.25,3.5,2.15,H,3.25,True,225.0
2019-08-24,2019,A,A,0.2808451873564654,0.2852381717152788,0.43391664092825577,4.33,3.75,1.8,A,1.8,True,80.0
2019-08-24,2019,A,H,0.5383538104238021,0.22774051176452695,0.23390567781167082,2.4,3.3,3.0,H,2.4,False,-100.0
2019-08-24,2019,A,H,0.6080897485536078,0.22054208061888578,0.1713681708275064,1.33,5.25,9.0,H,1.33,False,-100.0
2019-08-24,2019,A,H,0.4562779328041273,0.24463420583766923,0.29908786135820337,3.3,3.3,2.25,H,3.3,False,-100.0
2019-08-24,2019,A,H,0.3945570988835641,0.24694635575291982,0.3584965453635161,2.05,3.5,3.5,H,2.05,False,-100.0
2019-08-24,2019,H,H,0.5524761676780239,0.22847920641242167,0.2190446259095545,1.5,4.6,6.0,H,1.5,True,50.0
2019-08-25,2019,A,H,0.7402524091976802,0.19213257281801577,0.06761501798430403,1.2,6.5,14.0,H,1.2,False,-100.0
2019-08-25,2019,D,H,0.46358728183572245,0.2544694688031017,0.2819432493611759,1.85,3.4,4.5,H,1.85,False,-100.0
2019-08-25,2019,A,A,0.17797624336592646,0.23449105298935938,0.5875327036447141,15.0,7.5,1.16,A,1.16,True,15.999999999999993
2019-08-31,2019,H,H,0.5030484499786355,0.259984897110982,0.23696665291038255,1.7,4.0,4.75,H,1.7,True,70.0
2019-08-31,2019,A,A,0.11654614861820371,0.23707668046503905,0.6463771709167573,9.5,5.5,1.3,A,1.3,True,30.000000000000004
2019-08-31,2019,H,H,0.5914753220276904,0.23881168127219465,0.169712996700115,1.85,3.9,3.9,H,1.85,True,85.00000000000001
2019-08-31,2019,D,H,0.5939353408101136,0.23438773987407854,0.1716769193158079,2.5,3.25,2.87,H,2.5,False,-100.0
2019-08-31,2019,H,H,0.7330286067772896,0.19730304891440428,0.06966834430830612,1.08,10.0,26.0,H,1.08,True,8.000000000000007
2019-08-31,2019,D,H,0.37806275808239187,0.2617036682088231,0.360233573708785,3.8,3.3,2.05,H,3.8,False,-100.0
2019-08-31,2019,H,H,0.450378482044316,0.27536602029350815,0.27425549766217583,2.15,3.3,3.5,H,2.15,True,114.99999999999999
2019-08-31,2019,D,H,0.5736517085602487,0.2352702309028399,0.19107806053691137,1.36,4.75,9.0,H,1.36,False,-100.0
2019-09-01,2019,D,H,0.5310738524190902,0.24549421486059464,0.22343193272031514,2.37,3.6,2.8,H,2.37,False,-100.0
2019-09-01,2019,H,H,0.5417308459185047,0.2566537120856202,0.201615441995875,2.2,3.25,3.5,H,2.2,True,120.00000000000001
2019-09-14,2019,A,H,0.38440952566841524,0.2729893058761366,0.34260116845544814,2.9,3.3,2.5,H,2.9,False,-100.0
2019-09-14,2019,H,A,0.18360821420749293,0.2502689983690168,0.5661227874234903,15.0,9.0,1.14,A,1.14,False,-100.0
2019-09-14,2019,H,H,0.5687250562018114,0.23357854694141186,0.19769639685677678,1.36,5.25,8.0,H,1.36,True,36.00000000000001
2019-09-14,2019,A,H,0.40466012988208777,0.2428217590596902,0.35251811105822206,2.45,3.2,3.0,H,2.45,False,-100.0
2019-09-14,2019,H,H,0.5921730582131376,0.23863556142097342,0.16919138036588902,1.95,3.5,4.0,H,1.95,True,95.0
2019-09-14,2019,D,H,0.3990141142067931,0.2726350083136286,0.3283508774795783,2.15,3.3,3.5,H,2.15,False,-100.0
2019-09-14,2019,H,H,0.8435777363217508,0.1204891213874028,0.03593314229084637,1.14,8.5,17.0,H,1.14,True,13.99999999999999
2019-09-15,2019,D,H,0.42618920594428356,0.24380859512776845,0.33000219892794797,3.6,3.6,2.0,H,3.6,False,-100.0
2019-09-15,2019,H,A,0.3530748176482253,0.2873287059397709,0.3595964764120039,2.9,3.5,2.4,A,2.4,False,-100.0
2019-09-16,2019,D,H,0.49062008665655066,0.23645999461053413,0.2729199187329152,2.62,3.5,2.6,H,2.62,False,-100.0
2019-09-20,2019,A,H,0.41890136138690776,0.2517538307607757,0.3293448078523165,2.05,3.6,3.5,H,2.05,False,-100.0
2019-09-21,2019,D,H,0.4380852386558119,0.24084949272843045,0.3210652686157576,2.5,3.2,3.0,H,2.5,False,-100.0
2019-09-21,2019,H,H,0.4183342611929781,0.24369668616707893,0.337969052639943,2.87,3.5,2.37,H,2.87,True,187.0
2019-09-21,2019,H,H,0.5073456606999037,0.21152459856678607,0.28112974073331015,2.0,3.8,3.5,H,2.0,True,100.0
2019-09-21,2019,A,H,0.47431132674650306,0.24109804574611107,0.2845906275073859,1.61,3.75,6.0,H,1.61,False,-100.0
2019-09-21,2019,H,H,0.8100331040178398,0.1100970419647288,0.07986985401743153,1.1,11.0,21.0,H,1.1,True,10.000000000000009
2019-09-22,2019,H,H,0.38008226067587114,0.27681032679470524,0.3431074125294236,3.1,3.6,2.2,H,3.1,True,210.0
2019-09-22,2019,D,H,0.36357948627498654,0.28403135288823084,0.3523891608367826,2.62,3.1,2.87,H,2.62,False,-100.0
2019-09-22,2019,H,H,0.539149897403526,0.2299804365567483,0.2308696660397256,1.4,4.75,8.0,H,1.4,True,39.99999999999999
2019-09-22,2019,A,H,0.45163938023559985,0.21532761492005478,0.33303300484434534,3.5,3.75,2.0,H,3.5,False,-100.0
2019-09-28,2019,H,H,0.5365533785230382,0.23326666108540686,0.23017996039155486,1.85,3.4,4.5,H,1.85,True,85.00000000000001
2019-09-28,2019,H,H,0.5960006712536274,0.2051957931945206,0.19880353555185204,1.4,4.75,8.0,H,1.4,True,39.99999999999999
2019-09-28,2019,H,H,0.49631234464545715,0.2286248496219538,0.27506280573258907,1.9,3.75,3.75,H,1.9,True,89.99999999999999
2019-09-28,2019,A,A,0.21931299761840342,0.2066898023788348,0.5739972000027618,10.0,5.5,1.3,A,1.3,True,30.000000000000004
2019-09-28,2019,D,H,0.41491813596029464,0.27285761824619975,0.31222424579350566,2.5,3.5,2.75,H,2.5,False,-100.0
2019-09-28,2019,D,H,0.48371000888102533,0.22689172146419204,0.2893982696547826,2.3,3.4,3.1,H,2.3,False,-100.0
2019-09-28,2019,A,A,0.2281009935641265,0.24187758901328996,0.5300214174225836,9.0,5.25,1.33,A,1.33,True,33.00000000000001
2019-09-28,2019,H,H,0.4686332025974799,0.21666943860199764,0.31469735880052246,1.4,4.75,8.0,H,1.4,True,39.99999999999999
2019-09-29,2019,H,H,0.46917036001172807,0.2210398814331215,0.3097897585551504,1.5,4.0,7.5,H,1.5,True,50.0
2019-09-30,2019,D,H,0.3900632652153056,0.2500788782055367,0.3598578565791577,2.37,3.5,2.9,H,2.37,False,-100.0
2019-10-05,2019,D,H,0.38437962490045957,0.27802806824311743,0.337592306856423,2.05,3.4,3.6,H,2.05,False,-100.0
2019-10-05,2019,A,H,0.4292120194255411,0.25852800063503123,0.3122599799394276,2.37,3.6,2.8,H,2.37,False,-100.0
2019-10-05,2019,A,H,0.46773224647234674,0.24217721689085217,0.2900905366368011,1.95,3.6,3.8,H,1.95,False,-100.0
2019-10-05,2019,H,H,0.37366310810614456,0.2780321369316288,0.3483047549622267,2.87,3.3,2.5,H,2.87,True,187.0
2019-10-05,2019,H,A,0.3602022877876497,0.22012227057364972,0.4196754416387006,3.9,3.6,1.9,A,1.9,False,-100.0
2019-10-05,2019,H,H,0.6258159288037963,0.2141315733834889,0.16005249781271483,1.44,4.75,7.0,H,1.44,True,43.99999999999999
2019-10-06,2019,A,H,0.7600724491010807,0.19951760949826347,0.04040994140065588,1.12,9.0,21.0,H,1.12,False,-100.0
2019-10-06,2019,H,A,0.35149209522539215,0.20492775104181124,0.4435801537327966,4.5,3.5,1.85,A,1.85,False,-100.0
2019-10-06,2019,A,H,0.40662012435489875,0.22607626002970274,0.3673036156153986,4.0,3.8,1.85,H,4.0,False,-100.0
2019-10-06,2019,H,H,0.5237919969838111,0.2654386920067044,0.2107693110094846,1.44,4.75,7.0,H,1.44,True,43.99999999999999
2019-10-19,2019,A,A,0.16164708295392846,0.23680594534958546,0.6015469716964861,12.0,7.0,1.22,A,1.22,True,21.999999999999996
2019-10-19,2019,H,H,0.525270729337754,0.23038515681212543,0.24434411385012067,1.95,3.75,3.75,H,1.95,True,95.0
2019-10-19,2019,H,H,0.5493227202798581,0.27244425643265735,0.17823302328748455,2.35,3.4,3.0,H,2.35,True,135.0
2019-10-19,2019,D,H,0.4905098266725931,0.23459423775209517,0.2748959355753118,1.72,4.2,4.2,H,1.72,False,-100.0
2019-10-19,2019,H,H,0.6741744106708124,0.21977076571338713,0.10605482361580047,1.3,5.5,10.0,H,1.3,True,30.000000000000004
2019-10-19,2019,H,H,0.48134659222894643,0.24998798998933733,0.2686654177817162,1.57,4.0,6.0,H,1.57,True,57.00000000000001
2019-10-19,2019,D,H,0.6403063444360865,0.2199107167880078,0.13978293877590567,1.4,5.0,7.5,H,1.4,False,-100.0
2019-10-19,2019,D,H,0.5203555645312066,0.24583246453445937,0.23381197093433412,1.8,3.6,4.5,H,1.8,False,-100.0
2019-10-20,2019,D,A,0.1775301809089859,0.25208648949997936,0.5703833295910348,5.25,3.8,1.65,A,1.65,False,-100.0
2019-10-21,2019,H,A,0.30872751006975524,0.2696610011350487,0.42161148879519605,3.9,3.75,1.9,A,1.9,False,-100.0
2019-10-25,2019,A,H,0.4776308894911572,0.2752936097187871,0.24707550079005577,3.1,3.4,2.3,H,3.1,False,-100.0
2019-10-26,2019,D,H,0.49006180797771987,0.24109866949692438,0.26883952252535576,2.15,3.6,3.25,H,2.15,False,-100.0
2019-10-26,2019,D,A,0.3636862128996039,0.25939007848668,0.3769237086137161,2.1,3.5,3.5,A,3.5,False,-100.0
2019-10-26,2019,H,H,0.8066568718503015,0.10309018373021935,0.09025294441947913,1.08,11.0,26.0,H,1.08,True,8.000000000000007
2019-10-26,2019,H,H,0.41357657595163144,0.26199428377130357,0.324429140277065,2.9,3.25,2.5,H,2.9,True,190.0
2019-10-26,2019,A,A,0.27016263997944207,0.30686180079626435,0.42297555922429364,4.5,4.0,1.72,A,1.72,True,72.0
2019-10-27,2019,A,A,0.276577239232349,0.2230187082627008,0.5004040525049502,4.33,4.0,1.75,A,1.75,True,75.0
2019-10-27,2019,H,H,0.5797752564595501,0.24192653532361832,0.17829820821683154,1.5,4.33,6.5,H,1.5,True,50.0
2019-10-27,2019,D,H,0.3941032168358103,0.2740127474253818,0.3318840357388079,3.0,3.1,2.55,H,3.0,False,-100.0
2019-10-27,2019,D,H,0.5544304019706964,0.2139874599166983,0.2315821381126054,1.45,4.75,6.5,H,1.45,False,-100.0
2019-11-02,2019,A,H,0.5846659917495832,0.24643879275455646,0.16889521549586026,1.75,3.8,4.5,H,1.75,False,-100.0
2019-11-02,2019,H,H,0.4629281509482706,0.24627563104184033,0.29079621800988903,2.25,3.2,3.4,H,2.25,True,125.0
2019-11-02,2019,H,H,0.7260104043072677,0.1758068042338504,0.09818279145888187,1.07,13.0,23.0,H,1.07,True,7.000000000000006
2019-11-02,2019,A,A,0.22178294339748295,0.24843223715412546,0.5297848194483916,5.0,4.33,1.61,A,1.61,True,61.00000000000001
2019-11-02,2019,A,A,0.3899947227132634,0.19704713827421294,0.4129581390125237,9.0,5.0,1.33,A,1.33,True,33.00000000000001
2019-11-02,2019,D,H,0.652555400793741,0.19495932157429252,0.15248527763196643,1.75,3.75,4.75,H,1.75,False,-100.0
2019-11-02,2019,H,A,0.36460137174072255,0.25500524017081405,0.3803933880884634,3.25,3.6,2.15,A,2.15,False,-100.0
2019-11-02,2019,H,H,0.4697307231241541,0.251976569556465,0.2782927073193808,1.72,4.2,4.33,H,1.72,True,72.0
2019-11-03,2019,A,H,0.37782778168434233,0.27395455288137555,0.3482176654342821,3.5,3.4,2.1,H,3.5,False,-100.0
2019-11-03,2019,D,H,0.47558698774838426,0.25725689995761214,0.26715611229400354,2.7,3.4,2.6,H,2.7,False,-100.0
2019-11-08,2019,A,A,0.35339686854601265,0.28217335885532213,0.3644297725986653,2.7,3.5,2.55,A,2.55,True,154.99999999999997
2019-11-09,2019,H,H,0.6207162125492646,0.22414791836581974,0.15513586908491564,1.33,5.0,10.0,H,1.33,True,33.00000000000001
2019-11-09,2019,H,H,0.4757048988446247,0.23693602222841048,0.28735907892696483,2.55,3.25,2.8,H,2.55,True,154.99999999999997
2019-11-09,2019,H,H,0.4610601801711754,0.23277257663135317,0.3061672431974714,2.25,3.5,3.1,H,2.25,True,125.0
2019-11-09,2019,D,H,0.508267995486819,0.2811685457338668,0.21056345877931426,1.57,4.0,6.0,H,1.57,False,-100.0
2019-11-09,2019,H,H,0.4772923710952183,0.2780799184981274,0.24462771040665432,2.0,3.75,3.5,H,2.0,True,100.0
2019-11-09,2019,A,A,0.2972694879226332,0.2822174910084248,0.420513021068942,2.9,3.3,2.45,A,2.45,True,145.00000000000003
2019-11-10,2019,H,H,0.5456097476460745,0.2132409212661648,0.24114933108776068,1.6,3.75,6.5,H,1.6,True,60.00000000000001
2019-11-10,2019,H,H,0.5418436357609413,0.216844953849745,0.2413114103893137,1.9,3.5,4.2,H,1.9,True,89.99999999999999
2019-11-10,2019,H,H,0.4631522414186156,0.25108215480958285,0.28576560377180155,2.5,3.6,2.62,H,2.5,True,150.0
2019-11-23,2019,A,A,0.2857986234079295,0.2548131452571497,0.45938823133492074,3.75,3.5,2.0,A,2.0,True,100.0
2019-11-23,2019,D,H,0.475913178209393,0.3747377669375099,0.14934905485309716,1.45,4.75,6.5,H,1.45,False,-100.0
2019-11-23,2019,A,H,0.43963142252637993,0.24561790522541185,0.31475067224820824,2.75,3.3,2.6,H,2.75,False,-100.0
2019-11-23,2019,A,A,0.2116780585911732,0.25189603186951454,0.5364259095393122,4.2,4.33,1.7,A,1.7,True,70.0
2019-11-23,2019,A,H,0.5017650945652451,0.2609286825625044,0.23730622287225053,1.36,5.1,8.0,H,1.36,False,-100.0
2019-11-23,2019,A,H,0.4146049081060279,0.23828676479170563,0.3471083271022665,2.3,3.4,3.1,H,2.3,False,-100.0
2019-11-23,2019,H,H,0.7423383776724654,0.11656563180896573,0.14109599051856894,1.44,5.0,6.5,H,1.44,True,43.99999999999999
2019-11-23,2019,A,A,0.2147525334771412,0.22733365860933127,0.5579138079135275,7.5,4.75,1.4,A,1.4,True,39.99999999999999
2019-11-24,2019,D,H,0.3941163438571538,0.24207463244698804,0.36380902369585816,3.5,3.4,2.1,H,3.5,False,-100.0
2019-11-25,2019,H,H,0.5101741755158641,0.27344389562000077,0.2163819288641351,2.05,3.4,3.7,H,2.05,True,104.99999999999999
2019-11-30,2019,H,H,0.5017177795846702,0.2080988627719839,0.2901833576433458,1.36,5.5,7.5,H,1.36,True,36.00000000000001
2019-11-30,2019,H,H,0.6412025739256545,0.22929487518887956,0.12950255088546586,1.18,7.0,15.0,H,1.18,True,17.999999999999993
2019-11-30,2019,H,H,0.4005508204723103,0.240148526003934,0.35930065352375573,2.1,3.4,3.5,H,2.1,True,110.00000000000001
2019-11-30,2019,A,H,0.45490752046601285,0.2832010974797765,0.26189138205421064,2.25,3.25,3.3,H,2.25,False,-100.0
2019-11-30,2019,A,H,0.5919472082370334,0.28428377742787453,0.12376901433509208,1.28,6.0,9.0,H,1.28,False,-100.0
2019-11-30,2019,D,A,0.08008445226912549,0.2891371635695293,0.6307783841613451,13.0,8.0,1.16,A,1.16,False,-100.0
2019-12-01,2019,D,H,0.5978639789874891,0.25053047856093946,0.15160554245157146,1.45,4.5,7.0,H,1.45,False,-100.0
2019-12-01,2019,H,H,0.6025268590028111,0.23255945488701624,0.16491368611017262,1.61,4.0,5.25,H,1.61,True,61.00000000000001
2019-12-01,2019,D,H,0.43783287064968057,0.27002293864041516,0.2921441907099043,1.9,3.5,4.2,H,1.9,False,-100.0
2019-12-01,2019,D,A,0.2915697213508172,0.2585983663454119,0.44983191230377084,4.0,4.33,1.75,A,1.75,False,-100.0
2019-12-03,2019,H,H,0.4772760623949815,0.23528410872377004,0.28743982888124847,2.2,3.4,3.25,H,2.2,True,120.00000000000001
2019-12-03,2019,A,A,0.1372407907215615,0.22501609296150218,0.6377431163169364,11.0,7.0,1.22,A,1.22,True,21.999999999999996
2019-12-04,2019,H,H,0.5380716007714789,0.26016273529788697,0.2017656639306342,1.33,5.5,8.0,H,1.33,True,33.00000000000001
2019-12-04,2019,H,H,0.6515195109986446,0.1930068813211813,0.15547360768017415,1.36,5.0,8.5,H,1.36,True,36.00000000000001
2019-12-04,2019,H,H,0.47279473738077965,0.24702405036832167,0.28018121225089876,1.75,3.7,4.75,H,1.75,True,75.0
2019-12-04,2019,H,H,0.5267005714151586,0.26105311579988694,0.21224631278495434,1.28,5.75,10.0,H,1.28,True,28.000000000000004
2019-12-04,2019,H,H,0.4294197909539714,0.2534384261395834,0.3171417829064452,2.75,3.4,2.55,H,2.75,True,175.0
2019-12-04,2019,H,H,0.4842133118380409,0.22213464004938088,0.2936520481125782,1.72,4.0,4.2,H,1.72,True,72.0
2019-12-05,2019,A,H,0.5383848054657113,0.2180773825792993,0.24353781195498944,1.83,3.4,4.6,H,1.83,False,-100.0
2019-12-05,2019,A,H,0.608641120319526,0.2207279516379235,0.1706309280425504,1.57,4.33,5.5,H,1.57,False,-100.0
2019-12-07,2019,A,A,0.22586737244488553,0.23363929293604704,0.5404933346190673,7.0,5.25,1.4,A,1.4,True,39.99999999999999
2019-12-07,2019,H,H,0.44211657948218747,0.2588775329350311,0.29900588758278146,3.5,3.75,2.0,H,3.5,True,250.0
2019-12-07,2019,H,H,0.536549955458883,0.23749539559127095,0.2259546489498461,1.4,4.75,8.0,H,1.4,True,39.99999999999999
2019-12-07,2019,A,H,0.6647795469916373,0.17339955207962088,0.16182090092874185,1.3,5.5,10.0,H,1.3,False,-100.0
2019-12-07,2019,D,H,0.3879846759803951,0.2519900433718811,0.3600252806477238,2.37,3.3,3.1,H,2.37,False,-100.0
2019-12-08,2019,A,A,0.26892691046415174,0.27314965170437794,0.4579234378314703,4.33,3.8,1.8,A,1.8,True,80.0
2019-12-08,2019,H,H,0.38766232583343824,0.27703464117558524,0.33530303299097647,2.5,3.2,2.9,H,2.5,True,150.0
2019-12-08,2019,A,H,0.36140868521952213,0.28250084342794207,0.35609047135253585,2.9,3.5,2.37,H,2.9,False,-100.0
2019-12-08,2019,D,A,0.3381303460241869,0.28233194346509266,0.3795377105107203,2.62,3.1,2.87,A,2.87,False,-100.0
2019-12-09,2019,A,A,0.20075706389422598,0.22811331745572525,0.5711296186500489,3.3,4.0,2.0,A,2.0,True,100.0
2019-12-14,2019,A,H,0.5175767761762676,0.24680999897373015,0.23561322485000216,1.9,3.8,3.8,H,1.9,False,-100.0
2019-12-14,2019,H,H,0.5272073339393485,0.23580472467505165,0.23698794138559984,1.85,3.75,4.2,H,1.85,True,85.00000000000001
2019-12-14,2019,D,H,0.7014244679867693,0.23342350492157224,0.06515202709165842,1.22,6.5,13.0,H,1.22,False,-100.0
2019-12-14,2019,A,H,0.6801373829036986,0.25550099141402666,0.06436162568227492,1.25,6.0,12.0,H,1.25,False,-100.0
2019-12-14,2019,H,H,0.7334112213203045,0.20565903415045592,0.06092974452923968,1.16,7.5,17.0,H,1.16,True,15.999999999999993
2019-12-14,2019,H,H,0.39158608668009826,0.2430066254567913,0.3654072878631105,1.95,3.4,4.0,H,1.95,True,95.0
2019-12-15,2019,A,A,0.200409539537041,0.1929126970950726,0.6066777633678865,6.0,5.25,1.44,A,1.44,True,43.99999999999999
2019-12-15,2019,A,H,0.40941186145518055,0.2499209204761216,0.3406672180686978,3.25,3.4,2.25,H,3.25,False,-100.0
2019-12-15,2019,D,H,0.5811906729914006,0.2452169483522365,0.17359237865636287,1.8,3.7,4.5,H,1.8,False,-100.0
2019-12-16,2019,D,A,0.32431860105022164,0.30676564514568083,0.3689157538040975,2.55,3.25,2.87,A,2.87,False,-100.0
2019-12-21,2019,A,A,0.33172915294657085,0.23372472915935535,0.4345461178940739,3.75,3.8,1.9,A,1.9,True,89.99999999999999
2019-12-21,2019,H,H,0.5930481197793019,0.2291975501436835,0.1777543300770146,1.36,5.25,7.5,H,1.36,True,36.00000000000001
2019-12-21,2019,H,H,0.38625274272216653,0.33072552551354134,0.28302173176429213,2.37,3.1,3.25,H,2.37,True,137.0
2019-12-21,2019,A,H,0.5033733282481273,0.2584515987095853,0.23817507304228744,2.2,3.25,3.5,H,2.2,False,-100.0
2019-12-21,2019,A,H,0.4515377454518587,0.23649017636054884,0.3119720781875925,2.4,3.4,2.9,H,2.4,False,-100.0
2019-12-21,2019,A,H,0.4962028319453284,0.26272147125514717,0.24107569679952437,2.4,3.6,2.8,H,2.4,False,-100.0
2019-12-21,2019,D,H,0.4797892829929462,0.23270160004445742,0.28750911696259634,2.3,3.8,2.87,H,2.3,False,-100.0
2019-12-22,2019,H,H,0.4254165309160673,0.2589747687010228,0.31560870038290995,4.33,4.0,1.75,H,4.33,True,333.0
2019-12-22,2019,A,H,0.44331884974261304,0.28818848494203336,0.2684926653153536,2.37,3.75,2.75,H,2.37,False,-100.0
2019-12-26,2019,H,H,0.5131820636674105,0.2302712301888411,0.2565467061437484,2.3,3.4,3.1,H,2.3,True,129.99999999999997
2019-12-26,2019,H,H,0.5776054364617311,0.2182548831567416,0.20413968038152733,1.53,4.33,6.0,H,1.53,True,53.0
2019-12-26,2019,H,H,0.5279600138714392,0.23409291296511703,0.23794707316344374,2.1,3.75,3.3,H,2.1,True,110.00000000000001
2019-12-26,2019,D,A,0.35829742324421415,0.22663059616577544,0.41507198059001044,3.5,3.9,1.95,A,1.95,False,-100.0
2019-12-26,2019,H,H,0.6234361722902687,0.21398871408271813,0.16257511362701307,1.7,3.75,5.0,H,1.7,True,70.0
2019-12-26,2019,D,H,0.49693971021236233,0.2194344723356091,0.2836258174520286,1.83,3.6,4.33,H,1.83,False,-100.0
2019-12-26,2019,H,H,0.7045534468835138,0.22661677554143847,0.0688297775750477,1.33,5.25,9.0,H,1.33,True,33.00000000000001
2019-12-26,2019,A,H,0.35945021435138685,0.3116042970868191,0.3289454885617941,3.4,3.75,2.05,H,3.4,False,-100.0
2019-12-26,2019,A,H,0.6299020966321999,0.2120424169183036,0.15805548644949652,1.33,5.25,9.0,H,1.33,False,-100.0
2019-12-27,2019,H,A,0.22650998099131192,0.25650263510294274,0.5169873839057454,8.5,5.0,1.36,A,1.36,False,-100.0
2019-12-28,2019,D,A,0.18769560529714047,0.31701292747968174,0.4952914672231777,5.0,4.0,1.66,A,1.66,False,-100.0
2019-12-28,2019,A,A,0.33510526969386983,0.23904721693754447,0.4258475133685857,4.0,3.9,1.83,A,1.83,True,83.0
2019-12-28,2019,D,H,0.4749297349731107,0.24178881403017663,0.2832814509967127,1.95,3.6,3.8,H,1.95,False,-100.0
2019-12-28,2019,H,H,0.44583957693105586,0.280549342098986,0.2736110809699581,1.95,3.8,3.6,H,1.95,True,95.0
2019-12-28,2019,H,H,0.5667946886410494,0.23959447552337476,0.19361083583557584,1.75,3.9,4.33,H,1.75,True,75.0
2019-12-28,2019,A,A,0.3632890852693504,0.2551506377847955,0.3815602769458541,4.33,3.75,1.8,A,1.8,True,80.0
2019-12-28,2019,A,H,0.4629022276290131,0.21349841222890206,0.32359936014208485,3.6,3.4,2.05,H,3.6,False,-100.0
2019-12-29,2019,H,H,0.7820705910810651,0.178453469820122,0.03947593909881293,1.16,7.5,16.0,H,1.16,True,15.999999999999993
2019-12-29,2019,H,H,0.6000258334293429,0.2305699585955994,0.16940420797505773,1.25,5.75,12.0,H,1.25,True,25.0
2019-12-29,2019,A,H,0.40706675443027973,0.2752454742501342,0.31768777131958614,2.87,3.75,2.3,H,2.87,False,-100.0
2020-01-01,2019,H,H,0.3665384727387473,0.2819154183591121,0.3515461089021406,3.3,3.5,2.1,H,3.3,True,229.99999999999997
2020-01-01,2019,H,A,0.3501893685580797,0.27742468244489293,0.37238594899702737,2.55,3.6,2.62,A,2.62,False,-100.0
2020-01-01,2019,H,H,0.5559065049007311,0.21286130855899274,0.2312321865402762,1.9,3.75,3.8,H,1.9,True,89.99999999999999
2020-01-01,2019,D,H,0.41215913181560726,0.22732536338170364,0.36051550480268907,2.5,3.4,2.75,H,2.5,False,-100.0
2020-01-01,2019,H,H,0.6498827517819328,0.22061173253105948,0.12950551568700772,1.25,6.5,10.0,H,1.25,True,25.0
2020-01-01,2019,A,A,0.20120550988918415,0.2598773196291779,0.5389171704816379,5.0,3.8,1.66,A,1.66,True,65.99999999999999
2020-01-01,2019,A,H,0.3938886843858285,0.2549344453402744,0.35117687027389716,1.75,3.8,4.33,H,1.75,False,-100.0
2020-01-01,2019,D,H,0.40887557288144255,0.26094979447707417,0.33017463264148333,3.6,3.6,1.95,H,3.6,False,-100.0
2020-01-01,2019,H,H,0.4108069803780352,0.26530417566953934,0.32388884395242545,3.0,3.4,2.3,H,3.0,True,200.0
2020-01-02,2019,H,H,0.6441051352238276,0.2232330646788955,0.13266180009727682,1.2,6.5,13.0,H,1.2,True,19.999999999999996
2020-01-10,2019,H,H,0.44337555034140613,0.26409192866758874,0.2925325209910051,1.95,3.4,4.0,H,1.95,True,95.0
2020-01-11,2019,D,H,0.587526853358963,0.2583667446885042,0.1541064019525328,1.44,4.5,7.5,H,1.44,False,-100.0
2020-01-11,2019,A,A,0.24020012504726126,0.2801736128681715,0.4796262620845672,4.5,4.33,1.66,A,1.66,True,65.99999999999999
2020-01-11,2019,H,H,0.6527247851209802,0.2221338365533786,0.12514137832564123,1.33,5.25,8.5,H,1.33,True,33.00000000000001
2020-01-11,2019,D,A,0.253656798803562,0.28540055365107336,0.4609426475453646,4.1,3.9,1.8,A,1.8,False,-100.0
2020-01-11,2019,H,H,0.4417645990919305,0.25089483302584675,0.30734056788222275,1.85,3.8,4.0,H,1.85,True,85.00000000000001
2020-01-11,2019,H,H,0.5173053159166302,0.2524923800331178,0.23020230405025208,1.28,5.5,11.0,H,1.28,True,28.000000000000004
2020-01-11,2019,A,H,0.53447280037915,0.23893088863347708,0.2265963109873729,1.6,4.0,5.5,H,1.6,False,-100.0
2020-01-12,2019,A,A,0.3189143245358748,0.32338059984760537,0.3577050756165199,2.6,3.3,2.7,A,2.7,True,170.00000000000003
2020-01-12,2019,A,A,0.11572339213883036,0.2121917646669166,0.672084843194253,13.0,8.5,1.16,A,1.16,True,15.999999999999993
2020-01-18,2019,D,H,0.7790617648251562,0.18062998938943095,0.040308245785412845,1.1,11.0,19.0,H,1.1,False,-100.0
2020-01-18,2019,D,A,0.29766126051577096,0.24674986847283162,0.4555888710113974,3.25,3.5,2.2,A,2.2,False,-100.0
2020-01-18,2019,D,H,0.45220074016713574,0.27537572971795415,0.2724235301149101,1.83,3.6,4.33,H,1.83,False,-100.0
2020-01-18,2019,D,H,0.5093870511684545,0.22705996603434953,0.26355298279719597,1.66,4.0,5.0,H,1.66,False,-100.0
2020-01-18,2019,H,A,0.257063234714939,0.24295116655248292,0.4999855987325781,6.0,4.5,1.5,A,1.5,False,-100.0
2020-01-18,2019,A,H,0.5041840697017322,0.23299181863260465,0.2628241116656631,2.4,3.4,3.0,H,2.4,False,-100.0
2020-01-18,2019,D,H,0.4106391620283776,0.2400747362002954,0.3492861017713271,2.9,3.5,2.37,H,2.9,False,-100.0
2020-01-18,2019,H,H,0.5794549249169064,0.2698929434162964,0.15065213166679722,2.2,3.5,3.25,H,2.2,True,120.00000000000001
2020-01-19,2019,H,A,0.2902075058037888,0.22805645221404344,0.48173604198216785,4.33,3.75,1.83,A,1.83,False,-100.0
2020-01-19,2019,H,H,0.5976771428484068,0.21349641546653775,0.18882644168505547,1.36,5.25,8.0,H,1.36,True,36.00000000000001
2020-01-21,2019,D,H,0.4775648663524967,0.23275858998030566,0.2896765436671977,1.72,3.9,4.5,H,1.72,False,-100.0
2020-01-21,2019,A,A,0.3185338741835229,0.2249401814590898,0.4565259443573872,7.0,5.0,1.4,A,1.4,True,39.99999999999999
2020-01-21,2019,D,H,0.5774542254302925,0.2743998686066333,0.14814590596307434,1.55,4.1,6.0,H,1.55,False,-100.0
2020-01-21,2019,H,H,0.4052135459694743,0.2645171834341537,0.33026927059637207,2.87,3.4,2.45,H,2.87,True,187.0
2020-01-21,2019,H,H,0.45870290425072097,0.26286261222907226,0.2784344835202068,2.8,3.5,2.45,H,2.8,True,179.99999999999997
2020-01-21,2019,A,H,0.45803878747872506,0.2725697750692759,0.26939143745199906,2.7,3.25,2.7,H,2.7,False,-100.0
2020-01-22,2019,H,H,0.5348152159081176,0.25348800608050265,0.21169677801137976,1.53,4.33,6.0,H,1.53,True,53.0
2020-01-22,2019,H,H,0.6155515799715154,0.2111719614085473,0.17327645861993723,1.4,5.0,7.5,H,1.4,True,39.99999999999999
2020-01-22,2019,A,H,0.5672800912677725,0.21194041501884228,0.22077949371338526,1.36,4.75,9.0,H,1.36,False,-100.0
2020-01-23,2019,A,A,0.19658658955903463,0.227326204980697,0.5760872054602683,5.75,3.8,1.61,A,1.61,True,61.00000000000001
2020-01-29,2019,A,A,0.1797254153524949,0.23527599602470062,0.5849985886228044,8.5,5.5,1.33,A,1.33,True,33.00000000000001
2020-02-01,2019,D,H,0.43355931342819504,0.2497060219154399,0.3167346646563651,2.6,3.3,2.75,H,2.6,False,-100.0
2020-02-01,2019,D,H,0.4296057905287404,0.2660097531622133,0.30438445630904626,2.5,3.6,2.7,H,2.5,False,-100.0
2020-02-01,2019,H,H,0.4560284339664158,0.24492532610562487,0.29904623992795937,2.1,3.6,3.3,H,2.1,True,110.00000000000001
2020-02-01,2019,A,A,0.33168016998158517,0.28542835597160904,0.38289147404680585,3.1,3.1,2.5,A,2.5,True,150.0
2020-02-01,2019,H,H,0.62600372208571,0.22159999782054837,0.15239628009374162,1.25,6.0,12.0,H,1.25,True,25.0
2020-02-01,2019,D,H,0.425051991869944,0.23742422692465026,0.33752378120540566,2.2,3.4,3.3,H,2.2,False,-100.0
2020-02-01,2019,A,H,0.4405742942702339,0.24572519568159465,0.31370051004817145,2.75,3.3,2.62,H,2.75,False,-100.0
2020-02-01,2019,D,H,0.51278646414459,0.25971560981171393,0.22749792604369615,2.25,3.25,3.4,H,2.25,False,-100.0
2020-02-02,2019,H,A,0.175608790344962,0.2231533103366722,0.6012378993183658,5.5,4.6,1.53,A,1.53,False,-100.0
2020-02-02,2019,D,A,0.27120607855957074,0.249285243567774,0.4795086778726552,3.6,3.6,2.0,A,2.0,False,-100.0
2020-02-08,2019,D,H,0.5052110411878293,0.24753108037196633,0.2472578784402043,2.1,3.4,3.6,H,2.1,False,-100.0
2020-02-08,2019,H,H,0.5508757888832702,0.23994259408066101,0.20918161703606883,1.61,3.8,6.0,H,1.61,True,61.00000000000001
2020-02-09,2019,H,H,0.5359373505739007,0.23542605344653622,0.22863659597956307,1.66,3.6,5.75,H,1.66,True,65.99999999999999
2020-02-14,2019,D,H,0.4516882563985302,0.24605577563122316,0.3022559679702466,2.5,3.3,2.87,H,2.5,False,-100.0
2020-02-15,2019,A,H,0.5386623858855697,0.24860297979374804,0.21273463432068226,1.75,3.8,4.75,H,1.75,False,-100.0
2020-02-15,2019,A,A,0.16989149921131697,0.20898182259803452,0.6211266781906485,11.0,6.25,1.25,A,1.25,True,25.0
2020-02-16,2019,H,H,0.6024243651871167,0.24575054864931944,0.1518250861635638,1.4,4.75,8.0,H,1.4,True,39.99999999999999
2020-02-16,2019,A,A,0.35420602605539725,0.24207314721722692,0.4037208267273758,4.0,3.8,1.85,A,1.85,True,85.00000000000001
2020-02-17,2019,A,H,0.5979992571068069,0.2437953044738396,0.1582054384193535,1.85,3.5,4.5,H,1.85,False,-100.0
2020-02-19,2019,H,H,0.7843570918137059,0.17459941505612117,0.04104349313017288,1.12,9.5,17.0,H,1.12,True,12.00000000000001
2020-02-22,2019,A,A,0.1642615784935662,0.2270281657799371,0.6087102557264967,4.5,4.2,1.7,A,1.7,True,70.0
2020-02-22,2019,H,H,0.47159217297735045,0.24087008578319138,0.2875377412394582,1.61,4.33,5.0,H,1.61,True,61.00000000000001
2020-02-22,2019,D,H,0.4807280048457921,0.23540961237423905,0.28386238277996884,1.95,3.4,4.2,H,1.95,False,-100.0
2020-02-22,2019,H,H,0.565770615157886,0.23122916436111277,0.20300022048100133,1.72,4.0,4.5,H,1.72,True,72.0
2020-02-22,2019,H,H,0.48211444378086804,0.23285498274002567,0.2850305734791063,2.1,3.3,3.7,H,2.1,True,110.00000000000001
2020-02-22,2019,H,H,0.46819953389307195,0.24604807335737014,0.28575239274955794,1.95,3.4,4.2,H,1.95,True,95.0
2020-02-23,2019,H,H,0.3986815497667386,0.27034472332334936,0.33097372690991206,2.0,3.6,3.7,H,2.0,True,100.0
2020-02-23,2019,H,H,0.6005237525087941,0.2437990043042542,0.15567724318695172,1.6,3.9,6.0,H,1.6,True,60.00000000000001
2020-02-23,2019,H,H,0.5467581219094592,0.21682258398771248,0.23641929410282825,1.5,4.2,7.0,H,1.5,True,50.0
2020-02-24,2019,H,H,0.7783757418192275,0.18983377224585585,0.031790485934916644,1.16,8.0,15.0,H,1.16,True,15.999999999999993
2020-02-28,2019,H,A,0.22647170381905113,0.2347085518903488,0.5388197442906001,4.33,4.1,1.72,A,1.72,False,-100.0
2020-02-29,2019,H,A,0.1667434543692956,0.15517111619340032,0.6780854294373041,8.0,4.75,1.4,A,1.4,False,-100.0
2020-02-29,2019,H,H,0.535550879188142,0.22992683982276793,0.23452228098909003,2.65,3.6,2.5,H,2.65,True,165.0
2020-02-29,2019,A,H,0.4881965071834924,0.23437199411700305,0.2774314986995046,2.05,3.25,3.9,H,2.05,False,-100.0
2020-02-29,2019,D,A,0.24376536182994168,0.23318469647746323,0.523049941692595,4.75,3.8,1.72,A,1.72,False,-100.0
2020-02-29,2019,D,H,0.42943345413173906,0.2851007415744145,0.28546580429384644,2.62,3.1,2.9,H,2.62,False,-100.0
2020-03-01,2019,D,H,0.3946824825655338,0.28110973562745034,0.32420778180701587,2.5,3.25,2.9,H,2.5,False,-100.0
2020-03-01,2019,A,H,0.41115667497545055,0.24387640043449402,0.34496692459005546,2.45,3.2,3.0,H,2.45,False,-100.0
2020-03-07,2019,D,H,0.37772082056316947,0.2835821767612186,0.3386970026756119,2.7,3.3,2.62,H,2.7,False,-100.0
2020-03-07,2019,A,H,0.525049419469621,0.250700650480898,0.22424993004948088,1.61,4.1,5.25,H,1.61,False,-100.0
2020-03-07,2019,H,H,0.49926386547688173,0.23496401921126284,0.26577211531185535,1.65,3.75,5.75,H,1.65,True,64.99999999999999
2020-03-07,2019,H,H,0.6278447445162946,0.23215778325339106,0.13999747223031442,1.22,6.5,13.0,H,1.22,True,21.999999999999996
2020-03-07,2019,H,H,0.524043548593205,0.22255934422217857,0.25339710718461644,1.57,4.4,5.5,H,1.57,True,57.00000000000001
2020-03-07,2019,D,H,0.5121069179471359,0.22852974330790765,0.2593633387449564,1.61,3.9,5.75,H,1.61,False,-100.0
2020-03-07,2019,H,H,0.3988513989060416,0.2862486716088905,0.3148999294850679,2.55,3.2,2.9,H,2.55,True,154.99999999999997
2020-03-08,2019,H,H,0.6126073285506811,0.21151038616914783,0.175882285280171,1.8,3.9,4.2,H,1.8,True,80.0
2020-03-08,2019,H,A,0.3563046310790328,0.22607832820789583,0.41761704071307143,5.0,4.33,1.6,A,1.6,False,-100.0
2020-03-09,2019,H,H,0.5693036739979016,0.2149030988726136,0.2157932271294848,1.36,5.25,8.0,H,1.36,True,36.00000000000001
2020-06-17,2019,H,H,0.6403871799062889,0.2079291573148696,0.15168366277884152,1.36,5.25,7.5,H,1.36,True,36.00000000000001
2020-06-17,2019,D,H,0.3960882522223128,0.265628704304464,0.3382830434732232,3.2,3.4,2.25,H,3.2,False,-100.0
2020-06-19,2019,A,H,0.4229504129146044,0.25715983702901984,0.31988975005637577,2.8,3.5,2.45,H,2.8,False,-100.0
2020-06-19,2019,D,H,0.40175101221602966,0.3065582971100885,0.29169069067388187,3.0,3.4,2.37,H,3.0,False,-100.0
2020-06-20,2019,D,H,0.40643834925509476,0.24881398392209533,0.34474766682280994,3.6,3.5,2.05,H,3.6,False,-100.0
2020-06-20,2019,H,H,0.41239234088146737,0.2478596573051913,0.33974800181334136,3.1,3.25,2.37,H,3.1,True,210.0
2020-06-20,2019,A,H,0.38903084470309385,0.23653803579725474,0.3744311194996514,3.6,3.4,2.1,H,3.6,False,-100.0
2020-06-20,2019,A,H,0.37222143594108625,0.2649433907641255,0.3628351732947883,2.45,3.2,3.0,H,2.45,False,-100.0
2020-06-21,2019,A,A,0.20944571929179726,0.2128320305076968,0.5777222502005058,6.0,4.5,1.5,A,1.5,True,50.0
2020-06-21,2019,D,A,0.16445236939560143,0.2259971863870273,0.6095504442173714,6.0,4.2,1.55,A,1.55,False,-100.0
2020-06-21,2019,H,A,0.3553885415968003,0.23243572743178517,0.41217573097141463,3.3,3.1,2.37,A,2.37,False,-100.0
2020-06-22,2019,H,H,0.7682711762633895,0.17434541283367508,0.05738341090293549,1.12,9.0,15.0,H,1.12,True,12.00000000000001
2020-06-23,2019,H,H,0.5619340603331795,0.24021977697754618,0.19784616268927427,1.66,4.0,5.0,H,1.66,True,65.99999999999999
2020-06-23,2019,D,H,0.5294339331999948,0.2283429708793736,0.24222309592063154,1.6,4.0,5.75,H,1.6,False,-100.0
2020-06-24,2019,H,H,0.7363339131856496,0.1868659466561947,0.07680014015815563,1.22,6.5,13.0,H,1.22,True,21.999999999999996
2020-06-24,2019,H,H,0.522196383433168,0.25489381882158285,0.22290979774524913,1.4,4.5,8.5,H,1.4,True,39.99999999999999
2020-06-24,2019,D,H,0.471336915948243,0.27875891683385295,0.2499041672179041,2.3,3.3,3.2,H,2.3,False,-100.0
2020-06-24,2019,A,H,0.39233944768727974,0.24645662918078723,0.36120392313193306,3.9,3.6,1.9,H,3.9,False,-100.0
2020-06-24,2019,H,H,0.510221790892361,0.23915441883574107,0.250623790271898,1.55,4.0,6.0,H,1.55,True,55.00000000000001
2020-06-25,2019,H,H,0.4316427711097944,0.2433236793636492,0.3250335495265564,4.0,4.0,1.8,H,4.0,True,300.0
2020-06-25,2019,H,A,0.36640115710655613,0.2393580948227152,0.3942407480707287,3.0,3.25,2.45,A,2.45,False,-100.0
2020-06-25,2019,A,H,0.4488712094435134,0.25298676913261403,0.2981420214238725,2.6,3.5,2.62,H,2.6,False,-100.0
2020-06-27,2019,A,A,0.3569053875287505,0.23482324321041617,0.4082713692608333,4.6,3.7,1.75,A,1.75,True,75.0
2020-06-28,2019,A,H,0.38355716269093665,0.26401109682867135,0.35243174048039205,2.5,3.3,2.87,H,2.5,False,-100.0
2020-06-29,2019,A,H,0.4351211435336513,0.26709082625163716,0.2977880302147115,2.25,3.2,3.4,H,2.25,False,-100.0
2020-06-30,2019,A,A,0.2545706364823577,0.21734842895192422,0.528080934565718,6.0,3.8,1.61,A,1.61,True,61.00000000000001
2020-07-01,2019,H,A,0.2682533663227055,0.24821193237284025,0.4835347013044542,5.5,4.33,1.57,A,1.57,False,-100.0
2020-07-01,2019,A,H,0.49721586302403087,0.24659948424192105,0.25618465273404806,2.4,3.1,3.2,H,2.4,False,-100.0
2020-07-01,2019,H,H,0.44682475750180367,0.23858256965407076,0.31459267284412556,2.5,3.3,2.9,H,2.5,True,150.0
2020-07-01,2019,H,H,0.5824747537303324,0.2273353528414005,0.1901898934282671,1.44,4.75,7.0,H,1.44,True,43.99999999999999
2020-07-02,2019,H,H,0.44093301073696484,0.25885414792807787,0.30021284133495735,2.05,3.9,3.3,H,2.05,True,104.99999999999999
2020-07-02,2019,H,H,0.4544550234139084,0.24480483264104802,0.3007401439450435,4.2,3.4,1.95,H,4.2,True,320.0
2020-07-04,2019,A,H,0.4215830197669643,0.24563614505998635,0.33278083517304935,2.25,3.4,3.25,H,2.25,False,-100.0
2020-07-04,2019,H,H,0.7346834830437476,0.22530190719690724,0.04001460975934513,1.16,7.5,17.0,H,1.16,True,15.999999999999993
2020-07-04,2019,H,H,0.5992160519011439,0.2512990971117347,0.14948485098712136,1.4,4.75,8.0,H,1.4,True,39.99999999999999
2020-07-04,2019,A,H,0.3925710854194661,0.24001379692078162,0.36741511765975227,3.3,3.4,2.2,H,3.3,False,-100.0
2020-07-04,2019,H,H,0.5149664435079248,0.23265808415962363,0.25237547233245156,1.66,3.6,5.75,H,1.66,True,65.99999999999999
2020-07-05,2019,H,A,0.119416411982665,0.2334171601883519,0.6471664278289831,8.5,6.0,1.3,A,1.3,False,-100.0
2020-07-05,2019,H,H,0.5501208513643624,0.2623862932581071,0.1874928553775305,1.33,5.5,8.5,H,1.33,True,33.00000000000001
2020-07-05,2019,D,H,0.47172291264336463,0.24231989750726426,0.28595718984937113,2.6,3.3,2.75,H,2.6,False,-100.0
2020-07-05,2019,D,H,0.3703405535605775,0.3382934011978182,0.2913660452416043,2.9,3.0,2.7,H,2.9,False,-100.0
2020-07-06,2019,H,H,0.3985068288259022,0.23336373165470203,0.3681294395193957,2.1,3.5,3.4,H,2.1,True,110.00000000000001
2020-07-07,2019,H,H,0.6043919297154567,0.26471707643207437,0.13089099385246886,1.7,3.75,5.0,H,1.7,True,70.0
2020-07-07,2019,D,H,0.45941181376446333,0.2401131252244838,0.3004750610110529,2.3,3.5,3.0,H,2.3,False,-100.0
2020-07-07,2019,A,A,0.1932245729761822,0.18075408659748118,0.6260213404263366,8.5,4.5,1.4,A,1.4,True,39.99999999999999
2020-07-08,2019,A,H,0.5269289307012944,0.24077511215564287,0.23229595714306273,2.0,3.4,3.9,H,2.0,False,-100.0
2020-07-08,2019,A,A,0.23077055980384567,0.20780948837558458,0.5614199518205697,6.0,4.33,1.53,A,1.53,True,53.0
2020-07-08,2019,H,H,0.757807938785514,0.18292291428144766,0.059269146933038246,1.12,9.0,21.0,H,1.12,True,12.00000000000001
2020-07-08,2019,H,H,0.39148558629909563,0.2507319352879965,0.35778247841290783,3.8,3.2,2.1,H,3.8,True,280.0
2020-07-09,2019,D,A,0.2868670182825134,0.22291793336289054,0.4902150483545961,5.25,3.8,1.66,A,1.66,False,-100.0
2020-07-09,2019,D,H,0.49155653715302944,0.26232254225272794,0.24612092059424262,2.05,3.5,3.6,H,2.05,False,-100.0
2020-07-09,2019,A,A,0.21187147543129217,0.23824030730241189,0.5498882172662959,9.0,5.25,1.33,A,1.33,True,33.00000000000001
2020-07-11,2019,A,A,0.3026848463248215,0.21177157219181653,0.485543581483362,3.75,3.75,1.95,A,1.95,True,95.0
2020-07-11,2019,H,H,0.4544649730821249,0.23882894712156869,0.3067060797963064,1.8,3.6,4.5,H,1.8,True,80.0
2020-07-11,2019,D,H,0.635430783025456,0.26326523531790175,0.10130398165664224,1.22,6.5,12.0,H,1.22,False,-100.0
2020-07-11,2019,H,A,0.22988364893049398,0.2159164455521473,0.5541999055173586,6.0,3.8,1.6,A,1.6,False,-100.0
2020-07-11,2019,A,A,0.23159004452453366,0.24803680472511438,0.520373150750352,10.0,5.5,1.28,A,1.28,True,28.000000000000004
2020-07-12,2019,H,H,0.42475944991440356,0.2463450857647355,0.32889546432086086,2.05,3.3,3.8,H,2.05,True,104.99999999999999
2020-07-12,2019,H,H,0.40463431723084514,0.2995880719244837,0.2957776108446711,2.25,3.3,3.3,H,2.25,True,125.0
2020-07-12,2019,H,A,0.27704214126124777,0.22981159891487327,0.49314625982387894,5.25,3.8,1.66,A,1.66,False,-100.0
2020-07-12,2019,H,H,0.4368540346637364,0.24714198265723777,0.3160039826790258,2.62,3.4,2.7,H,2.62,True,162.0
2020-07-13,2019,D,H,0.6237989933076812,0.22606134490632981,0.150139661785989,1.3,5.5,10.0,H,1.3,False,-100.0
2020-07-14,2019,H,H,0.7262536291093599,0.22385966872998675,0.04988670216065339,1.12,9.5,17.0,H,1.12,True,12.00000000000001
2020-07-15,2019,D,A,0.3618978571999225,0.2504254494180049,0.38767669338207256,4.5,3.3,1.9,A,1.9,False,-100.0
2020-07-15,2019,H,H,0.6663191455232681,0.18931558719064254,0.14436526728608925,1.14,8.5,17.0,H,1.14,True,13.99999999999999
2020-07-15,2019,A,A,0.24918959534457297,0.244288436345002,0.5065219683104251,4.6,3.8,1.75,A,1.75,True,75.0
2020-07-15,2019,H,A,0.35971756331958615,0.25860951618344963,0.3816729204969643,3.8,3.8,1.9,A,1.9,False,-100.0
2020-07-16,2019,D,H,0.4071270085158782,0.2387679531550121,0.3541050383291098,2.0,3.5,3.75,H,2.0,False,-100.0
2020-07-16,2019,H,H,0.5178732356145422,0.2772751954253406,0.20485156896011722,2.05,3.25,3.9,H,2.05,True,104.99999999999999
2020-07-16,2019,A,A,0.2690125845989703,0.24687960147523083,0.4841078139257989,9.5,4.75,1.36,A,1.36,True,36.00000000000001
2020-07-16,2019,D,H,0.4854786418478179,0.23444597047261093,0.28007538767957113,2.15,3.3,3.5,H,2.15,False,-100.0
2020-07-17,2019,H,H,0.4981276071279051,0.23652686253723798,0.2653455303348569,2.4,3.0,3.3,H,2.4,True,140.0
2020-07-18,2019,A,H,0.37818323805733284,0.26360218811118785,0.3582145738314793,3.2,3.4,2.25,H,3.2,False,-100.0
2020-07-19,2019,A,H,0.45708757892946084,0.23851014564131076,0.30440227542922843,2.4,3.6,2.8,H,2.4,False,-100.0
2020-07-19,2019,H,H,0.4720295946439806,0.24339496773677174,0.28457543761924764,2.25,3.3,3.25,H,2.25,True,125.0
2020-07-20,2019,H,H,0.5173196491498296,0.25043564607663865,0.23224470477353165,1.5,4.0,7.5,H,1.5,True,50.0
2020-07-20,2019,A,H,0.4202282784318534,0.26507677529393914,0.3146949462742074,2.2,3.25,3.5,H,2.2,False,-100.0
2020-07-20,2019,D,H,0.39226900017653116,0.2661778635309538,0.3415531362925151,1.9,3.4,4.33,H,1.9,False,-100.0
2020-07-21,2019,A,A,0.10873532439219032,0.238144450514132,0.6531202250936777,8.5,5.5,1.33,A,1.33,True,33.00000000000001
2020-07-21,2019,H,H,0.3979163207119756,0.27378006558312395,0.3283036137049004,3.3,3.6,2.1,H,3.3,True,229.99999999999997
2020-07-22,2019,D,H,0.6140914129409705,0.23387577648135957,0.15203281057766996,1.22,6.5,11.0,H,1.22,False,-100.0
2020-07-22,2019,H,H,0.5878673850960315,0.22594536690446443,0.18618724799950395,2.0,3.75,3.5,H,2.0,True,100.0
2020-07-26,2019,A,H,0.4200073365880564,0.2698953724493084,0.3100972909626352,2.25,3.7,3.0,H,2.25,False,-100.0
2020-07-26,2019,H,H,0.448622558296442,0.2631979524438934,0.28817948925966463,1.9,3.8,3.8,H,1.9,True,89.99999999999999
2020-07-26,2019,A,H,0.4624930430752577,0.22426286121017824,0.3132440957145641,2.37,3.4,3.0,H,2.37,False,-100.0
2020-07-26,2019,H,H,0.5030872457615936,0.25716783826912826,0.23974491596927824,1.85,3.8,4.0,H,1.85,True,85.00000000000001
2020-07-26,2019,D,A,0.2644122277314706,0.2716088007781258,0.4639789714904035,6.0,4.2,1.55,A,1.55,False,-100.0
2020-07-26,2019,A,H,0.4310822037812178,0.28449101064763166,0.28442678557115064,3.25,3.5,2.2,H,3.25,False,-100.0
2020-07-26,2019,H,H,0.6943271018552256,0.23168181160308668,0.07399108654168772,1.08,11.0,26.0,H,1.08,True,8.000000000000007
2020-07-26,2019,A,A,0.21612847204567567,0.24083656307628434,0.54303496487804,7.5,5.25,1.36,A,1.36,True,36.00000000000001
2020-07-26,2019,H,H,0.5344333994795417,0.24339647637885367,0.22217012414160464,2.15,3.5,3.3,H,2.15,True,114.99999999999999
2020-07-26,2019,D,H,0.4312580858048243,0.2755518771502103,0.29319003704496543,3.0,3.6,2.3,H,3.0,False,-100.0
2020-09-12,2020,A,H,0.5148437227107485,0.2517207077669165,0.23343556952233493,2.15,3.4,3.4,H,2.15,False,-100.0
2020-09-12,2020,H,H,0.41236481208800974,0.24280081017300503,0.34483437773898523,3.1,3.25,2.37,H,3.1,True,210.0
2020-09-12,2020,A,A,0.16301157045282097,0.2460209068936284,0.5909675226535507,6.0,4.33,1.53,A,1.53,True,53.0
2020-09-12,2020,H,H,0.5776637529349192,0.2671431591783425,0.15519308788673813,1.28,6.0,9.5,H,1.28,True,28.000000000000004
2020-09-13,2020,A,H,0.37671827184408163,0.24699617521052308,0.3762855529453953,3.8,3.6,1.95,H,3.8,False,-100.0
2020-09-13,2020,A,H,0.5445082316599955,0.23600924611533666,0.21948252222466788,1.83,3.6,4.33,H,1.83,False,-100.0
2020-09-14,2020,A,A,0.2713397246200018,0.2595753232198525,0.46908495216014573,5.0,4.33,1.61,A,1.61,True,61.00000000000001
2020-09-14,2020,A,A,0.3035694420089065,0.3184030495323606,0.37802750845873295,3.25,3.1,2.37,A,2.37,True,137.0
2020-09-19,2020,H,H,0.5682982334570937,0.21174635868460745,0.21995540785829873,1.53,4.5,5.5,H,1.53,True,53.0
2020-09-19,2020,A,H,0.6459177874528041,0.20635953977322255,0.14772267277397336,1.3,5.5,9.5,H,1.3,False,-100.0
2020-09-19,2020,H,H,0.4657110194623157,0.27970711190573444,0.25458186863194987,1.5,4.2,6.5,H,1.5,True,50.0
2020-09-19,2020,H,H,0.5699207704036597,0.27033712787295894,0.1597421017233813,1.61,3.9,5.75,H,1.61,True,61.00000000000001
2020-09-20,2020,A,A,0.26834662319489816,0.29787711689900936,0.4337762599060924,3.1,3.6,2.2,A,2.2,True,120.00000000000001
2020-09-20,2020,A,H,0.4180341952925974,0.29123501008179803,0.29073079462560464,3.0,3.3,2.37,H,3.0,False,-100.0
2020-09-20,2020,A,H,0.44240026698623164,0.2509762655061836,0.30662346750758473,2.6,3.1,2.87,H,2.6,False,-100.0
2020-09-20,2020,H,H,0.5045814027097397,0.25068597246247465,0.24473262482778557,1.61,4.0,5.5,H,1.61,True,61.00000000000001
2020-09-21,2020,A,A,0.14203490422410692,0.17644249217536626,0.6815226036005267,6.5,4.33,1.5,A,1.5,True,50.0
2020-09-21,2020,H,H,0.4677929860795236,0.2846985580180521,0.24750845590242432,2.7,3.1,2.75,H,2.7,True,170.00000000000003
2020-09-26,2020,D,A,0.2646659065687589,0.10852889252011115,0.62680520091113,9.0,4.75,1.36,A,1.36,False,-100.0
2020-09-26,2020,A,H,0.4093624502423118,0.2676801279820162,0.32295742177567205,3.2,3.3,2.3,H,3.2,False,-100.0
2020-09-26,2020,A,A,0.1995883663664042,0.2644818168743073,0.5359298167592885,4.75,3.75,1.72,A,1.72,True,72.0
2020-09-26,2020,A,H,0.388208762358308,0.2712911423975552,0.3405000952441368,3.75,3.25,2.1,H,3.75,False,-100.0
2020-09-27,2020,D,H,0.5950009113317538,0.22326601577105584,0.18173307289719043,1.45,4.5,7.0,H,1.45,False,-100.0
2020-09-27,2020,H,H,0.36752023322094196,0.280775766809193,0.3517039999698652,3.6,3.5,2.05,H,3.6,True,260.0
2020-09-27,2020,A,H,0.4925277932389815,0.21107209807157604,0.2964001086894425,1.28,6.0,9.5,H,1.28,False,-100.0
2020-09-27,2020,A,A,0.27562786668906797,0.21965073130621823,0.5047214020047138,2.7,3.3,2.62,A,2.62,True,162.0
2020-09-28,2020,H,H,0.6432153067782915,0.20674222186299906,0.1500424713587094,1.45,4.75,6.5,H,1.45,True,44.99999999999999
2020-09-28,2020,A,H,0.4331450312344384,0.28908316833044884,0.2777718004351127,2.9,3.25,2.5,H,2.9,False,-100.0
2020-10-03,2020,H,H,0.5028903842363163,0.27839835660647627,0.21871125915720757,1.4,4.75,8.0,H,1.4,True,39.99999999999999
2020-10-03,2020,H,H,0.5911706323143634,0.21739732858805885,0.19143203909757767,1.72,3.75,4.8,H,1.72,True,72.0
2020-10-03,2020,D,A,0.204208364760435,0.32299018556948833,0.4728014496700766,7.5,5.25,1.36,A,1.36,False,-100.0
2020-10-03,2020,H,H,0.464722704755767,0.2440736549488853,0.2912036402953477,2.4,3.2,3.1,H,2.4,True,140.0
2020-10-04,2020,H,A,0.1489210382925377,0.14424312649068266,0.7068358352167796,10.0,5.5,1.3,A,1.3,False,-100.0
2020-10-04,2020,A,H,0.48695163180456635,0.24317581269134805,0.26987255550408557,1.85,3.8,4.0,H,1.85,False,-100.0
2020-10-04,2020,H,H,0.41353179973298637,0.2292850910055344,0.35718310926147917,1.5,4.0,7.5,H,1.5,True,50.0
2020-10-04,2020,H,H,0.5929274735035973,0.23219412741208678,0.17487839908431582,1.72,3.8,4.75,H,1.72,True,72.0
2020-10-04,2020,A,H,0.49172451000085043,0.21097896615851627,0.2972965238406334,1.61,4.2,5.25,H,1.61,False,-100.0
2020-10-04,2020,H,H,0.6638157704818449,0.12913779304370407,0.20704643647445106,1.57,4.0,6.0,H,1.57,True,57.00000000000001
2020-10-17,2020,H,H,0.7247697040524735,0.17440165183051295,0.10082864411701353,1.44,5.0,6.5,H,1.44,True,43.99999999999999
2020-10-17,2020,A,A,0.2650412022567697,0.2295907070594293,0.5053680906838011,4.75,4.0,1.66,A,1.66,True,65.99999999999999
2020-10-17,2020,D,A,0.2910435738416868,0.23384758688599164,0.47510883927232156,3.75,4.2,1.83,A,1.83,False,-100.0
2020-10-17,2020,D,H,0.571136472318479,0.20857498596113336,0.22028854172038762,1.45,4.75,6.5,H,1.45,False,-100.0
2020-10-18,2020,A,H,0.49936769824669963,0.2476872585061379,0.2529450432471625,1.83,3.8,4.1,H,1.83,False,-100.0
2020-10-18,2020,D,H,0.5602428226094777,0.20102216982685225,0.23873500756366997,2.62,3.3,2.7,H,2.62,False,-100.0
2020-10-18,2020,D,A,0.34052397739668616,0.24723190082014654,0.4122441217831674,2.1,3.3,3.7,A,3.7,False,-100.0
2020-10-18,2020,D,H,0.5261232680633697,0.2480758007873375,0.22580093114929292,1.57,4.33,5.5,H,1.57,False,-100.0
2020-10-19,2020,D,A,0.35441760643565196,0.24855189714269718,0.3970304964216509,2.45,3.3,2.9,A,2.9,False,-100.0
2020-10-19,2020,A,A,0.3654420733114074,0.24243312399528358,0.39212480269330907,2.5,3.3,2.87,A,2.87,True,187.0
2020-10-23,2020,A,H,0.46605554005914707,0.26268527161905425,0.2712591883217987,2.05,3.75,3.3,H,2.05,False,-100.0
2020-10-24,2020,H,H,0.6252485333053911,0.20689269339434416,0.16785877330026466,1.22,6.5,12.0,H,1.22,True,21.999999999999996
2020-10-24,2020,D,H,0.44979692581094294,0.2920720142006572,0.25813105998839986,2.37,3.6,2.8,H,2.37,False,-100.0
2020-10-24,2020,D,A,0.3316230516297373,0.21165148216427357,0.45672546620598914,8.0,5.25,1.36,A,1.36,False,-100.0
2020-10-24,2020,A,H,0.4764065610047263,0.2519062934677714,0.27168714552750234,2.75,3.1,2.7,H,2.75,False,-100.0
2020-10-25,2020,H,D,0.306474768175301,0.35913831256181034,0.33438691926288877,2.75,3.4,2.55,D,3.4,False,-100.0
2020-10-25,2020,D,H,0.5292201583829632,0.2199155791075784,0.2508642625094584,1.75,3.5,5.25,H,1.75,False,-100.0
2020-10-25,2020,A,H,0.4404699612078504,0.2620841220536166,0.29744591673853293,1.9,3.75,3.8,H,1.9,False,-100.0
2020-10-26,2020,D,H,0.5719925633642371,0.22960419546270808,0.19840324117305483,1.7,4.0,4.75,H,1.7,False,-100.0
2020-10-26,2020,A,A,0.2328141893647736,0.25105538198671257,0.5161304286485138,5.75,4.0,1.6,A,1.6,True,60.00000000000001
2020-10-30,2020,H,H,0.49828994779704766,0.21900579025878542,0.2827042619441669,2.0,3.2,4.33,H,2.0,True,100.0
2020-10-31,2020,A,A,0.17398921681963908,0.23509270803620064,0.5909180751441602,9.5,6.0,1.28,A,1.28,True,28.000000000000004
2020-10-31,2020,A,A,0.25786139559323096,0.21893244773607937,0.5232061566706897,6.0,4.5,1.5,A,1.5,True,50.0
2020-10-31,2020,H,H,0.7903742594768227,0.13158063059041838,0.0780451099327589,1.36,5.25,7.5,H,1.36,True,36.00000000000001
2020-11-01,2020,A,H,0.4471162678036957,0.2411889643829046,0.3116947678133997,2.45,3.5,2.8,H,2.45,False,-100.0
2020-11-01,2020,H,A,0.3763467218602396,0.24671634059552158,0.37693693754423885,3.7,3.4,2.05,A,2.05,False,-100.0
2020-11-01,2020,A,H,0.47358481216644854,0.2761592690152497,0.25025591881830184,2.0,3.6,3.6,H,2.0,False,-100.0
2020-11-01,2020,H,H,0.5385181796292734,0.24857557331039418,0.21290624706033237,1.61,4.0,5.5,H,1.61,True,61.00000000000001
2020-11-02,2020,H,H,0.4679548672417449,0.261708746558885,0.27033638619937017,2.4,3.3,3.0,H,2.4,True,140.0
2020-11-02,2020,A,H,0.48420450268672316,0.27122597821079125,0.24456951910248562,2.5,3.6,2.62,H,2.5,False,-100.0
2020-11-06,2020,D,H,0.5828139946073758,0.25199318894256584,0.16519281645005832,1.85,3.5,4.33,H,1.85,False,-100.0
2020-11-06,2020,H,H,0.47907348073490086,0.2647450505178881,0.256181468747211,2.0,3.6,3.7,H,2.0,True,100.0
2020-11-07,2020,H,H,0.47910716501689105,0.28265213608548073,0.23824069889762825,1.83,3.75,4.2,H,1.83,True,83.0
2020-11-07,2020,H,H,0.5995504673840027,0.21694238260184384,0.1835071500141535,1.36,5.0,8.5,H,1.36,True,36.00000000000001
2020-11-07,2020,A,A,0.3471881501599241,0.29341307932579597,0.3593987705142799,2.9,3.5,2.37,A,2.37,True,137.0
2020-11-07,2020,H,A,0.35096655340067406,0.2739212545763317,0.3751121920229941,2.87,3.4,2.45,A,2.45,False,-100.0
2020-11-08,2020,A,H,0.5558149162628034,0.24390674152715178,0.2002783422100448,1.65,4.1,5.0,H,1.65,False,-100.0
2020-11-08,2020,D,H,0.4982945689546033,0.23274056115258923,0.2689648698928075,1.95,4.2,3.4,H,1.95,False,-100.0
2020-11-08,2020,H,H,0.414607253133743,0.293651240610711,0.291741506255546,2.3,3.2,3.25,H,2.3,True,129.99999999999997
2020-11-08,2020,A,A,0.29058107833464514,0.21975545470816504,0.4896634669571898,7.0,4.33,1.45,A,1.45,True,44.99999999999999
2020-11-21,2020,H,H,0.5701566385722244,0.22187371261679548,0.20796964881098012,1.3,5.5,9.5,H,1.3,True,30.000000000000004
2020-11-21,2020,A,H,0.4263263399019637,0.260218053687387,0.3134556064106493,2.15,3.6,3.2,H,2.15,False,-100.0
2020-11-21,2020,A,A,0.2956386542896651,0.23141396855424554,0.4729473771560893,6.5,4.75,1.45,A,1.45,True,44.99999999999999
2020-11-21,2020,H,A,0.3668484808322708,0.25606968727366947,0.3770818318940598,4.0,4.0,1.8,A,1.8,False,-100.0
2020-11-22,2020,A,H,0.39573938626004085,0.24010283837093416,0.36415777536902505,3.9,3.9,1.85,H,3.9,False,-100.0
2020-11-22,2020,A,H,0.4405569251144874,0.2674896323469346,0.29195344253857797,3.0,3.25,2.4,H,3.0,False,-100.0
2020-11-22,2020,D,H,0.44648643009037864,0.26321199111510873,0.2903015787945126,3.0,3.75,2.2,H,3.0,False,-100.0
2020-11-22,2020,H,H,0.4925361368126259,0.24171530188957577,0.26574856129779834,1.85,4.0,3.8,H,1.85,True,85.00000000000001
2020-11-23,2020,H,H,0.44267476265918915,0.2771562028155901,0.28016903452522074,2.75,3.1,2.75,H,2.75,True,175.0
2020-11-23,2020,D,H,0.481562181878825,0.21159072367794277,0.30684709444323227,2.3,3.25,3.25,H,2.3,False,-100.0
2020-11-27,2020,A,H,0.4920538012842502,0.25804967880301233,0.24989651991273745,2.05,3.25,3.75,H,2.05,False,-100.0
2020-11-28,2020,H,H,0.3920626074360914,0.28706152551881786,0.3208758670450907,2.6,3.2,2.8,H,2.6,True,160.0
2020-11-28,2020,A,H,0.471355795559061,0.25443114778444026,0.2742130566564988,1.95,3.8,3.6,H,1.95,False,-100.0
2020-11-28,2020,D,A,0.27130431528779136,0.2636809637198061,0.4650147209924025,5.5,4.2,1.57,A,1.57,False,-100.0
2020-11-28,2020,H,H,0.7636114236276971,0.21785172053762555,0.01853685583467735,1.16,7.5,16.0,H,1.16,True,15.999999999999993
2020-11-29,2020,D,H,0.5284506368820189,0.23250742879345368,0.2390419343245274,2.05,3.5,3.6,H,2.05,False,-100.0
2020-11-29,2020,A,A,0.2753803098583308,0.3172841609042451,0.40733552923742405,4.0,3.5,1.95,A,1.95,True,95.0
2020-11-29,2020,A,H,0.4671026201978347,0.26539507842000476,0.2675023013821605,2.05,3.4,3.75,H,2.05,False,-100.0
2020-11-30,2020,H,H,0.4428965343389475,0.27492622095027214,0.28217724471078026,2.25,3.6,3.0,H,2.25,True,125.0
2020-11-30,2020,A,H,0.5065272133222174,0.25069956933472476,0.24277321734305782,1.5,4.33,6.5,H,1.5,False,-100.0
2020-12-05,2020,A,A,0.3506571368696052,0.2881175987602675,0.36122526437012725,3.6,3.6,2.0,A,2.0,True,100.0
2020-12-05,2020,H,H,0.5620875967855571,0.2234764393610699,0.21443596385337305,1.5,4.5,6.0,H,1.5,True,50.0
2020-12-05,2020,D,A,0.3552657553794672,0.18647202151889808,0.45826222310163467,4.0,3.5,1.9,A,1.9,False,-100.0
2020-12-05,2020,H,H,0.6393280894408604,0.2634317340851052,0.09724017647403434,1.1,11.0,19.0,H,1.1,True,10.000000000000009
2020-12-06,2020,H,H,0.5405599102774117,0.2425574765665608,0.21688261315602753,1.5,4.33,6.5,H,1.5,True,50.0
2020-12-06,2020,H,A,0.2733151992877452,0.31823520319655535,0.40844959751569937,1.95,3.6,3.8,A,3.8,False,-100.0
2020-12-06,2020,A,A,0.18472524470677534,0.27996192834969014,0.5353128269435344,3.8,3.5,1.95,A,1.95,True,95.0
2020-12-06,2020,A,H,0.4254411888362235,0.2598652781912939,0.31469353297248254,2.87,3.2,2.55,H,2.87,False,-100.0
2020-12-07,2020,A,H,0.3798524649864447,0.31065019510143843,0.30949733991211686,2.45,3.4,2.9,H,2.45,False,-100.0
2020-12-11,2020,A,H,0.47199639313282815,0.2678869631158522,0.26011664375131965,2.15,3.7,3.1,H,2.15,False,-100.0
2020-12-12,2020,D,A,0.24774865836053675,0.2435894218304473,0.508661919809016,4.33,4.2,1.72,A,1.72,False,-100.0
2020-12-12,2020,H,A,0.29717041144294104,0.2512677094141838,0.45156187914287527,4.33,4.2,1.7,A,1.7,False,-100.0
2020-12-12,2020,A,H,0.4499601311766352,0.24992937694172346,0.30011049188164135,2.25,3.25,3.25,H,2.25,False,-100.0
2020-12-12,2020,H,H,0.39148235101545276,0.2848445219381826,0.32367312704636475,2.45,3.2,3.0,H,2.45,True,145.00000000000003
2020-12-13,2020,A,H,0.5919658283979603,0.16816982041829967,0.23986435118374003,1.53,4.2,6.25,H,1.53,False,-100.0
2020-12-13,2020,H,H,0.6854614283262079,0.17089357375912007,0.14364499791467195,1.7,3.75,5.0,H,1.7,True,70.0
2020-12-13,2020,D,A,0.2243734801161487,0.32161699704550206,0.4540095228383492,4.5,3.9,1.72,A,1.72,False,-100.0
2020-12-13,2020,D,A,0.08413444835788579,0.1835756459084172,0.732289905733697,9.0,5.5,1.3,A,1.3,False,-100.0
2020-12-13,2020,H,A,0.36313873477532593,0.2671462423188615,0.36971502290581254,2.0,3.5,3.8,A,3.8,False,-100.0
2020-12-15,2020,D,H,0.8128874038759424,0.12263122834958201,0.06448136777447568,1.09,11.0,21.0,H,1.09,False,-100.0
2020-12-15,2020,H,A,0.2182413244222392,0.2851461746255935,0.4966125009521673,5.25,3.8,1.66,A,1.66,False,-100.0
2020-12-16,2020,H,H,0.5285206337510417,0.2331531196953505,0.2383262465536078,1.75,4.0,4.33,H,1.75,True,75.0
2020-12-16,2020,A,H,0.4640655334770183,0.26710988181371526,0.26882458470926635,2.15,3.6,3.25,H,2.15,False,-100.0
2020-12-16,2020,D,H,0.5012733194084481,0.2600114324032387,0.23871524818831316,2.25,3.5,3.1,H,2.25,False,-100.0
2020-12-16,2020,H,H,0.5614732223736386,0.20511962713099519,0.2334071504953662,1.75,3.8,4.5,H,1.75,True,75.0
2020-12-16,2020,D,H,0.43324356025202765,0.27289065567191817,0.2938657840760543,2.05,3.4,3.6,H,2.05,False,-100.0
2020-12-16,2020,D,A,0.37333311117925083,0.2484658150067748,0.37820107381397433,2.87,3.3,2.5,A,2.5,False,-100.0
2020-12-17,2020,D,H,0.5719309137779941,0.22531096098823808,0.20275812523376788,1.75,3.8,4.5,H,1.75,False,-100.0
2020-12-17,2020,A,A,0.3536037665917626,0.27444115462751034,0.3719550787807271,7.0,4.6,1.44,A,1.44,True,43.99999999999999
2020-12-19,2020,A,A,0.15273760134360423,0.1956774363036744,0.6515849623527212,6.5,4.33,1.5,A,1.5,True,50.0
2020-12-19,2020,A,A,0.17182201572147002,0.19686026577493265,0.6313177185035973,7.0,4.5,1.44,A,1.44,True,43.99999999999999
2020-12-19,2020,H,H,0.3864362555514959,0.2308248144534364,0.3827389299950677,2.45,3.5,2.8,H,2.45,True,145.00000000000003
2020-12-19,2020,D,H,0.40020036060491004,0.2454476123518785,0.35435202704321145,2.5,3.25,2.9,H,2.5,False,-100.0
2020-12-20,2020,A,H,0.38560606791050955,0.2719607079385992,0.3424332241508912,3.6,3.8,1.95,H,3.6,False,-100.0
2020-12-20,2020,H,H,0.5156091266968259,0.27391244653964386,0.21047842676353026,1.66,4.33,4.5,H,1.66,True,65.99999999999999
2020-12-20,2020,D,H,0.6672010159203783,0.18615378039654254,0.14664520368307915,1.65,3.75,5.5,H,1.65,False,-100.0
2020-12-20,2020,A,H,0.47247175533800306,0.25127862118577865,0.2762496234762184,2.05,3.5,3.6,H,2.05,False,-100.0
2020-12-21,2020,H,H,0.46825299580944324,0.25821721029334427,0.2735297938972125,1.44,5.0,6.25,H,1.44,True,43.99999999999999
2020-12-21,2020,H,H,0.43911536021977393,0.25461086600784416,0.3062737737723819,3.5,3.25,2.2,H,3.5,True,250.0
2020-12-26,2020,H,H,0.48268675239611797,0.24288480267591614,0.274428444927966,4.0,3.6,1.9,H,4.0,True,300.0
2020-12-26,2020,H,H,0.6877206603556812,0.19780111678509707,0.11447822285922162,1.11,10.0,19.0,H,1.11,True,11.00000000000001
2020-12-26,2020,A,H,0.40255079855987175,0.22579615942865736,0.3716530420114708,4.2,3.6,1.85,H,4.2,False,-100.0
2020-12-26,2020,D,H,0.3968858818392764,0.27382218276257225,0.32929193539815127,3.2,3.3,2.3,H,3.2,False,-100.0
2020-12-26,2020,D,A,0.28455091234061825,0.2718061820464184,0.4436429056129634,2.9,3.6,2.3,A,2.3,False,-100.0
2020-12-26,2020,H,H,0.5521073658180994,0.2222768482537392,0.22561578592816134,1.9,3.75,3.8,H,1.9,True,89.99999999999999
2020-12-27,2020,H,H,0.6048692166679052,0.21106045658819617,0.1840703267438987,1.72,4.0,4.33,H,1.72,True,72.0
2020-12-27,2020,D,H,0.3870868039154258,0.2633180533820281,0.3495951427025461,2.3,3.4,3.1,H,2.3,False,-100.0
2020-12-27,2020,D,H,0.8676679931784884,0.1124708090045758,0.019861197816935763,1.11,10.0,19.0,H,1.11,False,-100.0
2020-12-27,2020,D,A,0.3227233487723076,0.25180334943677823,0.4254733017909141,3.6,3.25,2.15,A,2.15,False,-100.0
2020-12-28,2020,D,A,0.34692399640028443,0.28071977979191803,0.3723562238077976,3.75,3.5,2.0,A,2.0,False,-100.0
2020-12-28,2020,D,H,0.5244153124700367,0.2828499965705905,0.1927346909593728,1.61,4.2,5.0,H,1.61,False,-100.0
2020-12-29,2020,A,H,0.4474046000411767,0.21499250630407388,0.33760289365474944,3.6,3.6,2.0,H,3.6,False,-100.0
2020-12-29,2020,A,A,0.35059153587229425,0.25334292311467066,0.3960655410130351,3.25,3.5,2.2,A,2.2,True,120.00000000000001
2020-12-29,2020,H,H,0.44283851362188215,0.3284345769834857,0.22872690939463222,2.37,3.1,3.25,H,2.37,True,137.0
2020-12-29,2020,D,H,0.3947465530620553,0.23007040582361396,0.3751830411143307,2.1,3.6,3.4,H,2.1,False,-100.0
2020-12-29,2020,H,H,0.5600933295944116,0.2783970605762079,0.16150960982938045,1.53,4.2,6.25,H,1.53,True,53.0
2020-12-30,2020,D,A,0.069205727439451,0.24998645436566647,0.6808078181948826,12.0,6.0,1.25,A,1.25,False,-100.0
2021-01-01,2020,H,H,0.49148025864803824,0.3192420676325332,0.18927767371942847,1.72,4.2,4.2,H,1.72,True,72.0
2021-01-01,2020,A,H,0.43448974926742917,0.25297020753514254,0.3125400431974283,2.1,3.5,3.5,H,2.1,False,-100.0
2021-01-02,2020,A,A,0.2598582556486502,0.15022685821886647,0.5899148861324833,5.75,4.0,1.57,A,1.57,True,57.00000000000001
2021-01-02,2020,D,H,0.44914484863821963,0.2652390257415625,0.2856161256202179,2.62,3.25,2.75,H,2.62,False,-100.0
2021-01-02,2020,H,H,0.4819824525825604,0.25882535220873754,0.2591921952087021,1.75,4.1,4.2,H,1.75,True,75.0
2021-01-02,2020,H,H,0.4742123373515863,0.26455492460448027,0.2612327380439335,1.95,3.5,3.9,H,1.95,True,95.0
2021-01-03,2020,A,A,0.26386490554803427,0.25440926353291243,0.48172583091905335,5.25,4.2,1.61,A,1.61,True,61.00000000000001
2021-01-03,2020,A,H,0.37215300786673816,0.2911786792484154,0.33666831288484644,3.0,3.7,2.2,H,3.0,False,-100.0
2021-01-04,2020,H,A,0.19091025551977728,0.26453521830373217,0.5445545261764906,5.0,4.33,1.61,A,1.61,False,-100.0
2021-01-12,2020,H,H,0.40570406361633243,0.29050791541537274,0.3037880209682949,2.45,3.1,3.1,H,2.45,True,145.00000000000003
2021-01-12,2020,A,A,0.22706323141946835,0.23279460941610552,0.5401421591644262,7.0,4.5,1.45,A,1.45,True,44.99999999999999
2021-01-12,2020,A,H,0.48631926137146614,0.2287654511434035,0.2849152874851304,2.45,3.1,3.1,H,2.45,False,-100.0
2021-01-13,2020,D,H,0.5711345613162557,0.23805836882330614,0.19080706986043813,1.36,5.0,8.5,H,1.36,False,-100.0
2021-01-13,2020,H,H,0.6304585353270261,0.2455557033929361,0.12398576128003776,1.14,8.5,16.0,H,1.14,True,13.99999999999999
2021-01-14,2020,D,H,0.6123203085913757,0.20639304427222957,0.18128664713639486,1.53,4.0,6.5,H,1.53,False,-100.0
2021-01-16,2020,A,H,0.5686135095844359,0.28846383159333144,0.1429226588222326,1.6,3.5,7.0,H,1.6,False,-100.0
2021-01-16,2020,A,H,0.48497870712385804,0.2283657384891685,0.28665555438697343,2.1,3.5,3.4,H,2.1,False,-100.0
2021-01-16,2020,H,H,0.43819606057674315,0.2420556380647401,0.31974830135851673,1.8,3.5,4.75,H,1.8,True,80.0
2021-01-16,2020,A,A,0.20635945301935174,0.17818443515011187,0.6154561118305364,6.5,4.33,1.5,A,1.5,True,50.0
2021-01-16,2020,H,H,0.5269334476890365,0.23297104230688315,0.24009551000408036,1.8,3.75,4.5,H,1.8,True,80.0
2021-01-17,2020,A,A,0.1970885603349485,0.21461989378980484,0.5882915458752466,6.25,3.75,1.6,A,1.6,True,60.00000000000001
2021-01-17,2020,D,H,0.4511641678220812,0.21956294343385907,0.32927288874405986,1.95,3.8,3.6,H,1.95,False,-100.0
2021-01-17,2020,H,H,0.807660576209873,0.17282231477782664,0.019517109012300332,1.14,8.5,17.0,H,1.14,True,13.99999999999999
2021-01-18,2020,H,H,0.7212970722185928,0.1832729290648775,0.09542999871652959,1.4,4.5,8.0,H,1.4,True,39.99999999999999
2021-01-19,2020,H,H,0.5181073365540134,0.26791898098824385,0.21397368245774273,1.57,4.2,5.5,H,1.57,True,57.00000000000001
2021-01-19,2020,H,H,0.3891034893510332,0.28317434185216883,0.32772216879679794,2.87,3.4,2.45,H,2.87,True,187.0
2021-01-20,2020,H,H,0.5454453853475852,0.2578196059491136,0.19673500870330118,1.22,6.5,12.0,H,1.22,True,21.999999999999996
2021-01-20,2020,A,A,0.22807657105911935,0.2689115969683098,0.5030118319725708,6.0,4.33,1.53,A,1.53,True,53.0
2021-01-21,2020,A,H,0.7737935058474464,0.19415912684969083,0.032047367302862846,1.18,7.5,15.0,H,1.18,False,-100.0
