Date,Season,Actual,Predicted,HomeProb,DrawProb,AwayProb,HomeOdds,DrawOdds,AwayOdds,Bet_Outcome,Bet_Odds,Won,PnL
2006-08-19,2006,H,H,0.6303918711024771,0.18944034553135897,0.18016778336616388,2.0,3.2,3.75,H,2.0,True,100.0
2006-08-19,2006,H,H,0.5399962708392552,0.29467288537394043,0.16533084378680438,2.3,3.1,3.1,H,2.3,True,129.99999999999997
2006-08-19,2006,D,H,0.8879421332971067,0.09045557409250081,0.02160229261039243,1.28,4.5,13.0,H,1.28,False,-100.0
2006-08-19,2006,H,H,0.44286672710584646,0.3241837985355429,0.2329494743586106,2.62,3.2,2.6,H,2.62,True,162.0
2006-08-19,2006,H,H,0.6905377220517557,0.17809347765839492,0.13136880028984937,1.72,3.5,4.75,H,1.72,True,72.0
2006-08-20,2006,H,H,0.8085574685977007,0.13778113884565166,0.05366139255664754,1.22,5.5,13.0,H,1.22,True,21.999999999999996
2006-08-20,2006,H,H,0.7683329920449515,0.1576142293895107,0.07405277856553771,1.22,5.5,13.0,H,1.22,True,21.999999999999996
2006-08-22,2006,H,H,0.6111814137035535,0.23935780706012738,0.14946077923631904,1.5,3.75,7.0,H,1.5,True,50.0
2006-08-22,2006,D,A,0.31013273359983395,0.2637674484984485,0.42609981790171747,2.87,3.2,2.4,A,2.4,False,-100.0
2006-08-23,2006,D,H,0.369519999367383,0.2626777899840362,0.3678022106485808,2.2,3.1,3.1,H,2.2,False,-100.0
2006-08-23,2006,H,A,0.05980151107089424,0.19478241043415148,0.7454160784949542,8.5,3.75,1.44,A,1.44,False,-100.0
2006-08-23,2006,D,H,0.4149698350764119,0.3047814469252266,0.2802487179983615,2.4,3.2,2.87,H,2.4,False,-100.0
2006-08-23,2006,D,H,0.45136779869152804,0.28351290305226845,0.26511929825620345,2.3,3.1,3.1,H,2.3,False,-100.0
2006-08-23,2006,H,A,0.3643097046321671,0.19570480958795325,0.43998548577987956,1.9,3.25,4.0,A,4.0,False,-100.0
2006-08-23,2006,A,A,0.07942117524361292,0.14695319519040073,0.7736256295659862,7.5,3.6,1.5,A,1.5,True,50.0
2006-08-26,2006,H,H,0.5132464465790009,0.24737621160447304,0.2393773418165261,1.9,3.25,4.0,H,1.9,True,89.99999999999999
2006-08-26,2006,A,A,0.06418350190822482,0.1567755197110076,0.7790409783807677,7.5,4.33,1.4,A,1.4,True,39.99999999999999
2006-08-26,2006,A,H,0.5369115045342657,0.2916309299408147,0.1714575655249195,1.72,3.4,5.0,H,1.72,False,-100.0
2006-08-26,2006,H,A,0.26530439742021356,0.2598710934638805,0.47482450911590585,2.5,3.1,2.8,A,2.8,False,-100.0
2006-08-26,2006,H,H,0.7123564817131902,0.18930883799880646,0.0983346802880033,1.44,4.0,7.5,H,1.44,True,43.99999999999999
2006-08-26,2006,H,H,0.5625270283868222,0.25188283825073676,0.18559013336244096,1.9,3.25,4.0,H,1.9,True,89.99999999999999
2006-08-26,2006,H,A,0.11062289842101987,0.1932133839712683,0.696163717607712,5.5,3.6,1.61,A,1.61,False,-100.0
2006-08-27,2006,H,H,0.36645765258927904,0.28865544961086276,0.34488689779985815,2.37,3.1,3.0,H,2.37,True,137.0
2006-08-27,2006,A,A,0.1979876900091387,0.28528558250387953,0.5167267274869817,6.5,3.6,1.53,A,1.53,True,53.0
2006-08-28,2006,A,H,0.37203062538138504,0.2806788231634782,0.3472905514551367,2.0,3.2,3.75,H,2.0,False,-100.0
2006-09-09,2006,H,H,0.9008698681804528,0.07209991355660035,0.027030218262946794,1.2,5.5,17.0,H,1.2,True,19.999999999999996
2006-09-09,2006,D,H,0.8288466954703766,0.12199136948350346,0.04916193504611995,1.33,4.33,10.0,H,1.33,False,-100.0
2006-09-09,2006,H,H,0.6282348261159713,0.2432303983229894,0.12853477556103937,1.66,3.4,5.5,H,1.66,True,65.99999999999999
2006-09-09,2006,H,A,0.3401279065518593,0.2683000778977639,0.39157201555037685,3.75,3.2,2.0,A,2.0,False,-100.0
2006-09-09,2006,H,H,0.6617640409129694,0.21087423214120998,0.1273617269458206,1.83,3.25,4.5,H,1.83,True,83.0
2006-09-09,2006,D,A,0.2834647395672322,0.26175738529458725,0.4547778751381805,2.62,3.2,2.62,A,2.62,False,-100.0
2006-09-09,2006,A,H,0.6353082564100533,0.21689381373682762,0.14779792985311904,1.72,3.4,5.0,H,1.72,False,-100.0
2006-09-09,2006,H,H,0.7368254216760919,0.20563786352440327,0.05753671479950491,1.5,3.75,7.0,H,1.5,True,50.0
2006-09-10,2006,D,H,0.48843344040899955,0.25822356289142046,0.25334299669957994,2.1,3.2,3.5,H,2.1,False,-100.0
2006-09-11,2006,H,H,0.48542136029952465,0.23685024126836143,0.277728398432114,2.3,3.1,3.1,H,2.3,True,129.99999999999997
2006-09-16,2006,D,H,0.684273030242637,0.20376412272459885,0.11196284703276425,1.72,3.4,5.0,H,1.72,False,-100.0
2006-09-16,2006,D,H,0.5752307360669733,0.217277859537398,0.2074914043956287,2.0,3.2,3.75,H,2.0,False,-100.0
2006-09-16,2006,A,A,0.27938578404540565,0.270382868452491,0.4502313475021034,2.3,3.25,3.0,A,3.0,True,200.0
2006-09-16,2006,A,A,0.33275617064524166,0.3135215022691341,0.3537223270856242,2.5,3.1,2.8,A,2.8,True,179.99999999999997
2006-09-16,2006,D,A,0.2647264544486534,0.2781157016943515,0.45715784385699515,2.75,3.2,2.5,A,2.5,False,-100.0
2006-09-17,2006,H,H,0.46902993464534115,0.28440479111999273,0.24656527423466615,2.0,3.2,3.75,H,2.0,True,100.0
2006-09-17,2006,D,H,0.556419464724556,0.2462532811780149,0.19732725409742916,1.61,3.4,6.0,H,1.61,False,-100.0
2006-09-17,2006,H,H,0.5588273747874628,0.24884339081418422,0.19232923439835298,1.83,3.25,4.5,H,1.83,True,83.0
2006-09-17,2006,A,H,0.4611836244297055,0.28345947577094593,0.25535689979934845,2.1,3.2,3.5,H,2.1,False,-100.0
2006-09-17,2006,A,H,0.6431555764140355,0.26599907952080104,0.09084534406516341,1.9,3.25,4.0,H,1.9,False,-100.0
2006-09-20,2006,H,H,0.5936647375363223,0.24088962436897696,0.16544563809470067,1.53,3.6,6.5,H,1.53,True,53.0
2006-09-23,2006,A,H,0.4889489189554861,0.24643105348972558,0.2646200275547883,2.1,3.1,3.5,H,2.1,False,-100.0
2006-09-23,2006,D,H,0.5261840956181209,0.28534843074431215,0.18846747363756697,1.83,3.3,4.33,H,1.83,False,-100.0
2006-09-23,2006,H,H,0.42636630386163515,0.26079477052640837,0.31283892561195653,2.25,3.2,3.1,H,2.25,True,125.0
2006-09-23,2006,D,A,0.12014193459001266,0.1976295385452436,0.6822285268647438,7.0,3.75,1.5,A,1.5,False,-100.0
2006-09-23,2006,A,A,0.08196578410809513,0.16103082211598044,0.7570033937759244,7.5,4.33,1.4,A,1.4,True,39.99999999999999
2006-09-23,2006,H,H,0.9022328393624829,0.08513584960963481,0.0126313110278823,1.2,5.5,17.0,H,1.2,True,19.999999999999996
2006-09-23,2006,H,H,0.5763008457567507,0.28708539520519666,0.13661375903805267,1.61,3.75,5.25,H,1.61,True,61.00000000000001
2006-09-23,2006,H,H,0.6160428101749025,0.2294413953123247,0.15451579451277278,1.8,3.4,4.33,H,1.8,True,80.0
2006-09-24,2006,D,H,0.4302133589565956,0.2733222233706897,0.29646441767271475,2.2,3.2,3.25,H,2.2,False,-100.0
2006-09-25,2006,A,H,0.617338754655104,0.280122167942938,0.10253907740195797,1.9,3.25,4.0,H,1.9,False,-100.0
2006-09-30,2006,H,A,0.3229758768065677,0.2555627847336377,0.42146133845979467,2.6,3.25,2.6,A,2.6,False,-100.0
2006-09-30,2006,D,H,0.6342237302778927,0.22507636169651118,0.14069990802559615,1.3,5.0,8.5,H,1.3,False,-100.0
2006-09-30,2006,D,H,0.544626052322998,0.2660020287196371,0.18937191895736488,1.83,3.3,4.33,H,1.83,False,-100.0
2006-09-30,2006,H,A,0.26377957311884176,0.24795532478052362,0.4882651021006345,3.75,3.2,2.0,A,2.0,False,-100.0
2006-09-30,2006,A,A,0.10079114573844332,0.25029671733914227,0.6489121369224143,6.5,3.6,1.53,A,1.53,True,53.0
2006-10-01,2006,H,H,0.5179463042377985,0.2889331722347508,0.1931205235274507,1.9,3.25,4.0,H,1.9,True,89.99999999999999
2006-10-01,2006,H,H,0.8544209356008228,0.12423591150921823,0.02134315288995898,1.3,4.33,13.0,H,1.3,True,30.000000000000004
2006-10-01,2006,H,H,0.4477984896630619,0.34562749761034484,0.20657401272659326,1.8,3.25,4.5,H,1.8,True,80.0
2006-10-01,2006,A,H,0.40130529885237454,0.29882229403813176,0.29987240710949364,1.9,3.25,4.0,H,1.9,False,-100.0
2006-10-02,2006,D,H,0.3512468736102314,0.3213561840305166,0.3273969423592521,2.4,3.2,2.87,H,2.4,False,-100.0
2006-10-14,2006,A,A,0.12327133890293134,0.23113524343455955,0.6455934176625091,6.0,3.8,1.53,A,1.53,True,53.0
2006-10-14,2006,H,H,0.6150532655799661,0.24790857532435412,0.13703815909567976,2.0,3.2,3.75,H,2.0,True,100.0
2006-10-14,2006,H,A,0.2974220261958627,0.30294909281162,0.39962888099251725,2.6,3.1,2.7,A,2.7,False,-100.0
2006-10-14,2006,D,H,0.5820002827139956,0.27382764451453073,0.14417207277147365,1.66,3.6,5.0,H,1.66,False,-100.0
2006-10-14,2006,D,H,0.5311156558647558,0.2854020745215271,0.18348226961371708,2.25,3.1,3.2,H,2.25,False,-100.0
2006-10-14,2006,H,H,0.8664725446141829,0.10378783292130757,0.02973962246450962,1.16,6.5,15.0,H,1.16,True,15.999999999999993
2006-10-14,2006,A,A,0.07178428075315353,0.14465960672558423,0.7835561125212622,7.5,4.33,1.4,A,1.4,True,39.99999999999999
2006-10-14,2006,D,H,0.6295273775442157,0.2290211144953532,0.14145150796043107,1.44,4.0,7.5,H,1.44,False,-100.0
2006-10-15,2006,A,H,0.4177973794590087,0.3261961041913829,0.2560065163496083,2.25,3.2,3.1,H,2.25,False,-100.0
2006-10-16,2006,H,H,0.5446043976457176,0.25920592342694593,0.19618967892733646,2.1,3.1,3.6,H,2.1,True,110.00000000000001
2006-10-21,2006,H,H,0.6546894585145524,0.23620558875435735,0.10910495273109033,1.57,3.5,6.5,H,1.57,True,57.00000000000001
2006-10-21,2006,D,H,0.5515638960465586,0.2527123584810836,0.1957237454723578,1.72,3.4,5.0,H,1.72,False,-100.0
2006-10-21,2006,D,H,0.423104331360906,0.2553736943589154,0.32152197428017865,1.9,3.25,4.0,H,1.9,False,-100.0
2006-10-21,2006,H,H,0.7322559261747369,0.19461281684218956,0.07313125698307356,1.28,5.0,10.0,H,1.28,True,28.000000000000004
2006-10-21,2006,H,H,0.3700126432755098,0.261272401211113,0.3687149555133772,2.3,3.1,3.1,H,2.3,True,129.99999999999997
2006-10-22,2006,A,H,0.42980016702689844,0.3215197168021702,0.24868011617093141,2.37,3.1,2.75,H,2.37,False,-100.0
2006-10-22,2006,H,H,0.5569141923185708,0.308080096493834,0.13500571118759522,1.9,3.25,4.0,H,1.9,True,89.99999999999999
2006-10-22,2006,H,H,0.41527102509702035,0.2882604666524027,0.29646850825057686,2.4,3.1,2.87,H,2.4,True,140.0
2006-10-22,2006,A,A,0.1396203811227889,0.23538423136044115,0.62499538751677,5.5,3.6,1.61,A,1.61,True,61.00000000000001
2006-10-22,2006,H,H,0.5668458413326039,0.2678425818577619,0.16531157680963432,1.8,3.3,4.5,H,1.8,True,80.0
2006-10-28,2006,D,H,0.8040581288124992,0.1644353440689462,0.03150652711855456,1.4,4.0,9.0,H,1.4,False,-100.0
2006-10-28,2006,H,H,0.6243904771507316,0.2683507186369379,0.1072588042123305,1.53,3.6,6.5,H,1.53,True,53.0
2006-10-28,2006,A,H,0.4513589542483642,0.2468893775176214,0.3017516682340145,2.1,3.25,3.4,H,2.1,False,-100.0
2006-10-28,2006,A,A,0.3086685720203991,0.29449746661559423,0.39683396136400667,4.33,3.3,1.83,A,1.83,True,83.0
2006-10-28,2006,A,A,0.01615296650284857,0.08774359679619975,0.8961034367009517,12.0,4.5,1.3,A,1.3,True,30.000000000000004
2006-10-28,2006,H,H,0.5480778864243759,0.2723691968486602,0.17955291672696388,1.8,3.3,4.5,H,1.8,True,80.0
2006-10-28,2006,D,A,0.2505214766519109,0.2720679037503573,0.4774106195977319,3.6,3.3,2.0,A,2.0,False,-100.0
2006-10-28,2006,D,H,0.511971017534652,0.28447873978698746,0.20355024267836058,1.8,3.3,4.5,H,1.8,False,-100.0
2006-10-29,2006,H,A,0.2447907687570711,0.2261259610738499,0.5290832701690791,2.5,3.2,2.75,A,2.75,False,-100.0
2006-10-30,2006,H,H,0.4201308315328069,0.3259950098348703,0.2538741586323228,2.37,3.1,3.0,H,2.37,True,137.0
2006-11-04,2006,H,H,0.3654592870251227,0.3004948527314786,0.33404586024339866,2.6,3.0,2.8,H,2.6,True,160.0
2006-11-04,2006,A,H,0.5374331990835399,0.27532683222085597,0.18723996869560414,1.72,3.4,5.0,H,1.72,False,-100.0
2006-11-04,2006,H,H,0.7607605138853242,0.17671922986445682,0.06252025625021905,1.3,5.0,9.0,H,1.3,True,30.000000000000004
2006-11-04,2006,H,H,0.7601064971912914,0.1769683313582217,0.06292517145048676,1.33,4.5,9.5,H,1.33,True,33.00000000000001
2006-11-04,2006,H,A,0.3514662057775318,0.2822909024690806,0.36624289175338764,2.3,3.1,3.1,A,3.1,False,-100.0
2006-11-04,2006,A,H,0.5902300744690602,0.21598343983497933,0.1937864856959606,1.9,3.25,4.0,H,1.9,False,-100.0
2006-11-04,2006,H,A,0.3401773051943866,0.3044581052790828,0.35536458952653066,2.8,3.1,2.5,A,2.5,False,-100.0
2006-11-05,2006,H,A,0.18290769389146957,0.27662064956586524,0.5404716565426652,5.0,3.4,1.72,A,1.72,False,-100.0
2006-11-05,2006,H,A,0.09125200120093599,0.18397180104476432,0.7247761977542997,5.5,3.6,1.61,A,1.61,False,-100.0
2006-11-05,2006,H,H,0.4467552453211702,0.28413520140696963,0.2691095532718601,2.0,3.2,3.75,H,2.0,True,100.0
2006-11-11,2006,H,H,0.520268239582146,0.30735865910744414,0.1723731013104099,1.9,3.25,4.0,H,1.9,True,89.99999999999999
2006-11-11,2006,D,A,0.35408491213363597,0.28104799623772075,0.36486709162864317,2.9,3.2,2.37,A,2.37,False,-100.0
2006-11-11,2006,D,H,0.5322973489623545,0.2528418783026001,0.21486077273504547,1.83,3.3,4.33,H,1.83,False,-100.0
2006-11-11,2006,H,H,0.4314106068579996,0.3089496273695351,0.2596397657724653,2.2,3.2,3.25,H,2.2,True,120.00000000000001
2006-11-11,2006,A,H,0.4862140317180721,0.26522990593424073,0.2485560623476872,2.0,3.2,3.75,H,2.0,False,-100.0
2006-11-11,2006,H,H,0.9538231000713361,0.04133115821679837,0.004845741711865486,1.12,7.0,23.0,H,1.12,True,12.00000000000001
2006-11-11,2006,A,A,0.11386902223597006,0.23033495267544746,0.6557960250885826,5.5,3.6,1.61,A,1.61,True,61.00000000000001
2006-11-11,2006,D,H,0.5144913879585273,0.2989593102966634,0.1865493017448093,2.1,3.2,3.5,H,2.1,False,-100.0
2006-11-12,2006,H,H,0.5941891223720012,0.27599598456765234,0.12981489306034652,2.0,3.2,3.75,H,2.0,True,100.0
2006-11-12,2006,H,A,0.2117263649180539,0.21928837775892573,0.5689852573230203,3.1,3.2,2.25,A,2.25,False,-100.0
2006-11-18,2006,D,H,0.8397998584920946,0.13732662042981827,0.022873521078087117,1.25,5.0,13.0,H,1.25,False,-100.0
2006-11-18,2006,H,H,0.910354327835484,0.07815543377804589,0.011490238386470097,1.18,5.75,17.0,H,1.18,True,17.999999999999993
2006-11-18,2006,H,H,0.3823606516652777,0.2535793736666411,0.36405997466808127,2.4,3.2,2.87,H,2.4,True,140.0
2006-11-18,2006,H,H,0.45349773472482435,0.3144278566191797,0.2320744086559959,2.1,3.2,3.5,H,2.1,True,110.00000000000001
2006-11-18,2006,D,A,0.35696703732948054,0.2562766900668295,0.38675627260368994,3.75,3.2,2.0,A,2.0,False,-100.0
2006-11-18,2006,A,A,0.030922007684182087,0.11999454873267784,0.84908344358314,9.0,4.33,1.36,A,1.36,True,36.00000000000001
2006-11-18,2006,H,H,0.644287377584799,0.23773343044544162,0.11797919196975933,1.61,3.6,5.5,H,1.61,True,61.00000000000001
2006-11-18,2006,H,H,0.4115575584783357,0.23737909710738306,0.3510633444142813,1.9,3.25,4.0,H,1.9,True,89.99999999999999
2006-11-19,2006,D,A,0.33108353007604757,0.2969854726492721,0.3719309972746804,2.4,3.2,2.87,A,2.87,False,-100.0
2006-11-19,2006,D,H,0.4855615591676143,0.281406968587771,0.2330314722446149,2.37,3.2,2.9,H,2.37,False,-100.0
2006-11-25,2006,H,H,0.7094661052557698,0.21093805250007303,0.07959584224415708,1.44,3.75,8.5,H,1.44,True,43.99999999999999
2006-11-25,2006,H,H,0.5435316470510467,0.23955723620837147,0.21691111674058183,1.8,3.3,4.5,H,1.8,True,80.0
2006-11-25,2006,A,H,0.4472195738449193,0.24398673471173202,0.30879369144334873,2.2,3.1,3.3,H,2.2,False,-100.0
2006-11-25,2006,H,A,0.23124586700206778,0.27766626590114313,0.4910878670967891,3.6,3.3,2.0,A,2.0,False,-100.0
2006-11-25,2006,D,H,0.3773860775994087,0.331513571359655,0.29110035104093634,2.7,3.25,2.5,H,2.7,False,-100.0
2006-11-25,2006,D,H,0.5299168493475663,0.2930603221129451,0.17702282853948859,1.8,3.3,4.5,H,1.8,False,-100.0
2006-11-26,2006,H,H,0.36029186667618557,0.2970167964886682,0.34269133683514613,2.3,3.1,3.1,H,2.3,True,129.99999999999997
2006-11-26,2006,H,H,0.47532677402261225,0.26982705482335745,0.25484617115403035,1.8,3.3,4.5,H,1.8,True,80.0
2006-11-26,2006,D,H,0.5432673426299713,0.31155839110227096,0.14517426626775767,2.5,3.1,2.8,H,2.5,False,-100.0
2006-11-28,2006,A,H,0.44896606594842475,0.2618181825808173,0.289215751470758,2.2,3.1,3.3,H,2.2,False,-100.0
2006-11-29,2006,H,H,0.7976784362631416,0.17112760508500635,0.031193958651852153,1.33,4.5,9.5,H,1.33,True,33.00000000000001
2006-11-29,2006,H,A,0.1333655100579361,0.22835241279011642,0.6382820771519475,6.0,3.6,1.57,A,1.57,False,-100.0
2006-11-29,2006,D,H,0.6923041907720164,0.215253652493933,0.0924421567340506,1.44,4.0,7.5,H,1.44,False,-100.0
2006-11-29,2006,A,H,0.5188438796916647,0.3025678578352084,0.17858826247312695,1.83,3.3,4.33,H,1.83,False,-100.0
2006-11-29,2006,A,A,0.14421535516809664,0.23324371899766205,0.6225409258342414,5.0,3.6,1.66,A,1.66,True,65.99999999999999
2006-12-02,2006,H,H,0.4715770739376805,0.31208623171899197,0.21633669434332764,2.2,3.1,3.3,H,2.2,True,120.00000000000001
2006-12-02,2006,A,H,0.3466445728315707,0.34075642681007734,0.3125990003583519,3.75,3.2,2.0,H,3.75,False,-100.0
2006-12-02,2006,H,H,0.5154346137551116,0.25482329550186333,0.22974209074302518,1.66,3.5,5.0,H,1.66,True,65.99999999999999
2006-12-02,2006,H,H,0.4209973603731393,0.2799739943778557,0.299028645249005,1.9,3.25,4.0,H,1.9,True,89.99999999999999
2006-12-02,2006,A,A,0.0919085418210093,0.19733409264107785,0.7107573655379129,6.0,3.6,1.57,A,1.57,True,57.00000000000001
2006-12-02,2006,D,H,0.42995397590979795,0.294482998894988,0.27556302519521403,2.2,3.2,3.25,H,2.2,False,-100.0
2006-12-02,2006,H,H,0.478470704043154,0.266786966962715,0.25474232899413096,2.4,3.2,2.87,H,2.4,True,140.0
2006-12-03,2006,H,H,0.4063323322073776,0.28964742509827873,0.30402024269434375,1.9,3.25,4.0,H,1.9,True,89.99999999999999
2006-12-04,2006,D,H,0.6530944781238491,0.2394536825850294,0.10745183929112144,1.57,3.6,6.0,H,1.57,False,-100.0
2006-12-05,2006,H,H,0.4262016068581338,0.3002590797807586,0.2735393133611077,2.5,3.1,2.8,H,2.5,True,150.0
2006-12-05,2006,H,H,0.5611557249318757,0.26602195891652713,0.1728223161515971,1.72,3.4,5.0,H,1.72,True,72.0
2006-12-06,2006,H,H,0.45400788993678903,0.29281658618966305,0.25317552387354797,1.9,3.25,4.0,H,1.9,True,89.99999999999999
2006-12-06,2006,A,H,0.5044312910391873,0.2265527619401173,0.26901594702069553,2.0,3.3,3.6,H,2.0,False,-100.0
2006-12-09,2006,D,A,0.3111825268393526,0.23800413659309233,0.45081333656755507,2.6,3.2,2.62,A,2.62,False,-100.0
2006-12-09,2006,H,H,0.6102291155858619,0.2313212833208213,0.15844960109331677,1.53,4.0,6.0,H,1.53,True,53.0
2006-12-09,2006,D,H,0.456278294368228,0.2288679967802049,0.31485370885156716,2.05,3.2,3.6,H,2.05,False,-100.0
2006-12-09,2006,H,H,0.46567573250912436,0.3030329682554106,0.23129129923546507,2.2,3.2,3.25,H,2.2,True,120.00000000000001
2006-12-09,2006,H,H,0.7496466013573341,0.1710275480574435,0.07932585058522235,1.33,4.5,9.5,H,1.33,True,33.00000000000001
2006-12-09,2006,H,H,0.5290415017933224,0.28998897136462065,0.18096952684205694,1.75,3.3,5.0,H,1.75,True,75.0
2006-12-09,2006,A,H,0.3737185599523556,0.2920831471416223,0.3341982929060221,2.15,3.25,3.4,H,2.15,False,-100.0
2006-12-09,2006,H,H,0.7425701570685008,0.2009710953227636,0.05645874760873558,1.36,4.33,9.0,H,1.36,True,36.00000000000001
2006-12-10,2006,D,H,0.6373851581823087,0.25996969250836033,0.10264514930933105,1.72,3.4,5.0,H,1.72,False,-100.0
2006-12-11,2006,D,H,0.4280325392596936,0.3111093524271461,0.2608581083131603,2.62,3.2,2.6,H,2.62,False,-100.0
2006-12-13,2006,A,A,0.2365233839352294,0.2647795103772108,0.49869710568755976,4.75,3.5,1.72,A,1.72,True,72.0
2006-12-13,2006,H,H,0.7742990659493998,0.161906179839959,0.06379475421064114,1.2,6.0,13.0,H,1.2,True,19.999999999999996
2006-12-16,2006,H,H,0.6479947538351007,0.24842359500546182,0.10358165115943738,1.72,3.4,5.0,H,1.72,True,72.0
2006-12-16,2006,A,H,0.5033919915603015,0.2983513720826075,0.19825663635709107,2.1,3.25,3.4,H,2.1,False,-100.0
2006-12-16,2006,A,H,0.46406944902146213,0.2563804056859481,0.2795501452925898,1.8,3.4,4.33,H,1.8,False,-100.0
2006-12-16,2006,A,A,0.10940726342057737,0.2390376616981761,0.6515550748812465,6.0,3.8,1.53,A,1.53,True,53.0
2006-12-16,2006,D,H,0.5892834447772898,0.22606318174646836,0.18465337347624183,1.4,4.33,7.5,H,1.4,False,-100.0
2006-12-16,2006,A,H,0.3625970957229062,0.28372329212624225,0.3536796121508515,2.4,3.2,2.87,H,2.4,False,-100.0
2006-12-17,2006,A,A,0.13374816815730942,0.21582822674790086,0.6504236050947897,5.5,3.8,1.57,A,1.57,True,57.00000000000001
2006-12-17,2006,A,H,0.42103288228563596,0.2509306870785098,0.3280364306358542,2.5,3.2,2.75,H,2.5,False,-100.0
2006-12-17,2006,H,A,0.07202545929219939,0.14796671976619727,0.7800078209416033,6.5,4.0,1.44,A,1.44,False,-100.0
2006-12-18,2006,H,H,0.4081460181978639,0.2831317004963973,0.30872228130573887,2.25,3.2,3.1,H,2.25,True,125.0
2006-12-23,2006,A,H,0.36070201357218473,0.30636930902132403,0.33292867740649135,2.4,3.25,2.87,H,2.4,False,-100.0
2006-12-23,2006,H,H,0.6975739686899469,0.18917891324873282,0.11324711806132025,1.33,4.5,9.5,H,1.33,True,33.00000000000001
2006-12-23,2006,A,A,0.12915010914934133,0.20563992222339642,0.6652099686272623,5.5,3.6,1.61,A,1.61,True,61.00000000000001
2006-12-23,2006,D,H,0.4218459297715698,0.24962090795863304,0.3285331622697971,2.37,3.25,2.87,H,2.37,False,-100.0
2006-12-23,2006,H,H,0.8241369404243479,0.15083120192287935,0.02503185765277283,1.2,6.0,13.0,H,1.2,True,19.999999999999996
2006-12-23,2006,H,H,0.539826257312523,0.2160760185658328,0.24409772412164418,1.72,3.4,5.0,H,1.72,True,72.0
2006-12-23,2006,A,H,0.4520160984313269,0.25823713580987573,0.2897467657587973,2.3,3.25,3.0,H,2.3,False,-100.0
2006-12-23,2006,A,A,0.05786327560999016,0.13935481455742313,0.8027819098325867,7.5,4.33,1.4,A,1.4,True,39.99999999999999
2006-12-23,2006,H,H,0.472859647562065,0.24168808233603667,0.2854522701018983,2.5,3.2,2.75,H,2.5,True,150.0
2006-12-23,2006,H,H,0.4623322624086126,0.26852227280659874,0.2691454647847887,1.66,3.6,5.0,H,1.66,True,65.99999999999999
2006-12-26,2006,H,H,0.8821738937306843,0.09641851527175926,0.021407590997556406,1.18,6.0,15.0,H,1.18,True,17.999999999999993
2006-12-26,2006,H,H,0.6905301548180658,0.20178196397153123,0.10768788121040299,1.8,3.2,4.75,H,1.8,True,80.0
2006-12-26,2006,A,H,0.5536940810481485,0.29099060041768876,0.1553153185341626,2.3,3.25,3.0,H,2.3,False,-100.0
2006-12-26,2006,A,H,0.3824856184725164,0.2688063367416557,0.34870804478582784,2.25,3.2,3.1,H,2.25,False,-100.0
2006-12-26,2006,D,H,0.8869366981711074,0.09375312575698475,0.019310176071907853,1.18,6.0,15.0,H,1.18,False,-100.0
2006-12-26,2006,H,H,0.47252222127753807,0.25899591325026333,0.26848186547219866,1.9,3.3,4.0,H,1.9,True,89.99999999999999
2006-12-26,2006,H,A,0.19888068122955158,0.26447129594739804,0.5366480228230505,4.2,3.4,1.83,A,1.83,False,-100.0
2006-12-26,2006,A,A,0.051287740042963666,0.1307583430313983,0.817953916925638,8.0,4.2,1.4,A,1.4,True,39.99999999999999
2006-12-26,2006,D,H,0.5379837907118842,0.25797003614959074,0.2040461731385251,1.83,3.25,4.5,H,1.83,False,-100.0
2006-12-27,2006,D,A,0.3529316168602735,0.22676891212419334,0.4202994710155331,2.5,3.25,2.7,A,2.7,False,-100.0
2006-12-30,2006,A,H,0.43329949041086135,0.3003890655027733,0.2663114440863653,2.1,3.2,3.5,H,2.1,False,-100.0
2006-12-30,2006,A,H,0.43746074446272537,0.3366029939234254,0.22593626161384922,2.6,3.2,2.62,H,2.6,False,-100.0
2006-12-30,2006,H,A,0.17931867685162986,0.2339185931997232,0.586762729948647,6.0,4.0,1.5,A,1.5,False,-100.0
2006-12-30,2006,H,H,0.873019445185165,0.09997940382803408,0.027001150986800723,1.2,6.0,13.0,H,1.2,True,19.999999999999996
2006-12-30,2006,D,H,0.9407614626495812,0.05023728634884602,0.009001251001572851,1.14,6.5,21.0,H,1.14,False,-100.0
2006-12-30,2006,H,H,0.4405977692522739,0.24646242524681766,0.3129398055009085,2.6,3.2,2.62,H,2.6,True,160.0
2006-12-30,2006,H,H,0.5507882373118532,0.2533702765071796,0.19584148618096722,2.0,3.2,3.75,H,2.0,True,100.0
2006-12-30,2006,H,H,0.5071339829654892,0.271888677888347,0.22097733914616394,2.0,3.2,3.75,H,2.0,True,100.0
2006-12-30,2006,H,H,0.4305281612189147,0.24607478347845863,0.32339705530262675,2.1,3.25,3.4,H,2.1,True,110.00000000000001
2007-01-01,2006,H,H,0.6660859072194165,0.24624435710746712,0.08766973567311627,1.61,3.4,6.0,H,1.61,True,61.00000000000001
2007-01-01,2006,D,H,0.6198288972217783,0.2636283242328516,0.1165427785453701,1.66,3.4,5.5,H,1.66,False,-100.0
2007-01-01,2006,H,H,0.4266150112269024,0.2928675978337777,0.28051739093932004,2.37,3.2,2.9,H,2.37,True,137.0
2007-01-01,2006,H,H,0.4905092236955019,0.2822502862164164,0.2272404900880816,1.8,3.4,4.5,H,1.8,True,80.0
2007-01-01,2006,A,A,0.31518180233233745,0.21563316542872707,0.4691850322389355,2.37,3.2,2.9,A,2.9,True,190.0
2007-01-01,2006,H,H,0.41021143182691205,0.2430319882163142,0.34675657995677384,2.1,3.2,3.5,H,2.1,True,110.00000000000001
2007-01-01,2006,D,A,0.10364970067831035,0.1776528938524469,0.7186974054692428,6.5,3.75,1.53,A,1.53,False,-100.0
2007-01-01,2006,D,H,0.48095234637418016,0.24264518588188913,0.2764024677439307,2.4,3.2,2.87,H,2.4,False,-100.0
2007-01-02,2006,H,H,0.8661233100599209,0.08595355703596787,0.04792313290411112,1.22,5.5,13.0,H,1.22,True,21.999999999999996
2007-01-02,2006,D,A,0.08287236858626772,0.12434812599729674,0.7927795054164356,6.5,3.75,1.53,A,1.53,False,-100.0
2007-01-13,2006,D,H,0.39785087821824633,0.2889282932240489,0.3132208285577047,2.1,3.3,3.4,H,2.1,False,-100.0
2007-01-13,2006,A,A,0.07448355227456328,0.19143310390252627,0.7340833438229105,6.5,3.75,1.53,A,1.53,True,53.0
2007-01-13,2006,D,H,0.41707833819551704,0.26241427053740013,0.3205073912670829,2.6,3.2,2.62,H,2.6,False,-100.0
2007-01-13,2006,H,H,0.819786987459206,0.13998067846931986,0.04023233407147409,1.25,5.5,11.0,H,1.25,True,25.0
2007-01-13,2006,A,A,0.36348340439839716,0.27167279297269653,0.3648438026289063,2.5,3.2,2.75,A,2.75,True,175.0
2007-01-13,2006,D,H,0.5949940621838451,0.23834648976932263,0.16665944804683228,1.8,3.25,4.75,H,1.8,False,-100.0
2007-01-13,2006,A,A,0.3367778931559404,0.25640466819565527,0.4068174386484044,4.2,3.4,1.83,A,1.83,True,83.0
2007-01-13,2006,H,H,0.8456692420356844,0.10255373207530746,0.05177702588900822,1.2,6.0,13.0,H,1.2,True,19.999999999999996
2007-01-14,2006,A,H,0.5589322632550754,0.23602531845661226,0.20504241828831232,1.8,3.4,4.5,H,1.8,False,-100.0
2007-01-14,2006,D,H,0.5508802524717654,0.25050278177798196,0.19861696575025256,2.0,3.2,3.75,H,2.0,False,-100.0
2007-01-20,2006,D,H,0.6352499597002071,0.18302685869421398,0.18172318160557888,1.8,3.4,4.33,H,1.8,False,-100.0
2007-01-20,2006,H,H,0.5160987807384263,0.2431596616356063,0.24074155762596733,1.83,3.3,4.33,H,1.83,True,83.0
2007-01-20,2006,A,H,0.6521627484850275,0.1822088490597158,0.16562840245525673,1.57,3.8,5.5,H,1.57,False,-100.0
2007-01-20,2006,H,H,0.47863509861474607,0.27598923125640584,0.24537567012884803,2.5,3.2,2.75,H,2.5,True,150.0
2007-01-20,2006,A,H,0.48525443491443077,0.2327040145161514,0.28204155056941776,2.25,3.2,3.1,H,2.25,False,-100.0
2007-01-20,2006,H,H,0.5450582090831234,0.28641229623079206,0.16852949468608455,2.87,3.0,2.5,H,2.87,True,187.0
2007-01-20,2006,D,H,0.3838178565105207,0.26629837815304763,0.3498837653364318,2.87,3.2,2.4,H,2.87,False,-100.0
2007-01-20,2006,H,H,0.5551941444844644,0.23424821330951384,0.21055764220602186,1.57,3.6,6.0,H,1.57,True,57.00000000000001
2007-01-21,2006,H,H,0.4805569642259475,0.25694552374770746,0.26249751202634514,2.5,3.1,2.8,H,2.5,True,150.0
2007-01-21,2006,A,A,0.27720881220990906,0.29492784737493943,0.42786334041515145,2.5,3.2,2.75,A,2.75,True,175.0
2007-01-23,2006,H,A,0.19159989918179468,0.23971170704176467,0.5686883937764406,3.4,3.25,2.1,A,2.1,False,-100.0
2007-01-30,2006,H,H,0.6730933114407823,0.1649997011586649,0.1619069874005528,1.8,3.3,4.5,H,1.8,True,80.0
2007-01-30,2006,D,H,0.45345066345525653,0.25994660384690793,0.2866027326978356,1.9,3.3,4.0,H,1.9,False,-100.0
2007-01-30,2006,A,A,0.12299176671719989,0.2170685591667414,0.6599396741160588,5.0,3.6,1.66,A,1.66,True,65.99999999999999
2007-01-30,2006,H,H,0.41194517879975334,0.25650591461702743,0.33154890658321917,2.4,3.2,2.87,H,2.4,True,140.0
2007-01-31,2006,D,H,0.5865250339421374,0.16695085758042078,0.24652410847744172,1.5,4.0,6.0,H,1.5,False,-100.0
2007-01-31,2006,H,H,0.6653986180578201,0.20476420534355494,0.129837176598625,1.28,5.0,10.0,H,1.28,True,28.000000000000004
2007-01-31,2006,H,H,0.8981704768099357,0.08050154050054045,0.021327982689523874,1.14,7.0,17.0,H,1.14,True,13.99999999999999
2007-01-31,2006,H,H,0.5117338280687662,0.25235081343314025,0.2359153584980936,2.1,3.2,3.5,H,2.1,True,110.00000000000001
2007-02-03,2006,H,H,0.5299267756437865,0.23424763938057666,0.23582558497563677,1.72,3.5,4.75,H,1.72,True,72.0
2007-02-03,2006,H,A,0.3664425562827787,0.23485787618840495,0.3986995675288164,2.3,3.25,3.0,A,3.0,False,-100.0
2007-02-03,2006,H,H,0.5541798397303203,0.18686122852969064,0.25895893173998913,1.83,3.3,4.33,H,1.83,True,83.0
2007-02-03,2006,D,A,0.2676348548325036,0.2873043809052075,0.4450607642622888,4.33,3.4,1.8,A,1.8,False,-100.0
2007-02-03,2006,A,A,0.07336337005102408,0.15475886037162484,0.7718777695773512,8.0,4.5,1.36,A,1.36,True,36.00000000000001
2007-02-03,2006,D,H,0.7047749432231439,0.2395307094880796,0.05569434728877643,1.57,3.6,6.0,H,1.57,False,-100.0
2007-02-03,2006,A,H,0.4847157424683548,0.243344875862374,0.27193938166927123,2.2,3.2,3.25,H,2.2,False,-100.0
2007-02-03,2006,H,H,0.37456409161367893,0.3046452823868814,0.3207906259994397,2.6,3.1,2.7,H,2.6,True,160.0
2007-02-03,2006,A,A,0.35509008670605013,0.23615646568251242,0.40875344761143745,3.25,3.2,2.2,A,2.2,True,120.00000000000001
2007-02-04,2006,A,A,0.21840322251814398,0.23270596857813172,0.5488908089037242,4.75,3.5,1.72,A,1.72,True,72.0
2007-02-10,2006,A,H,0.5217898818284186,0.20844540732884184,0.2697647108427397,1.83,3.3,4.33,H,1.83,False,-100.0
2007-02-10,2006,H,A,0.3602263602837617,0.24538664243493122,0.39438699728130705,2.8,3.25,2.4,A,2.4,False,-100.0
2007-02-10,2006,H,H,0.6112726531285493,0.2586179004300147,0.13010944644143602,2.1,3.2,3.5,H,2.1,True,110.00000000000001
2007-02-10,2006,H,H,0.4355105959431816,0.27010083418131137,0.294388569875507,1.9,3.25,4.0,H,1.9,True,89.99999999999999
2007-02-10,2006,H,H,0.9212044690017772,0.06434374000061452,0.014451790997608294,1.14,7.0,19.0,H,1.14,True,13.99999999999999
2007-02-10,2006,H,H,0.5376114524315043,0.26030190486614885,0.20208664270234683,2.1,3.2,3.5,H,2.1,True,110.00000000000001
2007-02-10,2006,H,H,0.7207490094833617,0.19845844932997841,0.08079254118665995,1.28,5.0,10.0,H,1.28,True,28.000000000000004
2007-02-10,2006,H,A,0.2467291755880089,0.26789996075144906,0.48537086366054194,3.8,3.4,1.9,A,1.9,False,-100.0
2007-02-11,2006,H,H,0.8673817586216039,0.09308065020234411,0.03953759117605189,1.25,5.0,13.0,H,1.25,True,25.0
2007-02-11,2006,H,H,0.5307574918689265,0.21006072704786918,0.25918178108320433,1.66,3.6,5.0,H,1.66,True,65.99999999999999
2007-02-21,2006,A,H,0.5212572425358526,0.2534005796290926,0.2253421778350548,2.3,3.25,3.0,H,2.3,False,-100.0
2007-02-21,2006,D,H,0.44732598191875916,0.2116629690423979,0.34101104903884305,2.4,3.25,2.8,H,2.4,False,-100.0
2007-02-24,2006,H,H,0.43619751257150935,0.25928231169198435,0.3045201757365063,2.3,3.25,3.0,H,2.3,True,129.99999999999997
2007-02-24,2006,A,A,0.054385058520163065,0.13337886484889433,0.8122360766309425,7.5,4.33,1.4,A,1.4,True,39.99999999999999
2007-02-24,2006,H,A,0.3640133368864092,0.2685129262958257,0.36747373681776524,2.25,3.2,3.1,A,3.1,False,-100.0
2007-02-24,2006,H,H,0.7455195786221955,0.18222424399734466,0.0722561773804598,1.3,4.75,8.5,H,1.3,True,30.000000000000004
2007-02-24,2006,A,A,0.338066573731867,0.2965892555498479,0.3653441707182852,3.1,3.2,2.25,A,2.25,True,125.0
2007-02-25,2006,H,H,0.4484702161607999,0.3300298652205406,0.2214999186186594,2.3,3.1,3.1,H,2.3,True,129.99999999999997
2007-02-25,2006,H,H,0.4495493311086785,0.27070058938296226,0.27975007950835923,2.1,3.25,3.4,H,2.1,True,110.00000000000001
2007-02-25,2006,H,H,0.4092549836116389,0.2634486305909204,0.32729638579744064,2.5,3.25,2.7,H,2.5,True,150.0
2007-03-03,2006,H,H,0.6815775392589912,0.20994254167274795,0.10847991906826078,1.5,3.75,7.0,H,1.5,True,50.0
2007-03-03,2006,D,H,0.3975779304797611,0.2545479258491126,0.34787414367112635,2.37,3.2,2.9,H,2.37,False,-100.0
2007-03-03,2006,A,H,0.43055664904219826,0.3351898378830019,0.23425351307479975,2.6,3.1,2.7,H,2.6,False,-100.0
2007-03-03,2006,A,H,0.4178625145401419,0.27381531131237047,0.3083221741474877,2.0,3.2,3.75,H,2.0,False,-100.0
2007-03-03,2006,D,H,0.4872751697960256,0.25430933442298903,0.25841549578098544,2.0,3.2,3.75,H,2.0,False,-100.0
2007-03-03,2006,A,A,0.1064657412986358,0.20820104470037806,0.6853332140009861,6.0,3.75,1.5,A,1.5,True,50.0
2007-03-03,2006,D,A,0.34274963214925114,0.3028315674683414,0.35441880038240736,2.6,3.2,2.62,A,2.62,False,-100.0
2007-03-03,2006,D,H,0.36208967054498387,0.2859039149356515,0.3520064145193647,2.5,3.1,2.8,H,2.5,False,-100.0
2007-03-04,2006,A,H,0.5351881768784064,0.23961073609280265,0.22520108702879096,2.0,3.2,3.75,H,2.0,False,-100.0
2007-03-04,2006,A,A,0.29518174384647555,0.2385530358524929,0.4662652203010316,3.2,3.25,2.2,A,2.2,True,120.00000000000001
2007-03-14,2006,A,A,0.06144854690450324,0.15882423665374798,0.7797272164417487,7.0,3.75,1.5,A,1.5,True,50.0
2007-03-14,2006,A,A,0.29076606276688616,0.30606401853916365,0.40316991869395025,3.6,3.3,2.0,A,2.0,True,100.0
2007-03-17,2006,H,H,0.6855443673442965,0.19484518588640048,0.11961044676930295,1.4,4.0,7.0,H,1.4,True,39.99999999999999
2007-03-17,2006,D,H,0.5755046767306246,0.2555738435475308,0.16892147972184465,2.1,3.25,3.4,H,2.1,False,-100.0
2007-03-17,2006,D,H,0.5766170068581278,0.2588993505908491,0.16448364255102307,2.0,3.3,3.6,H,2.0,False,-100.0
2007-03-17,2006,A,H,0.6698815052130052,0.18379210026898674,0.146326394518008,1.72,3.5,4.75,H,1.72,False,-100.0
2007-03-17,2006,H,H,0.7756144490872133,0.16342587731862265,0.060959673594164,1.3,5.0,9.0,H,1.3,True,30.000000000000004
2007-03-17,2006,A,H,0.5245224647349704,0.25471008579844245,0.22076744946658702,1.95,3.3,3.8,H,1.95,False,-100.0
2007-03-17,2006,H,H,0.8778098304535888,0.0910630665677692,0.031127102978641855,1.16,6.5,15.0,H,1.16,True,15.999999999999993
2007-03-18,2006,D,A,0.26180534872063177,0.31869036787286925,0.41950428340649903,4.0,3.25,1.9,A,1.9,False,-100.0
2007-03-18,2006,H,H,0.3676615318700018,0.3082237353597173,0.32411473277028097,2.4,3.25,2.8,H,2.4,True,140.0
2007-03-18,2006,H,A,0.3013944714283715,0.2962961430630571,0.40230938550857126,3.1,3.3,2.2,A,2.2,False,-100.0
2007-03-31,2006,A,A,0.031559764454533956,0.10863089934450054,0.8598093362009656,9.5,4.5,1.33,A,1.33,True,33.00000000000001
2007-03-31,2006,D,H,0.4412059989263519,0.3026846472465683,0.2561093538270797,2.3,3.25,3.0,H,2.3,False,-100.0
2007-03-31,2006,A,H,0.4905070297544588,0.2854450157198619,0.22404795452567916,1.9,3.3,4.0,H,1.9,False,-100.0
2007-03-31,2006,H,H,0.6259459932292525,0.1745510703328832,0.19950293643786435,1.61,3.6,5.5,H,1.61,True,61.00000000000001
2007-03-31,2006,H,H,0.4161441671401913,0.3271343135760128,0.25672151928379583,2.2,3.2,3.25,H,2.2,True,120.00000000000001
2007-03-31,2006,H,H,0.4172243453831145,0.3272909558265468,0.2554846987903386,2.1,3.25,3.4,H,2.1,True,110.00000000000001
2007-03-31,2006,H,H,0.7861043748157052,0.1661857330683099,0.047709892115984934,1.33,4.5,9.5,H,1.33,True,33.00000000000001
2007-03-31,2006,H,H,0.46941146419296054,0.2679808714882756,0.262607664318764,2.2,3.2,3.25,H,2.2,True,120.00000000000001
2007-04-01,2006,H,H,0.6528165284796732,0.25219850207585365,0.09498496944447327,1.72,3.4,5.0,H,1.72,True,72.0
2007-04-02,2006,D,H,0.36950765241102934,0.3177016831834733,0.3127906644054973,2.37,3.2,2.9,H,2.37,False,-100.0
2007-04-06,2006,D,H,0.42537384811340756,0.26420767868815337,0.3104184731984391,2.1,3.2,3.5,H,2.1,False,-100.0
2007-04-06,2006,H,H,0.5999537618516881,0.26875263697163393,0.13129360117667793,1.66,3.4,5.5,H,1.66,True,65.99999999999999
2007-04-07,2006,A,H,0.4641827506827548,0.23697897584014876,0.2988382734770964,2.5,3.25,2.7,H,2.5,False,-100.0
2007-04-07,2006,A,H,0.3969305384959498,0.2947750242424831,0.3082944372615672,2.37,3.25,2.87,H,2.37,False,-100.0
2007-04-07,2006,A,A,0.23078591343239796,0.27360541660778914,0.4956086699598129,3.8,3.4,1.9,A,1.9,True,89.99999999999999
2007-04-07,2006,H,A,0.09010823905463564,0.16251513383213012,0.7473766271132342,6.0,4.0,1.5,A,1.5,False,-100.0
2007-04-07,2006,H,H,0.6879443053135854,0.17831556535236429,0.13374012933405038,1.44,4.0,7.5,H,1.44,True,43.99999999999999
2007-04-07,2006,A,H,0.5039191283167157,0.2816450547126312,0.21443581697065303,2.0,3.2,3.75,H,2.0,False,-100.0
2007-04-07,2006,A,H,0.6847498854073786,0.17491901320752967,0.14033110138509186,1.4,4.33,7.5,H,1.4,False,-100.0
2007-04-07,2006,H,H,0.5649958919614788,0.22205200637363573,0.21295210166488537,1.61,3.6,5.5,H,1.61,True,61.00000000000001
2007-04-09,2006,D,H,0.5016067779715658,0.31412635081226575,0.18426687121616844,1.9,3.25,4.0,H,1.9,False,-100.0
2007-04-09,2006,D,H,0.4620160360471647,0.26575243779805957,0.2722315261547757,2.1,3.2,3.4,H,2.1,False,-100.0
2007-04-09,2006,D,H,0.5512400183039583,0.293912463503229,0.15484751819281273,2.25,3.25,3.1,H,2.25,False,-100.0
2007-04-09,2006,A,H,0.38440504320666885,0.35708959327123796,0.25850536352209325,2.2,3.25,3.2,H,2.2,False,-100.0
2007-04-09,2006,D,A,0.3089504470582496,0.28389917607599136,0.40715037686575906,3.2,3.25,2.2,A,2.2,False,-100.0
2007-04-09,2006,H,A,0.28619853662305156,0.24634432582825253,0.46745713754869606,3.0,3.25,2.3,A,2.3,False,-100.0
2007-04-14,2006,A,H,0.48039056650579276,0.31825550376516626,0.20135392972904098,2.1,3.25,3.4,H,2.1,False,-100.0
2007-04-14,2006,D,A,0.2966873584510997,0.3206736905965412,0.3826389509523591,4.0,3.5,1.83,A,1.83,False,-100.0
2007-04-14,2006,H,H,0.5157446180591156,0.27310444890088603,0.2111509330399983,1.66,3.6,5.0,H,1.66,True,65.99999999999999
2007-04-14,2006,H,H,0.47106996711996174,0.2990777344518235,0.22985229842821475,2.1,3.25,3.4,H,2.1,True,110.00000000000001
2007-04-14,2006,H,A,0.3082452905220146,0.22237292889843527,0.4693817805795502,2.4,3.25,2.8,A,2.8,False,-100.0
2007-04-14,2006,H,H,0.4444580749765312,0.2466570448675055,0.30888488015596327,1.9,3.25,4.0,H,1.9,True,89.99999999999999
2007-04-15,2006,D,A,0.23908595529729265,0.22204634862064643,0.538867696082061,3.0,3.3,2.25,A,2.25,False,-100.0
2007-04-15,2006,H,H,0.5539813486489311,0.2868727279346099,0.159145923416459,1.72,3.5,4.75,H,1.72,True,72.0
2007-04-17,2006,H,H,0.538814233083194,0.30032862277728245,0.16085714413952365,1.4,4.33,7.5,H,1.4,True,39.99999999999999
2007-04-17,2006,H,H,0.885911928854691,0.09001115827058086,0.02407691287472807,1.14,7.0,17.0,H,1.14,True,13.99999999999999
2007-04-18,2006,A,A,0.09657912395776336,0.21783295772415465,0.6855879183180819,7.0,4.2,1.44,A,1.44,True,43.99999999999999
2007-04-18,2006,H,H,0.594986138393974,0.1952450017500915,0.20976885985593455,1.61,3.6,5.5,H,1.61,True,61.00000000000001
2007-04-18,2006,H,H,0.6719716028930333,0.1908978641808847,0.13713053292608213,1.36,4.5,8.0,H,1.36,True,36.00000000000001
2007-04-21,2006,D,A,0.3335332669741639,0.26302144753875817,0.40344528548707803,2.62,3.25,2.6,A,2.6,False,-100.0
2007-04-21,2006,D,H,0.4840163006801508,0.2616203372618565,0.2543633620579927,2.7,3.25,2.5,H,2.7,False,-100.0
2007-04-21,2006,D,H,0.8623756511357803,0.09974366700922203,0.0378806818549977,1.2,6.0,13.0,H,1.2,False,-100.0
2007-04-21,2006,A,H,0.5537283134727363,0.29805368991774095,0.1482179966095227,1.83,3.3,4.33,H,1.83,False,-100.0
2007-04-21,2006,D,H,0.40775197402634283,0.2158058203652325,0.3764422056084247,2.25,3.2,3.1,H,2.25,False,-100.0
2007-04-21,2006,D,H,0.4955958888483265,0.2580261919271149,0.24637791922455868,2.05,3.25,3.6,H,2.05,False,-100.0
2007-04-21,2006,H,H,0.40353843163028796,0.26419680674144325,0.33226476162826885,2.4,3.4,2.75,H,2.4,True,140.0
2007-04-21,2006,H,H,0.7167778423159907,0.1905293432356428,0.09269281444836648,1.36,4.5,8.0,H,1.36,True,36.00000000000001
2007-04-22,2006,D,H,0.5654818212147531,0.25736058712849574,0.17715759165675113,2.2,2.5,3.2,H,2.2,False,-100.0
2007-04-22,2006,D,A,0.08848251508423137,0.22318720112766197,0.6883302837881067,6.0,3.8,1.53,A,1.53,False,-100.0
2007-04-28,2006,H,H,0.4452848754487407,0.31724215617885243,0.2374729683724069,2.1,3.25,3.4,H,2.1,True,110.00000000000001
2007-04-28,2006,D,H,0.7602840866861429,0.1722818430620087,0.06743407025184828,1.28,5.0,10.0,H,1.28,False,-100.0
2007-04-28,2006,A,A,0.2187397021698274,0.255399000017543,0.5258612978126296,5.0,3.6,1.66,A,1.66,True,65.99999999999999
2007-04-28,2006,A,H,0.3619833447642595,0.316272560104443,0.32174409513129765,2.3,3.25,3.0,H,2.3,False,-100.0
2007-04-28,2006,A,A,0.3433769901512796,0.26863995292493864,0.3879830569237819,2.7,3.25,2.5,A,2.5,True,150.0
2007-04-28,2006,H,A,0.3222444573545197,0.2970849820914008,0.3806705605540794,3.2,3.25,2.2,A,2.2,False,-100.0
2007-04-28,2006,H,H,0.583180435115708,0.21823566106106335,0.1985839038232286,1.57,3.8,5.5,H,1.57,True,57.00000000000001
2007-04-28,2006,A,A,0.35737044790557343,0.2348102260427667,0.40781932605166,2.1,3.25,3.4,A,3.4,True,240.0
2007-04-29,2006,H,H,0.780937414024795,0.16124176628344994,0.05782081969175512,1.33,4.5,9.5,H,1.33,True,33.00000000000001
2007-04-30,2006,H,H,0.5071490780591257,0.2816569561057802,0.21119396583509417,2.0,3.3,3.6,H,2.0,True,100.0
2007-05-05,2006,A,H,0.4436217027493584,0.22121246974099068,0.335165827509651,2.1,3.25,3.4,H,2.1,False,-100.0
2007-05-05,2006,H,H,0.5367261141784528,0.26016891299871464,0.20310497282283252,2.15,3.25,3.3,H,2.15,True,114.99999999999999
2007-05-05,2006,A,H,0.3970043420546929,0.2491829089826422,0.35381274896266485,2.25,3.3,3.0,H,2.25,False,-100.0
2007-05-05,2006,A,H,0.7375651845712586,0.15642318151254442,0.10601163391619693,1.4,4.33,7.5,H,1.4,False,-100.0
2007-05-05,2006,H,A,0.23759019336624077,0.26810263001721446,0.4943071766165447,3.2,3.25,2.2,A,2.2,False,-100.0
2007-05-05,2006,H,H,0.5007357013089064,0.23965599513997415,0.25960830355111947,1.95,3.3,3.8,H,1.95,True,95.0
2007-05-05,2006,H,H,0.5783386336289751,0.2520626242141999,0.16959874215682505,1.9,3.4,4.0,H,1.9,True,89.99999999999999
2007-05-05,2006,A,A,0.0901103617197371,0.15884611695863854,0.7510435213216243,6.0,4.0,1.5,A,1.5,True,50.0
2007-05-06,2006,D,H,0.43274532456037174,0.3194064262686261,0.24784824917100218,2.7,3.25,2.5,H,2.7,False,-100.0
2007-05-07,2006,A,A,0.272868767993929,0.22201921283362056,0.5051120191724504,2.87,3.25,2.37,A,2.37,True,137.0
2007-05-09,2006,D,H,0.44503648700668597,0.27678122005283556,0.27818229294047836,2.1,3.2,3.2,H,2.1,False,-100.0
2007-05-10,2006,D,H,0.4969685937365553,0.23883309682706988,0.2641983094363748,1.8,3.4,4.33,H,1.8,False,-100.0
2007-05-13,2006,D,H,0.41453550537269734,0.29669532232763607,0.28876917229966653,2.8,3.3,2.37,H,2.8,False,-100.0
2007-05-13,2006,H,H,0.7158079215993015,0.19582929808343616,0.08836278031726243,1.5,3.75,7.0,H,1.5,True,50.0
2007-05-13,2006,D,A,0.3285482316949082,0.22973410401039812,0.4417176642946938,2.7,3.5,2.37,A,2.37,False,-100.0
2007-05-13,2006,H,H,0.5036793812240291,0.2551875434159102,0.24113307536006065,1.9,3.25,4.0,H,1.9,True,89.99999999999999
2007-05-13,2006,A,H,0.4804985541056402,0.24949007071805882,0.27001137517630097,2.3,3.4,2.87,H,2.3,False,-100.0
2007-05-13,2006,D,H,0.7036652765581136,0.19676058092602186,0.09957414251586445,1.36,4.5,8.0,H,1.36,False,-100.0
2007-05-13,2006,D,H,0.5444175665600529,0.262465824758789,0.19311660868115815,1.72,3.5,4.75,H,1.72,False,-100.0
2007-05-13,2006,D,H,0.36502793837769115,0.3054750063246642,0.32949705529764467,1.86,3.4,4.0,H,1.86,False,-100.0
2007-05-13,2006,D,H,0.5227591972708293,0.31749519420477473,0.15974560852439598,2.0,3.4,3.5,H,2.0,False,-100.0
2007-05-13,2006,A,H,0.6634907534045784,0.20470592232847135,0.1318033242669502,1.57,3.6,6.0,H,1.57,False,-100.0
2007-08-11,2007,D,A,0.2448990873519952,0.24003650688934772,0.5150644057586571,2.8,3.25,2.4,A,2.4,False,-100.0
2007-08-11,2007,A,H,0.40287163440299667,0.2813229249888655,0.31580544060813787,2.5,3.2,2.75,H,2.5,False,-100.0
2007-08-11,2007,A,H,0.41718678126671943,0.27003355520397054,0.31277966352931,2.37,3.25,2.87,H,2.37,False,-100.0
2007-08-11,2007,A,H,0.4167882983366923,0.3108727181659257,0.27233898349738195,4.0,3.25,1.9,H,4.0,False,-100.0
2007-08-11,2007,H,A,0.25796357861178876,0.19661918218463734,0.545417239203574,3.4,3.25,2.1,A,2.1,False,-100.0
2007-08-11,2007,A,H,0.65773458273051,0.2276829382277041,0.11458247904178595,2.0,3.2,3.75,H,2.0,False,-100.0
2007-08-11,2007,H,H,0.6325452814919279,0.20774101476436999,0.1597137037437022,1.66,3.4,5.5,H,1.66,True,65.99999999999999
2007-08-12,2007,H,H,0.7773721031193639,0.1615217681290673,0.06110612875156882,1.33,4.5,10.0,H,1.33,True,33.00000000000001
2007-08-12,2007,H,H,0.7539302727307129,0.16622491461914332,0.07984481265014373,1.2,6.0,13.0,H,1.2,True,19.999999999999996
2007-08-12,2007,D,H,0.7887707092195081,0.16190353057024515,0.049325760210246886,1.22,5.5,13.0,H,1.22,False,-100.0
2007-08-14,2007,A,H,0.5677728830652756,0.2466522602428483,0.1855748566918761,1.8,3.4,4.33,H,1.8,False,-100.0
2007-08-15,2007,H,H,0.5901361678641561,0.2330416737901235,0.17682215834572038,1.61,3.6,5.5,H,1.61,True,61.00000000000001
2007-08-15,2007,H,H,0.4716137980171014,0.20667895180540483,0.32170725017749374,2.2,3.25,3.2,H,2.2,True,120.00000000000001
2007-08-15,2007,D,H,0.4093786529548627,0.2796157071056835,0.31100563993945374,2.3,3.25,3.0,H,2.3,False,-100.0
2007-08-15,2007,H,H,0.3718633405848707,0.2774807678509666,0.35065589156416277,2.3,3.25,3.0,H,2.3,True,129.99999999999997
2007-08-15,2007,A,A,0.19300540700280724,0.2338374222628616,0.5731571707343311,6.5,3.75,1.53,A,1.53,True,53.0
2007-08-15,2007,D,A,0.17501381969506138,0.2647981821334908,0.5601879981714479,5.5,3.6,1.61,A,1.61,False,-100.0
2007-08-18,2007,H,H,0.46008210261247623,0.28420552469869875,0.25571237268882496,2.2,3.25,3.2,H,2.2,True,120.00000000000001
2007-08-18,2007,A,A,0.2766148714040261,0.2723504458050658,0.4510346827909081,2.37,3.25,2.87,A,2.87,True,187.0
2007-08-18,2007,A,H,0.48318319492282474,0.24898094314675592,0.26783586193041936,2.1,3.25,3.4,H,2.1,False,-100.0
2007-08-18,2007,D,H,0.4688280830150396,0.31323237376469615,0.2179395432202644,1.83,3.3,4.33,H,1.83,False,-100.0
2007-08-18,2007,H,H,0.6017014461092572,0.20111137167451346,0.19718718221622925,1.83,3.3,4.33,H,1.83,True,83.0
2007-08-18,2007,H,H,0.3885824968459254,0.24446422317799052,0.3669532799760842,2.5,3.25,2.7,H,2.5,True,150.0
2007-08-18,2007,H,H,0.7024464088175891,0.20347092515218837,0.09408266603022244,1.44,4.0,7.5,H,1.44,True,43.99999999999999
2007-08-19,2007,H,A,0.2545808632511318,0.3498400555265569,0.3955790812223114,4.5,3.25,1.83,A,1.83,False,-100.0
2007-08-19,2007,D,H,0.4346562128108494,0.3262933936247995,0.2390503935643511,2.62,3.1,3.1,H,2.62,False,-100.0
2007-08-19,2007,D,H,0.422319585003749,0.28552362551090055,0.2921567894853504,3.1,3.2,2.25,H,3.1,False,-100.0
2007-08-25,2007,D,H,0.5606548322062537,0.261732071350236,0.17761309644351023,1.9,3.25,4.0,H,1.9,False,-100.0
2007-08-25,2007,A,A,0.21485639853631908,0.20036704801447347,0.5847765534492075,6.0,3.6,1.57,A,1.57,True,57.00000000000001
2007-08-25,2007,D,H,0.5443069125835466,0.26134483496563116,0.1943482524508222,2.1,3.2,3.5,H,2.1,False,-100.0
2007-08-25,2007,A,H,0.37786066431085974,0.265405333757847,0.3567340019312933,2.37,3.25,2.87,H,2.37,False,-100.0
2007-08-25,2007,H,H,0.6021610727613398,0.25694333121395285,0.1408955960247073,1.53,3.8,6.0,H,1.53,True,53.0
2007-08-25,2007,H,H,0.3711286003234227,0.2685691910447352,0.3603022086318421,2.25,3.2,3.0,H,2.25,True,125.0
2007-08-25,2007,H,H,0.56860021616832,0.25852541309496446,0.17287437073671555,1.8,3.4,4.5,H,1.8,True,80.0
2007-08-25,2007,H,H,0.758785217035296,0.1697530591715544,0.07146172379314955,1.28,5.0,10.0,H,1.28,True,28.000000000000004
2007-08-26,2007,D,H,0.46551527304018697,0.30021323664539096,0.234271490314422,2.6,3.2,2.62,H,2.6,False,-100.0
2007-08-26,2007,H,H,0.5660103558238171,0.2744198740031416,0.1595697701730413,1.5,4.0,6.0,H,1.5,True,50.0
2007-09-01,2007,H,H,0.5671853453304568,0.24182489973567695,0.19098975493386622,2.0,3.2,3.75,H,2.0,True,100.0
2007-09-01,2007,A,H,0.41998579169283135,0.264610456532003,0.3154037517751657,2.2,3.2,3.25,H,2.2,False,-100.0
2007-09-01,2007,H,H,0.9138590899804585,0.07759649838354943,0.008544411635992021,1.16,6.0,19.0,H,1.16,True,15.999999999999993
2007-09-01,2007,H,H,0.4773193665307086,0.23355374924526026,0.289126884224031,1.72,3.5,4.75,H,1.72,True,72.0
2007-09-01,2007,D,A,0.33995178159417383,0.26404283006260515,0.39600538834322113,3.1,3.2,2.25,A,2.25,False,-100.0
2007-09-01,2007,A,H,0.3922611847016607,0.2836977605398983,0.32404105475844086,2.4,3.2,2.87,H,2.4,False,-100.0
2007-09-01,2007,H,H,0.9237934401903404,0.06710691656418007,0.009099643245479473,1.16,6.0,19.0,H,1.16,True,15.999999999999993
2007-09-02,2007,H,H,0.4377768310481266,0.2827425228132043,0.2794806461386691,2.2,3.2,3.25,H,2.2,True,120.00000000000001
2007-09-02,2007,H,H,0.6840461153368937,0.23160668798357886,0.08434719667952739,1.5,3.75,7.0,H,1.5,True,50.0
2007-09-02,2007,H,A,0.20230264313613427,0.24532410305601235,0.5523732538078534,5.5,3.6,1.61,A,1.61,False,-100.0
2007-09-15,2007,D,H,0.4877504737632809,0.27526074133272066,0.23698878490399838,2.1,3.25,3.6,H,2.1,False,-100.0
2007-09-15,2007,H,H,0.4102074210130868,0.24291014439331188,0.34688243459360124,2.37,3.25,3.0,H,2.37,True,137.0
2007-09-15,2007,D,H,0.7540959558395812,0.18246170309665483,0.06344234106376404,1.36,4.33,10.0,H,1.36,False,-100.0
2007-09-15,2007,A,H,0.3390453221816046,0.3344063549520626,0.3265483228663328,4.5,3.5,1.8,H,4.5,False,-100.0
2007-09-15,2007,D,A,0.18756276813980238,0.21456739193222635,0.5978698399279713,5.0,3.5,1.72,A,1.72,False,-100.0
2007-09-15,2007,H,H,0.42045046172122874,0.2564788721829473,0.3230706660958241,2.25,3.25,3.2,H,2.25,True,125.0
2007-09-15,2007,A,A,0.3313302074570723,0.3180157331680282,0.35065405937489946,2.8,3.2,2.5,A,2.5,True,150.0
2007-09-15,2007,H,H,0.5128802142773581,0.29828846873959314,0.18883131698304878,2.0,3.4,3.75,H,2.0,True,100.0
2007-09-16,2007,H,H,0.4405700966757723,0.29538067820211755,0.2640492251221102,2.37,3.25,3.0,H,2.37,True,137.0
2007-09-17,2007,H,A,0.20102555096785266,0.23482509730739637,0.564149351724751,4.33,3.25,1.9,A,1.9,False,-100.0
2007-09-22,2007,H,H,0.9690693261586073,0.02744343792941491,0.003487235911977739,1.14,7.0,23.0,H,1.14,True,13.99999999999999
2007-09-22,2007,D,H,0.37583921924453667,0.2996729491106133,0.3244878316448501,2.5,3.25,2.8,H,2.5,False,-100.0
2007-09-22,2007,D,H,0.8926265554758339,0.09825737888834916,0.009116065635816952,1.22,5.25,17.0,H,1.22,False,-100.0
2007-09-22,2007,D,H,0.5712870360721232,0.23953947550636484,0.18917348842151194,2.1,3.2,3.6,H,2.1,False,-100.0
2007-09-22,2007,H,H,0.424534979876725,0.2676932582652906,0.3077717618579844,2.1,3.2,3.6,H,2.1,True,110.00000000000001
2007-09-23,2007,H,H,0.444510284593238,0.28405846519752376,0.2714312502092383,2.0,3.4,3.75,H,2.0,True,100.0
2007-09-23,2007,H,H,0.5640546630070676,0.30428806459280683,0.1316572724001255,2.1,3.25,4.0,H,2.1,True,110.00000000000001
2007-09-23,2007,A,H,0.5647510192014845,0.2683725386299902,0.16687644216852535,1.9,3.3,4.2,H,1.9,False,-100.0
2007-09-23,2007,H,H,0.4220282274268132,0.3212395539072041,0.25673221866598267,2.25,3.2,3.25,H,2.25,True,125.0
2007-09-23,2007,D,H,0.3964116497217959,0.2501321915347449,0.35345615874345926,2.8,3.25,2.5,H,2.8,False,-100.0
2007-09-29,2007,H,H,0.43864259052002896,0.29393336612934495,0.26742404335062603,2.25,3.25,3.3,H,2.25,True,125.0
2007-09-29,2007,A,A,0.25621417624759746,0.2943930939160204,0.449392729836382,4.5,3.5,1.83,A,1.83,True,83.0
2007-09-29,2007,A,A,0.11878271968158367,0.23417128301593576,0.6470459973024805,6.5,3.8,1.57,A,1.57,True,57.00000000000001
2007-09-29,2007,H,H,0.6238017215656079,0.24270910213176025,0.1334891763026319,1.72,3.4,5.5,H,1.72,True,72.0
2007-09-29,2007,A,H,0.3502535485183044,0.3044427092168176,0.34530374226487803,2.75,3.25,2.62,H,2.75,False,-100.0
2007-09-29,2007,D,A,0.35791202433391783,0.24666137042346717,0.3954266052426151,2.7,3.25,2.62,A,2.62,False,-100.0
2007-09-29,2007,A,A,0.11097781683837962,0.20772934223366357,0.6812928409279568,6.5,4.0,1.53,A,1.53,True,53.0
2007-09-29,2007,D,H,0.7783275681178192,0.1492681956464217,0.07240423623575908,1.3,5.0,12.0,H,1.3,False,-100.0
2007-09-30,2007,H,H,0.49568533714575436,0.2572664041907824,0.24704825866346314,1.8,3.5,4.75,H,1.8,True,80.0
2007-10-01,2007,D,H,0.5283618666885419,0.2855967007497312,0.18604143256172698,1.9,3.25,4.33,H,1.9,False,-100.0
2007-10-06,2007,H,H,0.5206101133884686,0.2651325688665412,0.21425731774499018,1.83,3.6,4.33,H,1.83,True,83.0
2007-10-06,2007,H,H,0.9414780957815547,0.05482990834710285,0.0036919958713425684,1.16,6.5,21.0,H,1.16,True,15.999999999999993
2007-10-07,2007,H,H,0.963027295801898,0.03494518286848204,0.0020275213296199754,1.16,6.5,23.0,H,1.16,True,15.999999999999993
2007-10-07,2007,D,H,0.7190958432974672,0.2063661840029244,0.07453797269960843,1.53,4.0,6.5,H,1.53,False,-100.0
2007-10-07,2007,A,A,0.3571960459467321,0.23543191822802084,0.40737203582524706,2.62,3.25,2.75,A,2.75,True,175.0
2007-10-07,2007,H,H,0.5662532862790639,0.27310427933525705,0.160642434385679,1.66,3.75,5.5,H,1.66,True,65.99999999999999
2007-10-07,2007,H,H,0.6059040663806671,0.232637982693315,0.16145795092601792,1.66,3.6,5.5,H,1.66,True,65.99999999999999
2007-10-07,2007,H,H,0.5513975144662324,0.1505773909774259,0.2980250945563417,1.72,3.6,5.0,H,1.72,True,72.0
2007-10-07,2007,H,H,0.44970525842709935,0.2874410639278465,0.2628536776450542,2.1,3.3,3.6,H,2.1,True,110.00000000000001
2007-10-07,2007,A,A,0.26156589102555977,0.2809125112969849,0.45752159767745526,5.0,3.6,1.72,A,1.72,True,72.0
2007-10-20,2007,H,H,0.9050353225610247,0.086367137340978,0.008597540097997368,1.25,5.25,15.0,H,1.25,True,25.0
2007-10-20,2007,A,A,0.20128801591655432,0.26568972429310544,0.5330222597903402,4.5,3.6,1.8,A,1.8,True,80.0
2007-10-20,2007,H,H,0.6731521940647526,0.19011271504256835,0.13673509089267905,1.7,3.5,5.5,H,1.7,True,70.0
2007-10-20,2007,A,A,0.3040441282205402,0.3057792885738801,0.3901765832055796,3.6,3.3,2.1,A,2.1,True,110.00000000000001
2007-10-20,2007,D,H,0.6193585950239815,0.18022801750412457,0.20041338747189386,1.72,3.5,5.25,H,1.72,False,-100.0
2007-10-20,2007,H,H,0.7183305649000341,0.21759018810774597,0.06407924699221994,1.57,3.6,7.0,H,1.57,True,57.00000000000001
2007-10-20,2007,A,A,0.22054784896763469,0.27386364153133624,0.5055885095010291,6.0,3.75,1.61,A,1.61,True,61.00000000000001
2007-10-20,2007,A,A,0.21559940540244935,0.21072426413102013,0.5736763304665307,3.1,3.25,2.37,A,2.37,True,137.0
2007-10-21,2007,H,H,0.5525032496820715,0.25854407861490625,0.18895267170302216,1.9,3.25,4.5,H,1.9,True,89.99999999999999
2007-10-22,2007,H,H,0.5439799128825245,0.23120399648979345,0.22481609062768212,2.37,3.3,3.0,H,2.37,True,137.0
2007-10-27,2007,H,H,0.9448848870300018,0.04903214617083335,0.0060829667991648675,1.18,6.5,19.0,H,1.18,True,17.999999999999993
2007-10-27,2007,H,H,0.5496504864737916,0.2541366046374051,0.19621290888880333,1.5,4.0,7.0,H,1.5,True,50.0
2007-10-27,2007,H,H,0.5382999483732525,0.24823160030349478,0.21346845132325282,2.1,3.3,3.6,H,2.1,True,110.00000000000001
2007-10-27,2007,H,A,0.379683557709283,0.21918764457631995,0.401128797714397,2.75,3.25,2.5,A,2.5,False,-100.0
2007-10-27,2007,D,H,0.5102591488308752,0.27823117461716085,0.2115096765519639,2.1,3.3,3.6,H,2.1,False,-100.0
2007-10-27,2007,D,H,0.6562844735107447,0.24425631681789542,0.09945920967135986,1.8,3.5,4.75,H,1.8,False,-100.0
2007-10-28,2007,D,A,0.31864407302718106,0.23082432864205632,0.4505315983307626,2.7,3.3,2.62,A,2.62,False,-100.0
2007-10-28,2007,A,A,0.3316187214464006,0.2506596300864041,0.4177216484671953,3.6,3.3,2.1,A,2.1,True,110.00000000000001
2007-10-28,2007,D,H,0.3693241538190104,0.33018203403260066,0.3004938121483889,2.5,3.25,2.8,H,2.5,False,-100.0
2007-10-28,2007,A,H,0.4058410627438573,0.2333749731946174,0.3607839640615253,2.2,3.4,3.25,H,2.2,False,-100.0
2007-11-03,2007,A,A,0.03466089385132131,0.10465685606994418,0.8606822500787344,9.0,4.33,1.4,A,1.4,True,39.99999999999999
2007-11-03,2007,H,H,0.44125643705895595,0.19089846446701306,0.3678450984740311,2.2,3.25,3.4,H,2.2,True,120.00000000000001
2007-11-03,2007,A,H,0.4486960328424516,0.25909232719935843,0.29221163995818994,2.1,3.3,3.6,H,2.1,False,-100.0
2007-11-03,2007,D,H,0.4164891032120044,0.29160717795012536,0.2919037188378703,3.0,3.3,2.37,H,3.0,False,-100.0
2007-11-03,2007,H,H,0.7513640239823578,0.15839335940116508,0.09024261661647714,1.4,4.33,9.0,H,1.4,True,39.99999999999999
2007-11-03,2007,D,H,0.4568406242425899,0.3333854483149655,0.20977392744244452,2.5,3.1,3.0,H,2.5,False,-100.0
2007-11-03,2007,H,H,0.5753156448854724,0.2614879762199179,0.16319637889460975,1.66,3.5,5.75,H,1.66,True,65.99999999999999
2007-11-03,2007,D,A,0.3528425013140793,0.22901146488854318,0.4181460337973776,3.0,3.25,2.4,A,2.4,False,-100.0
2007-11-04,2007,D,H,0.5034341169966791,0.29976615495915887,0.1967997280441621,1.9,3.3,4.33,H,1.9,False,-100.0
2007-11-05,2007,H,H,0.7018831947375038,0.18631555666977265,0.11180124859272347,1.61,3.75,6.0,H,1.61,True,61.00000000000001
2007-11-10,2007,D,A,0.3576486766163052,0.2095764581237928,0.43277486525990205,2.87,3.25,2.5,A,2.5,False,-100.0
2007-11-10,2007,H,H,0.8048880281180979,0.16509711012943445,0.0300148617524677,1.22,5.0,13.0,H,1.22,True,21.999999999999996
2007-11-10,2007,A,A,0.26662039482057587,0.2985916052083281,0.434787999971096,3.25,3.4,2.2,A,2.2,True,120.00000000000001
2007-11-11,2007,H,H,0.7334782936893809,0.14782768098601623,0.1186940253246029,1.44,4.2,8.0,H,1.44,True,43.99999999999999
2007-11-11,2007,A,H,0.3931187947641894,0.23796189708346185,0.36891930815234875,2.7,3.2,2.7,H,2.7,False,-100.0
2007-11-11,2007,D,H,0.47962558974909686,0.239332001652745,0.28104240859815816,2.1,3.4,3.5,H,2.1,False,-100.0
2007-11-11,2007,D,H,0.7533697665198273,0.17448496280794124,0.07214527067223135,1.33,5.0,10.0,H,1.33,False,-100.0
2007-11-11,2007,H,H,0.7433030310712844,0.17146719927153803,0.08522976965717757,1.33,4.5,8.5,H,1.33,True,33.00000000000001
2007-11-11,2007,D,H,0.5855510132307946,0.2237078701500369,0.1907411166191685,2.0,3.4,3.8,H,2.0,False,-100.0
2007-11-12,2007,A,A,0.10868742939162011,0.14651684288161645,0.7447957277267635,7.0,4.0,1.5,A,1.5,True,50.0
2007-11-24,2007,A,A,0.3136973360882073,0.22830656051421117,0.45799610339758157,2.75,3.25,2.6,A,2.6,True,160.0
2007-11-24,2007,H,H,0.6996613218899569,0.1755556723316766,0.12478300577836643,1.57,3.75,6.5,H,1.57,True,57.00000000000001
2007-11-24,2007,A,A,0.29689706114114095,0.26154266050092984,0.44156027835792916,3.8,3.3,2.0,A,2.0,True,100.0
2007-11-24,2007,H,H,0.6460657786027795,0.2176179600499642,0.13631626134725636,1.61,3.6,6.5,H,1.61,True,61.00000000000001
2007-11-24,2007,H,A,0.03562213412116836,0.11544296863091509,0.8489348972479165,9.0,4.33,1.4,A,1.4,False,-100.0
2007-11-24,2007,A,A,0.2836097355549774,0.29535684837192683,0.4210334160730958,3.2,3.3,2.3,A,2.3,True,129.99999999999997
2007-11-24,2007,H,H,0.9169889502796086,0.06078648276207139,0.02222456695832006,1.16,7.0,17.0,H,1.16,True,15.999999999999993
2007-11-24,2007,A,A,0.0028841705159669364,0.02569289130730579,0.9714229381767273,15.0,6.0,1.22,A,1.22,True,21.999999999999996
2007-11-25,2007,D,H,0.4617876596763504,0.27298614639028124,0.2652261939333684,2.75,3.25,2.6,H,2.75,False,-100.0
2007-11-25,2007,D,A,0.351555677855605,0.24322702960293308,0.40521729254146194,2.87,3.25,2.5,A,2.5,False,-100.0
2007-11-28,2007,A,H,0.4825820512285611,0.2593559778496419,0.2580619709217969,2.2,3.25,3.4,H,2.2,False,-100.0
2007-12-01,2007,D,H,0.5192403399857337,0.23251642753594637,0.2482432324783199,2.0,3.3,4.0,H,2.0,False,-100.0
2007-12-01,2007,D,H,0.516161281646512,0.2900871573458506,0.19375156100763738,2.2,3.25,3.4,H,2.2,False,-100.0
2007-12-01,2007,H,H,0.617686373407681,0.19667310904207722,0.18564051755024186,1.66,3.6,5.5,H,1.66,True,65.99999999999999
2007-12-01,2007,H,H,0.5830353020192627,0.2077995968248911,0.20916510115584627,1.9,3.4,4.2,H,1.9,True,89.99999999999999
2007-12-01,2007,A,H,0.37123865885088986,0.26765605131381753,0.36110528983529255,4.0,3.3,2.0,H,4.0,False,-100.0
2007-12-01,2007,H,H,0.8013696287289862,0.15913793686311212,0.03949243440790175,1.25,5.5,13.0,H,1.25,True,25.0
2007-12-01,2007,D,A,0.20270919955988023,0.18205494263419103,0.6152358578059287,3.0,3.25,2.4,A,2.4,False,-100.0
2007-12-02,2007,H,H,0.8319061162077049,0.144905462689518,0.023188421102777117,1.28,5.0,13.0,H,1.28,True,28.000000000000004
2007-12-02,2007,A,H,0.6642182793487765,0.20081146646514797,0.13497025418607542,1.44,4.2,8.0,H,1.44,False,-100.0
2007-12-03,2007,H,H,0.8932684301537798,0.09280188348705248,0.01392968635916772,1.2,6.0,17.0,H,1.2,True,19.999999999999996
2007-12-05,2007,D,A,0.09793620613480564,0.14809984709149643,0.753963946773698,6.0,3.75,1.61,A,1.61,False,-100.0
2007-12-08,2007,H,A,0.12882688114701898,0.2220284870600734,0.6491446317929076,5.5,3.6,1.66,A,1.66,False,-100.0
2007-12-08,2007,A,H,0.5167983361268143,0.3236558212699186,0.1595458426032671,2.1,3.3,3.6,H,2.1,False,-100.0
2007-12-08,2007,H,H,0.9453417854417459,0.04842774338857246,0.006230471169681713,1.16,6.5,21.0,H,1.16,True,15.999999999999993
2007-12-08,2007,H,H,0.7023224437701898,0.20651645872275023,0.0911610975070599,1.57,3.75,6.5,H,1.57,True,57.00000000000001
2007-12-08,2007,H,H,0.9700065585303095,0.026627002992983224,0.0033664384767072694,1.11,8.5,26.0,H,1.11,True,11.00000000000001
2007-12-08,2007,H,H,0.4891291428594246,0.22727615357880454,0.2835947035617708,1.8,3.5,4.75,H,1.8,True,80.0
2007-12-09,2007,A,H,0.5176530384979331,0.3037635134185736,0.17858344808349327,1.83,3.5,4.5,H,1.83,False,-100.0
2007-12-09,2007,H,H,0.5683459740707157,0.2124992005294279,0.21915482539985645,2.0,3.4,3.8,H,2.0,True,100.0
2007-12-09,2007,H,A,0.1080874835941835,0.15682692647339372,0.7350855899324227,7.0,3.8,1.53,A,1.53,False,-100.0
2007-12-09,2007,H,H,0.49004494398778836,0.2316074161217319,0.2783476398904797,2.0,3.3,3.75,H,2.0,True,100.0
2007-12-15,2007,H,H,0.5403037256092417,0.26876737449238397,0.19092889989837436,1.83,3.25,5.0,H,1.83,True,83.0
2007-12-15,2007,D,H,0.4521547520700986,0.22625176284850002,0.32159348508140134,2.2,3.25,3.4,H,2.2,False,-100.0
2007-12-15,2007,A,A,0.37073061855955236,0.20645844301312163,0.42281093842732603,2.5,3.25,2.87,A,2.87,True,187.0
2007-12-15,2007,A,A,0.2583431222474045,0.2602884868949431,0.4813683908576523,3.1,3.25,2.37,A,2.37,True,137.0
2007-12-15,2007,A,H,0.3809242626927266,0.30907674849814987,0.30999898880912347,2.5,3.25,2.87,H,2.5,False,-100.0
2007-12-15,2007,H,A,0.26353473978412034,0.2025000571381015,0.5339652030777781,3.25,3.25,2.3,A,2.3,False,-100.0
2007-12-15,2007,D,A,0.3003016567292024,0.27026400479143226,0.4294343384793654,3.25,3.25,2.3,A,2.3,False,-100.0
2007-12-15,2007,A,H,0.5505749776598485,0.2920501073545592,0.15737491498559222,2.2,3.25,3.4,H,2.2,False,-100.0
2007-12-16,2007,H,H,0.4312718460707453,0.3281468959329425,0.24058125799631214,2.5,3.0,3.1,H,2.5,True,150.0
2007-12-16,2007,A,H,0.48504779285936367,0.32950320208479006,0.18544900505584633,2.62,3.1,2.87,H,2.62,False,-100.0
2007-12-22,2007,H,H,0.5302057775589887,0.1942690544798686,0.2755251679611427,1.9,3.3,4.33,H,1.9,True,89.99999999999999
2007-12-22,2007,A,H,0.49266118794923175,0.29510649313515597,0.21223231891561228,2.3,3.3,3.2,H,2.3,False,-100.0
2007-12-22,2007,H,H,0.6367764744346084,0.2806579501771445,0.08256557538824706,1.5,4.0,7.0,H,1.5,True,50.0
2007-12-22,2007,D,H,0.4064892074534786,0.18871523117022038,0.404795561376301,2.1,3.3,3.6,H,2.1,False,-100.0
2007-12-22,2007,D,H,0.502531598158397,0.2595900157187187,0.23787838612288426,2.1,3.3,3.6,H,2.1,False,-100.0
2007-12-22,2007,H,H,0.6458328589061955,0.2216267180212011,0.13254042307260336,1.5,4.0,7.5,H,1.5,True,50.0
2007-12-22,2007,H,H,0.560774985336109,0.22902836224090914,0.21019665242298186,1.9,3.3,4.33,H,1.9,True,89.99999999999999
2007-12-23,2007,H,H,0.686683132396401,0.22709080517369096,0.08622606242990809,1.36,4.75,9.0,H,1.36,True,36.00000000000001
2007-12-23,2007,D,H,0.8109723324833437,0.12646854450304762,0.06255912301360872,1.33,4.75,11.0,H,1.33,False,-100.0
2007-12-23,2007,A,A,0.2614643142148744,0.2856618303537861,0.4528738554313395,4.2,3.4,1.9,A,1.9,True,89.99999999999999
2007-12-26,2007,H,H,0.7301464022879413,0.1832359620260774,0.08661763568598137,1.44,4.2,8.0,H,1.44,True,43.99999999999999
2007-12-26,2007,H,A,0.33469967166049824,0.21758901475527612,0.4477113135842256,2.7,3.3,2.6,A,2.6,False,-100.0
2007-12-26,2007,D,H,0.49549626093656157,0.27958856113143404,0.22491517793200438,1.9,3.3,4.33,H,1.9,False,-100.0
2007-12-26,2007,A,A,0.05161432547939841,0.12359853860646779,0.824787135914134,8.5,4.5,1.4,A,1.4,True,39.99999999999999
2007-12-26,2007,D,A,0.25706591004058565,0.27993721875112126,0.462996871208293,4.5,3.5,1.83,A,1.83,False,-100.0
2007-12-26,2007,H,H,0.6557383960827705,0.21711772807420723,0.1271438758430222,1.7,3.5,5.5,H,1.7,True,70.0
2007-12-26,2007,A,A,0.0133534636295407,0.0540372099654903,0.932609326404969,13.0,5.0,1.28,A,1.28,True,28.000000000000004
2007-12-26,2007,D,H,0.7454224790232136,0.18879291759284675,0.06578460338393968,1.4,4.33,9.0,H,1.4,False,-100.0
2007-12-26,2007,H,H,0.38022617213908383,0.24416346777255069,0.3756103600883655,2.25,3.3,3.25,H,2.25,True,125.0
2007-12-27,2007,D,H,0.55036814448861,0.20760613377850573,0.2420257217328843,2.1,3.3,3.6,H,2.1,False,-100.0
2007-12-29,2007,D,H,0.6016154934838926,0.20212878790076702,0.19625571861534036,1.9,3.4,4.2,H,1.9,False,-100.0
2007-12-29,2007,A,H,0.5255520964175151,0.26645389091285443,0.20799401266963036,1.66,3.6,5.5,H,1.66,False,-100.0
2007-12-29,2007,H,H,0.7090485710145735,0.20082004563813297,0.09013138334729343,1.4,4.33,9.0,H,1.4,True,39.99999999999999
2007-12-29,2007,A,H,0.38773245216619845,0.31194015206738673,0.3003273957664148,3.5,3.4,2.1,H,3.5,False,-100.0
2007-12-29,2007,H,H,0.3996601766347621,0.23615717030132782,0.3641826530639101,2.5,3.25,2.87,H,2.5,True,150.0
2007-12-29,2007,H,H,0.632247830603521,0.23995941381762023,0.12779275557885877,1.5,4.0,7.0,H,1.5,True,50.0
2007-12-29,2007,H,A,0.08201546990132885,0.17283752043799336,0.7451470096606778,7.0,4.0,1.5,A,1.5,False,-100.0
2007-12-29,2007,A,H,0.4374042729401017,0.22662646435536768,0.33596926270453065,3.25,3.3,2.25,H,3.25,False,-100.0
2007-12-30,2007,A,A,0.25810370135203176,0.21337712253044203,0.5285191761175262,4.0,3.5,1.9,A,1.9,True,89.99999999999999
2007-12-30,2007,D,A,0.2584959163235223,0.2039115067445335,0.5375925769319442,3.6,3.3,2.1,A,2.1,False,-100.0
2008-01-01,2007,A,H,0.4733293023377366,0.24500480503690564,0.28166589262535763,2.87,3.3,2.5,H,2.87,False,-100.0
2008-01-01,2007,A,H,0.40993106983469757,0.2816236188897122,0.3084453112755902,3.0,3.25,2.4,H,3.0,False,-100.0
2008-01-01,2007,H,H,0.9153053204215338,0.07188495705200884,0.012809722526457344,1.16,7.0,19.0,H,1.16,True,15.999999999999993
2008-01-01,2007,H,A,0.3712641364804219,0.1909295551552723,0.4378063083643058,2.37,3.3,3.0,A,3.0,False,-100.0
2008-01-01,2007,H,H,0.7054422179858927,0.18887981137845047,0.10567797063565677,1.33,5.0,10.0,H,1.33,True,33.00000000000001
2008-01-01,2007,A,A,0.0810269407726723,0.14170486352942843,0.7772681956978992,7.0,4.0,1.5,A,1.5,True,50.0
2008-01-02,2007,A,H,0.499661545449766,0.2673151766253688,0.23302327792486513,2.25,3.3,3.25,H,2.25,False,-100.0
2008-01-02,2007,D,H,0.7747139377830459,0.15756632324075104,0.06771973897620309,1.2,5.5,12.0,H,1.2,False,-100.0
2008-01-02,2007,H,H,0.6314258320312921,0.19564727496703946,0.1729268930016684,1.57,4.0,6.0,H,1.57,True,57.00000000000001
2008-01-02,2007,H,H,0.6458702120046208,0.17758718802793422,0.176542599967445,1.53,4.0,6.5,H,1.53,True,53.0
2008-01-12,2007,H,H,0.6203307302591496,0.19040258438219018,0.18926668535866015,1.75,3.5,5.0,H,1.75,True,75.0
2008-01-12,2007,H,H,0.63097019230034,0.2211039863720454,0.1479258213276146,1.72,3.6,5.0,H,1.72,True,72.0
2008-01-12,2007,D,A,0.2052128405511302,0.23338916246659977,0.56139799698227,5.0,3.6,1.72,A,1.72,False,-100.0
2008-01-12,2007,H,H,0.8343456043914051,0.13350932767774884,0.03214506793084602,1.25,5.5,13.0,H,1.25,True,25.0
2008-01-12,2007,H,H,0.658089203416999,0.17901331601852305,0.16289748056447795,1.61,3.75,6.0,H,1.61,True,61.00000000000001
2008-01-12,2007,A,A,0.3076690694272395,0.25822178045913036,0.4341091501136302,2.87,3.25,2.5,A,2.5,True,150.0
2008-01-12,2007,D,H,0.9004135859353068,0.08633164402576374,0.013254770038929335,1.2,6.0,17.0,H,1.2,False,-100.0
2008-01-12,2007,H,H,0.4878975714600876,0.2698659573939995,0.24223647114591298,2.1,3.3,3.6,H,2.1,True,110.00000000000001
2008-01-13,2007,A,H,0.4110715966082789,0.22274164881106914,0.366186754580652,2.4,3.25,3.0,H,2.4,False,-100.0
2008-01-13,2007,H,A,0.34973249772479126,0.2603759258945105,0.38989157638069827,2.75,3.25,2.62,A,2.62,False,-100.0
2008-01-19,2007,A,A,0.1296476694643196,0.19442987183689148,0.6759224586987889,5.5,3.6,1.66,A,1.66,True,65.99999999999999
2008-01-19,2007,A,A,0.0740858538398941,0.15364026092820296,0.772273885231903,7.0,3.8,1.53,A,1.53,True,53.0
2008-01-19,2007,D,H,0.6540224843760504,0.2281186443239465,0.11785887130000319,1.72,3.6,5.0,H,1.72,False,-100.0
2008-01-19,2007,H,H,0.688517632803671,0.1797205083011352,0.13176185889519393,1.44,4.2,8.0,H,1.44,True,43.99999999999999
2008-01-19,2007,D,H,0.5052888056189255,0.24895552071473703,0.24575567366633747,1.72,3.6,5.0,H,1.72,False,-100.0
2008-01-19,2007,A,A,0.05224889863752429,0.11342567609824218,0.8343254252642335,8.0,4.5,1.4,A,1.4,True,39.99999999999999
2008-01-19,2007,H,H,0.6865701022744827,0.21538614636052864,0.09804375136498868,1.44,4.2,8.0,H,1.44,True,43.99999999999999
2008-01-20,2007,D,H,0.38600845336659695,0.262628180916911,0.3513633657164921,2.0,3.4,3.8,H,2.0,False,-100.0
2008-01-20,2007,A,A,0.33714712595054963,0.270531282042448,0.3923215920070023,3.25,3.25,2.25,A,2.25,True,125.0
2008-01-21,2007,D,H,0.6496851495525607,0.23358644520374047,0.11672840524369878,1.61,3.75,6.0,H,1.61,False,-100.0
2008-01-26,2007,D,H,0.521137602542657,0.23078157515738135,0.24808082229996176,1.9,3.4,4.2,H,1.9,False,-100.0
2008-01-29,2007,H,H,0.45490215215098,0.29530987426907607,0.24978797357994398,2.3,3.25,3.2,H,2.3,True,129.99999999999997
2008-01-29,2007,H,H,0.5225943252776208,0.2733228836566599,0.20408279106571917,1.9,3.3,4.33,H,1.9,True,89.99999999999999
2008-01-29,2007,H,H,0.8690177095932844,0.10754359755148783,0.02343869285522787,1.28,5.0,13.0,H,1.28,True,28.000000000000004
2008-01-29,2007,D,H,0.5721201303816081,0.1979614834449032,0.22991838617348878,1.9,3.4,4.2,H,1.9,False,-100.0
2008-01-30,2007,H,A,0.3263850725137941,0.2823955259527934,0.39121940153341256,4.0,3.5,1.9,A,1.9,False,-100.0
2008-01-30,2007,D,H,0.49167818462861884,0.2308002592231771,0.27752155614820406,2.37,3.25,3.1,H,2.37,False,-100.0
2008-01-30,2007,H,H,0.8278638486796043,0.14500069334874147,0.027135457971654186,1.25,5.5,13.0,H,1.25,True,25.0
2008-01-30,2007,H,H,0.9102148821671836,0.06762074164279572,0.022164376190020558,1.22,6.0,15.0,H,1.22,True,21.999999999999996
2008-01-30,2007,D,A,0.15478904565391727,0.23222542467322807,0.6129855296728547,5.0,3.6,1.72,A,1.72,False,-100.0
2008-02-02,2007,A,H,0.3984234270179861,0.2566851984793544,0.34489137450265955,2.15,3.25,3.5,H,2.15,False,-100.0
2008-02-02,2007,H,A,0.3105823745510624,0.27647761021220474,0.41294001523673274,2.62,3.25,2.7,A,2.7,False,-100.0
2008-02-02,2007,D,A,0.20936507653528863,0.2537747429934006,0.5368601804713108,4.5,3.5,1.83,A,1.83,False,-100.0
2008-02-02,2007,A,A,0.17218487077665995,0.247238257899177,0.580576871324163,4.5,3.6,1.8,A,1.8,True,80.0
2008-02-02,2007,D,H,0.5220756158451889,0.28744842795870673,0.19047595619610433,2.37,3.2,3.1,H,2.37,False,-100.0
2008-02-02,2007,H,H,0.7300876144942886,0.20072530096603597,0.0691870845396755,1.3,5.0,12.0,H,1.3,True,30.000000000000004
2008-02-02,2007,D,H,0.5949361039180648,0.2553969355926269,0.14966696048930825,1.61,3.5,6.5,H,1.61,False,-100.0
2008-02-02,2007,D,A,0.18296251521853746,0.30061428734005463,0.516423197441408,5.25,3.5,1.72,A,1.72,False,-100.0
2008-02-03,2007,H,A,0.22845687054169878,0.2319050999751,0.5396380294832012,3.25,3.25,2.25,A,2.25,False,-100.0
2008-02-03,2007,D,H,0.4058083950779924,0.263314472899229,0.33087713202277863,2.0,3.25,4.0,H,2.0,False,-100.0
2008-02-09,2007,D,H,0.5547507791374902,0.2670693314385763,0.17817988942393345,1.8,3.6,4.5,H,1.8,False,-100.0
2008-02-09,2007,H,H,0.47777209352819117,0.28501787733861667,0.23721002913319214,2.1,3.3,3.6,H,2.1,True,110.00000000000001
2008-02-09,2007,H,H,0.7061554320721188,0.20886834815697972,0.08497621977090151,1.53,4.0,6.5,H,1.53,True,53.0
2008-02-09,2007,H,H,0.5427044682850394,0.2533307024594029,0.20396482925555764,1.9,3.4,4.2,H,1.9,True,89.99999999999999
2008-02-09,2007,A,H,0.4113945507131957,0.28318744399472556,0.30541800529207863,2.5,3.25,2.87,H,2.5,False,-100.0
2008-02-09,2007,A,A,0.09988189857925615,0.19073289841432384,0.7093852030064199,6.5,4.0,1.53,A,1.53,True,53.0
2008-02-09,2007,H,H,0.6016713285692289,0.20157826750355803,0.19675040392721319,1.83,3.5,4.5,H,1.83,True,83.0
2008-02-10,2007,D,H,0.6480868822878202,0.25327122126200335,0.09864189645017654,1.9,3.2,4.5,H,1.9,False,-100.0
2008-02-10,2007,A,H,0.8746736513381003,0.11408500666280706,0.011241341999092776,1.28,5.0,13.0,H,1.28,False,-100.0
2008-02-11,2007,H,H,0.8006139550324785,0.16205736649161354,0.03732867847590806,1.33,4.75,11.0,H,1.33,True,33.00000000000001
2008-02-23,2007,A,A,0.06637146550110334,0.132117833082737,0.8015107014161597,7.0,4.0,1.5,A,1.5,True,50.0
2008-02-23,2007,H,H,0.6264603554535673,0.23720121180064946,0.1363384327457832,1.61,3.75,6.0,H,1.61,True,61.00000000000001
2008-02-23,2007,H,H,0.6791768239518141,0.23549222525764382,0.08533095079054206,1.4,4.2,9.5,H,1.4,True,39.99999999999999
2008-02-23,2007,H,H,0.5584734271171257,0.2543275766853645,0.18719899619750985,1.61,3.75,6.0,H,1.61,True,61.00000000000001
2008-02-23,2007,D,A,0.07309535738373824,0.16555146726199454,0.761353175354267,7.0,4.0,1.5,A,1.5,False,-100.0
2008-02-23,2007,A,A,0.3211368238227752,0.2999282115864221,0.3789349645908027,2.7,3.25,2.62,A,2.62,True,162.0
2008-02-24,2007,H,H,0.4776977730713487,0.31021572109253287,0.21208650583611843,1.83,3.5,4.5,H,1.83,True,83.0
2008-02-24,2007,A,A,0.2601390529553804,0.23380192310602135,0.5060590239385983,3.1,3.25,2.37,A,2.37,True,137.0
2008-02-25,2007,A,A,0.33916640891055666,0.3158016873667985,0.345031903722645,2.4,3.25,3.0,A,3.0,True,200.0
2008-03-01,2007,A,H,0.6007262533673997,0.27809017774985545,0.12118356888274488,1.83,3.5,4.5,H,1.83,False,-100.0
2008-03-01,2007,A,A,0.36292524263694953,0.24293151496416932,0.3941432423988811,2.6,3.3,2.75,A,2.75,True,175.0
2008-03-01,2007,A,A,0.2199644165097823,0.33203955647467037,0.4479960270155474,4.5,3.5,1.83,A,1.83,True,83.0
2008-03-01,2007,D,H,0.5095435109916258,0.2881734096260905,0.2022830793822837,1.8,3.5,4.75,H,1.8,False,-100.0
2008-03-01,2007,D,H,0.6990767985010506,0.2153243473542334,0.08559885414471602,1.57,3.8,6.5,H,1.57,False,-100.0
2008-03-01,2007,D,A,0.28306568347199373,0.2421263015914434,0.47480801493656277,3.25,3.3,2.25,A,2.25,False,-100.0
2008-03-01,2007,H,A,0.20893521952840186,0.2789187140222563,0.5121460664493418,3.75,3.5,2.0,A,2.0,False,-100.0
2008-03-01,2007,A,A,0.029084376518786398,0.08975015393624224,0.8811654695449714,10.0,5.0,1.33,A,1.33,True,33.00000000000001
2008-03-02,2007,A,A,0.23138790482386612,0.27494515476509757,0.49366694041103615,4.5,3.6,1.8,A,1.8,True,80.0
2008-03-02,2007,H,H,0.55089944389231,0.2632847305951415,0.1858158255125483,1.83,3.5,4.5,H,1.83,True,83.0
2008-03-05,2007,H,H,0.6915454234017433,0.20626648046173207,0.10218809613652455,1.44,4.33,7.5,H,1.44,True,43.99999999999999
2008-03-08,2007,H,A,0.3661858063952486,0.25141976365830754,0.38239442994644385,2.5,3.25,2.87,A,2.87,False,-100.0
2008-03-08,2007,D,H,0.5859360139152682,0.24744473949525422,0.1666192465894776,1.53,4.0,6.5,H,1.53,False,-100.0
2008-03-08,2007,H,H,0.8607284056158504,0.10729388147791519,0.03197771290623443,1.36,4.5,10.0,H,1.36,True,36.00000000000001
2008-03-09,2007,D,A,0.17412165592773515,0.25348458679037306,0.5723937572818918,6.5,3.8,1.57,A,1.57,False,-100.0
2008-03-09,2007,A,A,0.26403681413189406,0.3338372887147441,0.4021258971533619,3.5,3.4,2.1,A,2.1,True,110.00000000000001
2008-03-09,2007,H,H,0.6288449185535147,0.2196688857653587,0.15148619568112667,1.8,3.6,4.5,H,1.8,True,80.0
2008-03-12,2007,D,H,0.615650529304694,0.23738498755283965,0.14696448314246627,1.61,3.75,6.0,H,1.61,False,-100.0
2008-03-12,2007,H,H,0.9570218826654292,0.03805105752203475,0.004927059812536004,1.1,9.0,26.0,H,1.1,True,10.000000000000009
2008-03-12,2007,H,H,0.5325793721233154,0.2682603107644851,0.1991603171121995,1.83,3.5,4.5,H,1.83,True,83.0
2008-03-15,2007,D,H,0.8262453476496727,0.13754864915867268,0.0362060031916545,1.25,5.5,13.0,H,1.25,False,-100.0
2008-03-15,2007,A,A,0.001140639919467364,0.010045243507434017,0.9888141165730986,17.0,7.0,1.16,A,1.16,True,15.999999999999993
2008-03-15,2007,H,H,0.8504260704279235,0.12420395094967904,0.02536997862239736,1.25,5.5,13.0,H,1.25,True,25.0
2008-03-15,2007,H,H,0.4932738760870457,0.29820305574729983,0.2085230681656545,2.37,3.25,3.1,H,2.37,True,137.0
2008-03-15,2007,A,A,0.05671365291660113,0.16485201668573274,0.7784343303976661,8.0,4.2,1.44,A,1.44,True,43.99999999999999
2008-03-15,2007,H,H,0.40032934272065185,0.2508053692748655,0.34886528800448263,2.5,3.3,2.87,H,2.5,True,150.0
2008-03-16,2007,H,A,0.26378927317596357,0.3267808395439278,0.40942988728010865,3.5,3.4,2.1,A,2.1,False,-100.0
2008-03-16,2007,H,H,0.5489348229473331,0.2557672075380309,0.19529796951463602,2.25,3.3,3.25,H,2.25,True,125.0
2008-03-16,2007,H,A,0.34503138718770804,0.30281598703534496,0.352152625776947,2.6,3.3,2.7,A,2.7,False,-100.0
2008-03-17,2007,D,H,0.5447723734984159,0.2137387627465483,0.24148886375503587,2.2,3.25,3.4,H,2.2,False,-100.0
2008-03-19,2007,D,A,0.33851669728185957,0.3204892239209217,0.3409940787972186,3.6,3.3,2.1,A,2.1,False,-100.0
2008-03-19,2007,H,H,0.8955952504197611,0.08082008771869892,0.023584661861539936,1.16,7.0,17.0,H,1.16,True,15.999999999999993
2008-03-22,2007,A,H,0.6590348599146835,0.243857416754527,0.0971077233307895,1.57,3.8,6.5,H,1.57,False,-100.0
2008-03-22,2007,H,H,0.47179088255134155,0.32484647340735845,0.2033626440413,1.72,3.6,5.0,H,1.72,True,72.0
2008-03-22,2007,D,A,0.3469038172325892,0.28170676246424003,0.37138942030317074,2.37,3.3,3.0,A,3.0,False,-100.0
2008-03-22,2007,D,H,0.6690449041315327,0.18029218841330927,0.15066290745515795,1.72,3.6,5.0,H,1.72,False,-100.0
2008-03-22,2007,H,H,0.6660322839007048,0.1834052773993441,0.15056243869995106,1.44,4.2,8.0,H,1.44,True,43.99999999999999
2008-03-22,2007,H,H,0.4836445575352248,0.23207424224892112,0.28428120021585396,1.8,3.5,4.75,H,1.8,True,80.0
2008-03-22,2007,H,H,0.4759764542522289,0.23319124080608641,0.2908323049416848,2.0,3.5,3.75,H,2.0,True,100.0
2008-03-22,2007,H,H,0.5078690162179642,0.23505001145999938,0.25708097232203647,1.9,3.5,4.0,H,1.9,True,89.99999999999999
2008-03-23,2007,H,H,0.5224052723143224,0.29455513517183435,0.1830395925138431,2.2,3.2,3.5,H,2.2,True,120.00000000000001
2008-03-23,2007,H,H,0.536173283888427,0.31408245659972767,0.1497442595118454,2.0,3.3,4.0,H,2.0,True,100.0
2008-03-29,2007,H,H,0.41010767678372306,0.28417780483780186,0.3057145183784751,2.4,3.3,3.0,H,2.4,True,140.0
2008-03-29,2007,D,A,0.2765541795875217,0.2375424094028146,0.48590341100966367,3.0,3.3,2.4,A,2.4,False,-100.0
2008-03-29,2007,A,A,0.20267105551101855,0.25579228669739956,0.5415366577915819,5.0,3.6,1.72,A,1.72,True,72.0
2008-03-29,2007,H,H,0.8518101727061428,0.1306274833727575,0.017562343921099767,1.3,5.0,12.0,H,1.3,True,30.000000000000004
2008-03-29,2007,D,H,0.44849770628018576,0.2645117058104319,0.28699058790938226,2.4,3.3,3.0,H,2.4,False,-100.0
2008-03-29,2007,H,H,0.43601795365701307,0.22307247059159785,0.340909575751389,2.25,3.3,3.25,H,2.25,True,125.0
2008-03-29,2007,H,H,0.5099600187404015,0.3146137749620803,0.1754262062975181,1.8,3.6,4.5,H,1.8,True,80.0
2008-03-30,2007,H,H,0.848698903613766,0.12173296134236677,0.02956813504386716,1.3,5.0,12.0,H,1.3,True,30.000000000000004
2008-03-30,2007,H,H,0.6360741309031744,0.24780217530633653,0.11612369379048901,1.72,3.6,5.0,H,1.72,True,72.0
2008-03-30,2007,A,H,0.6713123756834125,0.21095954309300413,0.11772808122358339,1.66,3.6,5.5,H,1.66,False,-100.0
2008-04-05,2007,H,H,0.4618035423641459,0.24673401476106238,0.2914624428747916,2.1,3.3,3.6,H,2.1,True,110.00000000000001
2008-04-05,2007,H,H,0.5255695523100242,0.27886395713098683,0.19556649055898903,1.8,3.6,4.5,H,1.8,True,80.0
2008-04-05,2007,A,A,0.16281585845752158,0.1970617662033902,0.6401223753390883,5.0,3.6,1.72,A,1.72,True,72.0
2008-04-05,2007,A,H,0.39444993914474197,0.3050647185495625,0.30048534230569557,2.3,3.3,3.2,H,2.3,False,-100.0
2008-04-05,2007,H,H,0.5515691605539947,0.23975925525374822,0.20867158419225704,1.66,3.6,5.5,H,1.66,True,65.99999999999999
2008-04-05,2007,D,H,0.4325275350677017,0.3229658066092888,0.24450665832300947,2.1,3.2,3.75,H,2.1,False,-100.0
2008-04-05,2007,D,H,0.42833457654121593,0.24458845298142742,0.3270769704773566,2.4,3.4,2.87,H,2.4,False,-100.0
2008-04-06,2007,H,H,0.804166699164224,0.12886333647380577,0.06696996436197022,1.25,5.5,13.0,H,1.25,True,25.0
2008-04-06,2007,D,A,0.03127501456983048,0.10671099628832847,0.862013989141841,8.5,4.5,1.4,A,1.4,False,-100.0
2008-04-08,2007,A,A,0.3632260687146214,0.22115270032462322,0.4156212309607554,2.25,3.3,3.25,A,3.25,True,225.0
2008-04-12,2007,A,H,0.5578814959308588,0.23549047734481038,0.20662802672433075,1.9,3.4,4.33,H,1.9,False,-100.0
2008-04-12,2007,A,H,0.5442238283061268,0.26995494197537384,0.18582122971849938,2.2,3.3,3.4,H,2.2,False,-100.0
2008-04-12,2007,D,H,0.5110882171040183,0.29596193682571104,0.19294984607027066,2.2,3.3,3.4,H,2.2,False,-100.0
2008-04-12,2007,D,H,0.6184175324214132,0.24021284971919912,0.14136961785938765,1.66,3.6,5.5,H,1.66,False,-100.0
2008-04-12,2007,H,H,0.45225123157774083,0.24635007030683612,0.3013986981154231,2.1,3.4,3.5,H,2.1,True,110.00000000000001
2008-04-12,2007,D,A,0.31782685211674583,0.3012012045798206,0.38097194330343365,3.0,3.3,2.4,A,2.4,False,-100.0
2008-04-12,2007,A,A,0.13788136460029615,0.1719658088071781,0.6901528265925256,6.0,4.0,1.57,A,1.57,True,57.00000000000001
2008-04-13,2007,H,H,0.6881039655755473,0.21967141609838337,0.09222461832606924,1.5,4.0,7.0,H,1.5,True,50.0
2008-04-13,2007,H,H,0.6509104873968824,0.26121873417882985,0.08787077842428785,1.83,3.5,4.5,H,1.83,True,83.0
2008-04-14,2007,D,H,0.8521790061650639,0.11584595447504098,0.03197503935989513,1.22,6.0,15.0,H,1.22,False,-100.0
2008-04-17,2007,A,A,0.22734930139375686,0.243459089871271,0.5291916087349722,3.8,3.4,2.0,A,2.0,True,100.0
2008-04-19,2007,H,H,0.7455166246823491,0.16866364226466102,0.08581973305298991,1.33,5.0,10.0,H,1.33,True,33.00000000000001
2008-04-19,2007,A,A,0.31480397759901285,0.2588516511303974,0.42634437127058994,3.4,3.25,2.2,A,2.2,True,120.00000000000001
2008-04-19,2007,D,A,0.10068232998448869,0.17077642088573775,0.7285412491297736,6.0,4.0,1.57,A,1.57,False,-100.0
2008-04-19,2007,H,H,0.6478770134150282,0.18609564057794017,0.1660273460070316,1.36,5.0,8.5,H,1.36,True,36.00000000000001
2008-04-19,2007,D,H,0.4327642488430057,0.24755683412459678,0.3196789170323975,2.62,3.3,2.7,H,2.62,False,-100.0
2008-04-19,2007,A,H,0.4653923407672192,0.26806923026180024,0.26653842897098046,2.1,3.3,3.6,H,2.1,False,-100.0
2008-04-20,2007,H,H,0.6016976278020872,0.25507926078999893,0.14322311140791383,1.8,3.3,5.0,H,1.8,True,80.0
2008-04-20,2007,H,H,0.3899814759794943,0.28096805863353613,0.3290504653869697,2.37,3.3,3.0,H,2.37,True,137.0
2008-04-20,2007,H,H,0.5943656791897501,0.2665548327829002,0.13907948802734965,1.83,3.5,4.5,H,1.83,True,83.0
2008-04-26,2007,D,H,0.5466162934018696,0.27627011466456025,0.17711359193357012,2.1,3.2,3.75,H,2.1,False,-100.0
2008-04-26,2007,D,A,0.3163816124165176,0.3274609757724234,0.356157411811059,2.5,3.3,2.87,A,2.87,False,-100.0
2008-04-26,2007,H,H,0.5405579125534439,0.2996313857195564,0.15981070172699963,2.3,3.1,3.4,H,2.3,True,129.99999999999997
2008-04-26,2007,D,H,0.5286573395574403,0.28688213113095673,0.18446052931160306,1.9,3.5,4.0,H,1.9,False,-100.0
2008-04-26,2007,H,H,0.47951033300225365,0.2995656810826634,0.22092398591508286,2.5,3.1,3.0,H,2.5,True,150.0
2008-04-26,2007,D,A,0.3319929520571596,0.2399355185494788,0.4280715293933617,2.75,3.25,2.6,A,2.6,False,-100.0
2008-04-26,2007,A,H,0.5806886281798228,0.22217574339731966,0.19713562842285753,1.83,3.5,4.5,H,1.83,False,-100.0
2008-04-27,2007,D,H,0.3775411341986342,0.2794946324566813,0.34296423334468434,2.25,3.3,3.25,H,2.25,False,-100.0
2008-04-27,2007,A,H,0.49438670416040403,0.2912603599498317,0.2143529358897643,2.1,3.3,3.6,H,2.1,False,-100.0
2008-04-28,2007,A,A,0.010987235482290079,0.041805780993242544,0.9472069835244674,13.0,5.5,1.25,A,1.25,True,25.0
2008-05-03,2007,A,A,0.29512848312816004,0.23279205294305352,0.47207946392878636,2.2,3.4,3.25,A,3.25,True,225.0
2008-05-03,2007,H,H,0.39718730536506464,0.28419060435754584,0.3186220902773895,2.0,3.5,3.75,H,2.0,True,100.0
2008-05-03,2007,H,H,0.5327850243064475,0.22741251977174629,0.23980245592180635,2.2,3.4,3.25,H,2.2,True,120.00000000000001
2008-05-03,2007,H,H,0.8591647053372381,0.10277888238512585,0.038056412277635995,1.16,7.0,17.0,H,1.16,True,15.999999999999993
2008-05-03,2007,H,H,0.822011957869204,0.10322837414938803,0.07475966798140807,1.25,5.5,13.0,H,1.25,True,25.0
2008-05-03,2007,A,H,0.6820090768038626,0.21995706474253707,0.09803385845360035,1.53,3.8,7.0,H,1.53,False,-100.0
2008-05-03,2007,H,H,0.5804154954280449,0.20631727951851117,0.21326722505344395,1.57,4.0,6.0,H,1.57,True,57.00000000000001
2008-05-04,2007,H,H,0.6782763035312054,0.23856195815526174,0.08316173831353282,1.66,3.6,5.5,H,1.66,True,65.99999999999999
2008-05-04,2007,H,H,0.6692453267233137,0.2056067041007788,0.12514796917590756,1.66,3.6,5.5,H,1.66,True,65.99999999999999
2008-05-05,2007,A,A,0.16954926199645018,0.24123515138984167,0.5892155866137082,6.0,4.2,1.53,A,1.53,True,53.0
2008-05-11,2007,H,H,0.4934380022615189,0.26138287970606894,0.24517911803241205,2.1,3.3,3.6,H,2.1,True,110.00000000000001
2008-05-11,2007,H,A,0.3217794907165029,0.21194506607292493,0.466275443210572,2.0,3.6,3.6,A,3.6,False,-100.0
2008-05-11,2007,D,H,0.8375609246384276,0.10805754346668817,0.05438153189488426,1.14,8.0,17.0,H,1.14,False,-100.0
2008-05-11,2007,A,A,0.1749536752444317,0.16563518005551028,0.6594111447000579,5.5,4.2,1.57,A,1.57,True,57.00000000000001
2008-05-11,2007,H,H,0.4862379916452175,0.2936893778779073,0.22007263047687523,1.8,3.5,4.75,H,1.8,True,80.0
2008-05-11,2007,A,A,0.21252348101583465,0.22129010039167799,0.5661864185924874,4.33,3.75,1.8,A,1.8,True,80.0
2008-05-11,2007,A,A,0.2783179615168799,0.2650782219543059,0.45660381652881427,3.3,3.6,2.1,A,2.1,True,110.00000000000001
2008-05-11,2007,A,H,0.41497544491177346,0.30428918431829066,0.2807353707699359,2.62,3.4,2.62,H,2.62,False,-100.0
2008-05-11,2007,D,A,0.2992387076361594,0.2596755268214917,0.4410857655423489,3.2,3.5,2.2,A,2.2,False,-100.0
2008-05-11,2007,A,A,0.016056853798683126,0.05506562431329258,0.9288775218880243,12.0,6.5,1.22,A,1.22,True,21.999999999999996
2008-08-16,2008,H,H,0.8896498893993542,0.09029078729719123,0.02005932330345448,1.2,6.5,15.0,H,1.2,True,19.999999999999996
2008-08-16,2008,A,H,0.48278205587581347,0.2656459791215142,0.2515719650026724,2.0,3.3,4.0,H,2.0,False,-100.0
2008-08-16,2008,H,H,0.3825201948697642,0.3047997799368514,0.31268002519338445,3.2,3.4,2.25,H,3.2,True,220.00000000000003
2008-08-16,2008,A,A,0.12133444192284276,0.20044475004124407,0.6782208080359132,5.5,3.6,1.67,A,1.67,True,67.0
2008-08-16,2008,H,H,0.5211420351037861,0.2734930383347742,0.20536492656143962,1.91,3.4,4.2,H,1.91,True,90.99999999999999
2008-08-17,2008,H,H,0.7867690532119137,0.1638028997682523,0.04942804701983412,1.33,5.0,10.0,H,1.33,True,33.00000000000001
2008-08-17,2008,D,H,0.7844164000888925,0.1462831222427198,0.06930047766838769,1.29,5.5,11.0,H,1.29,False,-100.0
2008-08-17,2008,H,H,0.6202030864288486,0.18493954425941653,0.19485736931173492,1.91,3.4,4.33,H,1.91,True,90.99999999999999
2008-08-23,2008,A,A,0.3019123054929643,0.25298555866937655,0.4451021358376591,2.88,3.25,2.5,A,2.5,True,150.0
2008-08-23,2008,A,H,0.6739429352994122,0.2119315420939636,0.11412552260662419,1.5,4.0,7.0,H,1.5,False,-100.0
2008-08-23,2008,H,H,0.4243644387372508,0.27910023457097444,0.29653532669177474,1.8,3.5,4.75,H,1.8,True,80.0
2008-08-23,2008,H,A,0.11618998496635405,0.15996106782111966,0.7238489472125262,5.0,3.6,1.73,A,1.73,False,-100.0
2008-08-23,2008,H,A,0.1352950952410831,0.2349289960386441,0.6297759087202728,6.5,3.75,1.57,A,1.57,False,-100.0
2008-08-23,2008,D,H,0.6642801464461631,0.2184285455910863,0.11729130796275056,1.57,3.75,7.0,H,1.57,False,-100.0
2008-08-23,2008,H,H,0.7526578472354065,0.20009782321911,0.047244329545483486,1.36,4.5,10.0,H,1.36,True,36.00000000000001
2008-08-24,2008,H,A,0.38921204163267337,0.19793847487347618,0.4128494834938504,2.3,3.25,3.2,A,3.2,False,-100.0
2008-08-24,2008,A,A,0.05410794258400078,0.18452335646524087,0.7613687009507584,8.5,4.5,1.4,A,1.4,True,39.99999999999999
2008-08-25,2008,A,A,0.18390200820407596,0.2772433135188051,0.5388546782771191,4.8,3.4,1.8,A,1.8,True,80.0
2008-08-30,2008,A,H,0.483879986758916,0.28004650953804583,0.23607350370303806,2.5,3.25,2.88,H,2.5,False,-100.0
2008-08-30,2008,H,H,0.7674611427609653,0.14329671546544595,0.0892421417735887,1.57,3.6,7.0,H,1.57,True,57.00000000000001
2008-08-30,2008,H,A,0.3652136560715755,0.24236339194292858,0.3924229519854959,2.5,3.25,2.88,A,2.88,False,-100.0
2008-08-30,2008,A,H,0.567700767787502,0.24585548511737568,0.1864437470951224,2.1,3.3,3.75,H,2.1,False,-100.0
2008-08-30,2008,D,H,0.5963032286692312,0.23796706352347108,0.16572970780729768,1.83,3.5,4.5,H,1.83,False,-100.0
2008-08-30,2008,H,H,0.7882335917389498,0.1716741121412702,0.04009229611977998,1.44,4.0,9.0,H,1.44,True,43.99999999999999
2008-08-31,2008,D,A,0.28372490082292556,0.26047102962660507,0.45580406955046937,3.0,3.25,2.4,A,2.4,False,-100.0
2008-08-31,2008,D,H,0.7727302539997433,0.18572293466852746,0.04154681133172927,1.4,4.33,9.0,H,1.4,False,-100.0
2008-08-31,2008,A,H,0.513720452871194,0.19290809665834927,0.2933714504704567,2.2,3.3,3.4,H,2.2,False,-100.0
2008-09-13,2008,A,A,0.25369983698642373,0.3031042461251967,0.4431959168883796,4.5,3.5,1.83,A,1.83,True,83.0
2008-09-13,2008,A,A,0.2395658756519554,0.25752860595048105,0.5029055183975635,4.33,3.3,1.91,A,1.91,True,90.99999999999999
2008-09-13,2008,H,H,0.5146357219410734,0.2895910949916407,0.19577318306728586,2.25,3.3,3.3,H,2.25,True,125.0
2008-09-13,2008,H,H,0.49148805741609236,0.3206312500096922,0.18788069257421555,3.0,3.0,2.6,H,3.0,True,200.0
2008-09-13,2008,A,H,0.5440243554568595,0.20759293216251912,0.24838271238062132,1.62,3.75,5.75,H,1.62,False,-100.0
2008-09-13,2008,H,A,0.35942122539189714,0.28004604686080115,0.3605327277473017,2.0,3.5,3.75,A,3.75,False,-100.0
2008-09-13,2008,H,A,0.3752285496234363,0.23462412954844047,0.39014732082812326,2.4,3.25,3.0,A,3.0,False,-100.0
2008-09-13,2008,D,H,0.545916241271587,0.26060340331088044,0.19348035541753253,2.05,3.3,4.0,H,2.05,False,-100.0
2008-09-14,2008,A,A,0.26257419406744903,0.20068057419772692,0.536745231734824,3.4,3.4,2.2,A,2.2,True,120.00000000000001
2008-09-15,2008,A,H,0.49330108513327153,0.24836227965109242,0.2583366352156361,2.1,3.3,3.6,H,2.1,False,-100.0
2008-09-20,2008,H,A,0.36036064885165475,0.26559937035351205,0.3740399807948332,2.38,3.1,3.2,A,3.2,False,-100.0
2008-09-20,2008,H,H,0.4066615833275078,0.2791203672216867,0.3142180494508056,2.1,3.3,3.6,H,2.1,True,110.00000000000001
2008-09-20,2008,A,A,0.10783292611168016,0.23747874289299645,0.6546883309953234,6.5,3.75,1.57,A,1.57,True,57.00000000000001
2008-09-20,2008,D,H,0.8976592694617975,0.07973630112624622,0.02260442941195626,1.2,6.5,15.0,H,1.2,False,-100.0
2008-09-20,2008,H,H,0.570556785468668,0.22534305411341662,0.20410016041791548,2.1,3.3,3.6,H,2.1,True,110.00000000000001
2008-09-21,2008,H,H,0.5189240951844031,0.22380509529505213,0.2572708095205447,2.0,3.3,4.0,H,2.0,True,100.0
2008-09-21,2008,D,A,0.35817717942649197,0.20261381380806787,0.43920900676544017,3.1,3.4,2.3,A,2.3,False,-100.0
2008-09-21,2008,A,A,0.3185582455480732,0.2618381797367232,0.41960357471520354,3.25,3.3,2.25,A,2.25,True,125.0
2008-09-21,2008,D,H,0.5202316276894107,0.24655443295828966,0.23321393935229978,1.73,3.6,5.0,H,1.73,False,-100.0
2008-09-21,2008,D,H,0.527209274879495,0.30913873199376485,0.1636519931267402,2.2,3.1,3.6,H,2.2,False,-100.0
2008-09-27,2008,H,H,0.672713972007483,0.20861554384261866,0.11867048414989839,1.57,3.75,6.5,H,1.57,True,57.00000000000001
2008-09-27,2008,A,H,0.48268559537146477,0.2476421524080967,0.26967225222043856,2.3,3.25,3.2,H,2.3,False,-100.0
2008-09-27,2008,A,H,0.907988759956613,0.08178629530204462,0.010224944741342371,1.2,6.0,17.0,H,1.2,False,-100.0
2008-09-27,2008,A,A,0.29191805079846633,0.32337043325559167,0.38471151594594205,3.75,3.25,2.1,A,2.1,True,110.00000000000001
2008-09-27,2008,A,A,0.03203645676880774,0.09612195424639722,0.871841588984795,9.0,4.75,1.36,A,1.36,True,36.00000000000001
2008-09-27,2008,H,H,0.8305966397709923,0.13755604922824524,0.03184731100076244,1.22,6.0,15.0,H,1.22,True,21.999999999999996
2008-09-27,2008,A,H,0.5971866537211774,0.2655265600679362,0.13728678621088639,1.8,3.4,5.0,H,1.8,False,-100.0
2008-09-27,2008,A,A,0.37712703336654896,0.21322023535754053,0.4096527312759106,2.6,3.3,2.75,A,2.75,True,175.0
2008-09-28,2008,H,H,0.47302485798223176,0.3032864807350116,0.22368866128275672,2.5,3.25,3.0,H,2.5,True,150.0
2008-09-28,2008,H,A,0.3258976798540854,0.3003466611827098,0.3737556589632048,3.0,3.3,2.38,A,2.38,False,-100.0
2008-10-04,2008,A,A,0.1497121783394593,0.23418970032847022,0.6160981213320704,6.0,3.75,1.62,A,1.62,True,62.000000000000014
2008-10-04,2008,D,A,0.16334513017668006,0.2621472614841366,0.5745076083391834,6.0,3.75,1.62,A,1.62,False,-100.0
2008-10-04,2008,H,H,0.49405664850643455,0.2633479436712366,0.24259540782232894,2.25,3.25,3.25,H,2.25,True,125.0
2008-10-04,2008,A,H,0.5135522075779079,0.2693549750169886,0.21709281740510347,2.1,3.3,3.6,H,2.1,False,-100.0
2008-10-05,2008,H,H,0.65260457219741,0.24739089579396634,0.10000453200862369,1.5,4.0,7.0,H,1.5,True,50.0
2008-10-05,2008,A,H,0.5079267029822684,0.2252356809560077,0.26683761606172396,1.73,3.75,4.75,H,1.73,False,-100.0
2008-10-05,2008,D,H,0.6192500449371465,0.20533942668888538,0.175410528373968,1.73,3.6,5.0,H,1.73,False,-100.0
2008-10-05,2008,A,H,0.6405954763043973,0.2364919687138149,0.12291255498178778,1.83,3.4,4.75,H,1.83,False,-100.0
2008-10-05,2008,A,H,0.3633268071273767,0.3392778659438511,0.2973953269287721,3.2,3.3,2.25,H,3.2,False,-100.0
2008-10-05,2008,H,H,0.699050812420663,0.2049352235093246,0.0960139640700125,1.67,3.4,6.0,H,1.67,True,67.0
2008-10-18,2008,H,H,0.7259748984530935,0.2133825859982187,0.06064251554868787,1.4,4.33,9.0,H,1.4,True,39.99999999999999
2008-10-18,2008,H,H,0.8069057774307754,0.15875906760155142,0.034335154967673205,1.2,6.5,15.0,H,1.2,True,19.999999999999996
2008-10-18,2008,D,H,0.46794242695315397,0.3004164084086585,0.23164116463818757,2.25,3.25,3.3,H,2.25,False,-100.0
2008-10-18,2008,A,A,0.16007354557875966,0.2527946592783317,0.5871317951429087,6.0,3.7,1.62,A,1.62,True,62.000000000000014
2008-10-18,2008,D,H,0.5777188339529511,0.22218876359803594,0.200092402449013,1.83,3.25,5.0,H,1.83,False,-100.0
2008-10-18,2008,H,H,0.827638828987586,0.1318712860035166,0.0404898850088975,1.36,4.5,10.0,H,1.36,True,36.00000000000001
2008-10-18,2008,D,H,0.4573141242879149,0.22605664348522767,0.3166292322268574,2.4,3.25,3.0,H,2.4,False,-100.0
2008-10-19,2008,H,H,0.43243615593062146,0.225139479315764,0.34242436475361454,2.62,3.25,2.75,H,2.62,True,162.0
2008-10-19,2008,H,A,0.2646430453806433,0.2715948845623383,0.4637620700570184,3.25,3.3,2.25,A,2.25,False,-100.0
2008-10-20,2008,D,A,0.28438845491583054,0.22909519009285903,0.4865163549913104,3.0,3.25,2.4,A,2.4,False,-100.0
2008-10-25,2008,A,H,0.4696301803013525,0.2469815891792199,0.2833882305194276,2.2,3.3,3.4,H,2.2,False,-100.0
2008-10-25,2008,H,H,0.5253322327196283,0.251387485324049,0.22328028195632277,2.2,3.3,3.4,H,2.2,True,120.00000000000001
2008-10-25,2008,D,H,0.5120724629761716,0.2406491144510937,0.24727842257273475,2.1,3.25,3.75,H,2.1,False,-100.0
2008-10-25,2008,D,A,0.07463806410506797,0.17991568940424382,0.7454462464906881,7.5,4.0,1.5,A,1.5,False,-100.0
2008-10-26,2008,A,H,0.35586127009111285,0.30332941252749634,0.3408093173813908,2.6,3.3,2.75,H,2.6,False,-100.0
2008-10-26,2008,A,A,0.1671400171617025,0.2743706485171204,0.5584893343211771,6.0,3.75,1.62,A,1.62,True,62.000000000000014
2008-10-26,2008,H,H,0.4865594014242539,0.31026701197925965,0.20317358659648643,2.05,3.3,4.0,H,2.05,True,104.99999999999999
2008-10-26,2008,A,H,0.6153382773192418,0.2854713887163426,0.09919033396441551,1.91,3.25,4.5,H,1.91,False,-100.0
2008-10-26,2008,H,H,0.6556111879485045,0.21635789445894585,0.12803091759254975,1.44,4.33,7.5,H,1.44,True,43.99999999999999
2008-10-26,2008,D,H,0.5880942520154402,0.268227997685662,0.1436777502988978,1.83,3.5,4.5,H,1.83,False,-100.0
2008-10-28,2008,H,H,0.44886104228421914,0.23649775485205568,0.31464120286372527,1.83,3.5,4.5,H,1.83,True,83.0
2008-10-29,2008,H,H,0.5918671663503793,0.2577724159620284,0.1503604176875923,1.67,3.75,5.5,H,1.67,True,67.0
2008-10-29,2008,H,H,0.40643076167282893,0.27522378852985935,0.31834544979731166,2.38,3.3,3.0,H,2.38,True,138.0
2008-10-29,2008,D,H,0.7119061428212851,0.20581644148037684,0.08227741569833813,1.44,4.5,7.5,H,1.44,False,-100.0
2008-10-29,2008,A,H,0.4230803730929922,0.23797521935016044,0.3389444075568473,2.6,3.3,2.75,H,2.6,False,-100.0
2008-10-29,2008,H,A,0.34159991174218124,0.254766030166732,0.4036340580910868,2.88,3.3,2.5,A,2.5,False,-100.0
2008-10-29,2008,A,A,0.10602980680665226,0.21926192752727633,0.6747082656660714,8.0,4.33,1.44,A,1.44,True,43.99999999999999
2008-10-29,2008,H,H,0.9338447930965623,0.06175625359528622,0.0043989533081514945,1.2,6.0,19.0,H,1.2,True,19.999999999999996
2008-10-29,2008,H,A,0.32646211545590836,0.23918118250336878,0.43435670204072274,2.6,3.3,2.75,A,2.75,False,-100.0
2008-10-29,2008,H,H,0.7682979927700719,0.1632416038272551,0.06846040340267298,1.33,5.0,10.0,H,1.33,True,33.00000000000001
2008-11-01,2008,H,H,0.9242143883516276,0.0726191579461603,0.0031664537022120147,1.17,6.5,21.0,H,1.17,True,16.999999999999993
2008-11-01,2008,H,H,0.5420628287045414,0.2605744091640975,0.19736276213136114,1.67,3.75,5.5,H,1.67,True,67.0
2008-11-01,2008,H,H,0.886643354207161,0.09875690950769801,0.014599736285140925,1.17,7.0,17.0,H,1.17,True,16.999999999999993
2008-11-01,2008,D,H,0.5566252312323664,0.2268711925127101,0.2165035762549235,2.0,3.3,4.0,H,2.0,False,-100.0
2008-11-01,2008,A,H,0.5982884598999683,0.2334034723447643,0.16830806775526752,1.91,3.4,4.2,H,1.91,False,-100.0
2008-11-01,2008,H,A,0.06370246811950307,0.12038320557938244,0.8159143263011145,8.0,4.5,1.4,A,1.4,False,-100.0
2008-11-01,2008,H,A,0.27234631464096937,0.2772059548800025,0.45044773047902803,3.5,3.3,2.1,A,2.1,False,-100.0
2008-11-01,2008,D,H,0.49106167836509174,0.26789573315352255,0.24104258848138557,2.5,3.3,2.88,H,2.5,False,-100.0
2008-11-02,2008,H,A,0.35806668230562233,0.2563935386775475,0.3855397790168303,3.0,3.3,2.38,A,2.38,False,-100.0
2008-11-03,2008,H,A,0.3108257811057658,0.24607223011814347,0.44310198877609075,3.0,3.3,2.38,A,2.38,False,-100.0
2008-11-08,2008,H,H,0.9197699980897666,0.07257815255557654,0.007651849354656955,1.2,6.0,19.0,H,1.2,True,19.999999999999996
2008-11-08,2008,H,H,0.34189934962797036,0.3197118869579229,0.3383887634141067,3.25,3.25,2.3,H,3.25,True,225.0
2008-11-08,2008,A,H,0.4772777892033475,0.30943123536173545,0.21329097543491712,2.25,3.25,3.4,H,2.25,False,-100.0
2008-11-08,2008,A,H,0.3746315966585262,0.2857092257405211,0.33965917760095266,2.38,3.3,3.0,H,2.38,False,-100.0
2008-11-08,2008,D,H,0.49504258676984086,0.2666936534241196,0.2382637598060396,1.8,3.4,5.0,H,1.8,False,-100.0
2008-11-08,2008,A,A,0.30319227239317115,0.26309430583081916,0.4337134217760098,2.6,3.25,2.8,A,2.8,True,179.99999999999997
2008-11-09,2008,A,H,0.5169151654797657,0.23128401847397653,0.2518008160462577,1.7,3.8,5.0,H,1.7,False,-100.0
2008-11-09,2008,A,A,0.040764283867890015,0.11864954465766106,0.840586171474449,8.0,4.33,1.44,A,1.44,True,43.99999999999999
2008-11-09,2008,H,H,0.3973465813023418,0.2929118759268878,0.30974154277077043,2.38,3.25,3.1,H,2.38,True,138.0
2008-11-09,2008,A,H,0.43501864846078564,0.2597243168674129,0.3052570346718015,2.25,3.3,3.3,H,2.25,False,-100.0
2008-11-15,2008,D,H,0.3592892102610709,0.28214028026817883,0.3585705094707502,2.5,3.25,2.88,H,2.5,False,-100.0
2008-11-15,2008,H,A,0.334328463973205,0.24120601200230563,0.42446552402448945,3.3,3.3,2.25,A,2.25,False,-100.0
2008-11-15,2008,A,H,0.7102803415848176,0.21641555448208794,0.07330410393309456,1.5,4.0,7.0,H,1.5,False,-100.0
2008-11-15,2008,A,H,0.4599357084997723,0.23366131436121101,0.30640297713901665,2.0,3.4,3.8,H,2.0,False,-100.0
2008-11-15,2008,D,H,0.5116456024673983,0.23736702465685902,0.25098737287574263,2.1,3.3,3.6,H,2.1,False,-100.0
2008-11-15,2008,H,H,0.9341284216203077,0.061649863858623914,0.004221714521068446,1.14,7.5,23.0,H,1.14,True,13.99999999999999
2008-11-15,2008,A,A,0.012697701370646172,0.0658178870452531,0.9214844115841007,12.0,5.0,1.3,A,1.3,True,30.000000000000004
2008-11-15,2008,A,A,0.1661240435175662,0.2383799297062988,0.5954960267761349,6.0,3.75,1.62,A,1.62,True,62.000000000000014
2008-11-16,2008,D,H,0.4150496164913521,0.2753400798261294,0.30961030368251846,2.88,3.25,2.5,H,2.88,False,-100.0
2008-11-16,2008,D,H,0.5808530833132509,0.23151207787415193,0.18763483881259724,1.83,3.5,4.5,H,1.83,False,-100.0
2008-11-22,2008,D,A,0.19262629087601907,0.2153940384636876,0.5919796706602933,5.0,3.6,1.73,A,1.73,False,-100.0
2008-11-22,2008,A,H,0.5023749440009435,0.2922233515491625,0.20540170444989395,1.91,3.4,4.33,H,1.91,False,-100.0
2008-11-22,2008,H,A,0.32781186028056153,0.26251698395654594,0.4096711557628925,3.25,3.4,2.2,A,2.2,False,-100.0
2008-11-22,2008,D,H,0.910882187957404,0.08284802536735272,0.0062697866752432,1.2,6.0,19.0,H,1.2,False,-100.0
2008-11-22,2008,D,H,0.5261885429194982,0.2429985848066645,0.2308128722738373,1.8,3.6,4.5,H,1.8,False,-100.0
2008-11-22,2008,H,H,0.5216519758203115,0.19575522975479126,0.28259279442489715,2.2,3.3,3.4,H,2.2,True,120.00000000000001
2008-11-22,2008,D,H,0.8244881080908848,0.15293463739023067,0.022577254518884513,1.25,5.5,15.0,H,1.25,False,-100.0
2008-11-23,2008,A,H,0.47784906326563825,0.2498644370044781,0.2722864997298836,2.1,3.4,3.5,H,2.1,False,-100.0
2008-11-23,2008,H,H,0.6364377293815944,0.21794453304767678,0.14561773757072877,1.73,3.75,4.75,H,1.73,True,73.0
2008-11-24,2008,H,H,0.37165861853566245,0.30086151076287565,0.32747987070146195,2.5,3.3,2.88,H,2.5,True,150.0
2008-11-29,2008,A,A,0.33312391988485973,0.2651243134657757,0.4017517666493646,2.25,3.3,3.3,A,3.3,True,229.99999999999997
2008-11-29,2008,D,H,0.4958978866844682,0.2042220518764553,0.2998800614390766,2.4,3.4,2.88,H,2.4,False,-100.0
2008-11-29,2008,H,H,0.6759065044558018,0.19679770605972785,0.12729578948447043,1.73,3.6,5.0,H,1.73,True,73.0
2008-11-29,2008,D,H,0.560331206956536,0.2689022991659138,0.17076649387755022,1.57,3.8,6.5,H,1.57,False,-100.0
2008-11-29,2008,D,H,0.4584892079144774,0.2814749756725091,0.26003581641301343,2.2,3.3,3.4,H,2.2,False,-100.0
2008-11-30,2008,A,H,0.5071246582903911,0.2776528274108656,0.2152225142987433,1.91,3.5,4.0,H,1.91,False,-100.0
2008-11-30,2008,A,H,0.7199848990141551,0.21382340589546578,0.06619169509037909,1.8,3.4,5.0,H,1.8,False,-100.0
2008-11-30,2008,A,A,0.19135875921084056,0.23489083944259206,0.5737504013465674,4.33,3.6,1.83,A,1.83,True,83.0
2008-11-30,2008,H,H,0.5226185189640651,0.25761599828361303,0.21976548275232183,2.1,3.3,3.6,H,2.1,True,110.00000000000001
2008-12-01,2008,D,H,0.783992810394512,0.18178727904733732,0.034219910558150726,1.3,5.0,12.0,H,1.3,False,-100.0
2008-12-06,2008,H,H,0.9516945702616019,0.044301232886722594,0.004004196851675616,1.14,7.5,23.0,H,1.14,True,13.99999999999999
2008-12-06,2008,D,H,0.5121222313248691,0.2777943025092854,0.21008346616584547,1.8,3.5,4.75,H,1.8,False,-100.0
2008-12-06,2008,H,H,0.420391623918474,0.26289487506395,0.31671350101757606,2.38,3.25,3.1,H,2.38,True,138.0
2008-12-06,2008,A,A,0.17381962589737332,0.29302290345959897,0.5331574706430279,7.0,3.8,1.53,A,1.53,True,53.0
2008-12-06,2008,D,H,0.4801223059702578,0.2690025734470647,0.2508751205826775,2.6,3.2,2.8,H,2.6,False,-100.0
2008-12-06,2008,A,A,0.14162654455371773,0.2352543396479422,0.62311911579834,5.5,3.5,1.73,A,1.73,True,73.0
2008-12-06,2008,H,H,0.6923427297603207,0.21052831787861748,0.09712895236106177,1.33,4.75,11.0,H,1.33,True,33.00000000000001
2008-12-07,2008,A,H,0.4569801730630148,0.31860938463406574,0.22441044230291934,2.62,3.25,2.75,H,2.62,False,-100.0
2008-12-07,2008,D,A,0.3052315356870368,0.27229952774043237,0.422468936572531,2.62,3.25,2.75,A,2.75,False,-100.0
2008-12-08,2008,A,H,0.3859372266805637,0.28222786934335226,0.331834903976084,2.75,3.25,2.62,H,2.75,False,-100.0
2008-12-13,2008,H,H,0.6107381998744262,0.25577986873122016,0.1334819313943536,2.1,3.3,3.6,H,2.1,True,110.00000000000001
2008-12-13,2008,D,A,0.24618328458313304,0.3277610060753261,0.42605570934154074,4.5,3.5,1.83,A,1.83,False,-100.0
2008-12-13,2008,H,H,0.518216570855625,0.22612786279458885,0.2556555663497861,2.0,3.4,3.8,H,2.0,True,100.0
2008-12-13,2008,D,A,0.33348787516037987,0.30864752610237184,0.35786459873724824,2.5,3.25,2.88,A,2.88,False,-100.0
2008-12-13,2008,A,H,0.4609965137955541,0.28995142696576703,0.24905205923867887,2.0,3.4,3.8,H,2.0,False,-100.0
2008-12-13,2008,D,H,0.7481698615964002,0.188514421649477,0.06331571675412286,1.33,5.0,10.0,H,1.33,False,-100.0
2008-12-13,2008,H,H,0.573128516317641,0.24527959170023628,0.18159189198212275,1.67,3.6,5.5,H,1.67,True,67.0
2008-12-13,2008,D,A,0.22463357948364646,0.25505155239383903,0.5203148681225145,4.5,3.6,1.8,A,1.8,False,-100.0
2008-12-14,2008,D,H,0.8471563788764735,0.13743606391522273,0.01540755720830376,1.25,5.5,15.0,H,1.25,False,-100.0
2008-12-14,2008,A,H,0.5464825348164851,0.24597480269312752,0.2075426624903874,2.05,3.2,3.4,H,2.05,False,-100.0
2008-12-20,2008,A,A,0.28272825574562743,0.2943156558730537,0.42295608838131893,3.0,3.4,2.37,A,2.37,True,137.0
2008-12-20,2008,H,H,0.5495044067286998,0.2547555641447994,0.19574002912650076,2.2,3.25,3.5,H,2.2,True,120.00000000000001
2008-12-20,2008,A,H,0.4992163279909766,0.25622548248261967,0.24455818952640385,2.1,3.25,3.75,H,2.1,False,-100.0
2008-12-20,2008,H,H,0.45313558018521977,0.22062554485581493,0.3262388749589653,1.83,3.5,4.5,H,1.83,True,83.0
2008-12-20,2008,H,H,0.5033744616542611,0.26635411349651256,0.23027142484922633,2.2,3.25,3.4,H,2.2,True,120.00000000000001
2008-12-21,2008,H,A,0.29062761840641127,0.28835191461085224,0.42102046698273654,3.25,3.3,2.25,A,2.25,False,-100.0
2008-12-21,2008,D,H,0.42936002954904456,0.2981949795435191,0.27244499090743646,2.4,3.25,3.0,H,2.4,False,-100.0
2008-12-21,2008,H,H,0.39039987476972976,0.30595508648485503,0.3036450387454152,2.37,3.4,3.0,H,2.37,True,137.0
2008-12-22,2008,D,A,0.19877229362188964,0.2691618828350433,0.5320658235430672,5.0,3.6,1.73,A,1.73,False,-100.0
2008-12-26,2008,A,H,0.45571683346444,0.2871363072971505,0.2571468592384096,2.2,3.25,3.4,H,2.2,False,-100.0
2008-12-26,2008,D,H,0.48133868385683426,0.26009237857963313,0.25856893756353255,2.5,3.3,2.87,H,2.5,False,-100.0
2008-12-26,2008,H,H,0.9016911794598821,0.08546632447919891,0.01284249606091899,1.14,7.5,21.0,H,1.14,True,13.99999999999999
2008-12-26,2008,H,H,0.7933942161603594,0.15995062027732723,0.04665516356231326,1.33,4.5,12.0,H,1.33,True,33.00000000000001
2008-12-26,2008,H,H,0.4938658440596879,0.24424642530198085,0.26188773063833126,1.8,3.6,4.5,H,1.8,True,80.0
2008-12-26,2008,A,A,0.016916153397908196,0.10760259295151255,0.8754812536505793,12.0,5.0,1.3,A,1.3,True,30.000000000000004
2008-12-26,2008,A,A,0.3439567786177799,0.3062527580364001,0.34979046334582,2.5,3.3,2.87,A,2.87,True,187.0
2008-12-26,2008,D,H,0.5122453356440356,0.2764045958014603,0.21135006855450403,2.25,3.25,3.3,H,2.25,False,-100.0
2008-12-26,2008,D,H,0.5031876802193757,0.3515219924265085,0.14529032735411584,1.72,3.6,5.0,H,1.72,False,-100.0
2008-12-26,2008,H,H,0.48769176549719573,0.29955322361285,0.2127550108899543,2.25,3.3,3.25,H,2.25,True,125.0
2008-12-28,2008,H,H,0.7822903689357141,0.15042500224234615,0.06728462882193985,1.4,4.5,10.0,H,1.4,True,39.99999999999999
2008-12-28,2008,D,H,0.3750603747498146,0.26605961189247856,0.35888001335770686,2.62,3.3,2.87,H,2.62,False,-100.0
2008-12-28,2008,A,H,0.42501876643366027,0.27693565795893116,0.2980455756074086,2.3,3.25,3.4,H,2.3,False,-100.0
2008-12-28,2008,D,A,0.161850099562622,0.2732728186898768,0.5648770817475012,6.5,3.75,1.61,A,1.61,False,-100.0
2008-12-28,2008,A,A,0.21281751602946983,0.26989167008511167,0.5172908138854185,5.0,3.6,1.8,A,1.8,True,80.0
2008-12-28,2008,H,H,0.5876964420851508,0.23900365537220894,0.1732999025426402,1.8,3.6,5.0,H,1.8,True,80.0
2008-12-28,2008,H,A,0.306395405998715,0.2949881144452998,0.3986164795559852,3.5,3.4,2.2,A,2.2,False,-100.0
2008-12-28,2008,H,H,0.6043494128901704,0.24707845053207356,0.1485721365777561,1.72,3.6,5.5,H,1.72,True,72.0
2008-12-29,2008,H,H,0.9164647408460171,0.07759059196861103,0.005944667185371802,1.2,6.5,19.0,H,1.2,True,19.999999999999996
2008-12-30,2008,A,A,0.24088988805745704,0.23470479128907248,0.5244053206534706,4.33,3.6,1.91,A,1.91,True,90.99999999999999
2009-01-10,2008,H,H,0.697141484260134,0.1808001967545575,0.12205831898530844,1.62,3.75,6.0,H,1.62,True,62.000000000000014
2009-01-10,2008,H,H,0.8206819658208093,0.1355481009910305,0.04376993318816021,1.36,4.33,11.0,H,1.36,True,36.00000000000001
2009-01-10,2008,H,H,0.7691182340654802,0.16053784302439855,0.07034392291012133,1.4,4.33,9.0,H,1.4,True,39.99999999999999
2009-01-10,2008,D,H,0.45470617206828245,0.2506069613324416,0.29468686659927606,2.2,3.3,3.4,H,2.2,False,-100.0
2009-01-10,2008,D,A,0.026684798735850498,0.10013985070720724,0.8731753505569423,10.0,4.5,1.36,A,1.36,False,-100.0
2009-01-10,2008,D,A,0.35268966000140345,0.26567556429084366,0.38163477570775295,2.25,3.2,3.4,A,3.4,False,-100.0
2009-01-11,2008,H,H,0.56693749104877,0.3184006267419607,0.11466188220926933,2.2,3.2,3.5,H,2.2,True,120.00000000000001
2009-01-11,2008,H,H,0.5013433201476502,0.30169191742782847,0.19696476242452146,2.5,3.25,2.88,H,2.5,True,150.0
2009-01-14,2008,H,H,0.8450293167594298,0.13877436232638368,0.01619632091418645,1.2,6.0,15.0,H,1.2,True,19.999999999999996
2009-01-17,2008,A,A,0.06021854194550846,0.19265356065364997,0.7471278974008416,8.0,3.8,1.5,A,1.5,True,50.0
2009-01-17,2008,H,H,0.8414808900153304,0.13047169278281187,0.028047417201857706,1.2,6.5,15.0,H,1.2,True,19.999999999999996
2009-01-17,2008,H,H,0.46153551553077693,0.22857890486843446,0.30988557960078866,2.0,3.4,3.8,H,2.0,True,100.0
2009-01-17,2008,H,H,0.4316726590731782,0.3177186001709723,0.2506087407558496,2.0,3.4,3.75,H,2.0,True,100.0
2009-01-17,2008,H,H,0.5153871177533859,0.24643982546813564,0.23817305677847853,2.38,3.3,3.0,H,2.38,True,138.0
2009-01-17,2008,A,A,0.32632601196178324,0.3032150589547698,0.37045892908344685,3.25,3.25,2.25,A,2.25,True,125.0
2009-01-17,2008,A,A,0.1104019644915759,0.18197144472230226,0.707626590786122,5.5,4.0,1.62,A,1.62,True,62.000000000000014
2009-01-18,2008,D,H,0.5259265854062065,0.24367525550612415,0.23039815908766936,1.73,3.6,5.0,H,1.73,False,-100.0
2009-01-18,2008,H,H,0.5028398425049142,0.30681100419560386,0.190349153299482,2.1,3.3,3.6,H,2.1,True,110.00000000000001
2009-01-19,2008,D,H,0.5553634961809352,0.3163714033061758,0.1282651005128891,1.62,3.75,6.0,H,1.62,False,-100.0
2009-01-27,2008,A,A,0.22749140812198484,0.26751117236245975,0.5049974195155553,3.25,3.4,2.3,A,2.3,True,129.99999999999997
2009-01-27,2008,H,H,0.4402241091378851,0.28372204385756533,0.2760538470045495,2.25,3.3,3.5,H,2.25,True,125.0
2009-01-27,2008,H,H,0.6271517704137453,0.24614935087312467,0.12669887871313004,1.61,3.8,6.5,H,1.61,True,61.00000000000001
2009-01-27,2008,A,A,0.03431947491957945,0.1261281570575369,0.8395523680228836,10.0,5.0,1.36,A,1.36,True,36.00000000000001
2009-01-28,2008,H,H,0.8829509084635524,0.10130257849595545,0.01574651304049224,1.25,6.0,15.0,H,1.25,True,25.0
2009-01-28,2008,D,H,0.5815260123308605,0.2545577499975985,0.16391623767154093,2.0,3.25,4.5,H,2.0,False,-100.0
2009-01-28,2008,D,A,0.2448050136209825,0.3141701974876646,0.4410247888913529,5.0,3.5,1.83,A,1.83,False,-100.0
2009-01-28,2008,D,H,0.39560497560519264,0.2952755147863545,0.3091195096084528,3.0,3.3,2.5,H,3.0,False,-100.0
2009-01-28,2008,H,H,0.6044019498545767,0.20923881022484034,0.18635923992058298,1.75,3.75,5.0,H,1.75,True,75.0
2009-01-28,2008,H,H,0.7175307801434608,0.18103607661925478,0.10143314323728433,1.83,3.6,4.75,H,1.83,True,83.0
2009-01-31,2008,D,H,0.613387854914317,0.22310581319939712,0.16350633188628588,1.5,4.2,7.0,H,1.5,False,-100.0
2009-01-31,2008,D,H,0.6713492283433984,0.23590840301300095,0.09274236864360069,1.61,3.7,6.0,H,1.61,False,-100.0
2009-01-31,2008,H,H,0.5342050307623132,0.2859266047065571,0.1798683645311297,2.0,3.3,4.0,H,2.0,True,100.0
2009-01-31,2008,H,A,0.2722976570687596,0.2671385383172482,0.46056380461399227,2.75,3.3,2.62,A,2.62,False,-100.0
2009-01-31,2008,D,A,0.26570175288355186,0.26565369218713986,0.4686445549293083,2.5,3.3,2.87,A,2.87,False,-100.0
2009-01-31,2008,D,H,0.4034298762073793,0.23007017824502055,0.36649994554760024,2.2,3.2,3.5,H,2.2,False,-100.0
2009-01-31,2008,H,H,0.7645804774229921,0.2054558533792164,0.02996366919779145,1.36,4.5,10.0,H,1.36,True,36.00000000000001
2009-01-31,2008,H,A,0.19534437193781173,0.20221400324906247,0.6024416248131258,3.25,3.3,2.25,A,2.25,False,-100.0
2009-02-01,2008,H,H,0.41041591847415365,0.28500880671994855,0.3045752748058979,2.5,3.1,3.1,H,2.5,True,150.0
2009-02-01,2008,D,A,0.33784768080147554,0.2598979119687383,0.4022544072297862,2.6,3.2,2.8,A,2.8,False,-100.0
2009-02-07,2008,H,H,0.5673036492563677,0.26098821067703926,0.1717081400665931,1.83,3.5,4.5,H,1.83,True,83.0
2009-02-07,2008,A,A,0.3322245254398938,0.32479099956224133,0.3429844749978648,2.87,3.3,2.5,A,2.5,True,150.0
2009-02-07,2008,D,H,0.9149926524621885,0.07912499235795163,0.005882355179859809,1.2,6.0,19.0,H,1.2,False,-100.0
2009-02-07,2008,H,H,0.622260759850778,0.22931947145117937,0.14841976869804263,1.72,3.4,5.5,H,1.72,True,72.0
2009-02-07,2008,H,H,0.6893309360988309,0.22630492995458626,0.08436413394658278,1.61,3.75,6.0,H,1.61,True,61.00000000000001
2009-02-07,2008,A,A,0.182389982815289,0.27315768241185556,0.5444523347728555,5.0,3.3,1.8,A,1.8,True,80.0
2009-02-07,2008,A,H,0.5586469668160176,0.20273780581071715,0.23861522737326527,2.25,3.3,3.25,H,2.25,False,-100.0
2009-02-07,2008,D,H,0.44370005776674093,0.2764334814299698,0.2798664608032893,2.0,3.4,3.8,H,2.0,False,-100.0
2009-02-08,2008,A,A,0.15477310103244019,0.2840141287251269,0.5612127702424329,6.5,3.75,1.57,A,1.57,True,57.00000000000001
2009-02-08,2008,D,D,0.32269402715635825,0.34215615905520735,0.3351498137884345,3.0,3.3,2.4,D,3.3,True,229.99999999999997
2009-02-14,2008,H,A,0.2802686309056589,0.25514387626302754,0.4645874928313136,2.87,3.25,2.5,A,2.5,False,-100.0
2009-02-18,2008,H,H,0.86320742428126,0.11575975486181671,0.021032820856923352,1.25,5.5,13.0,H,1.25,True,25.0
2009-02-21,2008,D,H,0.3740812440944646,0.30978243194502314,0.3161363239605123,2.4,3.25,3.0,H,2.4,False,-100.0
2009-02-21,2008,D,A,0.34975444777651055,0.25600255960534724,0.39424299261814216,2.5,3.25,2.87,A,2.87,False,-100.0
2009-02-21,2008,H,H,0.8481505004618041,0.12894164780877648,0.022907851729419535,1.25,5.5,13.0,H,1.25,True,25.0
2009-02-21,2008,A,H,0.4534858159008576,0.28235877814267357,0.26415540595646886,3.3,3.3,2.25,H,3.3,False,-100.0
2009-02-21,2008,D,H,0.6870043814820556,0.2232999440090259,0.08969567450891847,1.4,4.33,9.0,H,1.4,False,-100.0
2009-02-21,2008,H,A,0.3349187341719081,0.2851339953092563,0.3799472705188356,2.3,3.3,3.1,A,3.1,False,-100.0
2009-02-22,2008,H,H,0.5174194811698933,0.21803974923326164,0.2645407695968451,1.8,3.5,4.75,H,1.8,True,80.0
2009-02-22,2008,D,H,0.6449089641457263,0.24774829714372618,0.10734273871054754,1.57,3.75,7.0,H,1.57,False,-100.0
2009-02-22,2008,D,H,0.3557062026936877,0.30810274969037743,0.3361910476159349,2.87,3.25,2.5,H,2.87,False,-100.0
2009-02-23,2008,A,A,0.29879541052682,0.2717272234786621,0.42947736599451797,3.0,3.3,2.37,A,2.37,True,137.0
2009-02-28,2008,H,A,0.1255819195065511,0.205490060549283,0.6689280199441658,5.5,3.5,1.72,A,1.72,False,-100.0
2009-02-28,2008,H,H,0.6761465874950928,0.19809274615436046,0.12576066635054675,1.5,4.0,7.5,H,1.5,True,50.0
2009-02-28,2008,D,H,0.6922643879070561,0.22005466213660752,0.08768094995633625,1.4,4.33,9.0,H,1.4,False,-100.0
2009-02-28,2008,H,H,0.831455149451311,0.15206763662974063,0.01647721391894839,1.28,5.0,13.0,H,1.28,True,28.000000000000004
2009-03-01,2008,H,H,0.44854887355902956,0.2964694965125052,0.25498162992846524,2.5,3.25,2.87,H,2.5,True,150.0
2009-03-01,2008,D,H,0.8101315370723043,0.150891771843277,0.038976691084418626,1.4,4.0,10.0,H,1.4,False,-100.0
2009-03-01,2008,H,H,0.5387067830495731,0.23448370412275782,0.2268095128276691,2.0,3.3,4.0,H,2.0,True,100.0
2009-03-01,2008,A,A,0.34044155158297695,0.27999350013866614,0.3795649482783569,2.87,3.25,2.5,A,2.5,True,150.0
2009-03-03,2008,A,A,0.12469483260417638,0.23523442820572724,0.6400707391900964,6.5,3.75,1.57,A,1.57,True,57.00000000000001
2009-03-03,2008,A,A,0.1333240319129095,0.2775955849966332,0.5890803830904572,6.5,3.75,1.57,A,1.57,True,57.00000000000001
2009-03-03,2008,H,H,0.7064120531531598,0.22793430447430166,0.06565364237253851,1.4,4.33,9.5,H,1.4,True,39.99999999999999
2009-03-04,2008,D,H,0.4229147004078652,0.3162505157365037,0.2608347838556311,2.5,3.25,2.9,H,2.5,False,-100.0
2009-03-04,2008,A,H,0.6094756174392206,0.24833421090617827,0.14219017165460116,1.66,3.6,5.75,H,1.66,False,-100.0
2009-03-04,2008,H,H,0.3622622260402566,0.3399073906490159,0.2978303833107275,2.5,3.3,2.87,H,2.5,True,150.0
2009-03-04,2008,H,H,0.6095391669391232,0.27835813530152814,0.11210269775934867,1.83,3.5,4.5,H,1.83,True,83.0
2009-03-04,2008,H,A,0.3255456925858517,0.2042720484057528,0.4701822590083955,2.5,3.25,2.9,A,2.9,False,-100.0
2009-03-04,2008,A,D,0.34785432314025566,0.3551064903210487,0.2970391865386956,2.2,3.3,3.4,D,3.3,False,-100.0
2009-03-04,2008,A,A,0.07119468645749154,0.18985227982996666,0.7389530337125418,7.5,4.0,1.5,A,1.5,True,50.0
2009-03-07,2008,D,H,0.3428758704752414,0.3194277814026369,0.3376963481221218,2.87,3.3,2.5,H,2.87,False,-100.0
2009-03-11,2008,A,H,0.4323651536563387,0.307379731037237,0.2602551153064243,2.25,3.2,3.4,H,2.25,False,-100.0
2009-03-14,2008,A,H,0.45653189311895453,0.31504500521571077,0.22842310166533467,2.2,3.2,3.5,H,2.2,False,-100.0
2009-03-14,2008,D,H,0.4489342700510091,0.2633567790650143,0.28770895088397663,2.2,3.2,3.5,H,2.2,False,-100.0
2009-03-14,2008,A,H,0.6337121880352458,0.24575793215198205,0.12052987981277226,1.91,3.3,4.5,H,1.91,False,-100.0
2009-03-14,2008,D,H,0.3960542782882239,0.28536623820938994,0.31857948350238613,2.62,3.25,2.75,H,2.62,False,-100.0
2009-03-14,2008,A,H,0.5607533168880666,0.2767640764932508,0.16248260661868255,2.1,3.25,3.75,H,2.1,False,-100.0
2009-03-14,2008,H,H,0.6503086329959761,0.23730933425198095,0.11238203275204302,1.44,4.33,8.0,H,1.44,True,43.99999999999999
2009-03-14,2008,H,H,0.6508584069382216,0.2503774328504717,0.09876416021130673,1.5,4.0,7.5,H,1.5,True,50.0
2009-03-15,2008,H,H,0.7296939815400812,0.20642983911282203,0.0638761793470966,1.4,4.5,9.0,H,1.4,True,39.99999999999999
2009-03-15,2008,A,H,0.4752494023798914,0.29488607382247634,0.22986452379763225,2.0,3.3,4.0,H,2.0,False,-100.0
2009-03-16,2008,D,H,0.6637227953972616,0.19973495972532906,0.13654224487740926,1.67,3.6,5.75,H,1.67,False,-100.0
2009-03-21,2008,D,H,0.49706554152883614,0.28992912110747215,0.21300533736369154,1.9,3.4,4.33,H,1.9,False,-100.0
2009-03-21,2008,H,A,0.09761922774361624,0.20374888051732812,0.6986318917390557,8.0,4.2,1.44,A,1.44,False,-100.0
2009-03-21,2008,A,A,0.17623301461686064,0.2933693921094301,0.5303975932737093,5.0,3.6,1.72,A,1.72,True,72.0
2009-03-21,2008,D,A,0.349318334033634,0.2455200279765909,0.40516163798977517,2.4,3.3,3.0,A,3.0,False,-100.0
2009-03-21,2008,H,H,0.41974117728983984,0.26568354018209533,0.3145752825280648,2.25,3.3,3.3,H,2.25,True,125.0
2009-03-21,2008,H,A,0.258174739828885,0.328724189499855,0.41310107067126,4.5,3.5,1.83,A,1.83,False,-100.0
2009-03-21,2008,H,A,0.3172910338358133,0.3048783324106594,0.3778306337535273,2.75,3.2,2.62,A,2.62,False,-100.0
2009-03-22,2008,H,H,0.715123040599427,0.22212278154624612,0.06275417785432691,1.44,4.2,8.0,H,1.44,True,43.99999999999999
2009-03-22,2008,H,H,0.5367728903676097,0.279290625723463,0.18393648390892736,1.66,3.6,5.5,H,1.66,True,65.99999999999999
2009-03-22,2008,H,H,0.5374698341422065,0.2938619571191622,0.16866820873863128,1.72,3.6,5.0,H,1.72,True,72.0
2009-04-04,2008,A,A,0.17492402327205248,0.24591122928842535,0.5791647474395223,6.0,3.75,1.61,A,1.61,True,61.00000000000001
2009-04-04,2008,A,H,0.3995494152289499,0.2713712736026297,0.32907931116842054,2.2,3.25,3.4,H,2.2,False,-100.0
2009-04-04,2008,A,A,0.1256719964481983,0.24113626328112878,0.6331917402706729,5.0,3.6,1.72,A,1.72,True,72.0
2009-04-04,2008,D,A,0.3126726211553337,0.288222467724979,0.3991049111196874,2.62,3.25,2.75,A,2.75,False,-100.0
2009-04-04,2008,H,H,0.562551991365723,0.2882204655687277,0.1492275430655493,2.1,3.2,3.75,H,2.1,True,110.00000000000001
2009-04-04,2008,H,H,0.5326082490495712,0.2818537133743323,0.18553803757609655,2.1,3.3,3.6,H,2.1,True,110.00000000000001
2009-04-04,2008,H,H,0.36994690279626197,0.3017784580619565,0.3282746391417815,2.62,3.25,2.75,H,2.62,True,162.0
2009-04-04,2008,H,H,0.7124393686705945,0.23384236487888577,0.053718266450519706,1.53,3.75,7.5,H,1.53,True,53.0
2009-04-05,2008,H,H,0.8054634251733146,0.14324260836706673,0.05129396645961864,1.4,4.33,9.0,H,1.4,True,39.99999999999999
2009-04-05,2008,H,H,0.5829900974705263,0.27540287765223675,0.14160702487723692,1.72,3.4,5.5,H,1.72,True,72.0
2009-04-11,2008,A,A,0.17226216153608517,0.2802999039176944,0.5474379345462204,5.25,3.5,1.73,A,1.73,True,73.0
2009-04-11,2008,H,H,0.5623338496968476,0.2856791002909445,0.15198705001220789,1.73,3.5,5.5,H,1.73,True,73.0
2009-04-11,2008,A,A,0.06419831746644294,0.12255746044091739,0.8132442220926397,7.5,4.0,1.5,A,1.5,True,50.0
2009-04-11,2008,D,H,0.5240089113104945,0.2526714354371761,0.22331965325232936,2.5,3.25,2.88,H,2.5,False,-100.0
2009-04-11,2008,H,H,0.5005596014435828,0.2837132981648108,0.21572710039160653,2.1,3.3,3.75,H,2.1,True,110.00000000000001
2009-04-11,2008,H,H,0.7918779472687488,0.16850795208575198,0.039614100645499084,1.33,4.75,11.0,H,1.33,True,33.00000000000001
2009-04-11,2008,H,H,0.8591381954406354,0.12351832681181667,0.017343477747547995,1.25,5.5,15.0,H,1.25,True,25.0
2009-04-11,2008,D,H,0.6042380425959611,0.24802786750484168,0.14773408989919717,1.73,3.5,5.5,H,1.73,False,-100.0
2009-04-12,2008,D,A,0.346844585299258,0.24167739664171747,0.4114780180590246,2.2,3.25,3.5,A,3.5,False,-100.0
2009-04-12,2008,A,H,0.48442660165212775,0.31114034107163113,0.20443305727624106,1.91,3.4,4.33,H,1.91,False,-100.0
2009-04-18,2008,H,H,0.4694236363252171,0.2503070126171286,0.28026935105765416,1.91,3.4,4.2,H,1.91,True,90.99999999999999
2009-04-18,2008,H,H,0.48933887188899794,0.2491319179819485,0.26152921012905345,2.1,3.3,3.6,H,2.1,True,110.00000000000001
2009-04-18,2008,H,H,0.49742537108616763,0.23456286661966264,0.2680117622941697,2.4,3.25,3.0,H,2.4,True,140.0
2009-04-18,2008,D,H,0.48979572523411147,0.24785813702650744,0.2623461377393811,1.67,3.6,5.5,H,1.67,False,-100.0
2009-04-18,2008,D,H,0.4225311984047446,0.29786222068838647,0.279606580906869,2.25,3.25,3.3,H,2.25,False,-100.0
2009-04-19,2008,H,H,0.6856127923857247,0.20628557983360657,0.10810162778066883,1.67,3.6,5.5,H,1.67,True,67.0
2009-04-19,2008,H,H,0.6329890175403464,0.23799737264255,0.1290136098171036,1.57,3.8,6.5,H,1.57,True,57.00000000000001
2009-04-21,2008,D,H,0.5870421658509992,0.2866068985378043,0.12635093561119637,1.72,3.6,5.0,H,1.72,False,-100.0
2009-04-22,2008,D,H,0.7300014132345739,0.21206027957164097,0.05793830719378505,1.44,4.2,8.5,H,1.44,False,-100.0
2009-04-22,2008,H,H,0.8137297032954025,0.14067667307678416,0.04559362362781326,1.25,5.5,13.0,H,1.25,True,25.0
2009-04-25,2008,A,A,0.020596424820276925,0.09232693895886082,0.8870766362208622,10.0,4.5,1.36,A,1.36,True,36.00000000000001
2009-04-25,2008,A,A,0.2312622958613702,0.27364463833227176,0.4950930658063581,4.75,3.3,1.85,A,1.85,True,85.00000000000001
2009-04-25,2008,D,H,0.4222215946854554,0.24205057393659962,0.3357278313779451,3.1,3.3,2.37,H,3.1,False,-100.0
2009-04-25,2008,A,H,0.5738650320141454,0.2393834669008093,0.18675150108504535,1.83,3.5,4.5,H,1.83,False,-100.0
2009-04-25,2008,H,H,0.5641840469420774,0.2862689093225742,0.14954704373534838,1.75,3.5,5.0,H,1.75,True,75.0
2009-04-25,2008,H,H,0.6984356524299072,0.23382645329488164,0.06773789427521108,1.44,4.0,9.0,H,1.44,True,43.99999999999999
2009-04-25,2008,H,H,0.44233167422417197,0.30104522647320264,0.25662309930262545,2.5,3.3,2.87,H,2.5,True,150.0
2009-04-26,2008,H,H,0.4941096845515833,0.20248317051346176,0.303407144934955,1.9,3.4,4.2,H,1.9,True,89.99999999999999
2009-04-26,2008,H,H,0.7280289046352464,0.19860583260299572,0.07336526276175788,1.5,4.2,7.5,H,1.5,True,50.0
2009-04-27,2008,D,A,0.36987685696727396,0.24968208978769585,0.38044105324503014,2.0,3.5,3.75,A,3.75,False,-100.0
2009-05-02,2008,A,H,0.45330094024178486,0.32097205354333913,0.22572700621487599,2.37,3.25,3.1,H,2.37,False,-100.0
2009-05-02,2008,H,H,0.6856448496045415,0.19760696183246892,0.1167481885629895,1.5,4.0,7.0,H,1.5,True,50.0
2009-05-02,2008,A,A,0.2626515073525012,0.2673491036845481,0.4699993889629507,3.2,3.3,2.3,A,2.3,True,129.99999999999997
2009-05-02,2008,D,H,0.5154171941892892,0.25595111591233427,0.22863168989837643,2.1,3.25,3.75,H,2.1,False,-100.0
2009-05-02,2008,H,H,0.5656308054476779,0.26483567183284673,0.16953352271947553,2.0,3.3,4.0,H,2.0,True,100.0
2009-05-02,2008,A,A,0.11238558878828131,0.1968119950649641,0.6908024161467545,6.5,3.8,1.57,A,1.57,True,57.00000000000001
2009-05-02,2008,H,H,0.6375463372542193,0.27569137625966095,0.0867622864861197,1.53,3.8,7.0,H,1.53,True,53.0
2009-05-03,2008,H,H,0.8554593581988068,0.1282832164265452,0.016257425374647944,1.25,5.5,13.0,H,1.25,True,25.0
2009-05-03,2008,A,H,0.4057784587543653,0.2535483139741031,0.34067322727153154,2.5,3.25,2.9,H,2.5,False,-100.0
2009-05-04,2008,H,H,0.6941401408887301,0.18298722021503563,0.12287263889623425,1.53,3.8,7.0,H,1.53,True,53.0
2009-05-09,2008,D,H,0.4363036806855338,0.28936282101941446,0.27433349829505177,2.3,3.3,3.2,H,2.3,False,-100.0
2009-05-09,2008,H,H,0.5362489488590623,0.24248552099937776,0.22126553014155997,2.0,3.25,4.0,H,2.0,True,100.0
2009-05-09,2008,H,H,0.4113056644452484,0.2954947692282263,0.29319956632652516,2.62,3.25,2.75,H,2.62,True,162.0
2009-05-09,2008,D,H,0.480218557541348,0.2708740432798077,0.24890739917884422,2.2,3.25,3.5,H,2.2,False,-100.0
2009-05-09,2008,A,H,0.3615267722989888,0.3145945233875343,0.3238787043134769,2.1,3.3,3.6,H,2.1,False,-100.0
2009-05-09,2008,A,A,0.12238211363964005,0.20502271383817186,0.672595172522188,6.5,3.8,1.57,A,1.57,True,57.00000000000001
2009-05-09,2008,H,H,0.48901743589630414,0.24482515293704116,0.26615741116665464,2.4,3.4,2.9,H,2.4,True,140.0
2009-05-10,2008,A,H,0.4919688730240427,0.2613606118563401,0.2466705151196172,2.6,3.25,2.8,H,2.6,False,-100.0
2009-05-10,2008,H,H,0.7986573767903828,0.15114644699969348,0.050196176209923705,1.36,4.75,9.5,H,1.36,True,36.00000000000001
2009-05-11,2008,H,H,0.41183735331826477,0.23082468110202878,0.35733796557970643,2.0,3.4,3.8,H,2.0,True,100.0
2009-05-13,2008,A,A,0.011642684948040332,0.058693822780809556,0.9296634922711501,12.0,5.0,1.3,A,1.3,True,30.000000000000004
2009-05-16,2008,H,H,0.5203723652953643,0.248841851521185,0.2307857831834507,2.2,3.25,3.4,H,2.2,True,120.00000000000001
2009-05-16,2008,A,H,0.40831189861892575,0.2677489577411311,0.3239391436399431,1.91,3.5,4.0,H,1.91,False,-100.0
2009-05-16,2008,H,H,0.5986389096578211,0.22160574883457643,0.17975534150760242,1.83,3.5,4.5,H,1.83,True,83.0
2009-05-16,2008,D,H,0.7156453349041875,0.2101480608413425,0.07420660425446998,1.67,3.5,6.0,H,1.67,False,-100.0
2009-05-16,2008,H,H,0.5501575497731738,0.26999687568412023,0.179845574542706,1.73,3.6,5.0,H,1.73,True,73.0
2009-05-16,2008,D,H,0.46761126978968454,0.24554915129699273,0.28683957891332285,2.2,3.3,3.4,H,2.2,False,-100.0
2009-05-16,2008,D,H,0.40355554864049625,0.29071942229632924,0.30572502906317456,2.5,3.4,2.75,H,2.5,False,-100.0
2009-05-17,2008,A,A,0.08145475793877845,0.13999232614433985,0.7785529159168817,7.0,5.0,1.4,A,1.4,True,39.99999999999999
2009-05-17,2008,H,H,0.7930915711902308,0.16686394052665243,0.040044488283116735,1.3,5.0,11.0,H,1.3,True,30.000000000000004
2009-05-18,2008,H,H,0.4853562055262578,0.2813823833785054,0.2332614110952368,2.1,3.2,3.75,H,2.1,True,110.00000000000001
2009-05-24,2008,H,H,0.4272480179024023,0.2703942876258102,0.30235769447178756,2.1,3.4,3.5,H,2.1,True,110.00000000000001
2009-05-24,2008,H,H,0.42329839670066516,0.2653748175197079,0.31132678577962697,2.25,3.4,3.2,H,2.25,True,125.0
2009-05-24,2008,A,A,0.17747228653454142,0.21711812556574742,0.6054095878997111,4.0,3.6,1.91,A,1.91,True,90.99999999999999
2009-05-24,2008,H,H,0.6104821252948575,0.2700318077927319,0.1194860669124106,1.73,3.6,5.0,H,1.73,True,73.0
2009-05-24,2008,H,H,0.690261506685848,0.22970889742130962,0.08002959589284239,1.53,4.0,6.5,H,1.53,True,53.0
2009-05-24,2008,A,H,0.5064277896838384,0.2929227403227915,0.20064946999337022,2.1,3.3,3.6,H,2.1,False,-100.0
2009-05-24,2008,D,H,0.4878659613326847,0.2727665464484301,0.23936749221888506,1.83,3.5,4.5,H,1.83,False,-100.0
2009-05-24,2008,H,H,0.4631814122224669,0.27720427980781054,0.25961430796972257,2.3,3.4,3.1,H,2.3,True,129.99999999999997
2009-05-24,2008,H,H,0.7266399946184788,0.19498374509517272,0.07837626028634848,1.33,5.0,10.0,H,1.33,True,33.00000000000001
2009-05-24,2008,A,A,0.21221177493843954,0.24641788369006307,0.5413703413714973,3.0,3.5,2.3,A,2.3,True,129.99999999999997
2009-08-15,2009,A,H,0.48522334763541797,0.24796964580331515,0.26680700656126694,2.25,3.25,3.25,H,2.25,False,-100.0
2009-08-15,2009,A,A,0.31824352014820717,0.2996214823429494,0.3821349975088434,3.6,3.25,2.1,A,2.1,True,110.00000000000001
2009-08-15,2009,A,H,0.620954560318663,0.22951855307504854,0.14952688660628854,1.67,3.6,5.5,H,1.67,False,-100.0
2009-08-15,2009,H,H,0.9195115526860169,0.07729634370397577,0.00319210361000727,1.17,6.5,21.0,H,1.17,True,16.999999999999993
2009-08-15,2009,A,H,0.4717492742395132,0.2300274045477522,0.2982233212127346,2.63,3.3,2.7,H,2.63,False,-100.0
2009-08-15,2009,A,A,0.33630526009749756,0.2673469628033512,0.3963477770991512,2.63,3.2,2.75,A,2.75,True,175.0
2009-08-15,2009,A,H,0.35750927212618416,0.31896110960950846,0.3235296182643074,3.2,3.25,2.3,H,3.2,False,-100.0
2009-08-16,2009,H,H,0.873964930803243,0.11325980672257195,0.012775262474185084,1.2,6.0,17.0,H,1.2,True,19.999999999999996
2009-08-16,2009,H,A,0.25096766698795586,0.23146497224323787,0.5175673607688063,3.2,3.25,2.3,A,2.3,False,-100.0
2009-08-18,2009,A,A,0.08981143349457558,0.14601691019909044,0.7641716563063341,6.5,4.0,1.53,A,1.53,True,53.0
2009-08-18,2009,A,H,0.5388438667532591,0.24992790342423624,0.2112282298225046,1.73,3.6,5.25,H,1.73,False,-100.0
2009-08-19,2009,H,H,0.524546094704612,0.21598098048147413,0.2594729248139139,2.0,3.3,4.0,H,2.0,True,100.0
2009-08-19,2009,H,A,0.019199731752046065,0.07156540782538338,0.9092348604225706,9.5,5.0,1.33,A,1.33,False,-100.0
2009-08-19,2009,A,A,0.22084834935794903,0.2508007153652754,0.5283509352767757,3.75,3.5,2.0,A,2.0,True,100.0
2009-08-19,2009,H,H,0.815503794775245,0.15032809888379384,0.03416810634096117,1.25,5.5,13.0,H,1.25,True,25.0
2009-08-22,2009,D,H,0.4549114823717241,0.22012642921552264,0.3249620884127534,2.3,3.2,3.25,H,2.3,False,-100.0
2009-08-22,2009,H,H,0.9043583871057667,0.08579087440302473,0.009850738491208702,1.17,7.0,19.0,H,1.17,True,16.999999999999993
2009-08-22,2009,H,H,0.39933673176743967,0.31114700929499317,0.28951625893756716,2.6,3.25,2.8,H,2.6,True,160.0
2009-08-22,2009,H,H,0.4880631226634781,0.28319360284983547,0.2287432744866864,2.1,3.25,3.75,H,2.1,True,110.00000000000001
2009-08-22,2009,A,A,0.11481848245992236,0.23739998109105634,0.6477815364490214,6.5,4.0,1.53,A,1.53,True,53.0
2009-08-22,2009,H,H,0.764761445713193,0.1862916884015856,0.048946865885221354,1.33,4.5,12.0,H,1.33,True,33.00000000000001
2009-08-23,2009,H,A,0.278230226505989,0.24614093230264925,0.47562884119136173,3.4,3.3,2.2,A,2.2,False,-100.0
2009-08-23,2009,A,A,0.11203589311137435,0.17401737037700046,0.7139467365116252,6.5,3.8,1.57,A,1.57,True,57.00000000000001
2009-08-23,2009,A,H,0.3705445914776583,0.2672470901266332,0.36220831839570855,3.1,3.25,2.38,H,3.1,False,-100.0
2009-08-24,2009,A,H,0.7311191559935576,0.20825548568460023,0.060625358321842265,1.44,4.2,8.0,H,1.44,False,-100.0
2009-08-29,2009,H,H,0.9097961328784635,0.08135303328633822,0.008850833835198238,1.14,8.0,21.0,H,1.14,True,13.99999999999999
2009-08-29,2009,D,H,0.44095668881577177,0.25557193475022844,0.3034713764339997,2.2,3.3,3.5,H,2.2,False,-100.0
2009-08-29,2009,A,A,0.08767330295944875,0.18730267756233812,0.7250240194782132,7.0,4.0,1.53,A,1.53,True,53.0
2009-08-29,2009,H,H,0.5016709520059162,0.2951827633062856,0.20314628468779816,2.2,3.3,3.5,H,2.2,True,120.00000000000001
2009-08-29,2009,H,H,0.7298298775237386,0.20579635666203147,0.06437376581422985,1.36,4.75,9.0,H,1.36,True,36.00000000000001
2009-08-29,2009,H,H,0.428738527106086,0.24367687259376994,0.327584600300144,2.38,3.25,3.2,H,2.38,True,138.0
2009-08-29,2009,D,H,0.5246535503315292,0.2669553658527438,0.208391083815727,2.1,3.3,3.6,H,2.1,False,-100.0
2009-08-30,2009,A,A,0.10041881184591073,0.21569216860808543,0.6838890195460038,6.5,3.8,1.57,A,1.57,True,57.00000000000001
2009-08-30,2009,H,H,0.5303458134890567,0.25202974286330193,0.2176244436476414,1.73,3.6,5.25,H,1.73,True,73.0
2009-08-30,2009,H,H,0.6154802115419067,0.21678822966721825,0.16773155879087512,1.73,3.6,5.25,H,1.73,True,73.0
2009-09-12,2009,A,H,0.4129624613601426,0.3128042211288157,0.2742333175110418,3.1,3.4,2.3,H,3.1,False,-100.0
2009-09-12,2009,H,H,0.4483274581391538,0.2867633336765333,0.2649092081843129,2.3,3.25,3.25,H,2.3,True,129.99999999999997
2009-09-12,2009,A,A,0.03715352829273685,0.10616265709557152,0.8566838146116917,9.0,4.5,1.4,A,1.4,True,39.99999999999999
2009-09-12,2009,H,H,0.5966079546247971,0.23398813803759022,0.16940390733761265,1.75,3.5,5.0,H,1.75,True,75.0
2009-09-12,2009,H,H,0.43614076719116396,0.2893280116254493,0.27453122118338674,2.88,3.25,2.5,H,2.88,True,188.0
2009-09-12,2009,H,H,0.42649015455147726,0.3204736123722146,0.25303623307630807,1.83,3.5,4.5,H,1.83,True,83.0
2009-09-12,2009,A,H,0.3470936822387442,0.31088345350022406,0.34202286426103173,2.6,3.2,2.8,H,2.6,False,-100.0
2009-09-12,2009,H,H,0.8584943498779374,0.11192982595947472,0.02957582416258791,1.2,6.5,15.0,H,1.2,True,19.999999999999996
2009-09-13,2009,A,A,0.3295513021291162,0.3026516802991371,0.3677970175717467,3.4,3.25,2.25,A,2.25,True,125.0
2009-09-13,2009,H,A,0.3212848652362003,0.24972961426314133,0.42898552050065825,2.6,3.2,2.8,A,2.8,False,-100.0
2009-09-19,2009,D,H,0.45990086498978594,0.26833011067535956,0.2717690243348546,2.1,3.25,3.75,H,2.1,False,-100.0
2009-09-19,2009,H,H,0.8397221089181856,0.1227089365046595,0.03756895457715495,1.25,5.5,13.0,H,1.25,True,25.0
2009-09-19,2009,H,H,0.7997839159978085,0.1586617297955804,0.04155435420661109,1.4,4.2,10.0,H,1.4,True,39.99999999999999
2009-09-19,2009,A,H,0.40801785960469206,0.27650972358425185,0.31547241681105614,2.4,3.25,3.0,H,2.4,False,-100.0
2009-09-19,2009,A,A,0.13508196871177974,0.22586604539167146,0.6390519858965488,6.5,4.0,1.53,A,1.53,True,53.0
2009-09-19,2009,H,A,0.3077098317151701,0.2620000751100063,0.43029009317482375,2.88,3.25,2.5,A,2.5,False,-100.0
2009-09-20,2009,H,H,0.7097106407089973,0.20679752708784757,0.08349183220315522,1.5,4.0,7.0,H,1.5,True,50.0
2009-09-20,2009,H,H,0.6028539249164757,0.256579597502158,0.1405664775813663,1.8,3.3,5.0,H,1.8,True,80.0
2009-09-20,2009,H,H,0.6073119964262598,0.2740568792755095,0.11863112429823088,1.57,4.0,6.0,H,1.57,True,57.00000000000001
2009-09-20,2009,H,H,0.4519708110688328,0.267749370737379,0.2802798181937883,2.5,3.25,2.88,H,2.5,True,150.0
2009-09-26,2009,H,H,0.9459790050559208,0.05152211240299429,0.0024988825410848293,1.14,7.5,23.0,H,1.14,True,13.99999999999999
2009-09-26,2009,A,A,0.04381827676144906,0.11604029498232209,0.840141428256229,8.5,4.5,1.4,A,1.4,True,39.99999999999999
2009-09-26,2009,A,A,0.21813097753931046,0.2297256805705156,0.5521433418901739,4.2,3.4,1.91,A,1.91,True,90.99999999999999
2009-09-26,2009,H,A,0.020531509519279085,0.08810348846564861,0.8913650020150723,10.0,5.0,1.33,A,1.33,False,-100.0
2009-09-26,2009,A,A,0.09797719759575903,0.15512960634814804,0.746893196056093,6.5,4.0,1.53,A,1.53,True,53.0
2009-09-26,2009,A,H,0.5186841289161542,0.26273947728405717,0.21857639379978866,2.2,3.25,3.4,H,2.2,False,-100.0
2009-09-26,2009,H,H,0.7817656388423815,0.1478841248910827,0.07035023626653585,1.33,5.0,10.0,H,1.33,True,33.00000000000001
2009-09-26,2009,H,A,0.3214350460410513,0.29809327232897137,0.3804716816299774,3.1,3.25,2.38,A,2.38,False,-100.0
2009-09-27,2009,H,H,0.5238780759731116,0.2356060292754747,0.2405158947514137,1.73,3.6,5.0,H,1.73,True,73.0
2009-09-28,2009,H,H,0.709670644314969,0.20198321877455802,0.08834613691047308,1.44,4.33,7.5,H,1.44,True,43.99999999999999
2009-10-03,2009,A,H,0.5407441830995097,0.23391432374057977,0.2253414931599105,2.0,3.4,3.8,H,2.0,False,-100.0
2009-10-03,2009,H,A,0.37014418017774364,0.18708458420610258,0.4427712356161538,2.88,3.3,2.5,A,2.5,False,-100.0
2009-10-03,2009,D,H,0.866953656186436,0.10945544139058458,0.02359090242297931,1.2,6.5,15.0,H,1.2,False,-100.0
2009-10-03,2009,D,A,0.2615309153203735,0.22262243508089086,0.5158466495987356,3.8,3.6,1.95,A,1.95,False,-100.0
2009-10-03,2009,H,H,0.4231922036861849,0.27490106245694257,0.30190673385687267,2.3,3.25,3.2,H,2.3,True,129.99999999999997
2009-10-04,2009,H,H,0.827170707328606,0.13471043604604332,0.03811885662535062,1.2,6.5,15.0,H,1.2,True,19.999999999999996
2009-10-04,2009,H,H,0.5364585197895508,0.26086797645048976,0.20267350375995938,2.1,3.3,3.6,H,2.1,True,110.00000000000001
2009-10-04,2009,D,H,0.6715075258768404,0.23608117824020497,0.09241129588295471,1.57,4.0,6.0,H,1.57,False,-100.0
2009-10-04,2009,D,H,0.4353822475213359,0.28068229625330615,0.283935456225358,2.2,3.25,3.4,H,2.2,False,-100.0
2009-10-05,2009,D,H,0.3927991747012573,0.26478874327531193,0.3424120820234309,2.75,3.25,2.63,H,2.75,False,-100.0
2009-10-17,2009,D,H,0.719894547100462,0.19059795084907816,0.08950750205045974,1.44,4.2,6.5,H,1.44,False,-100.0
2009-10-17,2009,H,A,0.20604594633728768,0.2706233856649193,0.523330667997793,4.5,3.6,1.8,A,1.8,False,-100.0
2009-10-17,2009,H,H,0.8587822934597308,0.10956016310395808,0.03165754343631112,1.2,5.5,13.0,H,1.2,True,19.999999999999996
2009-10-17,2009,H,H,0.8832420361200348,0.104912249381821,0.011845714498144259,1.17,7.0,19.0,H,1.17,True,16.999999999999993
2009-10-17,2009,H,H,0.48574118701362373,0.24622151483454946,0.2680372981518268,2.1,3.3,3.6,H,2.1,True,110.00000000000001
2009-10-17,2009,A,A,0.2525706717806322,0.24140800473356352,0.5060213234858043,4.5,3.5,1.83,A,1.83,True,83.0
2009-10-17,2009,H,A,0.20563654648706953,0.1950377209078747,0.5993257326050558,4.2,3.4,1.91,A,1.91,False,-100.0
2009-10-18,2009,H,H,0.6316978873890405,0.18401484679504382,0.18428726581591567,1.73,3.6,5.0,H,1.73,True,73.0
2009-10-18,2009,D,A,0.2017292624533847,0.2283218667921388,0.5699488707544765,5.0,3.6,1.73,A,1.73,False,-100.0
2009-10-19,2009,H,H,0.5862046777324259,0.22288644643892547,0.19090887582864868,1.67,3.6,5.5,H,1.67,True,67.0
2009-10-24,2009,A,H,0.6728135971351195,0.21783052145570406,0.1093558814091764,1.44,4.33,7.5,H,1.44,False,-100.0
2009-10-24,2009,D,A,0.3679023819995009,0.24355967006287593,0.3885379479376231,2.6,3.2,2.8,A,2.8,False,-100.0
2009-10-24,2009,D,A,0.2995192930342542,0.2691696517446694,0.4313110552210764,3.5,3.2,2.2,A,2.2,False,-100.0
2009-10-24,2009,A,H,0.43895577641831285,0.21046923020352437,0.3505749933781628,2.5,3.3,2.88,H,2.5,False,-100.0
2009-10-24,2009,H,A,0.32486110695286197,0.23975759531972102,0.435381297727417,2.9,3.25,2.5,A,2.5,False,-100.0
2009-10-24,2009,H,H,0.8613446056775942,0.10148689971312197,0.03716849460928376,1.2,6.5,15.0,H,1.2,True,19.999999999999996
2009-10-25,2009,D,A,0.06917932738955912,0.12104162821476656,0.8097790443956744,7.0,4.2,1.5,A,1.5,False,-100.0
2009-10-25,2009,D,H,0.671756541173139,0.21436051052039057,0.1138829483064704,1.44,4.2,8.0,H,1.44,False,-100.0
2009-10-25,2009,H,H,0.4184016926546281,0.30209250153420414,0.27950580581116785,3.0,3.25,2.4,H,3.0,True,200.0
2009-10-25,2009,H,H,0.38022911080538213,0.3206498425339324,0.29912104666068534,2.63,3.25,2.75,H,2.63,True,163.0
2009-10-31,2009,H,H,0.9291248496766119,0.05459431190079088,0.016280838422597217,1.17,7.0,19.0,H,1.17,True,16.999999999999993
2009-10-31,2009,D,H,0.5524186161836026,0.23085983130799342,0.21672155250840405,2.0,3.3,4.0,H,2.0,False,-100.0
2009-10-31,2009,D,H,0.5221140866568676,0.25315315102938724,0.2247327623137451,1.91,3.4,4.2,H,1.91,False,-100.0
2009-10-31,2009,H,H,0.457822768963437,0.2559802067525926,0.28619702428397037,2.38,3.3,3.0,H,2.38,True,138.0
2009-10-31,2009,H,A,0.24521341039258707,0.26683801314933714,0.48794857645807577,4.2,3.4,1.91,A,1.91,False,-100.0
2009-10-31,2009,D,H,0.4988266041366885,0.3043643307062074,0.196809065157104,2.5,3.25,2.88,H,2.5,False,-100.0
2009-10-31,2009,H,H,0.5944291318503085,0.2083235138227102,0.19724735432698134,1.91,3.4,4.2,H,1.91,True,90.99999999999999
2009-10-31,2009,A,A,0.06486043336591638,0.16127475434940083,0.7738648122846827,9.0,4.33,1.4,A,1.4,True,39.99999999999999
2009-10-31,2009,H,H,0.7009922840275778,0.20976353290418168,0.08924418306824039,1.57,4.0,6.0,H,1.57,True,57.00000000000001
2009-11-01,2009,D,A,0.2884861395373402,0.2393971414701938,0.4721167189924661,4.33,3.6,1.83,A,1.83,False,-100.0
2009-11-04,2009,H,H,0.40983625804916374,0.2801339851504669,0.31002975680036937,2.75,3.3,2.63,H,2.75,True,175.0
2009-11-07,2009,D,H,0.7668289445789116,0.16951056251687258,0.06366049290421583,1.33,4.75,11.0,H,1.33,False,-100.0
2009-11-07,2009,H,H,0.5764709327421382,0.2060001615070042,0.21752890575085757,1.8,3.5,4.75,H,1.8,True,80.0
2009-11-07,2009,H,H,0.408107808238823,0.2705323590230801,0.32135983273809693,2.1,3.4,3.6,H,2.1,True,110.00000000000001
2009-11-07,2009,A,A,0.03208499227882398,0.08914607481911085,0.878768932902065,9.0,4.75,1.36,A,1.36,True,36.00000000000001
2009-11-07,2009,H,H,0.6437417432804373,0.22822365898193936,0.12803459773762332,1.57,3.75,6.5,H,1.57,True,57.00000000000001
2009-11-08,2009,H,H,0.5758494949195164,0.2930967490422049,0.13105375603827882,2.0,3.25,4.0,H,2.0,True,100.0
2009-11-08,2009,H,A,0.34169360766432244,0.23528269348370545,0.42302369885197205,2.75,3.3,2.6,A,2.6,False,-100.0
2009-11-08,2009,A,H,0.457027190053814,0.28809668417185397,0.254876125774332,2.4,3.3,3.0,H,2.4,False,-100.0
2009-11-08,2009,D,H,0.4503494604504451,0.2742786899700724,0.2753718495794825,2.25,3.2,3.4,H,2.25,False,-100.0
2009-11-09,2009,D,H,0.724524998360899,0.2041238711707816,0.0713511304683195,1.36,4.5,10.0,H,1.36,False,-100.0
2009-11-21,2009,D,A,0.34300363782784843,0.2754276774581306,0.38156868471402094,3.4,3.3,2.2,A,2.2,False,-100.0
2009-11-21,2009,H,H,0.3773299913612931,0.26200372594964294,0.36066628268906387,2.5,3.2,2.9,H,2.5,True,150.0
2009-11-21,2009,H,H,0.9085384749629716,0.08481279839132959,0.006648726645698882,1.17,7.0,19.0,H,1.17,True,16.999999999999993
2009-11-21,2009,H,A,0.10615733920430116,0.1936121532755437,0.7002305075201551,6.0,3.75,1.62,A,1.62,False,-100.0
2009-11-21,2009,H,H,0.6953258565840279,0.21577844012946945,0.08889570328650256,1.4,4.5,9.0,H,1.4,True,39.99999999999999
2009-11-21,2009,D,H,0.49547272059532294,0.2952397007902206,0.2092875786144566,1.91,3.4,4.2,H,1.91,False,-100.0
2009-11-21,2009,D,H,0.37940799411690357,0.25848430331011324,0.3621077025729832,2.88,3.25,2.5,H,2.88,False,-100.0
2009-11-22,2009,A,H,0.5314807874310715,0.17866812004520186,0.2898510925237266,2.25,3.2,3.4,H,2.25,False,-100.0
2009-11-22,2009,H,H,0.4377872982965482,0.2843298109622983,0.27788289074115335,2.1,3.4,3.5,H,2.1,True,110.00000000000001
2009-11-22,2009,H,H,0.691088811790219,0.19905905586274203,0.10985213234703893,1.44,4.33,8.0,H,1.44,True,43.99999999999999
2009-11-25,2009,H,H,0.5025722385654885,0.24129626925065464,0.2561314921838569,2.1,3.3,3.6,H,2.1,True,110.00000000000001
2009-11-25,2009,H,A,0.3287939901292412,0.23744653246221792,0.43375947740854076,3.5,3.3,2.15,A,2.15,False,-100.0
2009-11-28,2009,H,H,0.4446640724357016,0.21465991241940416,0.3406760151448944,2.4,3.4,2.9,H,2.4,True,140.0
2009-11-28,2009,H,H,0.5786560615125395,0.23878359185591566,0.18256034663154486,1.8,3.6,4.5,H,1.8,True,80.0
2009-11-28,2009,A,A,0.04526302291489699,0.15507646542316103,0.799660511661942,10.0,4.5,1.36,A,1.36,True,36.00000000000001
2009-11-28,2009,D,H,0.5601711348621964,0.1944105757341088,0.2454182894036948,1.91,3.5,4.2,H,1.91,False,-100.0
2009-11-28,2009,D,H,0.4844928633833166,0.22740797513551544,0.288099161481168,1.91,3.4,4.2,H,1.91,False,-100.0
2009-11-28,2009,D,H,0.43028010807804384,0.2750370772178768,0.2946828147040794,2.5,3.25,2.88,H,2.5,False,-100.0
2009-11-28,2009,D,H,0.6950909268571546,0.18387060621134624,0.12103846693149922,1.29,5.5,11.0,H,1.29,False,-100.0
2009-11-29,2009,A,H,0.3914506152509392,0.24523821727730677,0.363311167471754,2.4,3.2,3.1,H,2.4,False,-100.0
2009-11-29,2009,A,H,0.373676260987684,0.3171426743087134,0.3091810647036027,2.7,3.2,2.7,H,2.7,False,-100.0
2009-11-29,2009,A,A,0.312558080682033,0.23721529401593971,0.45022662530202723,3.5,3.4,2.1,A,2.1,True,110.00000000000001
2009-12-05,2009,A,A,0.10313643373608385,0.1990805948351073,0.6977829714288089,8.0,4.2,1.44,A,1.44,True,43.99999999999999
2009-12-05,2009,A,H,0.48183343105670057,0.2552384117346699,0.2629281572086296,2.1,3.3,3.6,H,2.1,False,-100.0
2009-12-05,2009,H,H,0.408892541627169,0.187096251758096,0.40401120661473494,2.38,3.25,3.1,H,2.38,True,138.0
2009-12-05,2009,H,H,0.5202407480868766,0.2514512891090499,0.22830796280407342,1.91,3.4,4.2,H,1.91,True,90.99999999999999
2009-12-05,2009,H,H,0.6586793238001136,0.19702490287561703,0.14429577332426935,1.44,4.33,7.5,H,1.44,True,43.99999999999999
2009-12-05,2009,D,A,0.1902187689538752,0.20894481117715286,0.600836419868972,5.25,3.8,1.67,A,1.67,False,-100.0
2009-12-05,2009,H,H,0.789911936874983,0.16752383962567743,0.04256422349933953,1.29,5.0,13.0,H,1.29,True,29.000000000000004
2009-12-05,2009,H,A,0.17437513956143086,0.26272268428364237,0.5629021761549267,4.2,3.4,1.91,A,1.91,False,-100.0
2009-12-06,2009,D,A,0.29220894502980554,0.26648665157712687,0.4413044033930676,2.88,3.25,2.5,A,2.5,False,-100.0
2009-12-06,2009,H,H,0.5276035013049614,0.25888697889186973,0.21350951980316898,2.1,3.3,3.6,H,2.1,True,110.00000000000001
2009-12-12,2009,H,H,0.5390191435612698,0.1974501327434945,0.2635307236952357,2.1,3.3,3.6,H,2.1,True,110.00000000000001
2009-12-12,2009,D,A,0.2091117529185448,0.21470580807888676,0.5761824390025684,4.5,3.6,1.8,A,1.8,False,-100.0
2009-12-12,2009,D,H,0.4054783968864747,0.2750045245249173,0.31951707858860806,2.63,3.25,2.75,H,2.63,False,-100.0
2009-12-12,2009,D,H,0.8823092478049951,0.10347625856812057,0.014214493626884286,1.25,5.5,15.0,H,1.25,False,-100.0
2009-12-12,2009,D,H,0.39992041642825765,0.28218248958575437,0.3178970939859879,2.8,3.25,2.6,H,2.8,False,-100.0
2009-12-12,2009,D,H,0.4846903464013801,0.2511967085161874,0.2641129450824324,1.8,3.5,4.75,H,1.8,False,-100.0
2009-12-12,2009,A,H,0.8369645699185194,0.13068917804137958,0.03234625204010108,1.25,5.75,13.0,H,1.25,False,-100.0
2009-12-12,2009,D,H,0.4763721234125197,0.18490780669530102,0.3387200698921793,2.1,3.3,3.6,H,2.1,False,-100.0
2009-12-12,2009,A,H,0.6761554443940881,0.24939000904421194,0.0744545465616999,1.5,4.2,7.0,H,1.5,False,-100.0
2009-12-13,2009,A,H,0.4665684349317622,0.28908993132968225,0.24434163373855547,2.2,3.3,3.4,H,2.2,False,-100.0
2009-12-15,2009,A,A,0.2866742913201929,0.3032802711227946,0.41004543755701245,2.88,3.3,2.5,A,2.5,True,150.0
2009-12-15,2009,H,H,0.8897766768642281,0.09863993894344741,0.011583384192324414,1.17,7.0,19.0,H,1.17,True,16.999999999999993
2009-12-15,2009,H,H,0.5386390731492366,0.2885756840870088,0.17278524276375454,2.2,3.25,3.4,H,2.2,True,120.00000000000001
2009-12-15,2009,H,H,0.46424802956091255,0.19181252850768346,0.34393944193140397,2.25,3.3,3.25,H,2.25,True,125.0
2009-12-16,2009,H,H,0.7924502612966947,0.137280392289464,0.0702693464138413,1.33,4.75,11.0,H,1.33,True,33.00000000000001
2009-12-16,2009,H,H,0.57707226147979,0.2576979926354767,0.16522974588473333,2.25,3.3,3.25,H,2.25,True,125.0
2009-12-16,2009,D,A,0.10818741351368591,0.1642621906452126,0.7275503958411015,7.0,4.2,1.5,A,1.5,False,-100.0
2009-12-16,2009,H,H,0.8851409009508638,0.09491201705547561,0.019947081993660562,1.14,8.0,19.0,H,1.14,True,13.99999999999999
2009-12-19,2009,H,A,0.1540390821585763,0.24539353369586997,0.6005673841455537,5.5,4.0,1.62,A,1.62,False,-100.0
2009-12-19,2009,H,H,0.6488414618837082,0.23587419354817232,0.1152843445681195,1.53,4.0,7.0,H,1.53,True,53.0
2009-12-19,2009,H,A,0.11421841697961692,0.2641929193922479,0.6215886636281351,6.5,4.0,1.57,A,1.57,False,-100.0
2009-12-19,2009,H,H,0.7301292097764304,0.20152274601821407,0.06834804420535563,1.4,4.33,9.0,H,1.4,True,39.99999999999999
2009-12-19,2009,H,H,0.8203287233458957,0.13630148928566488,0.04336978736843947,1.22,6.0,15.0,H,1.22,True,21.999999999999996
2009-12-19,2009,A,A,0.21582263179114888,0.2517101963927676,0.5324671718160835,3.3,3.4,2.2,A,2.2,True,120.00000000000001
2009-12-20,2009,D,H,0.3650633764088036,0.2720073542136857,0.3629292693775108,1.83,3.5,4.5,H,1.83,False,-100.0
2009-12-20,2009,D,A,0.055168813065178346,0.10943906716483644,0.8353921197699851,8.5,4.5,1.4,A,1.4,False,-100.0
2009-12-20,2009,H,H,0.4952783038027723,0.22237875316486908,0.2823429430323586,2.1,3.3,3.6,H,2.1,True,110.00000000000001
2009-12-26,2009,D,H,0.40417787263937877,0.25065428792256206,0.3451678394380592,2.38,3.3,3.0,H,2.38,False,-100.0
2009-12-26,2009,H,H,0.6863600117187566,0.21572164884323716,0.09791833943800621,1.29,5.5,11.0,H,1.29,True,29.000000000000004
2009-12-26,2009,D,A,0.22461586624756408,0.2108317700008481,0.5645523637515879,6.5,3.8,1.57,A,1.57,False,-100.0
2009-12-26,2009,D,H,0.3902312753515041,0.2866918000436391,0.3230769246048569,2.8,3.4,2.5,H,2.8,False,-100.0
2009-12-26,2009,D,H,0.46209645682630773,0.2888802544340776,0.24902328873961474,2.3,3.25,3.2,H,2.3,False,-100.0
2009-12-26,2009,H,H,0.6870401981105685,0.1962323724109697,0.1167274294784619,1.44,4.33,7.5,H,1.44,True,43.99999999999999
2009-12-26,2009,H,H,0.45106487136261225,0.24446122996792305,0.30447389866946467,2.1,3.3,3.6,H,2.1,True,110.00000000000001
2009-12-26,2009,D,H,0.4096693159988755,0.21531839803848124,0.37501228596264324,2.38,3.3,3.0,H,2.38,False,-100.0
2009-12-27,2009,H,H,0.5508260419767785,0.26919732635324145,0.1799766316699799,1.73,3.5,5.0,H,1.73,True,73.0
2009-12-27,2009,A,A,0.06414738734681916,0.14455078777786395,0.7913018248753168,8.0,4.2,1.4,A,1.4,True,39.99999999999999
2009-12-28,2009,A,A,0.27525096883124217,0.19748561995997188,0.527263411208786,4.5,3.6,1.8,A,1.8,True,80.0
2009-12-28,2009,H,H,0.6660314487677124,0.2422512748043902,0.09171727642789747,1.44,4.2,8.0,H,1.44,True,43.99999999999999
2009-12-28,2009,A,A,0.29964039054131614,0.29756182672622555,0.40279778273245836,2.4,3.25,3.0,A,3.0,True,200.0
2009-12-28,2009,H,H,0.6863189553512948,0.24779501962829997,0.06588602502040504,1.36,4.5,10.0,H,1.36,True,36.00000000000001
2009-12-28,2009,D,H,0.4630289595035382,0.29064342475978555,0.24632761573667622,2.1,3.3,3.6,H,2.1,False,-100.0
2009-12-28,2009,H,H,0.5972826919306408,0.2647793201247966,0.13793798794456266,1.57,3.8,6.5,H,1.57,True,57.00000000000001
2009-12-29,2009,A,H,0.43146355421182475,0.3374094687941217,0.23112697699405357,2.8,3.25,2.6,H,2.8,False,-100.0
2009-12-29,2009,D,H,0.6247819924481695,0.21299328346839158,0.16222472408343888,1.8,3.6,4.75,H,1.8,False,-100.0
2009-12-30,2009,H,H,0.831298864641167,0.13148732326481943,0.03721381209401356,1.2,6.5,15.0,H,1.2,True,19.999999999999996
2009-12-30,2009,A,A,0.104149393453765,0.21375940701956714,0.6820911995266677,6.5,4.0,1.53,A,1.53,True,53.0
2010-01-05,2009,H,A,0.30223782032112034,0.28801735181152677,0.4097448278673529,2.63,3.25,2.75,A,2.75,False,-100.0
2010-01-09,2009,D,A,0.17450643674582406,0.23992589593483263,0.5855676673193434,6.5,3.6,1.62,A,1.62,False,-100.0
2010-01-09,2009,D,H,0.7550710986935958,0.17634729978472252,0.06858160152168165,1.4,4.5,8.5,H,1.4,False,-100.0
2010-01-11,2009,H,H,0.7044851630043308,0.19735256306281376,0.09816227393285544,1.44,4.33,8.0,H,1.44,True,43.99999999999999
2010-01-16,2009,D,H,0.7471771582226112,0.1768515042994238,0.07597133747796496,1.25,6.0,11.0,H,1.25,False,-100.0
2010-01-16,2009,D,A,0.2894570909102592,0.3100174411960414,0.4005254678936995,3.5,3.2,2.2,A,2.2,False,-100.0
2010-01-16,2009,A,H,0.4953446182618024,0.19413086154458747,0.31052452019360993,2.3,3.25,3.2,H,2.3,False,-100.0
2010-01-16,2009,H,H,0.4018808620014588,0.24725590682176934,0.3508632311767718,2.88,3.25,2.5,H,2.88,True,188.0
2010-01-16,2009,H,H,0.8553941922023542,0.1244506756464848,0.02015513215116102,1.22,6.0,15.0,H,1.22,True,21.999999999999996
2010-01-16,2009,H,H,0.86492433845304,0.1173156978360685,0.017759963710891474,1.17,7.0,17.0,H,1.17,True,16.999999999999993
2010-01-17,2009,D,H,0.6574509322912223,0.24643360354829863,0.09611546416047909,1.53,3.8,7.0,H,1.53,False,-100.0
2010-01-17,2009,H,H,0.39076512607743946,0.2875537727899218,0.32168110113263876,2.4,3.25,3.0,H,2.4,True,140.0
2010-01-17,2009,A,A,0.13469205114757207,0.2315113499047562,0.6337965989476717,6.5,4.0,1.53,A,1.53,True,53.0
2010-01-20,2009,H,H,0.9040695398107518,0.08604480032683295,0.009885659862415228,1.22,5.5,17.0,H,1.22,True,21.999999999999996
2010-01-20,2009,H,H,0.4395955642695347,0.2864416267761662,0.2739628089542991,2.4,3.25,3.0,H,2.4,True,140.0
2010-01-23,2009,H,H,0.8584063235272011,0.11906876087936871,0.022524915593430124,1.14,6.5,15.0,H,1.14,True,13.99999999999999
2010-01-26,2009,H,H,0.5570775821271081,0.24710884986202275,0.19581356801086913,1.8,3.6,4.5,H,1.8,True,80.0
2010-01-26,2009,H,H,0.6329071708757804,0.2666141812553337,0.10047864786888583,1.57,3.75,6.5,H,1.57,True,57.00000000000001
2010-01-26,2009,D,A,0.14364077095161082,0.22848463680957035,0.6278745922388189,5.5,3.6,1.67,A,1.67,False,-100.0
2010-01-26,2009,D,H,0.4151179442030118,0.2810444892830238,0.3038375665139644,2.5,3.25,2.88,H,2.5,False,-100.0
2010-01-27,2009,D,A,0.28594059973770025,0.3090809651963677,0.40497843506593206,3.2,3.25,2.3,A,2.3,False,-100.0
2010-01-27,2009,H,H,0.4920744609404413,0.24437036618878213,0.2635551728707765,1.95,3.4,4.0,H,1.95,True,95.0
2010-01-27,2009,H,H,0.8301984359195573,0.15003008244746496,0.0197714816329777,1.22,6.0,15.0,H,1.22,True,21.999999999999996
2010-01-27,2009,H,H,0.7216497691830984,0.16258897275591638,0.11576125806098522,1.67,3.6,5.5,H,1.67,True,67.0
2010-01-30,2009,A,A,0.3140807363685564,0.31575754857246063,0.3701617150589829,3.0,3.3,2.38,A,2.38,True,138.0
2010-01-30,2009,D,H,0.4289898240891069,0.24559679842750834,0.3254133774833847,2.1,3.3,3.6,H,2.1,False,-100.0
2010-01-30,2009,H,H,0.708766772693485,0.18481225977752175,0.10642096752899326,1.44,4.33,7.5,H,1.44,True,43.99999999999999
2010-01-30,2009,D,H,0.3955900617112315,0.26548707425085605,0.3389228640379124,2.25,3.25,3.25,H,2.25,False,-100.0
2010-01-30,2009,A,A,0.009990858838287703,0.05907229716443843,0.9309368439972737,13.0,5.0,1.29,A,1.29,True,29.000000000000004
2010-01-30,2009,D,A,0.28950187009482203,0.3138924198739499,0.3966057100312281,3.1,3.25,2.38,A,2.38,False,-100.0
2010-01-30,2009,A,H,0.35025325875597396,0.31204952469193004,0.33769721655209595,2.7,3.2,2.7,H,2.7,False,-100.0
2010-01-31,2009,A,H,0.4140704439839101,0.30485717279103647,0.2810723832250535,2.6,3.25,2.8,H,2.6,False,-100.0
2010-01-31,2009,H,H,0.832321748527559,0.136533066672189,0.03114518480025195,1.29,5.0,13.0,H,1.29,True,29.000000000000004
2010-02-01,2009,D,H,0.4503991728370977,0.2570378617000675,0.29256296546283495,2.0,3.4,3.8,H,2.0,False,-100.0
2010-02-02,2009,D,A,0.00877386487244495,0.05347503768855575,0.9377510974389994,13.0,5.0,1.29,A,1.29,False,-100.0
2010-02-03,2009,H,H,0.568298590129926,0.23421594655248718,0.19748546331758682,1.67,3.5,6.0,H,1.67,True,67.0
2010-02-06,2009,D,H,0.44699589800435174,0.22457651090587838,0.3284275910897699,2.0,3.4,3.8,H,2.0,False,-100.0
2010-02-06,2009,H,H,0.4436667171903522,0.24060358643098897,0.31572969637865883,2.3,3.1,3.4,H,2.3,True,129.99999999999997
2010-02-06,2009,D,H,0.5557674828730297,0.3128067664038318,0.13142575072313847,2.1,3.3,3.6,H,2.1,False,-100.0
2010-02-06,2009,H,H,0.9388944719794385,0.056805890967196494,0.004299637053365016,1.13,8.5,23.0,H,1.13,True,12.99999999999999
2010-02-06,2009,H,H,0.4625852217424742,0.3218657506689293,0.21554902758859645,1.83,3.5,4.33,H,1.83,True,83.0
2010-02-06,2009,H,A,0.1484062171268077,0.2125173869196504,0.6390763959535419,5.5,3.4,1.73,A,1.73,False,-100.0
2010-02-06,2009,H,H,0.34973062312056363,0.311561218366914,0.33870815851252234,2.6,3.25,2.8,H,2.6,True,160.0
2010-02-06,2009,D,H,0.42252678624066325,0.27168380261881625,0.30578941114052055,2.25,3.3,3.25,H,2.25,False,-100.0
2010-02-07,2009,H,H,0.6666643092766052,0.23054782326494536,0.10278786745844934,1.8,3.6,4.5,H,1.8,True,80.0
2010-02-07,2009,H,H,0.5943232766789024,0.23680730425815355,0.1688694190629441,1.8,3.4,5.0,H,1.8,True,80.0
2010-02-09,2009,D,H,0.4046924412725893,0.3584580834027149,0.23684947532469586,2.2,3.3,3.4,H,2.2,False,-100.0
2010-02-09,2009,D,H,0.4251623455322385,0.2288192677961334,0.34601838667162826,2.4,3.25,3.0,H,2.4,False,-100.0
2010-02-09,2009,H,H,0.5911060420805511,0.24592654795742308,0.1629674099620259,1.73,3.5,5.25,H,1.73,True,73.0
2010-02-09,2009,H,H,0.7100726142724587,0.19857142090272012,0.09135596482482115,1.44,4.2,8.0,H,1.44,True,43.99999999999999
2010-02-10,2009,H,H,0.4880798308782344,0.31267978707017924,0.19924038205158648,2.1,3.3,3.6,H,2.1,True,110.00000000000001
2010-02-10,2009,D,A,0.20227533835518144,0.28078405224553926,0.5169406093992793,4.2,3.5,1.91,A,1.91,False,-100.0
2010-02-10,2009,H,H,0.5595031765873664,0.233313174672937,0.20718364873969658,1.83,3.5,4.5,H,1.83,True,83.0
2010-02-10,2009,H,A,0.19781731462292654,0.23962991248819493,0.5625527728888786,5.0,3.6,1.73,A,1.73,False,-100.0
2010-02-10,2009,H,H,0.37437963263569085,0.3006215331005295,0.3249988342637797,2.25,3.3,3.25,H,2.25,True,125.0
2010-02-10,2009,H,A,0.1820805831779757,0.29915202887518433,0.51876738794684,4.2,3.4,1.91,A,1.91,False,-100.0
2010-02-16,2009,D,H,0.41389524106844267,0.2680959165841304,0.31800884234742693,3.1,3.2,2.38,H,3.1,False,-100.0
2010-02-17,2009,D,H,0.502821771583311,0.27099161068964994,0.22618661772703916,2.3,3.25,3.2,H,2.3,False,-100.0
2010-02-20,2009,H,A,0.2506528362141825,0.25789241739994034,0.49145474638587716,4.5,3.6,1.8,A,1.8,False,-100.0
2010-02-20,2009,A,A,0.016414044210010963,0.07721700234651747,0.9063689534434717,12.0,5.0,1.3,A,1.3,True,30.000000000000004
2010-02-20,2009,H,H,0.5706932862695507,0.25997905949282113,0.1693276542376281,1.75,3.6,4.75,H,1.75,True,75.0
2010-02-20,2009,H,H,0.8539681536569075,0.11914734593096556,0.026884500412126953,1.22,6.0,15.0,H,1.22,True,21.999999999999996
2010-02-20,2009,A,H,0.36358422701394993,0.3346949639641012,0.3017208090219489,2.38,3.25,3.1,H,2.38,False,-100.0
2010-02-21,2009,D,H,0.39360315621181813,0.33170674180525767,0.2746901019829242,2.4,3.3,3.0,H,2.4,False,-100.0
2010-02-21,2009,H,H,0.5886290016006195,0.2710742659529316,0.1402967324464489,1.95,3.25,4.33,H,1.95,True,95.0
2010-02-21,2009,H,H,0.5423303174594581,0.2745807631915118,0.18308891934903002,2.1,3.25,3.75,H,2.1,True,110.00000000000001
2010-02-21,2009,A,A,0.24815589088848405,0.31963702265835503,0.4322070864531608,3.75,3.5,2.0,A,2.0,True,100.0
2010-02-21,2009,H,H,0.7568939861050313,0.17699402307804188,0.06611199081692677,1.36,4.5,10.0,H,1.36,True,36.00000000000001
2010-02-23,2009,H,H,0.7930254737839174,0.16717070886576266,0.03980381735031992,1.2,6.5,15.0,H,1.2,True,19.999999999999996
2010-02-27,2009,H,H,0.4398026980020481,0.28033768238050755,0.27985961961744443,2.0,3.3,4.0,H,2.0,True,100.0
2010-02-27,2009,A,H,0.6326724626854314,0.2649003428447679,0.10242719446980068,1.44,4.33,7.5,H,1.44,False,-100.0
2010-02-27,2009,A,H,0.48402136135082025,0.24059912145513362,0.2753795171940462,2.0,3.4,3.8,H,2.0,False,-100.0
2010-02-27,2009,A,A,0.25939542637880897,0.26728794344163004,0.47331663017956094,5.0,3.6,1.73,A,1.73,True,73.0
2010-02-27,2009,H,H,0.5242439256182962,0.2637691344759654,0.2119869399057383,1.91,3.3,4.33,H,1.91,True,90.99999999999999
2010-02-28,2009,H,H,0.5052940605710194,0.32188096248773185,0.17282497694124865,2.0,3.4,4.0,H,2.0,True,100.0
2010-02-28,2009,H,H,0.6231837611250031,0.242865022852903,0.13395121602209392,1.36,4.75,9.0,H,1.36,True,36.00000000000001
2010-02-28,2009,D,A,0.34021308451898497,0.30629070716731555,0.3534962083136995,2.2,3.2,3.5,A,3.5,False,-100.0
2010-03-06,2009,A,A,0.03055513040413114,0.0960766210175737,0.8733682485782951,10.0,5.0,1.33,A,1.33,True,33.00000000000001
2010-03-06,2009,H,H,0.9227336274539989,0.06714677469720498,0.010119597848796244,1.14,7.5,21.0,H,1.14,True,13.99999999999999
2010-03-06,2009,A,H,0.5736601340477877,0.26839413758357017,0.15794572836864215,1.8,3.5,4.5,H,1.8,False,-100.0
2010-03-07,2009,H,H,0.774894782331237,0.16650750189431968,0.0585977157744433,1.36,4.5,10.0,H,1.36,True,36.00000000000001
2010-03-08,2009,H,A,0.11581495974056494,0.24941436204251405,0.6347706782169211,6.5,3.8,1.57,A,1.57,False,-100.0
2010-03-09,2009,A,H,0.42663196694699257,0.27260310646685415,0.30076492658615317,2.38,3.25,3.1,H,2.38,False,-100.0
2010-03-09,2009,H,H,0.42811758225930235,0.2841257553993237,0.28775666234137387,2.1,3.25,3.75,H,2.1,True,110.00000000000001
2010-03-10,2009,D,A,0.3602995400391203,0.2701963721807921,0.3695040877800876,2.5,3.3,2.88,A,2.88,False,-100.0
2010-03-13,2009,D,H,0.38962156709429974,0.28212886156316774,0.3282495713425325,3.0,3.25,2.4,H,3.0,False,-100.0
2010-03-13,2009,H,H,0.4989097525919967,0.2702686656931474,0.230821581714856,2.1,3.3,3.6,H,2.1,True,110.00000000000001
2010-03-13,2009,A,H,0.415754629203268,0.2756610982168942,0.30858427257983784,2.25,3.3,3.3,H,2.25,False,-100.0
2010-03-13,2009,H,H,0.793152160971685,0.16446156735707235,0.04238627167124273,1.22,6.0,15.0,H,1.22,True,21.999999999999996
2010-03-13,2009,A,A,0.048291806746743625,0.10662242357436146,0.8450857696788949,7.5,4.5,1.4,A,1.4,True,39.99999999999999
2010-03-13,2009,D,A,0.30864571118744644,0.28537370686608865,0.40598058194646486,3.3,3.25,2.25,A,2.25,False,-100.0
2010-03-13,2009,H,H,0.6692631532870184,0.2443537702288316,0.08638307648414999,1.44,4.33,7.5,H,1.44,True,43.99999999999999
2010-03-14,2009,D,A,0.28855097089349213,0.30370481356659684,0.407744215539911,3.6,3.4,2.1,A,2.1,False,-100.0
2010-03-14,2009,H,H,0.7785153897991051,0.18495380490379057,0.03653080529710443,1.22,6.0,15.0,H,1.22,True,21.999999999999996
2010-03-15,2009,H,H,0.7748131006074308,0.16309325200898311,0.0620936473835861,1.25,5.5,13.0,H,1.25,True,25.0
2010-03-16,2009,A,A,0.24615791789701533,0.28588435005166385,0.46795773205132085,3.6,3.3,2.1,A,2.1,True,110.00000000000001
2010-03-20,2009,H,H,0.8493261283493465,0.12292926962272692,0.027744602027926512,1.25,5.75,13.0,H,1.25,True,25.0
2010-03-20,2009,D,H,0.7046849151809735,0.22706153103029503,0.06825355378873141,1.4,4.33,9.0,H,1.4,False,-100.0
2010-03-20,2009,H,H,0.7005557988016126,0.19712832553815024,0.10231587566023731,1.53,3.8,7.0,H,1.53,True,53.0
2010-03-20,2009,H,H,0.5454069677298191,0.21152844419181777,0.2430645880783632,2.2,3.2,3.5,H,2.2,True,120.00000000000001
2010-03-20,2009,A,A,0.24653641299665843,0.286567978017718,0.46689560898562343,3.6,3.3,2.1,A,2.1,True,110.00000000000001
2010-03-20,2009,H,H,0.444852535823267,0.2941523310880331,0.2609951330886998,2.2,3.2,3.5,H,2.2,True,120.00000000000001
2010-03-20,2009,H,H,0.55776849805382,0.21109508972521748,0.23113641222096262,1.73,3.6,5.0,H,1.73,True,73.0
2010-03-21,2009,D,A,0.09886149093756827,0.14595275188440582,0.7551857571780259,7.5,4.33,1.44,A,1.44,False,-100.0
2010-03-21,2009,A,H,0.3642198551371135,0.30743877954704973,0.3283413653158367,3.1,3.25,2.38,H,3.1,False,-100.0
2010-03-21,2009,H,H,0.6305471560220292,0.25836040821248124,0.11109243576548959,1.67,3.75,5.5,H,1.67,True,67.0
2010-03-23,2009,A,H,0.5058522481940888,0.2660858140330074,0.22806193777290382,1.8,3.6,4.5,H,1.8,False,-100.0
2010-03-24,2009,A,A,0.02881113923995898,0.08077340615537607,0.890415454604665,12.0,5.0,1.3,A,1.3,True,30.000000000000004
2010-03-24,2009,A,H,0.47376194555083034,0.2745106327570317,0.25172742169213796,1.83,3.5,4.33,H,1.83,False,-100.0
2010-03-24,2009,H,H,0.5242167163030437,0.26452337518724517,0.21125990850971108,2.0,3.25,4.0,H,2.0,True,100.0
2010-03-24,2009,D,H,0.6344549890788566,0.2504827078828288,0.11506230303831459,1.53,3.8,7.0,H,1.53,False,-100.0
2010-03-27,2009,H,H,0.9054233833127484,0.07994150831844889,0.014635108368802763,1.2,6.0,17.0,H,1.2,True,19.999999999999996
2010-03-27,2009,H,A,0.3058871187775132,0.24269494056069668,0.45141794066179003,2.4,3.25,3.0,A,3.0,False,-100.0
2010-03-27,2009,A,H,0.41946467289415895,0.26201651735972487,0.31851880974611624,2.1,3.3,3.6,H,2.1,False,-100.0
2010-03-27,2009,A,A,0.06571222049711038,0.1387561131948327,0.7955316663080569,8.5,4.5,1.4,A,1.4,True,39.99999999999999
2010-03-27,2009,D,A,0.08751284277212465,0.15816618157487922,0.754320975652996,7.0,4.2,1.5,A,1.5,False,-100.0
2010-03-27,2009,H,H,0.7012759743845829,0.2029309863678696,0.09579303924754752,1.4,4.75,8.0,H,1.4,True,39.99999999999999
2010-03-27,2009,D,A,0.23410076681553868,0.24571985562949836,0.520179377554963,3.8,3.4,2.0,A,2.0,False,-100.0
2010-03-28,2009,H,H,0.659753876008544,0.23862086187260642,0.10162526211884959,1.3,5.25,11.0,H,1.3,True,30.000000000000004
2010-03-28,2009,A,H,0.35668910367709816,0.2951938542223617,0.3481170421005401,2.5,3.25,2.88,H,2.5,False,-100.0
2010-03-29,2009,H,H,0.7611797886576951,0.17400895552847834,0.06481125581382655,1.33,4.75,11.0,H,1.33,True,33.00000000000001
2010-04-03,2009,H,A,0.2505493743592956,0.27720887987027265,0.4722417457704318,3.6,3.3,2.1,A,2.1,False,-100.0
2010-04-03,2009,H,H,0.5699901701807926,0.19869883699909846,0.23131099282010895,1.8,3.5,4.5,H,1.8,True,80.0
2010-04-03,2009,D,A,0.3122888685710028,0.23012762494320452,0.45758350648579266,3.3,3.3,2.25,A,2.25,False,-100.0
2010-04-03,2009,A,H,0.5043659255416264,0.3005429469682217,0.19509112749015187,2.63,3.2,2.75,H,2.63,False,-100.0
2010-04-03,2009,A,A,0.13566529556243037,0.2026876895976036,0.6616470148399661,5.0,3.8,1.7,A,1.7,True,70.0
2010-04-03,2009,A,H,0.4254764266025781,0.21140786484457724,0.36311570855284464,2.88,3.25,2.5,H,2.88,False,-100.0
2010-04-03,2009,H,H,0.8539769223064299,0.12580463083510807,0.020218446858462174,1.22,6.0,15.0,H,1.22,True,21.999999999999996
2010-04-04,2009,D,A,0.22713199771760134,0.22702431384087182,0.5458436884415268,4.5,3.5,1.83,A,1.83,False,-100.0
2010-04-04,2009,D,H,0.7803475485015715,0.16050280997274646,0.05914964152568214,1.44,4.33,7.5,H,1.44,False,-100.0
2010-04-04,2009,H,H,0.4549589462107799,0.23442872224558542,0.31061233154363455,2.0,3.4,3.8,H,2.0,True,100.0
2010-04-10,2009,A,H,0.5306793778183744,0.21914490941353174,0.25017571276809386,1.73,3.6,5.0,H,1.73,False,-100.0
2010-04-10,2009,H,H,0.3896224502014317,0.2653496682773315,0.34502788152123676,2.0,3.4,3.8,H,2.0,True,100.0
2010-04-11,2009,H,H,0.7514036271305378,0.18601109407753375,0.06258527879192839,1.4,4.5,8.5,H,1.4,True,39.99999999999999
2010-04-11,2009,D,H,0.4183826873940946,0.2892655926414254,0.29235171996447995,2.3,3.25,3.2,H,2.3,False,-100.0
2010-04-11,2009,D,A,0.12370259656455712,0.19178964504210083,0.6845077583933421,6.5,4.0,1.53,A,1.53,False,-100.0
2010-04-11,2009,D,H,0.8021247644859136,0.16807344246472758,0.029801793049358788,1.29,5.0,13.0,H,1.29,False,-100.0
2010-04-13,2009,H,H,0.9084313892689203,0.07812154589671023,0.013447064834369341,1.14,8.0,19.0,H,1.14,True,13.99999999999999
2010-04-14,2009,D,H,0.6420203900417284,0.19134257602064114,0.1666370339376304,1.57,3.8,6.5,H,1.57,False,-100.0
2010-04-14,2009,D,H,0.43606172216209693,0.2665637724665516,0.29737450537135146,2.25,3.3,3.3,H,2.25,False,-100.0
2010-04-14,2009,H,H,0.3910853203959093,0.28416489452398225,0.32474978508010854,3.25,3.3,2.25,H,3.25,True,225.0
2010-04-17,2009,H,A,0.32329993816221947,0.272803119286162,0.4038969425516185,4.0,3.6,1.91,A,1.91,False,-100.0
2010-04-17,2009,H,H,0.6525491532740432,0.19944565065526493,0.14800519607069193,1.62,3.75,6.0,H,1.62,True,62.000000000000014
2010-04-17,2009,A,H,0.5030556431065369,0.29510449357522406,0.20183986331823905,2.1,3.25,3.75,H,2.1,False,-100.0
2010-04-17,2009,A,H,0.4343618673071645,0.28464809353531517,0.28099003915752035,2.88,3.5,2.4,H,2.88,False,-100.0
2010-04-17,2009,A,H,0.36708805422942764,0.3179958762222357,0.31491606954833673,2.8,3.25,2.6,H,2.8,False,-100.0
2010-04-17,2009,D,H,0.5649518851679025,0.2014412705874727,0.23360684424462483,1.73,3.6,5.0,H,1.73,False,-100.0
2010-04-17,2009,D,H,0.4467993830652073,0.30261716372267156,0.25058345321212117,2.1,3.25,3.75,H,2.1,False,-100.0
2010-04-18,2009,A,A,0.1901819285927781,0.18806927424090647,0.6217487971663156,5.5,3.75,1.67,A,1.67,True,67.0
2010-04-18,2009,H,A,0.12015493033644434,0.21823637168183432,0.6616086979817214,6.5,4.0,1.53,A,1.53,False,-100.0
2010-04-19,2009,H,H,0.7502723661387594,0.18846891651769707,0.06125871734354353,1.33,5.0,10.0,H,1.33,True,33.00000000000001
2010-04-21,2009,A,A,0.2591768347097127,0.2233109917163008,0.5175121735739864,3.5,3.4,2.1,A,2.1,True,110.00000000000001
2010-04-24,2009,D,H,0.4843740770383035,0.29432768951995414,0.22129823344174254,2.0,3.5,3.75,H,2.0,False,-100.0
2010-04-24,2009,D,H,0.6182977590924382,0.22079118672201858,0.16091105418554316,1.53,4.0,6.5,H,1.53,False,-100.0
2010-04-24,2009,A,H,0.36706122333710417,0.2684023043237684,0.36453647233912745,2.38,3.4,3.0,H,2.38,False,-100.0
2010-04-24,2009,H,H,0.448193968060759,0.2585119878530379,0.29329404408620297,1.83,3.6,4.33,H,1.83,True,83.0
2010-04-24,2009,D,H,0.38104006441885846,0.29767292997931694,0.32128700560182455,2.2,3.25,3.4,H,2.2,False,-100.0
2010-04-24,2009,H,H,0.5530322633539593,0.2760556511627547,0.1709120854832861,1.5,4.2,7.0,H,1.5,True,50.0
2010-04-25,2009,H,H,0.7134764553860158,0.18385856261092579,0.10266498200305857,1.62,3.75,6.0,H,1.62,True,62.000000000000014
2010-04-25,2009,A,A,0.1294228586994764,0.2033926833015185,0.667184457999005,5.5,4.0,1.62,A,1.62,True,62.000000000000014
2010-04-25,2009,H,H,0.8980619307541783,0.09125063493892017,0.010687434306901637,1.14,8.0,21.0,H,1.14,True,13.99999999999999
2010-04-25,2009,H,H,0.7395328774932381,0.21012604136796828,0.050341081138793486,1.36,4.5,10.0,H,1.36,True,36.00000000000001
2010-05-01,2009,D,A,0.26956719049977895,0.23200603102590237,0.49842677847431877,3.6,3.3,2.1,A,2.1,False,-100.0
2010-05-01,2009,H,H,0.3946243754285417,0.34518752963129196,0.2601880949401663,2.38,3.25,3.1,H,2.38,True,138.0
2010-05-01,2009,H,H,0.7378056298426653,0.17476693280841693,0.0874274373489177,1.29,5.5,10.0,H,1.29,True,29.000000000000004
2010-05-01,2009,H,H,0.6388843173130171,0.17836231403507133,0.18275336865191155,1.5,4.2,7.0,H,1.5,True,50.0
2010-05-01,2009,H,H,0.4865269013526484,0.3112463429902019,0.20222675565714973,1.83,3.6,4.33,H,1.83,True,83.0
2010-05-02,2009,A,A,0.06441159483535658,0.13465556115550886,0.8009328440091346,9.5,4.75,1.36,A,1.36,True,36.00000000000001
2010-05-02,2009,H,H,0.4206801633995849,0.25069543900806746,0.32862439759234774,2.38,3.25,3.1,H,2.38,True,138.0
2010-05-02,2009,A,A,0.3093535403292261,0.29061916208586336,0.4000272975849105,4.0,3.8,1.83,A,1.83,True,83.0
2010-05-03,2009,H,A,0.3287171289168939,0.30744758331419314,0.36383528776891294,3.5,3.4,2.1,A,2.1,False,-100.0
2010-05-03,2009,D,H,0.5968046095798346,0.23345160651642374,0.16974378390374162,1.8,3.6,4.5,H,1.8,False,-100.0
2010-05-05,2009,A,H,0.5304584882228504,0.2205817910998775,0.24895972067727215,2.1,3.3,3.6,H,2.1,False,-100.0
2010-05-05,2009,A,H,0.546147343332024,0.24670671570747324,0.20714594096050273,2.0,3.4,3.8,H,2.0,False,-100.0
2010-05-09,2009,H,H,0.461591306730926,0.2789877232616015,0.25942097000747244,2.25,3.3,3.3,H,2.25,True,125.0
2010-05-09,2009,H,H,0.7139710983460731,0.1900597824893847,0.09596911916454218,1.2,7.0,13.0,H,1.2,True,19.999999999999996
2010-05-09,2009,H,H,0.8993976290282784,0.08376825740928344,0.01683411356243817,1.1,10.0,23.0,H,1.1,True,10.000000000000009
2010-05-09,2009,A,H,0.6131122978840409,0.24095420065490328,0.14593350146105583,1.57,4.0,6.0,H,1.57,False,-100.0
2010-05-09,2009,H,A,0.07736305665260022,0.13462117626459985,0.7880157670828,7.0,4.2,1.5,A,1.5,False,-100.0
2010-05-09,2009,H,H,0.3497677160699427,0.3065428736654259,0.3436894102646315,2.25,3.4,3.25,H,2.25,True,125.0
2010-05-09,2009,H,H,0.9184236798435349,0.07369335226062602,0.007882967895839083,1.13,8.0,23.0,H,1.13,True,12.99999999999999
2010-05-09,2009,D,A,0.26904722450940494,0.2738959667153383,0.45705680877525684,4.0,3.6,1.91,A,1.91,False,-100.0
2010-05-09,2009,D,A,0.11154107552801629,0.224778245710401,0.6636806787615825,6.5,3.8,1.57,A,1.57,False,-100.0
2010-05-09,2009,H,H,0.735306681575654,0.19091198275429055,0.07378133567005542,1.29,5.5,11.0,H,1.29,True,29.000000000000004
2010-08-14,2010,D,H,0.5136764456977779,0.29469514382419754,0.1916284104780246,2.4,3.3,3.0,H,2.4,False,-100.0
2010-08-14,2010,D,H,0.4869048390868963,0.2815408252492502,0.23155433566385353,2.1,3.3,3.6,H,2.1,False,-100.0
2010-08-14,2010,H,H,0.5226902365576286,0.2286430490132104,0.24866671442916102,2.3,3.25,3.2,H,2.3,True,129.99999999999997
2010-08-14,2010,D,H,0.5281280633203406,0.2635011393249202,0.20837079735473918,2.2,3.3,3.4,H,2.2,False,-100.0
2010-08-14,2010,H,H,0.35213647640636686,0.30623580431742,0.3416277192762132,2.88,3.25,2.5,H,2.88,True,188.0
2010-08-14,2010,H,H,0.5799936173328364,0.23362088700047423,0.18638549566668933,2.0,3.3,4.0,H,2.0,True,100.0
2010-08-14,2010,H,H,0.8493281316505078,0.13586957594005658,0.014802292409435546,1.17,7.0,17.0,H,1.17,True,16.999999999999993
2010-08-15,2010,D,H,0.46649879455949106,0.3055901072527489,0.22791109818776004,2.5,3.25,2.88,H,2.5,False,-100.0
2010-08-16,2010,H,H,0.8589792996503692,0.12810268769695132,0.012918012652679384,1.25,5.5,15.0,H,1.25,True,25.0
2010-08-21,2010,A,A,0.25948928372749513,0.2444931696253329,0.4960175466471719,3.4,3.3,2.2,A,2.2,True,120.00000000000001
2010-08-21,2010,H,H,0.8040353958946782,0.16792318977240148,0.028041414332920372,1.17,7.0,19.0,H,1.17,True,16.999999999999993
2010-08-21,2010,H,H,0.4394856790187907,0.27694554023760853,0.2835687807436007,2.2,3.25,3.4,H,2.2,True,120.00000000000001
2010-08-21,2010,D,H,0.6990264280402998,0.21201499052841571,0.08895858143128454,1.5,4.0,7.0,H,1.5,False,-100.0
2010-08-21,2010,A,A,0.007448635204336597,0.04341506626147093,0.9491362985341925,15.0,6.0,1.22,A,1.22,True,21.999999999999996
2010-08-21,2010,H,H,0.42398442101643474,0.2519987628655075,0.3240168161180579,2.5,3.25,2.88,H,2.5,True,150.0
2010-08-21,2010,A,H,0.3618342085056822,0.28254441438901656,0.35562137710530123,2.25,3.3,3.25,H,2.25,False,-100.0
2010-08-22,2010,D,A,0.09897010369555788,0.16948010936673888,0.7315497869377031,6.0,4.0,1.57,A,1.57,False,-100.0
2010-08-22,2010,H,A,0.26700034892452174,0.30125118587566685,0.43174846519981147,3.2,3.25,2.3,A,2.3,False,-100.0
2010-08-23,2010,H,H,0.413504143582238,0.32376799786591354,0.2627278585518485,2.38,3.25,3.1,H,2.38,True,138.0
2010-08-28,2010,D,H,0.4741340687910385,0.2916323223818118,0.23423360882714966,2.4,3.2,3.1,H,2.4,False,-100.0
2010-08-28,2010,A,H,0.8963104590449456,0.07588886987431863,0.027800671080735726,1.25,5.75,13.0,H,1.25,False,-100.0
2010-08-28,2010,H,H,0.9202509999028708,0.06773669734310275,0.012012302754026436,1.14,8.0,19.0,H,1.14,True,13.99999999999999
2010-08-28,2010,D,H,0.38962261274789906,0.23029195554750187,0.3800854317045991,3.2,3.25,2.3,H,3.2,False,-100.0
2010-08-28,2010,A,A,0.1745075325808979,0.2631461171689541,0.562346350250148,6.0,4.0,1.57,A,1.57,True,57.00000000000001
2010-08-28,2010,H,H,0.9366679797333852,0.05945165496218381,0.003880365304430913,1.11,9.0,23.0,H,1.11,True,11.00000000000001
2010-08-29,2010,H,H,0.8186429860905674,0.14032360127669005,0.04103341263274262,1.22,6.0,15.0,H,1.22,True,21.999999999999996
2010-08-29,2010,H,A,0.19802775028681116,0.275553270235111,0.5264189794780778,4.5,3.5,1.83,A,1.83,False,-100.0
2010-08-29,2010,H,H,0.396644767142818,0.29634481399404994,0.30701041886313196,2.5,3.25,2.88,H,2.5,True,150.0
2010-08-29,2010,D,H,0.5225242462832727,0.2700228454088752,0.20745290830785215,2.1,3.3,3.6,H,2.1,False,-100.0
2010-09-11,2010,D,A,0.2552602457027814,0.3131024101658022,0.4316373441314164,3.75,3.25,2.1,A,2.1,False,-100.0
2010-09-11,2010,D,H,0.47707161420440886,0.22442219205307096,0.2985061937425201,2.5,3.25,2.88,H,2.5,False,-100.0
2010-09-11,2010,A,A,0.021887012636508957,0.08783236642401471,0.8902806209394764,10.0,5.0,1.33,A,1.33,True,33.00000000000001
2010-09-11,2010,A,H,0.5985913884652299,0.19645536724057674,0.20495324429419345,1.57,4.0,6.0,H,1.57,False,-100.0
2010-09-11,2010,D,H,0.6724761489206438,0.22060461067210793,0.10691924040724834,1.33,5.0,10.0,H,1.33,False,-100.0
2010-09-11,2010,H,H,0.4747189841348863,0.2554519713528435,0.2698290445122703,1.83,3.5,4.5,H,1.83,True,83.0
2010-09-11,2010,D,A,0.2485912701415293,0.31327921229873434,0.43812951755973645,4.2,3.4,1.91,A,1.91,False,-100.0
2010-09-11,2010,H,H,0.8025730321946468,0.16357837777937187,0.033848590025981375,1.25,5.5,13.0,H,1.25,True,25.0
2010-09-12,2010,D,H,0.4167780501969925,0.2881289842457944,0.2950929655572131,3.1,3.2,2.4,H,3.1,False,-100.0
2010-09-13,2010,H,A,0.3716908159676147,0.2536689016559569,0.3746402823764284,2.5,3.25,2.88,A,2.88,False,-100.0
2010-09-18,2010,A,H,0.6318949302467638,0.25306040120205636,0.11504466855117991,1.62,3.75,6.0,H,1.62,False,-100.0
2010-09-18,2010,D,H,0.5197403614550449,0.24684920956617368,0.23341042897878148,1.8,3.6,4.5,H,1.8,False,-100.0
2010-09-18,2010,D,H,0.48865921872851537,0.2523690484649725,0.25897173280651214,2.0,3.3,4.0,H,2.0,False,-100.0
2010-09-18,2010,D,H,0.5655600100885944,0.21061844148393083,0.22382154842747476,1.91,3.4,4.2,H,1.91,False,-100.0
2010-09-18,2010,H,H,0.7083915073520926,0.20003854036430238,0.09156995228360512,1.4,4.5,8.5,H,1.4,True,39.99999999999999
2010-09-18,2010,H,H,0.4480945376626447,0.25905444047128584,0.2928510218660695,2.25,3.3,3.25,H,2.25,True,125.0
2010-09-18,2010,D,A,0.11227071914010218,0.22590625044835236,0.6618230304115456,5.5,3.7,1.67,A,1.67,False,-100.0
2010-09-19,2010,H,H,0.9565830117330132,0.04100605796113454,0.002410930305852405,1.1,9.0,26.0,H,1.1,True,10.000000000000009
2010-09-19,2010,H,H,0.6692267878476986,0.24075584720661367,0.0900173649456877,1.7,3.5,5.5,H,1.7,True,70.0
2010-09-19,2010,A,A,0.21204491206370144,0.2577722645260474,0.5301828234102512,5.0,3.6,1.73,A,1.73,True,73.0
2010-09-25,2010,A,H,0.8815381626258981,0.10028800452975813,0.018173832844343814,1.22,6.0,15.0,H,1.22,False,-100.0
2010-09-25,2010,D,H,0.5627505977454509,0.2023453453996848,0.2349040568548643,1.83,3.5,4.5,H,1.83,False,-100.0
2010-09-25,2010,A,H,0.3856524314414925,0.26040371978645377,0.35394384877205365,3.2,3.25,2.3,H,3.2,False,-100.0
2010-09-25,2010,H,A,0.21014102644488122,0.28655328966034077,0.503305683894778,3.5,3.4,2.1,A,2.1,False,-100.0
2010-09-25,2010,D,H,0.6325148417765345,0.22780887039845285,0.13967628782501262,1.44,4.33,7.5,H,1.44,False,-100.0
2010-09-25,2010,H,A,0.26607030557443184,0.28648640978264844,0.4474432846429196,3.6,3.3,2.1,A,2.1,False,-100.0
2010-09-25,2010,D,H,0.4291752543237356,0.3045259664458422,0.26629877923042217,2.75,3.2,2.63,H,2.75,False,-100.0
2010-09-26,2010,D,A,0.12293284838954754,0.18366656103575693,0.6934005905746955,7.5,4.0,1.5,A,1.5,False,-100.0
2010-09-26,2010,A,H,0.5652063274729536,0.256830277689845,0.17796339483720133,1.91,3.4,4.2,H,1.91,False,-100.0
2010-09-26,2010,A,A,0.3473381779933079,0.24035315108549984,0.4123086709211923,2.88,3.25,2.5,A,2.5,True,150.0
2010-10-02,2010,D,A,0.19648457697322672,0.23355649763431707,0.5699589253924561,5.0,3.5,1.75,A,1.75,False,-100.0
2010-10-02,2010,A,H,0.3751999537519232,0.3217388557415797,0.30306119050649716,2.88,3.1,2.63,H,2.88,False,-100.0
2010-10-02,2010,H,H,0.4981959228933934,0.28241355054028316,0.21939052656632335,2.25,3.2,3.4,H,2.25,True,125.0
2010-10-02,2010,H,H,0.4936572178979262,0.2909552914774102,0.2153874906246636,2.25,3.25,3.3,H,2.25,True,125.0
2010-10-02,2010,H,H,0.5652257348497185,0.2373139507701442,0.19746031438013736,1.91,3.5,4.0,H,1.91,True,90.99999999999999
2010-10-02,2010,D,H,0.5454265575977522,0.26086314941874933,0.19371029298349848,2.1,3.25,3.75,H,2.1,False,-100.0
2010-10-02,2010,D,H,0.47570349868047845,0.25520151016755804,0.2690949911519635,2.25,3.25,3.3,H,2.25,False,-100.0
2010-10-03,2010,H,H,0.6827976607606742,0.24296911858135473,0.07423322065797112,1.44,4.0,8.5,H,1.44,True,43.99999999999999
2010-10-03,2010,A,H,0.7425010710806212,0.15996338259993692,0.0975355463194418,1.33,5.0,10.0,H,1.33,False,-100.0
2010-10-03,2010,H,H,0.5728711308582884,0.2759062149823729,0.15122265415933855,1.73,3.6,5.0,H,1.73,True,73.0
2010-10-16,2010,A,A,0.3364830857281076,0.3227989930889755,0.34071792118291694,2.88,3.25,2.5,A,2.5,True,150.0
2010-10-16,2010,H,H,0.8061305187557021,0.14274653597097373,0.051122945273324144,1.29,5.5,11.0,H,1.29,True,29.000000000000004
2010-10-16,2010,H,H,0.44004774820151965,0.25884310341037864,0.3011091483881016,2.2,3.2,3.5,H,2.2,True,120.00000000000001
2010-10-16,2010,D,H,0.46622147883379234,0.2817736808446131,0.25200484032159465,1.83,3.5,4.5,H,1.83,False,-100.0
2010-10-16,2010,D,H,0.7741214075226093,0.16217729419380036,0.06370129828359042,1.25,5.75,12.0,H,1.25,False,-100.0
2010-10-16,2010,D,A,0.374668575680575,0.2406699825228522,0.38466144179657275,2.25,3.2,3.4,A,3.4,False,-100.0
2010-10-16,2010,D,A,0.20611685316177927,0.24545682691814988,0.5484263199200708,5.0,3.6,1.73,A,1.73,False,-100.0
2010-10-17,2010,A,A,0.165227034656072,0.24704679326846374,0.5877261720754643,5.5,4.0,1.62,A,1.62,True,62.000000000000014
2010-10-17,2010,H,H,0.47153719136267797,0.2619624059854804,0.26650040265184155,2.4,3.25,3.0,H,2.4,True,140.0
2010-10-18,2010,D,H,0.46266134901823686,0.2741801741912844,0.26315847679047877,2.1,3.3,3.6,H,2.1,False,-100.0
2010-10-23,2010,H,H,0.4040971011539711,0.3083919522464976,0.2875109465995313,2.4,3.25,3.0,H,2.4,True,140.0
2010-10-23,2010,D,H,0.4561017782726218,0.29079256743730975,0.2531056542900683,2.38,3.25,3.1,H,2.38,False,-100.0
2010-10-23,2010,H,H,0.5523123610262586,0.24046202573573533,0.20722561323800612,2.2,3.25,3.4,H,2.2,True,120.00000000000001
2010-10-23,2010,D,H,0.5525250935834243,0.28901475510789787,0.15846015130867788,2.1,3.25,3.75,H,2.1,False,-100.0
2010-10-23,2010,A,H,0.4759104183678052,0.29100318944354825,0.23308639218864652,2.38,3.25,3.1,H,2.38,False,-100.0
2010-10-23,2010,H,H,0.8902165935018854,0.09364753201078796,0.016135874487326663,1.13,8.5,19.0,H,1.13,True,12.99999999999999
2010-10-23,2010,H,H,0.4249260493411702,0.23971390918850866,0.3353600414703213,1.83,3.6,4.33,H,1.83,True,83.0
2010-10-24,2010,A,H,0.5330290531026243,0.2530127948454679,0.21395815205190782,2.5,3.2,2.9,H,2.5,False,-100.0
2010-10-24,2010,A,A,0.26839466560242964,0.23050101552594432,0.501104318871626,5.5,3.75,1.67,A,1.67,True,67.0
2010-10-24,2010,H,H,0.5053127022685567,0.31216718948267447,0.18252010824876885,1.67,3.6,5.5,H,1.67,True,67.0
2010-10-30,2010,H,H,0.5691299578558726,0.24967126123876113,0.18119878090536626,1.57,4.0,6.0,H,1.57,True,57.00000000000001
2010-10-30,2010,H,H,0.3918151194637526,0.31226499828458565,0.2959198822516617,1.91,3.4,4.2,H,1.91,True,90.99999999999999
2010-10-30,2010,H,H,0.6228885135979462,0.24920039159384902,0.1279110948082048,1.57,3.75,6.5,H,1.57,True,57.00000000000001
2010-10-30,2010,H,H,0.8569784689508814,0.11970942050074504,0.02331211054837356,1.17,7.0,17.0,H,1.17,True,16.999999999999993
2010-10-30,2010,H,A,0.14908757325082406,0.2045896456936655,0.6463227810555104,5.5,3.4,1.73,A,1.73,False,-100.0
2010-10-30,2010,A,A,0.08275076416352478,0.18129117623431087,0.7359580596021644,7.5,4.33,1.44,A,1.44,True,43.99999999999999
2010-10-31,2010,A,H,0.3871742694861416,0.25796180519519224,0.3548639253186662,3.4,3.25,2.2,H,3.4,False,-100.0
2010-10-31,2010,H,H,0.48237651973442564,0.27405307018510305,0.24357041008047126,2.2,3.2,3.5,H,2.2,True,120.00000000000001
2010-10-31,2010,D,H,0.5391543073613738,0.25760632990990556,0.2032393627287206,1.8,3.6,4.5,H,1.8,False,-100.0
2010-11-01,2010,H,A,0.31786124816984745,0.23613618574212808,0.44600256608802447,2.9,3.25,2.5,A,2.5,False,-100.0
2010-11-06,2010,H,H,0.5063549504986602,0.27330674404737454,0.2203383054539652,2.1,3.2,3.75,H,2.1,True,110.00000000000001
2010-11-06,2010,H,H,0.8248609509098949,0.1504230230362879,0.024716026053817147,1.22,6.0,15.0,H,1.22,True,21.999999999999996
2010-11-06,2010,H,A,0.35121520340828843,0.2967222631306085,0.35206253346110306,3.0,3.3,2.4,A,2.4,False,-100.0
2010-11-06,2010,D,H,0.4186498300581115,0.3352856829154678,0.24606448702642064,2.2,3.25,3.4,H,2.2,False,-100.0
2010-11-06,2010,H,H,0.43733756351224196,0.27928072344761423,0.2833817130401438,1.8,3.6,4.5,H,1.8,True,80.0
2010-11-06,2010,D,H,0.4651224793043178,0.30729900575944585,0.2275785149362363,1.91,3.4,4.2,H,1.91,False,-100.0
2010-11-06,2010,D,A,0.2326225216084334,0.28615318605225915,0.48122429233930764,4.5,3.6,1.8,A,1.8,False,-100.0
2010-11-07,2010,H,A,0.3145613275503952,0.29186338545104895,0.3935752869985559,3.8,3.4,2.0,A,2.0,False,-100.0
2010-11-07,2010,A,H,0.7872296873265816,0.15702089123258367,0.05574942144083468,1.29,5.5,11.0,H,1.29,False,-100.0
2010-11-07,2010,A,A,0.3303080836338204,0.2652195452274623,0.40447237113871726,3.6,3.3,2.1,A,2.1,True,110.00000000000001
2010-11-09,2010,D,H,0.6235079240988778,0.22754880540813235,0.1489432704929898,1.53,4.0,6.5,H,1.53,False,-100.0
2010-11-09,2010,H,H,0.4344882410159086,0.29830862861598656,0.26720313036810484,2.1,3.2,3.75,H,2.1,True,110.00000000000001
2010-11-10,2010,D,H,0.4031415490301497,0.2654685716750045,0.33138987929484576,2.3,3.25,3.2,H,2.3,False,-100.0
2010-11-10,2010,A,A,0.15547008954925984,0.25551681566567,0.5890130947850702,5.5,3.6,1.67,A,1.67,True,67.0
2010-11-10,2010,D,A,0.2334670525370579,0.28503305955097935,0.4814998879119628,4.75,3.6,1.75,A,1.75,False,-100.0
2010-11-10,2010,A,H,0.5988126183568537,0.24730274193424134,0.1538846397089049,1.91,3.4,4.2,H,1.91,False,-100.0
2010-11-10,2010,H,H,0.8463111104025768,0.12429830199514588,0.029390587602277383,1.2,6.5,15.0,H,1.2,True,19.999999999999996
2010-11-10,2010,D,H,0.6622653502115856,0.21976053056701628,0.11797411922139803,1.62,3.75,6.0,H,1.62,False,-100.0
2010-11-10,2010,H,H,0.5497791180846973,0.23510048183585427,0.21512040007944846,1.62,3.75,6.0,H,1.62,True,62.000000000000014
2010-11-10,2010,D,H,0.41530403792021997,0.256501432020764,0.3281945300590161,2.63,3.25,2.75,H,2.63,False,-100.0
2010-11-13,2010,H,H,0.6456696210742118,0.21876073482598593,0.13556964409980224,1.57,3.8,6.5,H,1.57,True,57.00000000000001
2010-11-13,2010,D,H,0.4691214232645658,0.21792131605263113,0.3129572606828031,1.91,3.6,4.0,H,1.91,False,-100.0
2010-11-13,2010,H,A,0.24344451155034033,0.27137993237498026,0.48517555607467944,3.75,3.25,2.1,A,2.1,False,-100.0
2010-11-13,2010,H,H,0.42511195805254376,0.24927989521768976,0.32560814672976657,2.5,3.25,2.88,H,2.5,True,150.0
2010-11-13,2010,D,H,0.6836905140854995,0.21293770200675766,0.10337178390774282,1.4,4.5,8.5,H,1.4,False,-100.0
2010-11-13,2010,D,A,0.23150540421801352,0.24980351587042596,0.5186910799115606,4.5,3.6,1.8,A,1.8,False,-100.0
2010-11-13,2010,D,H,0.5683962684305771,0.2653082640114388,0.1662954675579842,1.91,3.4,4.2,H,1.91,False,-100.0
2010-11-13,2010,A,H,0.4308514773747607,0.2641439547810087,0.3050045678442307,2.4,3.1,3.2,H,2.4,False,-100.0
2010-11-14,2010,A,H,0.8503807411015097,0.12795338454764887,0.021665874350841417,1.22,5.75,15.0,H,1.22,False,-100.0
2010-11-14,2010,A,D,0.33504681604573155,0.33740640654038134,0.327546777413887,3.4,3.3,2.2,D,3.3,False,-100.0
2010-11-20,2010,A,H,0.6640458524323145,0.21921983620143126,0.11673431136625416,1.62,4.0,5.5,H,1.62,False,-100.0
2010-11-20,2010,H,H,0.4479506245110574,0.2795804564137017,0.2724689190752409,2.5,3.3,2.88,H,2.5,True,150.0
2010-11-20,2010,H,A,0.21222255498666118,0.24338684025439203,0.5443906047589468,5.0,3.6,1.73,A,1.73,False,-100.0
2010-11-20,2010,H,H,0.6943694373368882,0.21114278153695948,0.09448778112615225,1.57,3.8,6.5,H,1.57,True,57.00000000000001
2010-11-20,2010,H,H,0.4610939885651572,0.29373802036905067,0.24516799106579215,2.1,3.3,3.6,H,2.1,True,110.00000000000001
2010-11-20,2010,H,H,0.8447938493109287,0.13323182675873177,0.021974323930339552,1.22,6.0,15.0,H,1.22,True,21.999999999999996
2010-11-20,2010,A,H,0.4657284915649354,0.2736264307173185,0.26064507771774603,2.2,3.2,3.5,H,2.2,False,-100.0
2010-11-21,2010,H,H,0.4225080385843162,0.2862181668506266,0.2912737945650572,2.3,3.25,3.25,H,2.3,True,129.99999999999997
2010-11-21,2010,A,H,0.3597836880653448,0.3225814543816696,0.31763485755298565,3.2,3.1,2.4,H,3.2,False,-100.0
2010-11-22,2010,D,H,0.4472592191245205,0.3032919226793274,0.24944885819615198,2.6,3.2,2.8,H,2.6,False,-100.0
2010-11-27,2010,D,H,0.47997425993299364,0.3050709065346988,0.21495483353230763,2.0,3.3,4.0,H,2.0,False,-100.0
2010-11-27,2010,A,A,0.3263236720195611,0.2937069573924334,0.3799693705880055,3.4,3.3,2.2,A,2.2,True,120.00000000000001
2010-11-27,2010,D,H,0.6080312847223108,0.21997518765994142,0.17199352761774775,1.57,4.2,5.5,H,1.57,False,-100.0
2010-11-27,2010,A,H,0.7163385572584464,0.19609685942280877,0.08756458331874475,1.57,3.8,6.5,H,1.57,False,-100.0
2010-11-27,2010,H,H,0.3990574227736212,0.23312918094756363,0.3678133962788151,2.6,3.2,2.8,H,2.6,True,160.0
2010-11-27,2010,H,H,0.8394275104070412,0.12799904623113684,0.03257344336182181,1.25,5.5,13.0,H,1.25,True,25.0
2010-11-27,2010,D,H,0.3480953030105146,0.3180397715167271,0.33386492547275837,3.4,3.25,2.2,H,3.4,False,-100.0
2010-11-27,2010,H,H,0.4276386656602564,0.26445977267205983,0.30790156166768384,2.0,3.5,3.75,H,2.0,True,100.0
2010-11-28,2010,D,A,0.23634162198040118,0.23316589173483304,0.5304924862847659,5.0,3.6,1.73,A,1.73,False,-100.0
2010-11-28,2010,H,H,0.5117271395368674,0.2583574719210131,0.2299153885421195,2.0,3.4,3.8,H,2.0,True,100.0
2010-12-04,2010,D,A,0.2610702796373229,0.23113469346055324,0.5077950269021239,3.5,3.4,2.1,A,2.1,False,-100.0
2010-12-04,2010,H,H,0.7947788660775968,0.1686930730343366,0.036528060888066594,1.29,5.25,12.0,H,1.29,True,29.000000000000004
2010-12-04,2010,H,H,0.6028889357845848,0.22219186650660594,0.17491919770880926,1.73,3.6,5.0,H,1.73,True,73.0
2010-12-04,2010,D,A,0.3447918602384602,0.2923115132146127,0.3628966265469271,2.75,3.2,2.63,A,2.63,False,-100.0
2010-12-04,2010,H,H,0.6070787969194525,0.21749577183203908,0.17542543124850837,1.53,4.0,6.5,H,1.53,True,53.0
2010-12-04,2010,D,H,0.7075284925600103,0.1979556709348311,0.09451583650515856,1.36,4.75,9.0,H,1.36,False,-100.0
2010-12-05,2010,H,H,0.586964940723067,0.23976193157813136,0.17327312769880165,1.83,3.5,4.5,H,1.83,True,83.0
2010-12-05,2010,H,H,0.47312280566656195,0.2516210403777327,0.2752561539557054,2.25,3.3,3.25,H,2.25,True,125.0
2010-12-06,2010,H,H,0.6196803845907637,0.2319060350838695,0.14841358032536678,1.62,3.75,6.0,H,1.62,True,62.000000000000014
2010-12-11,2010,A,A,0.1952887557993824,0.277201844095821,0.5275094001047965,4.5,3.6,1.8,A,1.8,True,80.0
2010-12-11,2010,H,A,0.22458815682967884,0.2566651687150024,0.5187466744553187,3.8,3.4,2.0,A,2.0,False,-100.0
2010-12-11,2010,A,H,0.6361736253105046,0.22109404174281663,0.14273233294667884,1.62,4.0,5.5,H,1.62,False,-100.0
2010-12-11,2010,D,H,0.6781668654166721,0.21388228131391004,0.10795085326941785,1.4,4.5,9.0,H,1.4,False,-100.0
2010-12-11,2010,H,H,0.4830341529806109,0.2276164626089252,0.289349384410464,2.1,3.3,3.6,H,2.1,True,110.00000000000001
2010-12-11,2010,D,H,0.3731145271079085,0.2641792402159633,0.3627062326761283,2.2,3.25,3.4,H,2.2,False,-100.0
2010-12-12,2010,D,H,0.5428284811792802,0.24859246149989925,0.20857905732082055,2.8,3.25,2.6,H,2.8,False,-100.0
2010-12-12,2010,H,H,0.5596463840218836,0.2266456650841977,0.21370795089391867,2.0,3.3,4.0,H,2.0,True,100.0
2010-12-12,2010,H,H,0.45139495374190153,0.2640034316220574,0.28460161463604106,2.4,3.25,3.0,H,2.4,True,140.0
2010-12-13,2010,H,H,0.5491363472313092,0.23801957638790308,0.21284407638078773,2.0,3.4,3.8,H,2.0,True,100.0
2010-12-18,2010,D,H,0.6104498936272543,0.18877265592232773,0.2007774504504179,1.8,3.6,4.5,H,1.8,False,-100.0
2010-12-18,2010,H,H,0.49346243808381,0.26114481609663004,0.24539274581955983,2.2,3.2,3.5,H,2.2,True,120.00000000000001
2010-12-20,2010,A,H,0.6611874870982223,0.22234846195691196,0.11646405094486578,1.73,3.6,5.0,H,1.73,False,-100.0
2010-12-26,2010,A,A,0.2872884877324277,0.2233197641579415,0.4893917481096308,3.2,3.3,2.3,A,2.3,True,129.99999999999997
2010-12-26,2010,A,H,0.46083146062709146,0.26617713265575105,0.2729914067171575,2.3,3.2,3.2,H,2.3,False,-100.0
2010-12-26,2010,A,A,0.2743099130811098,0.26128120677584965,0.46440888014304055,3.25,3.25,2.25,A,2.25,True,125.0
2010-12-26,2010,H,H,0.5287830849424114,0.27583409884571597,0.19538281621187248,2.1,3.25,3.75,H,2.1,True,110.00000000000001
2010-12-26,2010,H,H,0.7806214165042563,0.16235533743770517,0.05702324605803852,1.29,5.5,11.0,H,1.29,True,29.000000000000004
2010-12-26,2010,A,H,0.5490267838495498,0.23162058104867503,0.2193526351017751,2.1,3.3,3.6,H,2.1,False,-100.0
2010-12-26,2010,A,H,0.5633438423256271,0.216740656038111,0.21991550163626192,1.91,3.4,4.2,H,1.91,False,-100.0
2010-12-27,2010,H,H,0.49630079871930094,0.28645688061964886,0.21724232066105018,2.63,3.2,2.75,H,2.63,True,163.0
2010-12-28,2010,A,H,0.5917269979685253,0.26610319818502587,0.14216980384644876,1.83,3.4,4.75,H,1.83,False,-100.0
2010-12-28,2010,D,A,0.3587338727933566,0.26261004210940486,0.3786560850972385,3.4,3.2,2.25,A,2.25,False,-100.0
2010-12-28,2010,A,H,0.5829278715290611,0.22935734953242298,0.18771477893851593,1.83,3.5,4.5,H,1.83,False,-100.0
2010-12-28,2010,A,H,0.5718097424860203,0.2620976488573867,0.1660926086565929,1.62,3.75,6.0,H,1.62,False,-100.0
2010-12-28,2010,H,H,0.7263304940447712,0.1701519860860034,0.10351751986922537,1.53,4.0,6.5,H,1.53,True,53.0
2010-12-28,2010,H,H,0.7511664233697989,0.18013536282496334,0.06869821380523775,1.44,4.2,8.0,H,1.44,True,43.99999999999999
2010-12-28,2010,D,A,0.0714264260369791,0.17531765502766833,0.7532559189353526,6.5,4.33,1.5,A,1.5,False,-100.0
2010-12-29,2010,D,A,0.12593464614520816,0.1802446423019333,0.6938207115528586,6.5,4.2,1.5,A,1.5,False,-100.0
2010-12-29,2010,H,H,0.684184149785628,0.21327926891438534,0.1025365812999866,1.29,5.5,11.0,H,1.29,True,29.000000000000004
2010-12-29,2010,A,H,0.7134805450505219,0.20448430010084306,0.08203515484863493,1.33,5.0,10.0,H,1.33,False,-100.0
2011-01-01,2010,H,H,0.5417858995549196,0.28667380225259265,0.17154029819248778,1.7,3.75,5.0,H,1.7,True,70.0
2011-01-01,2010,A,A,0.1324122415325203,0.22278934696695926,0.6447984115005204,6.0,4.2,1.53,A,1.53,True,53.0
2011-01-01,2010,H,H,0.3953266140281881,0.30591248116962266,0.29876090480218936,2.0,3.4,3.8,H,2.0,True,100.0
2011-01-01,2010,H,H,0.5087016563520095,0.31754446527559266,0.1737538783723979,1.83,3.5,4.5,H,1.83,True,83.0
2011-01-01,2010,H,H,0.701574490997314,0.22732821080145704,0.07109729820122906,1.4,4.5,8.5,H,1.4,True,39.99999999999999
2011-01-01,2010,H,H,0.7440279919853828,0.1777878502495369,0.07818415776508042,1.29,5.5,10.0,H,1.29,True,29.000000000000004
2011-01-01,2010,A,A,0.14478010592294766,0.2079638635051275,0.6472560305719248,5.5,3.6,1.67,A,1.67,True,67.0
2011-01-01,2010,H,H,0.4496271924342737,0.2577748902653901,0.29259791730033624,2.63,3.2,2.75,H,2.63,True,163.0
2011-01-02,2010,D,H,0.8345925991371559,0.12391174172735797,0.04149565913548621,1.25,5.5,13.0,H,1.25,False,-100.0
2011-01-02,2010,A,H,0.4638327142032878,0.25942960131850695,0.2767376844782052,2.5,3.2,2.9,H,2.5,False,-100.0
2011-01-04,2010,A,H,0.5628417935643332,0.26849764780152774,0.16866055863413906,2.3,3.25,3.25,H,2.3,False,-100.0
2011-01-04,2010,H,H,0.46584722614816176,0.2635126620828011,0.27064011176903713,2.2,3.25,3.4,H,2.2,True,120.00000000000001
2011-01-04,2010,H,H,0.7961693320636185,0.15953149648851947,0.044299171447862135,1.25,5.75,12.0,H,1.25,True,25.0
2011-01-05,2010,H,H,0.35774425312529473,0.318434248094732,0.32382149877997335,2.63,3.25,2.75,H,2.63,True,163.0
2011-01-05,2010,H,A,0.1308499917992285,0.18503948082464525,0.6841105273761261,8.0,4.2,1.44,A,1.44,False,-100.0
2011-01-05,2010,D,H,0.5235630632946018,0.2808841149410058,0.19555282176439234,1.73,3.6,5.0,H,1.73,False,-100.0
2011-01-05,2010,H,A,0.3345086614526923,0.2575234957502301,0.40796784279707754,3.4,3.25,2.2,A,2.2,False,-100.0
2011-01-05,2010,A,H,0.46140959226466155,0.2417214333173534,0.296868974417985,2.2,3.25,3.4,H,2.2,False,-100.0
2011-01-05,2010,D,H,0.5017092678949162,0.2852353613528818,0.213055370752202,1.91,3.6,4.0,H,1.91,False,-100.0
2011-01-05,2010,H,H,0.5376334089861251,0.2328253553966862,0.22954123561718875,1.83,3.6,4.33,H,1.83,True,83.0
2011-01-12,2010,H,A,0.3155506161328017,0.25360567010738494,0.4308437137598133,3.8,3.75,1.91,A,1.91,False,-100.0
2011-01-15,2010,D,H,0.38432073485962537,0.3091271305273428,0.30655213461303177,2.5,3.25,2.88,H,2.5,False,-100.0
2011-01-15,2010,H,H,0.4108282443862517,0.28177679972631264,0.3073949558874357,1.8,3.6,4.5,H,1.8,True,80.0
2011-01-15,2010,A,A,0.15709627330938766,0.24085936731366744,0.6020443593769449,6.0,4.0,1.57,A,1.57,True,57.00000000000001
2011-01-15,2010,H,H,0.7046600477162078,0.2246712081976796,0.07066874408611253,1.33,5.0,10.0,H,1.33,True,33.00000000000001
2011-01-15,2010,H,H,0.7491064240614952,0.16155599597901318,0.08933757995949151,1.29,5.5,11.0,H,1.29,True,29.000000000000004
2011-01-15,2010,H,H,0.47414532272754545,0.30731168298763,0.21854299428482457,2.1,3.25,3.75,H,2.1,True,110.00000000000001
2011-01-16,2010,D,H,0.4217573621013968,0.24074644537318549,0.3374961925254176,2.4,3.2,3.1,H,2.4,False,-100.0
2011-01-16,2010,D,H,0.41044522971221115,0.29041315429790426,0.2991416159898846,2.2,3.2,3.5,H,2.2,False,-100.0
2011-01-16,2010,D,H,0.48505200466769505,0.2837130720065253,0.23123492332577972,2.2,3.25,3.4,H,2.2,False,-100.0
2011-01-16,2010,D,H,0.37286309728441563,0.29707806852130947,0.33005883419427495,2.88,3.3,2.5,H,2.88,False,-100.0
2011-01-22,2010,H,H,0.8487699648056238,0.1274534033168189,0.023776631877557203,1.2,6.5,15.0,H,1.2,True,19.999999999999996
2011-01-22,2010,D,H,0.6963876183401222,0.1955521352514624,0.10806024640841555,1.5,4.0,7.5,H,1.5,False,-100.0
2011-01-22,2010,H,A,0.24534324547722855,0.261527721934326,0.4931290325884455,3.5,3.4,2.1,A,2.1,False,-100.0
2011-01-22,2010,A,H,0.41021581702130666,0.29006765437333715,0.29971652860535625,2.5,3.25,2.88,H,2.5,False,-100.0
2011-01-22,2010,A,A,0.3637470477968688,0.25192584297540344,0.3843271092277279,3.4,3.2,2.25,A,2.25,True,125.0
2011-01-22,2010,H,H,0.8472717963553393,0.12419250031372223,0.028535703330938373,1.2,6.5,15.0,H,1.2,True,19.999999999999996
2011-01-22,2010,D,A,0.3045909797797899,0.29284664143811456,0.4025623787820955,3.5,3.4,2.1,A,2.1,False,-100.0
2011-01-22,2010,H,H,0.4428569608112143,0.29277915816849076,0.264363881020295,2.2,3.2,3.5,H,2.2,True,120.00000000000001
2011-01-23,2010,H,H,0.4558207314692865,0.22146507650789757,0.32271419202281587,2.25,3.3,3.25,H,2.25,True,125.0
2011-01-24,2010,A,A,0.16320768766746016,0.2275441652041349,0.609248147128405,6.0,3.75,1.62,A,1.62,True,62.000000000000014
2011-01-25,2010,A,A,0.06669209039384051,0.13013204626366834,0.8031758633424912,8.0,5.0,1.36,A,1.36,True,36.00000000000001
2011-01-25,2010,A,A,0.3201554340392598,0.2468176252685738,0.43302694069216646,3.2,3.25,2.3,A,2.3,True,129.99999999999997
2011-01-26,2010,H,H,0.6468269878639815,0.24944241907254455,0.10373059306347399,1.53,3.8,7.0,H,1.53,True,53.0
2011-02-01,2010,H,H,0.7536516488992399,0.19009900433345006,0.05624934676731011,1.4,4.5,8.5,H,1.4,True,39.99999999999999
2011-02-01,2010,H,H,0.7461735070581333,0.18500733106983586,0.06881916187203081,1.33,5.0,9.5,H,1.33,True,33.00000000000001
2011-02-01,2010,A,A,0.24748738238766943,0.299062780273183,0.4534498373391475,5.5,3.6,1.67,A,1.67,True,67.0
2011-02-01,2010,D,H,0.61491718118344,0.24405120374039915,0.14103161507616088,1.73,3.6,5.0,H,1.73,False,-100.0
2011-02-02,2010,A,A,0.3347275881694611,0.29153379639896365,0.37373861543157527,3.25,3.4,2.2,A,2.2,True,120.00000000000001
2011-02-02,2010,H,H,0.4574863382303102,0.27054342439757456,0.2719702373721151,1.83,3.5,4.5,H,1.83,True,83.0
2011-02-02,2010,D,A,0.19324876985206565,0.24403722921022844,0.5627140009377058,4.5,3.5,1.83,A,1.83,False,-100.0
2011-02-02,2010,H,H,0.6705767847120563,0.21392643600041023,0.1154967792875335,1.62,3.75,6.0,H,1.62,True,62.000000000000014
2011-02-02,2010,H,H,0.46382802094919345,0.2955169220897203,0.2406550569610863,2.1,3.3,3.6,H,2.1,True,110.00000000000001
2011-02-02,2010,A,H,0.4573349146911951,0.21452878014877963,0.3281363051600253,2.38,3.3,3.0,H,2.38,False,-100.0
2011-02-05,2010,H,H,0.6628882603681676,0.189613112871401,0.14749862676043138,1.44,4.5,7.0,H,1.44,True,43.99999999999999
2011-02-05,2010,D,H,0.44847532794850403,0.3134819962637814,0.23804267578771454,1.91,3.4,4.2,H,1.91,False,-100.0
2011-02-05,2010,H,H,0.7262716760189118,0.1756933629828484,0.0980349609982398,1.4,4.5,8.5,H,1.4,True,39.99999999999999
2011-02-05,2010,D,A,0.14080706447818742,0.24643890214137587,0.6127540333804367,5.0,4.0,1.67,A,1.67,False,-100.0
2011-02-05,2010,H,H,0.3875954575501868,0.290313730817364,0.3220908116324493,2.1,3.2,3.75,H,2.1,True,110.00000000000001
2011-02-05,2010,H,A,0.053195269668421245,0.11634746141148333,0.8304572689200954,8.5,4.5,1.4,A,1.4,False,-100.0
2011-02-05,2010,H,H,0.6215173871439748,0.23926474890926805,0.13921786394675723,1.57,4.0,6.0,H,1.57,True,57.00000000000001
2011-02-05,2010,H,H,0.3819218325938763,0.25822706196264394,0.3598511054434798,2.5,3.25,2.9,H,2.5,True,150.0
2011-02-06,2010,A,H,0.5935891788748303,0.2698924138084357,0.1365184073167339,1.62,4.0,5.5,H,1.62,False,-100.0
2011-02-06,2010,A,H,0.5652085166960101,0.20069335433100607,0.23409812897298388,2.0,3.5,3.75,H,2.0,False,-100.0
2011-02-12,2010,D,A,0.2613047236977436,0.21144263367048938,0.5272526426317671,3.25,3.4,2.2,A,2.2,False,-100.0
2011-02-12,2010,D,H,0.4846165130430908,0.26473208838544604,0.25065139857146307,2.1,3.4,3.5,H,2.1,False,-100.0
2011-02-12,2010,H,H,0.8808111500465347,0.10374210845933995,0.015446741494125409,1.22,6.0,15.0,H,1.22,True,21.999999999999996
2011-02-12,2010,H,H,0.48670849947254924,0.22829241265486108,0.2849990878725896,2.5,3.2,2.9,H,2.5,True,150.0
2011-02-12,2010,A,H,0.38627500635795586,0.27500970134706365,0.3387152922949805,2.75,3.25,2.6,H,2.75,False,-100.0
2011-02-12,2010,D,H,0.5711662355274877,0.2187585373748598,0.21007522709765256,1.91,3.6,4.0,H,1.91,False,-100.0
2011-02-12,2010,H,H,0.5786139207211387,0.28195286053110524,0.13943321874775608,1.73,3.6,5.0,H,1.73,True,73.0
2011-02-12,2010,D,H,0.7967096458053089,0.14694334963036007,0.056347004564330984,1.36,4.75,9.0,H,1.36,False,-100.0
2011-02-13,2010,H,A,0.35901787346902475,0.2560565942905285,0.38492553224044673,2.75,3.25,2.6,A,2.6,False,-100.0
2011-02-14,2010,D,A,0.24515741465909094,0.26597591705706963,0.4888666682838395,5.0,3.6,1.73,A,1.73,False,-100.0
2011-02-15,2010,A,H,0.44516509799663617,0.28555883097043755,0.26927607103292633,2.6,3.2,2.8,H,2.6,False,-100.0
2011-02-20,2010,D,H,0.6586783436364644,0.21858738198542402,0.12273427437811155,1.85,3.4,4.5,H,1.85,False,-100.0
2011-02-22,2010,H,A,0.20171271186571788,0.2170178039078755,0.5812694842264067,4.0,3.6,1.91,A,1.91,False,-100.0
2011-02-23,2010,H,H,0.8297107721777549,0.12927221666102348,0.041017011161221625,1.3,5.25,10.0,H,1.3,True,30.000000000000004
2011-02-26,2010,H,H,0.5932296954787692,0.20646806509897123,0.20030223942225941,1.73,3.6,5.0,H,1.73,True,73.0
2011-02-26,2010,H,H,0.5903871245006795,0.25127968979011855,0.1583331857092019,1.73,3.6,5.0,H,1.73,True,73.0
2011-02-26,2010,A,A,0.10869188875628767,0.16297601056258698,0.7283321006811252,6.5,4.0,1.53,A,1.53,True,53.0
2011-02-26,2010,D,H,0.5077512255711485,0.2559139690215234,0.23633480540732807,2.1,3.25,3.75,H,2.1,False,-100.0
2011-02-26,2010,H,H,0.48329488418604677,0.2183084585783422,0.29839665723561104,1.83,3.6,4.33,H,1.83,True,83.0
2011-02-27,2010,D,H,0.6564367996855063,0.25001933562426426,0.09354386469022945,1.5,4.0,7.5,H,1.5,False,-100.0
2011-02-27,2010,H,A,0.29177409216691075,0.30134354759171633,0.406882360241373,3.4,3.3,2.2,A,2.2,False,-100.0
2011-02-28,2010,D,H,0.4192285450816674,0.2791861623316881,0.30158529258664446,1.91,3.4,4.2,H,1.91,False,-100.0
2011-03-01,2010,H,H,0.5053437920803324,0.29756357104234954,0.1970926368773181,2.2,3.2,3.6,H,2.2,True,120.00000000000001
2011-03-05,2010,D,H,0.7723071538102544,0.16119057277445903,0.06650227341528651,1.44,4.33,7.5,H,1.44,False,-100.0
2011-03-05,2010,A,H,0.42633213081682564,0.2548811532675024,0.3187867159156719,2.38,3.2,3.1,H,2.38,False,-100.0
2011-03-05,2010,H,H,0.4523752452706115,0.26771871192601976,0.27990604280336867,2.25,3.4,3.2,H,2.25,True,125.0
2011-03-05,2010,H,H,0.5799765421057008,0.2599502992170633,0.16007315867723584,1.73,3.6,5.0,H,1.73,True,73.0
2011-03-05,2010,H,H,0.7471307673473684,0.1609947937763585,0.09187443887627325,1.36,4.75,9.0,H,1.36,True,36.00000000000001
2011-03-05,2010,A,H,0.4181474711736644,0.26334381508278437,0.3185087137435513,2.6,3.2,2.8,H,2.6,False,-100.0
2011-03-05,2010,H,H,0.5700277665965111,0.24917770914323012,0.18079452426025877,2.25,3.3,3.25,H,2.25,True,125.0
2011-03-06,2010,D,A,0.3324322390123585,0.24469812512695724,0.4228696358606842,3.0,3.3,2.38,A,2.38,False,-100.0
2011-03-06,2010,H,H,0.43204246191254647,0.26655214605938726,0.3014053920280663,2.8,3.2,2.6,H,2.8,True,179.99999999999997
2011-03-07,2010,A,A,0.027352001160012004,0.07330783029039793,0.8993401685495901,10.0,5.5,1.3,A,1.3,True,30.000000000000004
2011-03-09,2010,D,H,0.6861413907184165,0.2002990762793624,0.11355953300222113,1.53,4.0,6.5,H,1.53,False,-100.0
2011-03-19,2010,D,A,0.24402815143257253,0.24651489920646472,0.5094569493609628,5.0,3.6,1.73,A,1.73,False,-100.0
2011-03-19,2010,D,H,0.5747817762469422,0.2597919560732043,0.16542626767985355,1.57,4.0,6.0,H,1.57,False,-100.0
2011-03-19,2010,H,H,0.4740274551216462,0.24861568208039622,0.27735686279795757,2.1,3.3,3.6,H,2.1,True,110.00000000000001
2011-03-19,2010,H,H,0.4193147497592091,0.289869206826057,0.2908160434147338,2.2,3.25,3.4,H,2.2,True,120.00000000000001
2011-03-19,2010,H,H,0.5486116736327903,0.28764557852466843,0.16374274784254136,2.0,3.25,4.0,H,2.0,True,100.0
2011-03-19,2010,D,H,0.5072487453848403,0.18734938642904364,0.30540186818611614,1.8,3.6,4.5,H,1.8,False,-100.0
2011-03-19,2010,A,H,0.5201520879531216,0.24963173515682843,0.23021617689005003,1.83,3.5,4.5,H,1.83,False,-100.0
2011-03-19,2010,H,H,0.6456148313886186,0.233012381985312,0.12137278662606937,1.36,4.75,9.0,H,1.36,True,36.00000000000001
2011-03-20,2010,H,H,0.6506333707900767,0.25248157608153865,0.09688505312838472,1.62,3.75,6.0,H,1.62,True,62.000000000000014
2011-03-20,2010,A,A,0.2972215255810223,0.28397861777685357,0.4187998566421241,2.63,3.2,2.75,A,2.75,True,175.0
2011-04-02,2010,H,H,0.5042515373911636,0.26773346273649623,0.22801499987234014,1.95,3.4,4.0,H,1.95,True,95.0
2011-04-02,2010,D,H,0.8096459406190768,0.12568674352659498,0.06466731585432828,1.25,6.0,11.0,H,1.25,False,-100.0
2011-04-02,2010,H,A,0.3532093548522804,0.27663781519934844,0.3701528299483712,2.5,3.25,2.88,A,2.88,False,-100.0
2011-04-02,2010,D,H,0.6073401405901415,0.25000690897444566,0.14265295043541287,1.83,3.6,4.33,H,1.83,False,-100.0
2011-04-02,2010,D,A,0.14572942821696874,0.2370732823388905,0.6171972894441408,5.5,3.6,1.67,A,1.67,False,-100.0
2011-04-02,2010,H,H,0.3856540266586306,0.28151008430620317,0.3328358890351662,3.0,3.3,2.38,H,3.0,True,200.0
2011-04-02,2010,A,A,0.3005667408315168,0.2807835565326963,0.4186497026357868,4.5,3.6,1.8,A,1.8,True,80.0
2011-04-02,2010,D,A,0.3849649424489203,0.21702389301939345,0.39801116453168617,3.0,3.25,2.4,A,2.4,False,-100.0
2011-04-03,2010,H,H,0.6417451417532058,0.19139197575091715,0.16686288249587694,1.53,4.2,6.0,H,1.53,True,53.0
2011-04-03,2010,H,H,0.6632169875028026,0.22373356822250218,0.11304944427469531,1.5,4.0,7.0,H,1.5,True,50.0
2011-04-09,2010,A,H,0.37998804080673976,0.2729043125034858,0.3471076466897745,2.6,3.25,2.8,H,2.6,False,-100.0
2011-04-09,2010,A,A,0.3306366159792759,0.276401691138485,0.39296169288223914,2.2,3.2,3.5,A,3.5,True,250.0
2011-04-09,2010,H,H,0.6554823080443157,0.23049446051157893,0.11402323144410537,1.44,4.33,7.5,H,1.44,True,43.99999999999999
2011-04-09,2010,H,H,0.5714832027441621,0.2877815079346383,0.1407352893211996,1.73,3.6,5.0,H,1.73,True,73.0
2011-04-09,2010,H,H,0.497159923029519,0.26107301246535175,0.24176706450512925,2.2,3.25,3.4,H,2.2,True,120.00000000000001
2011-04-09,2010,D,H,0.46517305704424416,0.27116354664977305,0.26366339630598284,2.0,3.3,4.0,H,2.0,False,-100.0
2011-04-09,2010,H,H,0.8957934706359716,0.09595084305274032,0.008255686311288072,1.2,6.0,17.0,H,1.2,True,19.999999999999996
2011-04-10,2010,A,A,0.04888768898512118,0.11876157150572185,0.8323507395091571,8.5,5.0,1.36,A,1.36,True,36.00000000000001
2011-04-10,2010,H,H,0.47662511016082343,0.251636406682326,0.27173848315685056,1.83,3.6,4.33,H,1.83,True,83.0
2011-04-11,2010,H,H,0.44484764712629166,0.292367802281539,0.2627845505921693,2.6,3.2,2.8,H,2.6,True,160.0
2011-04-16,2010,H,H,0.5092527399673096,0.23775777115973487,0.25298948887295547,2.25,3.2,3.4,H,2.25,True,125.0
2011-04-16,2010,A,A,0.35688363159926495,0.2516968464199925,0.3914195219807425,2.3,3.5,3.0,A,3.0,True,200.0
2011-04-16,2010,H,H,0.7211299319075567,0.18051685162714973,0.09835321646529353,1.67,3.75,5.5,H,1.67,True,67.0
2011-04-16,2010,A,A,0.21438490121813386,0.30253960134809577,0.48307549743377043,5.5,3.6,1.7,A,1.7,True,70.0
2011-04-16,2010,A,H,0.4721290403346785,0.2851871447404784,0.24268381492484312,2.25,3.3,3.25,H,2.25,False,-100.0
2011-04-17,2010,D,H,0.5696902572317136,0.2702356405248827,0.16007410224340365,1.73,3.6,5.0,H,1.73,False,-100.0
2011-04-19,2010,D,A,0.1936499007856051,0.2517495544288763,0.5546005447855186,5.5,3.6,1.67,A,1.67,False,-100.0
2011-04-20,2010,D,H,0.39645393954241276,0.3059190530581654,0.29762700739942183,2.88,3.4,2.4,H,2.88,False,-100.0
2011-04-20,2010,H,H,0.8675434140534364,0.11464648105197957,0.01781010489458407,1.2,6.5,15.0,H,1.2,True,19.999999999999996
2011-04-23,2010,H,H,0.6802401446229457,0.22227810134632017,0.0974817540307342,1.44,4.33,7.5,H,1.44,True,43.99999999999999
2011-04-23,2010,H,H,0.8808615014140245,0.10174119851119605,0.017397300074779437,1.2,6.5,15.0,H,1.2,True,19.999999999999996
2011-04-23,2010,D,H,0.5758380574687371,0.23674050077936784,0.18742144175189507,1.8,3.6,4.5,H,1.8,False,-100.0
2011-04-23,2010,D,A,0.30758080148772704,0.2561737466577615,0.43624545185451147,2.88,3.5,2.38,A,2.38,False,-100.0
2011-04-23,2010,H,H,0.6619160325495548,0.2292453902263539,0.1088385772240913,1.44,4.33,7.5,H,1.44,True,43.99999999999999
2011-04-23,2010,D,H,0.6104249754058411,0.2159109185221335,0.1736641060720254,1.57,4.0,6.0,H,1.57,False,-100.0
2011-04-23,2010,D,H,0.4565215628698358,0.24846831075794432,0.29501012637221985,2.5,3.25,2.88,H,2.5,False,-100.0
2011-04-23,2010,H,H,0.3686473824788739,0.2839617063445387,0.3473909111765874,2.1,3.25,3.75,H,2.1,True,110.00000000000001
2011-04-24,2010,H,A,0.29520652104047224,0.27214011935282056,0.4326533596067072,4.5,3.8,1.75,A,1.75,False,-100.0
2011-04-25,2010,A,A,0.2868342238964667,0.2662066804972198,0.4469590956063135,3.6,3.3,2.1,A,2.1,True,110.00000000000001
2011-04-26,2010,H,H,0.5693743409153419,0.22334982694539918,0.2072758321392589,1.8,3.4,5.0,H,1.8,True,80.0
2011-04-27,2010,H,H,0.5121340165212556,0.2781584933589875,0.20970749011975687,1.8,3.5,4.75,H,1.8,True,80.0
2011-04-30,2010,D,H,0.38661010838261806,0.29314305289875126,0.32024683871863063,2.8,3.25,2.6,H,2.8,False,-100.0
2011-04-30,2010,A,A,0.36155691524905403,0.24025683438585863,0.39818625036508737,2.6,3.2,2.8,A,2.8,True,179.99999999999997
2011-04-30,2010,H,H,0.4472248761859555,0.29721917950663657,0.25555594430740797,2.38,3.3,3.0,H,2.38,True,138.0
2011-04-30,2010,D,A,0.3408518575189217,0.27302372035249967,0.38612442212857856,2.63,3.4,2.63,A,2.63,False,-100.0
2011-04-30,2010,H,H,0.39555184336210636,0.2904481031666691,0.31400005347122467,1.91,3.5,4.0,H,1.91,True,90.99999999999999
2011-04-30,2010,H,H,0.7279724189910001,0.20221747548850563,0.06981010552049428,1.44,4.33,7.5,H,1.44,True,43.99999999999999
2011-05-01,2010,H,H,0.36773084418343854,0.3219358737610822,0.31033328205547933,2.5,3.25,2.88,H,2.5,True,150.0
2011-05-01,2010,D,H,0.5245939755256072,0.23309697369155108,0.2423090507828418,2.1,3.3,3.6,H,2.1,False,-100.0
2011-05-01,2010,H,H,0.7506121074888398,0.175046734238785,0.0743411582723753,1.4,4.5,9.0,H,1.4,True,39.99999999999999
2011-05-01,2010,H,H,0.670638325730278,0.23420186390929104,0.09515981036043103,1.44,4.33,7.5,H,1.44,True,43.99999999999999
2011-05-07,2010,D,H,0.565891960287639,0.24224123515925408,0.19186680455310695,1.8,3.6,4.5,H,1.8,False,-100.0
2011-05-07,2010,A,H,0.6271823665361145,0.20783456131730785,0.1649830721465777,1.83,3.5,4.5,H,1.83,False,-100.0
2011-05-07,2010,H,H,0.39683925876196363,0.2721482353661593,0.33101250587187714,2.7,3.2,2.7,H,2.7,True,170.00000000000003
2011-05-07,2010,H,H,0.5484142175556443,0.22619417797280092,0.22539160447155476,1.91,3.4,4.2,H,1.91,True,90.99999999999999
2011-05-07,2010,D,H,0.7498767645285611,0.1581225481408002,0.09200068733063872,1.3,5.5,10.0,H,1.3,False,-100.0
2011-05-07,2010,D,H,0.4130712207640233,0.2491879205969816,0.337740858638995,1.95,3.6,3.8,H,1.95,False,-100.0
2011-05-08,2010,H,A,0.36138581224434474,0.2041507461405914,0.4344634416150638,2.1,3.4,3.5,A,3.5,False,-100.0
2011-05-08,2010,H,A,0.20879311123428246,0.2186239257342118,0.5725829630315058,5.5,3.75,1.67,A,1.67,False,-100.0
2011-05-08,2010,H,H,0.4549351013922188,0.27916051908790646,0.26590437951987483,2.38,3.25,3.1,H,2.38,True,138.0
2011-05-09,2010,A,H,0.3850225332909436,0.32209315988252585,0.2928843068265306,2.88,3.25,2.5,H,2.88,False,-100.0
2011-05-10,2010,H,H,0.5747185384572392,0.24689088291997338,0.17839057862278743,1.91,3.4,4.2,H,1.91,True,90.99999999999999
2011-05-14,2010,D,A,0.1651061794847636,0.29555035581968253,0.5393434646955539,5.0,3.6,1.73,A,1.73,False,-100.0
2011-05-14,2010,H,H,0.4115044260277145,0.2722552079844209,0.3162403659878647,2.2,3.4,3.25,H,2.2,True,120.00000000000001
2011-05-14,2010,A,H,0.4787513587179997,0.24404361872079192,0.27720502256120855,2.5,3.25,2.88,H,2.5,False,-100.0
2011-05-14,2010,H,H,0.3739870688759522,0.3197041470642801,0.3063087840597677,2.63,3.25,2.75,H,2.63,True,163.0
2011-05-15,2010,H,H,0.490102088547721,0.2611496406230197,0.24874827082925927,2.1,3.4,3.5,H,2.1,True,110.00000000000001
2011-05-15,2010,D,H,0.771959183991971,0.17755320858912113,0.05048760741890774,1.25,6.0,11.0,H,1.25,False,-100.0
2011-05-15,2010,A,H,0.6492309649909991,0.22694392699888488,0.12382510801011616,1.73,3.8,4.75,H,1.73,False,-100.0
2011-05-15,2010,A,H,0.6109845997956348,0.23220424010624016,0.15681116009812512,1.36,5.0,8.5,H,1.36,False,-100.0
2011-05-15,2010,A,H,0.39979060875345607,0.24343152330683204,0.3567778679397119,2.2,3.25,3.4,H,2.2,False,-100.0
2011-05-17,2010,H,H,0.6830287870852292,0.22424666166069368,0.09272455125407705,1.36,4.75,9.0,H,1.36,True,36.00000000000001
2011-05-22,2010,H,H,0.7041544678189923,0.1809536650137974,0.11489186716721032,1.53,4.0,6.5,H,1.53,True,53.0
2011-05-22,2010,A,A,0.3683340013788034,0.23158819155183102,0.4000778070693655,2.75,3.6,2.4,A,2.4,True,140.0
2011-05-22,2010,A,H,0.526220643622632,0.26968186993903653,0.20409748643833153,2.2,3.0,3.75,H,2.2,False,-100.0
2011-05-22,2010,A,H,0.46121441340969893,0.23837234539826985,0.30041324119203133,2.0,3.5,3.75,H,2.0,False,-100.0
2011-05-22,2010,D,H,0.5220340023377914,0.21490651358073842,0.2630594840814701,2.0,3.5,3.75,H,2.0,False,-100.0
2011-05-22,2010,D,H,0.3985764686158154,0.2418171759049773,0.35960635547920733,3.75,3.6,1.95,H,3.75,False,-100.0
2011-05-22,2010,H,A,0.3446495421590686,0.25127538176048975,0.4040750760804417,3.1,3.25,2.38,A,2.38,False,-100.0
2011-05-22,2010,A,A,0.17215979294884903,0.23132410874692716,0.5965160983042238,5.0,3.75,1.7,A,1.7,True,70.0
2011-05-22,2010,H,A,0.34012655572877165,0.27513066023705496,0.3847427840341734,3.2,3.4,2.25,A,2.25,False,-100.0
2011-05-22,2010,H,H,0.6073953539381751,0.2284225869899702,0.16418205907185465,1.6,4.0,5.5,H,1.6,True,60.00000000000001
2011-08-13,2011,D,H,0.3993637224049719,0.24597851276927596,0.3546577648257522,3.75,3.25,2.1,H,3.75,False,-100.0
2011-08-13,2011,D,H,0.6550348172033942,0.22871619339375965,0.11624898940284614,1.57,3.6,7.0,H,1.57,False,-100.0
2011-08-13,2011,D,H,0.5356848386077488,0.2520657342191198,0.21224942717313122,2.2,3.2,3.5,H,2.2,False,-100.0
2011-08-13,2011,A,H,0.5019108890558565,0.2747743396453977,0.2233147712987459,2.2,3.2,3.5,H,2.2,False,-100.0
2011-08-13,2011,D,H,0.5209507338042574,0.2835538163074432,0.19549544988829942,2.2,3.2,3.5,H,2.2,False,-100.0
2011-08-14,2011,A,A,0.1445181061103703,0.2419622654372161,0.6135196284524136,6.5,4.0,1.53,A,1.53,True,53.0
2011-08-14,2011,D,A,0.20821945630078761,0.26349964439214285,0.5282808993070696,5.5,3.5,1.7,A,1.7,False,-100.0
2011-08-20,2011,A,H,0.4922290347166473,0.28046109728435914,0.2273098679989937,2.2,3.25,3.4,H,2.2,False,-100.0
2011-08-20,2011,A,H,0.7254918302775575,0.14800646576978246,0.12650170395266014,1.53,3.8,7.0,H,1.53,False,-100.0
2011-08-20,2011,D,A,0.32772119801654775,0.2532638354981571,0.4190149664852952,2.1,3.3,3.6,A,3.6,False,-100.0
2011-08-20,2011,H,H,0.570535930531569,0.26418228063262483,0.1652817888358062,1.73,3.4,5.5,H,1.73,True,73.0
2011-08-20,2011,A,H,0.4254933337088992,0.28828602308950046,0.28622064320160034,2.5,3.25,2.9,H,2.5,False,-100.0
2011-08-20,2011,H,H,0.6856197553094774,0.20635399847041588,0.10802624622010679,1.3,5.5,10.0,H,1.3,True,30.000000000000004
2011-08-21,2011,A,A,0.17902839448886096,0.28560203865258943,0.5353695668585496,4.75,3.5,1.8,A,1.8,True,80.0
2011-08-21,2011,D,H,0.42559137429472743,0.29783636978967143,0.27657225591560125,2.6,3.3,2.75,H,2.6,False,-100.0
2011-08-21,2011,H,H,0.46318447952398906,0.26886222233371315,0.26795329814229785,2.38,3.25,3.1,H,2.38,True,138.0
2011-08-22,2011,H,H,0.5820594778179001,0.26458582047976653,0.1533547017023334,1.67,3.75,5.5,H,1.67,True,67.0
2011-08-27,2011,D,H,0.5002721292341477,0.26170548508281305,0.23802238568303924,2.1,3.25,3.75,H,2.1,False,-100.0
2011-08-27,2011,H,H,0.5299400406475319,0.2419518626859628,0.2281080966665054,2.25,3.3,3.25,H,2.25,True,125.0
2011-08-27,2011,D,A,0.3644538214786815,0.2659419143783635,0.369604264142955,2.38,3.3,3.0,A,3.0,False,-100.0
2011-08-27,2011,H,H,0.6967072750807305,0.19249295789259546,0.11079976702667405,1.4,4.5,8.5,H,1.4,True,39.99999999999999
2011-08-27,2011,A,A,0.3390875413798226,0.2975042899686421,0.3634081686515353,3.3,3.25,2.25,A,2.25,True,125.0
2011-08-27,2011,H,H,0.789949661125148,0.16579288276577045,0.0442574561090816,1.2,6.5,15.0,H,1.2,True,19.999999999999996
2011-08-28,2011,A,H,0.4913177329214563,0.2778499662070155,0.23083230087152823,2.1,3.25,3.75,H,2.1,False,-100.0
2011-08-28,2011,A,H,0.34173314428432283,0.3202750562767852,0.337991799438892,2.88,3.3,2.5,H,2.88,False,-100.0
2011-08-28,2011,H,H,0.5649324904295714,0.2603811814209308,0.1746863281494978,2.1,3.25,3.75,H,2.1,True,110.00000000000001
2011-08-28,2011,H,H,0.7210839278003199,0.19624475497659247,0.08267131722308768,1.5,4.33,6.5,H,1.5,True,50.0
2011-09-10,2011,A,H,0.39836459838589533,0.262762015312925,0.3388733863011797,3.0,3.25,2.4,H,3.0,False,-100.0
2011-09-10,2011,A,A,0.2134101809359408,0.2742856298661503,0.512304189197909,5.0,3.75,1.7,A,1.7,True,70.0
2011-09-10,2011,H,H,0.8540363586548789,0.12941860356137458,0.016545037783746594,1.17,7.0,17.0,H,1.17,True,16.999999999999993
2011-09-10,2011,H,A,0.30465755325061694,0.2913287223903859,0.4040137243589972,3.25,3.3,2.25,A,2.25,False,-100.0
2011-09-10,2011,A,A,0.04554161427346356,0.12356159715629027,0.8308967885702463,9.0,4.5,1.4,A,1.4,True,39.99999999999999
2011-09-10,2011,H,H,0.6818151880496598,0.20882872901347635,0.1093560829368638,1.36,4.75,9.0,H,1.36,True,36.00000000000001
2011-09-10,2011,D,H,0.489623413505131,0.298144909635835,0.2122316768590339,2.0,3.4,3.8,H,2.0,False,-100.0
2011-09-11,2011,D,H,0.5873986244370187,0.2549408401250538,0.1576605354379275,1.67,3.6,5.5,H,1.67,False,-100.0
2011-09-11,2011,A,H,0.4350830026264344,0.279474369061161,0.28544262831240447,2.5,3.25,2.88,H,2.5,False,-100.0
2011-09-12,2011,D,H,0.3733658720713946,0.2998299653369005,0.3268041625917049,2.4,3.25,3.0,H,2.4,False,-100.0
2011-09-17,2011,H,H,0.5855284735213664,0.2879148329794694,0.12655669349916418,1.5,4.0,7.0,H,1.5,True,50.0
2011-09-17,2011,A,H,0.5182042185394018,0.24231619360345155,0.23947958785714663,1.8,3.6,4.6,H,1.8,False,-100.0
2011-09-17,2011,H,H,0.37650940235767805,0.2862997317646872,0.33719086587763475,2.63,3.2,2.75,H,2.63,True,163.0
2011-09-17,2011,D,H,0.4814553685245455,0.3016596339657176,0.21688499750973683,1.91,3.4,4.2,H,1.91,False,-100.0
2011-09-17,2011,A,H,0.5323733671081864,0.24712067512013108,0.22050595777168258,1.91,3.4,4.2,H,1.91,False,-100.0
2011-09-17,2011,H,A,0.2926323594570301,0.23543276357709572,0.47193487696587405,4.2,3.4,1.91,A,1.91,False,-100.0
2011-09-18,2011,H,H,0.44992736319018445,0.3223184473741909,0.22775418943562453,2.4,3.2,3.1,H,2.4,True,140.0
2011-09-18,2011,H,H,0.4819153259349459,0.2946942576323668,0.22339041643268742,2.63,3.4,2.63,H,2.63,True,163.0
2011-09-18,2011,D,A,0.10084142339511268,0.1943052079863714,0.7048533686185159,6.5,3.8,1.57,A,1.57,False,-100.0
2011-09-18,2011,H,H,0.6494545399184111,0.24166124681905315,0.10888421326253579,1.83,3.5,4.5,H,1.83,True,83.0
2011-09-24,2011,H,H,0.6437860713673188,0.20170042498073304,0.15451350365194802,1.44,4.5,7.0,H,1.44,True,43.99999999999999
2011-09-24,2011,H,H,0.8365576401506417,0.13765850649569844,0.02578385335365989,1.2,6.5,15.0,H,1.2,True,19.999999999999996
2011-09-24,2011,H,H,0.7467034828789533,0.18344245916653645,0.06985405795451036,1.36,4.5,10.0,H,1.36,True,36.00000000000001
2011-09-24,2011,H,H,0.7262359315296435,0.2065135044115374,0.06725056405881914,1.44,4.33,7.5,H,1.44,True,43.99999999999999
2011-09-24,2011,A,A,0.2284204692541853,0.245536651047336,0.5260428796984786,4.0,3.5,1.91,A,1.91,True,90.99999999999999
2011-09-24,2011,D,A,0.09043522342849598,0.18784952437245833,0.7217152521990456,6.5,4.0,1.53,A,1.53,False,-100.0
2011-09-24,2011,D,H,0.41842673888348847,0.32194166048660555,0.2596316006299059,2.3,3.25,3.25,H,2.3,False,-100.0
2011-09-24,2011,H,H,0.6007707214777062,0.23982559376721416,0.15940368475507968,1.83,3.5,4.5,H,1.83,True,83.0
2011-09-25,2011,D,H,0.4958699130522607,0.28457467882863,0.21955540811910926,2.3,3.25,3.2,H,2.3,False,-100.0
2011-09-26,2011,H,H,0.37613443755706666,0.3110053125482486,0.3128602498946848,2.5,3.4,2.8,H,2.5,True,150.0
2011-10-01,2011,D,H,0.4208404901604382,0.3115068148296284,0.26765269500993344,2.25,3.4,3.2,H,2.25,False,-100.0
2011-10-01,2011,H,H,0.8866083614480578,0.0986156013383416,0.01477603721360062,1.17,7.0,17.0,H,1.17,True,16.999999999999993
2011-10-01,2011,A,A,0.3241151469126601,0.30303244741707086,0.37285240567026917,2.5,3.25,2.88,A,2.88,True,188.0
2011-10-01,2011,A,A,0.10181746122273472,0.1750016323973613,0.7231809063799041,6.5,3.75,1.57,A,1.57,True,57.00000000000001
2011-10-01,2011,A,H,0.37528702466840014,0.28689479049492156,0.33781818483667825,3.1,3.2,2.4,H,3.1,False,-100.0
2011-10-01,2011,H,H,0.5875625266037523,0.2560968581799009,0.15634061521634682,1.62,3.75,6.0,H,1.62,True,62.000000000000014
2011-10-02,2011,H,H,0.5624720185551296,0.22839854563715928,0.209129435807711,2.1,3.4,3.5,H,2.1,True,110.00000000000001
2011-10-02,2011,H,H,0.4023964962927123,0.2665319312388728,0.3310715724684148,2.63,3.25,2.75,H,2.63,True,163.0
2011-10-02,2011,A,A,0.08713701128287644,0.1270507582596668,0.7858122304574567,6.5,4.0,1.53,A,1.53,True,53.0
2011-10-02,2011,H,H,0.4559728992406452,0.31322287599295506,0.2308042247663998,2.0,3.3,4.0,H,2.0,True,100.0
2011-10-15,2011,H,H,0.45553891066083074,0.29507560406352196,0.24938548527564736,2.2,3.3,3.4,H,2.2,True,120.00000000000001
2011-10-15,2011,A,H,0.4737493373180873,0.21820943443040808,0.3080412282515046,2.3,3.3,3.2,H,2.3,False,-100.0
2011-10-15,2011,H,H,0.4103447950744014,0.3083094816785492,0.2813457232470494,2.2,3.2,3.5,H,2.2,True,120.00000000000001
2011-10-15,2011,D,H,0.6084697281119245,0.21845025611968064,0.17308001576839488,1.83,3.5,4.5,H,1.83,False,-100.0
2011-10-15,2011,H,H,0.7795190543405434,0.17973838363983174,0.040742562019625006,1.33,5.0,10.0,H,1.33,True,33.00000000000001
2011-10-15,2011,D,H,0.3605252550411925,0.2808561995316243,0.35861854542718324,3.0,3.3,2.4,H,3.0,False,-100.0
2011-10-15,2011,H,H,0.7888081323235262,0.16610830439405477,0.04508356328241904,1.36,4.5,10.0,H,1.36,True,36.00000000000001
2011-10-16,2011,H,H,0.6794552762924566,0.22535144366680052,0.09519328004074283,1.44,4.33,7.5,H,1.44,True,43.99999999999999
2011-10-16,2011,D,H,0.3880914325101959,0.2893971981637639,0.3225113693260402,3.0,3.3,2.4,H,3.0,False,-100.0
2011-10-16,2011,H,H,0.5232891226492016,0.28036484826295455,0.1963460290878439,2.0,3.3,4.0,H,2.0,True,100.0
2011-10-22,2011,A,H,0.4851346841155056,0.2620331445494994,0.2528321713349949,2.2,3.2,3.5,H,2.2,False,-100.0
2011-10-22,2011,A,H,0.445096125076203,0.2930410323090445,0.26186284261475246,2.0,3.3,4.0,H,2.0,False,-100.0
2011-10-22,2011,D,H,0.7292315867648888,0.1760225358030618,0.09474587743204946,1.29,5.5,11.0,H,1.29,False,-100.0
2011-10-22,2011,D,H,0.45390366817864364,0.2716677629784346,0.27442856884292166,2.0,3.4,3.8,H,2.0,False,-100.0
2011-10-22,2011,H,H,0.6931402236045494,0.2148325807406095,0.09202719565484109,1.57,3.8,6.5,H,1.57,True,57.00000000000001
2011-10-23,2011,H,H,0.6973281698022508,0.2129390546605517,0.08973277553719752,1.53,4.0,6.5,H,1.53,True,53.0
2011-10-23,2011,A,A,0.1880952748383011,0.2318117182638441,0.5800930068978547,4.0,3.5,1.91,A,1.91,True,90.99999999999999
2011-10-23,2011,A,H,0.5118374490153743,0.267028948025152,0.22113360295947374,2.25,3.25,3.3,H,2.25,False,-100.0
2011-10-23,2011,A,H,0.483823174281169,0.28256280962334607,0.2336140160954849,2.0,3.4,3.8,H,2.0,False,-100.0
2011-10-23,2011,H,A,0.056034436080676736,0.12501435209302605,0.8189512118262973,9.5,5.0,1.33,A,1.33,False,-100.0
2011-10-29,2011,D,H,0.5953693087170553,0.2184436848273783,0.18618700645556635,1.91,3.6,4.0,H,1.91,False,-100.0
2011-10-29,2011,A,H,0.5491024212624204,0.26768604439201443,0.1832115343455651,1.62,4.0,5.5,H,1.62,False,-100.0
2011-10-29,2011,A,A,0.23910717720240401,0.24426811510126947,0.5166247076963265,4.5,3.6,1.8,A,1.8,True,80.0
2011-10-29,2011,H,H,0.910519759016336,0.08115976363559373,0.008320477348070274,1.17,7.0,19.0,H,1.17,True,16.999999999999993
2011-10-29,2011,D,H,0.5338129302435615,0.2557350834256916,0.21045198633074683,2.1,3.3,3.6,H,2.1,False,-100.0
2011-10-29,2011,H,H,0.5173590053344771,0.23603272456385113,0.24660827010167183,2.1,3.3,3.6,H,2.1,True,110.00000000000001
2011-10-29,2011,A,A,0.3033320644893756,0.26940241395194475,0.4272655215586796,2.88,3.25,2.5,A,2.5,True,150.0
2011-10-29,2011,A,A,0.31665351007824283,0.27785898619979965,0.4054875037219575,4.0,3.3,2.0,A,2.0,True,100.0
2011-10-30,2011,H,H,0.7470848365504239,0.1807391966232553,0.07217596682632078,1.36,4.75,9.0,H,1.36,True,36.00000000000001
2011-10-31,2011,A,H,0.3959924779068264,0.28070241984867317,0.3233051022445003,2.1,3.2,3.8,H,2.1,False,-100.0
2011-11-05,2011,H,H,0.4682534682004153,0.2522344071158157,0.27951212468376907,1.83,3.5,4.5,H,1.83,True,83.0
2011-11-05,2011,D,H,0.7428341279562989,0.1804602183517569,0.07670565369194418,1.29,5.5,10.0,H,1.29,False,-100.0
2011-11-05,2011,A,A,0.07403129420459775,0.13497869712689078,0.7909900086685113,7.5,4.33,1.44,A,1.44,True,43.99999999999999
2011-11-05,2011,H,H,0.732082516449277,0.19659733080344963,0.07132015274727334,1.4,4.5,8.5,H,1.4,True,39.99999999999999
2011-11-05,2011,H,H,0.5818780732717542,0.24798871707887082,0.17013320964937498,2.25,3.25,3.3,H,2.25,True,125.0
2011-11-05,2011,A,A,0.034550174214958373,0.10773513122967096,0.8577146945553706,10.0,5.0,1.33,A,1.33,True,33.00000000000001
2011-11-05,2011,H,H,0.7996439854363002,0.15274528385656289,0.04761073070713683,1.25,5.5,13.0,H,1.25,True,25.0
2011-11-06,2011,H,H,0.5343975014640225,0.2745205439840784,0.19108195455189902,1.91,3.3,4.33,H,1.91,True,90.99999999999999
2011-11-06,2011,H,H,0.428494788072762,0.2576434746294673,0.31386173729777067,2.4,3.3,3.0,H,2.4,True,140.0
2011-11-06,2011,A,A,0.30212214870301346,0.2943003058979054,0.40357754539908114,3.25,3.3,2.25,A,2.25,True,125.0
2011-11-19,2011,H,H,0.4595787772496849,0.2619392245710529,0.2784819981792621,2.0,3.4,3.8,H,2.0,True,100.0
2011-11-19,2011,A,A,0.16733074683380753,0.21224223710727338,0.620427016058919,6.5,4.2,1.5,A,1.5,True,50.0
2011-11-19,2011,D,H,0.4041942270305039,0.27214139944053617,0.32366437352895994,2.5,3.25,2.88,H,2.5,False,-100.0
2011-11-19,2011,D,H,0.40901479128467266,0.2920320810653944,0.2989531276499329,2.3,3.25,3.2,H,2.3,False,-100.0
2011-11-19,2011,A,H,0.49252257099268987,0.2111663396736517,0.2963110893336584,1.83,3.5,4.5,H,1.83,False,-100.0
2011-11-19,2011,A,A,0.18479660949512985,0.22840622455612486,0.5867971659487454,5.5,3.6,1.67,A,1.67,True,67.0
2011-11-19,2011,H,H,0.7362983375407866,0.19380289315045984,0.06989876930875359,1.3,5.5,10.0,H,1.3,True,30.000000000000004
2011-11-19,2011,H,H,0.5498488414754495,0.2776071181365369,0.17254404038801352,1.57,3.75,6.5,H,1.57,True,57.00000000000001
2011-11-20,2011,A,H,0.5175457537870872,0.30619334585323416,0.17626090035967854,1.83,3.5,4.5,H,1.83,False,-100.0
2011-11-21,2011,H,H,0.6893985644474084,0.19961791825313063,0.11098351729946096,1.57,4.0,6.0,H,1.57,True,57.00000000000001
2011-11-26,2011,A,A,0.2572733221715759,0.26789123993632974,0.47483543789209426,4.0,3.6,1.91,A,1.91,True,90.99999999999999
2011-11-26,2011,A,H,0.5972314250532806,0.23957095515919655,0.16319761978752276,1.67,3.6,5.5,H,1.67,False,-100.0
2011-11-26,2011,H,H,0.49531211637871164,0.2425373138542459,0.2621505697670425,1.83,3.5,4.5,H,1.83,True,83.0
2011-11-26,2011,H,H,0.4528574128094284,0.25469815177988114,0.29244443541069043,2.1,3.4,3.5,H,2.1,True,110.00000000000001
2011-11-26,2011,D,H,0.671447692790864,0.2172358050440249,0.11131650216511112,1.4,4.5,8.5,H,1.4,False,-100.0
2011-11-26,2011,H,H,0.8151253475397526,0.14577726442358138,0.039097388036666035,1.22,6.0,15.0,H,1.22,True,21.999999999999996
2011-11-26,2011,A,H,0.3998764217841742,0.279003431564412,0.3211201466514139,3.1,3.25,2.38,H,3.1,False,-100.0
2011-11-26,2011,D,H,0.7496112967539921,0.19290241513431491,0.05748628811169294,1.44,4.2,8.0,H,1.44,False,-100.0
2011-11-27,2011,D,H,0.5484183138473868,0.22738994049382907,0.22419174565878416,2.2,3.25,3.4,H,2.2,False,-100.0
2011-11-27,2011,D,H,0.40646618562978515,0.26590512609708555,0.32762868827312935,2.75,3.2,2.63,H,2.75,False,-100.0
2011-12-03,2011,A,A,0.12595932595997597,0.20862389031664985,0.6654167837233741,6.0,4.0,1.57,A,1.57,True,57.00000000000001
2011-12-03,2011,H,H,0.8369722931534607,0.14026082994505734,0.02276687690148204,1.3,5.0,12.0,H,1.3,True,30.000000000000004
2011-12-03,2011,D,H,0.4656746907479109,0.2524621445575827,0.2818631646945065,2.25,3.3,3.25,H,2.25,False,-100.0
2011-12-03,2011,A,H,0.36909096077013703,0.26925580473354566,0.3616532344963173,3.5,3.4,2.1,H,3.5,False,-100.0
2011-12-03,2011,H,H,0.8717034681948802,0.107255324355108,0.021041207450011683,1.17,7.0,17.0,H,1.17,True,16.999999999999993
2011-12-03,2011,H,H,0.3969226968324382,0.32593049901936055,0.27714680414820114,2.1,3.4,3.5,H,2.1,True,110.00000000000001
2011-12-03,2011,A,A,0.16342802466101186,0.21252758241526942,0.6240443929237187,5.0,3.6,1.73,A,1.73,True,73.0
2011-12-04,2011,A,H,0.6970276321635563,0.19242351146429865,0.11054885637214501,1.67,3.6,5.5,H,1.67,False,-100.0
2011-12-04,2011,H,H,0.3827412272718116,0.29900140716310675,0.31825736556508166,2.4,3.3,3.0,H,2.4,True,140.0
2011-12-05,2011,H,A,0.32136695124617093,0.31439909337665883,0.36423395537717024,3.5,3.4,2.1,A,2.1,False,-100.0
2011-12-10,2011,A,H,0.4471705757451286,0.26825253555484424,0.28457688870002723,2.5,3.3,2.88,H,2.5,False,-100.0
2011-12-10,2011,H,H,0.7650195133384265,0.16203376587098992,0.07294672079058354,1.33,5.0,10.0,H,1.33,True,33.00000000000001
2011-12-10,2011,H,H,0.6746656545310785,0.24196089338049792,0.08337345208842359,1.53,4.0,6.5,H,1.53,True,53.0
2011-12-10,2011,H,A,0.3790012515974613,0.23811903391822056,0.38287971448431807,2.4,3.4,2.88,A,2.88,False,-100.0
2011-12-10,2011,H,A,0.3227418392152177,0.3263838701666436,0.35087429061813874,2.63,3.25,2.75,A,2.75,False,-100.0
2011-12-10,2011,A,H,0.5507050175716953,0.2249911645028929,0.22430381792541176,1.67,3.8,5.25,H,1.67,False,-100.0
2011-12-10,2011,H,H,0.8642579386040088,0.11391149246638725,0.021830568929603996,1.22,6.0,15.0,H,1.22,True,21.999999999999996
2011-12-11,2011,H,A,0.1967399704956524,0.22759915313518064,0.575660876369167,3.75,3.5,2.0,A,2.0,False,-100.0
2011-12-11,2011,H,H,0.49596581105895143,0.2656088763063734,0.2384253126346751,1.83,3.5,4.5,H,1.83,True,83.0
2011-12-12,2011,H,H,0.4461595732735964,0.27743298826808005,0.2764074384583235,2.4,3.3,3.0,H,2.4,True,140.0
2011-12-17,2011,A,H,0.41940603674799604,0.24156518153854253,0.3390287817134613,2.5,3.25,2.88,H,2.5,False,-100.0
2011-12-17,2011,D,H,0.5134634176177134,0.2697454910893819,0.21679109129290475,1.8,3.6,4.5,H,1.8,False,-100.0
2011-12-17,2011,D,A,0.05750151889628514,0.14223707528462276,0.8002614058190921,9.0,4.75,1.36,A,1.36,False,-100.0
2011-12-17,2011,D,H,0.6124475945022128,0.2228035326800085,0.16474887281777878,1.62,3.75,6.0,H,1.62,False,-100.0
2011-12-17,2011,A,H,0.4184593082077866,0.26452558898547335,0.31701510280674017,2.38,3.3,3.0,H,2.38,False,-100.0
2011-12-17,2011,H,H,0.5892823053430932,0.2906201797308934,0.12009751492601346,1.62,3.75,6.0,H,1.62,True,62.000000000000014
2011-12-18,2011,H,H,0.7581458441400606,0.18957297036464577,0.05228118549529379,1.36,4.75,9.0,H,1.36,True,36.00000000000001
2011-12-18,2011,A,A,0.06712043836079468,0.1851370885574388,0.7477424730817666,7.5,4.33,1.44,A,1.44,True,43.99999999999999
2011-12-18,2011,A,A,0.25645491984119534,0.3074580071410429,0.43608707301776184,4.2,3.4,1.91,A,1.91,True,90.99999999999999
2011-12-18,2011,H,H,0.47468485382873754,0.30116152679039254,0.22415361938086997,1.73,3.75,4.5,H,1.73,True,73.0
2011-12-20,2011,A,H,0.4755257111430351,0.27836587599949675,0.2461084128574681,2.1,3.4,3.5,H,2.1,False,-100.0
2011-12-20,2011,D,H,0.432401585572959,0.22483131443131157,0.3427670999957293,2.0,3.5,3.75,H,2.0,False,-100.0
2011-12-21,2011,A,A,0.3455036310192394,0.30216038006372153,0.352335988917039,2.5,3.3,2.88,A,2.88,True,188.0
2011-12-21,2011,D,A,0.12853365061137004,0.24406713035555774,0.627399219033072,7.0,4.0,1.5,A,1.5,False,-100.0
2011-12-21,2011,A,H,0.4194112116080448,0.2705387466043031,0.31005004178765216,2.0,3.5,3.75,H,2.0,False,-100.0
2011-12-21,2011,A,A,0.16511733254269756,0.2787242944983007,0.5561583729590017,5.0,3.6,1.73,A,1.73,True,73.0
2011-12-21,2011,A,A,0.2117209758286602,0.3166325748837711,0.4716464492875687,5.0,3.6,1.73,A,1.73,True,73.0
2011-12-21,2011,H,H,0.6662897568536141,0.23924259894516792,0.09446764420121785,1.57,3.75,6.5,H,1.57,True,57.00000000000001
2011-12-21,2011,H,H,0.8323689137630862,0.13363633444423512,0.033994751792678794,1.22,6.0,15.0,H,1.22,True,21.999999999999996
2011-12-22,2011,D,H,0.5354145394970692,0.27966449168105983,0.18492096882187103,2.6,3.4,2.7,H,2.6,False,-100.0
2011-12-26,2011,D,H,0.4526320737451427,0.33044954789743974,0.21691837835741748,2.4,3.25,3.0,H,2.4,False,-100.0
2011-12-26,2011,D,A,0.10725565189474653,0.2140554217933483,0.6786889263119051,7.0,4.5,1.44,A,1.44,False,-100.0
2011-12-26,2011,D,H,0.568871892667197,0.25520310101563054,0.17592500631717256,1.91,3.4,4.2,H,1.91,False,-100.0
2011-12-26,2011,D,H,0.8380779999390652,0.13064214928571474,0.031279850775220164,1.25,5.5,13.0,H,1.25,False,-100.0
2011-12-26,2011,D,H,0.7952959237598786,0.16646845740932983,0.0382356188307916,1.3,5.0,12.0,H,1.3,False,-100.0
2011-12-26,2011,A,H,0.42213023307473907,0.25540278176345615,0.32246698516180483,2.5,3.4,2.8,H,2.5,False,-100.0
2011-12-26,2011,H,H,0.928900389954238,0.06521670303779968,0.005882907007962236,1.14,7.5,21.0,H,1.14,True,13.99999999999999
2011-12-27,2011,D,H,0.8765364574425806,0.09880784176590961,0.024655700791509742,1.22,6.0,15.0,H,1.22,False,-100.0
2011-12-27,2011,A,A,0.21441367944191994,0.28736412756278196,0.498222192995298,4.5,3.6,1.8,A,1.8,True,80.0
2011-12-27,2011,D,H,0.5046511360237389,0.2502125301589616,0.24513633381729946,2.0,3.4,3.8,H,2.0,False,-100.0
2011-12-30,2011,H,H,0.7154895867081286,0.19829056734918848,0.08621984594268294,1.53,4.0,6.5,H,1.53,True,53.0
2011-12-31,2011,D,H,0.37219800277998394,0.26244737852258204,0.365354618697434,2.6,3.25,2.75,H,2.6,False,-100.0
2011-12-31,2011,D,H,0.4493637919093128,0.25575280703101305,0.29488340105967414,2.2,3.25,3.4,H,2.2,False,-100.0
2011-12-31,2011,D,A,0.13615958324576274,0.26566178406073826,0.598178632693499,5.5,3.6,1.67,A,1.67,False,-100.0
2011-12-31,2011,A,H,0.9628520662935013,0.03572397793219319,0.0014239557743054188,1.13,8.0,26.0,H,1.13,False,-100.0
2011-12-31,2011,H,H,0.8572545827236318,0.11741831045447333,0.025327106821894867,1.25,5.5,13.0,H,1.25,True,25.0
2011-12-31,2011,A,H,0.8196270013532819,0.1575465923898621,0.022826406256855978,1.29,5.0,13.0,H,1.29,False,-100.0
2011-12-31,2011,D,H,0.6144761058848929,0.21022473448337486,0.17529915963173232,1.67,3.6,5.5,H,1.67,False,-100.0
2012-01-01,2011,A,H,0.4690598343288453,0.29524834218046575,0.235691823490689,2.6,3.25,2.75,H,2.6,False,-100.0
2012-01-01,2011,H,A,0.15651243379469257,0.2877407314861321,0.5557468347191753,6.5,4.0,1.53,A,1.53,False,-100.0
2012-01-02,2011,A,H,0.37452426185510773,0.265113010203709,0.36036272794118324,2.1,3.4,3.5,H,2.1,False,-100.0
2012-01-02,2011,H,A,0.237167191034336,0.3231404844907828,0.4396923244748812,4.0,3.5,1.91,A,1.91,False,-100.0
2012-01-02,2011,A,A,0.14458288427537055,0.20500363078025044,0.650413484944379,6.0,4.0,1.57,A,1.57,True,57.00000000000001
2012-01-02,2011,A,H,0.5535822146902546,0.29667473875271966,0.14974304655702575,1.83,3.4,4.75,H,1.83,False,-100.0
2012-01-02,2011,A,H,0.40455734763775025,0.27593088882512695,0.3195117635371228,2.5,3.25,2.88,H,2.5,False,-100.0
2012-01-03,2011,H,H,0.462789784811531,0.34912378378488995,0.18808643140357914,1.91,3.4,4.2,H,1.91,True,90.99999999999999
2012-01-03,2011,H,H,0.753855748866364,0.18147716211335466,0.0646670890202815,1.33,5.0,10.0,H,1.33,True,33.00000000000001
2012-01-03,2011,A,H,0.3590199765010773,0.29092390192545675,0.350056121573466,2.63,3.25,2.75,H,2.63,False,-100.0
2012-01-04,2011,A,H,0.6517712119433471,0.2409204294724177,0.10730835858423522,1.5,4.0,7.0,H,1.5,False,-100.0
2012-01-04,2011,H,A,0.15359116173951096,0.2739688917065389,0.5724399465539501,5.0,3.6,1.73,A,1.73,False,-100.0
2012-01-11,2011,H,H,0.7033766452678222,0.22501498912446555,0.07160836560771235,1.53,3.8,7.0,H,1.53,True,53.0
2012-01-14,2011,D,H,0.41616273421198785,0.27970629000971126,0.30413097577830084,2.4,3.25,3.0,H,2.4,False,-100.0
2012-01-14,2011,D,H,0.7761117111654756,0.16993265200614865,0.05395563682837568,1.4,4.33,9.0,H,1.4,False,-100.0
2012-01-14,2011,H,H,0.6295759863130751,0.2597317471236824,0.11069226656324249,1.4,4.5,8.5,H,1.4,True,39.99999999999999
2012-01-14,2011,H,A,0.34009996275078047,0.2600128622091763,0.39988717504004323,3.0,3.3,2.38,A,2.38,False,-100.0
2012-01-14,2011,H,H,0.8527026293440553,0.11276647464169187,0.034530896014252854,1.14,8.0,17.0,H,1.14,True,13.99999999999999
2012-01-14,2011,A,H,0.46523188860220427,0.27285908427167077,0.2619090271261249,2.0,3.4,3.8,H,2.0,False,-100.0
2012-01-14,2011,D,H,0.8401649725188175,0.13387989902627603,0.025955128454906412,1.25,5.5,13.0,H,1.25,False,-100.0
2012-01-15,2011,H,H,0.5971109758206912,0.25674835793567535,0.14614066624363362,1.73,3.6,5.0,H,1.73,True,73.0
2012-01-15,2011,H,A,0.19917927198416152,0.30552594000286465,0.495294788012974,4.75,3.5,1.8,A,1.8,False,-100.0
2012-01-16,2011,A,A,0.061988294688942805,0.1896175072172401,0.748394198093817,9.0,4.33,1.4,A,1.4,True,39.99999999999999
2012-01-21,2011,D,A,0.19727696901776365,0.23998019111120777,0.5627428398710286,5.5,4.0,1.62,A,1.62,False,-100.0
2012-01-21,2011,H,A,0.19304306035151192,0.2438891494198167,0.5630677902286713,6.0,3.75,1.62,A,1.62,False,-100.0
2012-01-21,2011,D,H,0.5653573615448756,0.23626591638467725,0.19837672207044726,1.53,4.0,6.5,H,1.53,False,-100.0
2012-01-21,2011,H,H,0.46088219499568184,0.27265211273696305,0.26646569226735506,2.0,3.4,3.8,H,2.0,True,100.0
2012-01-21,2011,A,H,0.48168280047883727,0.26342149166544765,0.254895707855715,1.91,3.4,4.2,H,1.91,False,-100.0
2012-01-21,2011,H,H,0.5612410718481611,0.2756849405888375,0.16307398756300143,1.91,3.4,4.2,H,1.91,True,90.99999999999999
2012-01-21,2011,A,H,0.38202217237884745,0.30924364478155497,0.3087341828395975,2.5,3.25,2.88,H,2.5,False,-100.0
2012-01-21,2011,H,H,0.46446173048920253,0.2595879041992106,0.2759503653115868,2.0,3.4,3.8,H,2.0,True,100.0
2012-01-22,2011,A,H,0.4084840639808978,0.2936074530971469,0.2979084829219552,2.8,3.4,2.5,H,2.8,False,-100.0
2012-01-22,2011,H,H,0.5164222829877908,0.31182388025383484,0.17175383675837436,1.91,3.6,4.0,H,1.91,True,90.99999999999999
2012-01-31,2011,H,H,0.8788656481047313,0.09750429713563316,0.023630054759635477,1.22,6.0,15.0,H,1.22,True,21.999999999999996
2012-01-31,2011,H,H,0.7839899003113702,0.15820048861803407,0.05780961107059575,1.33,5.0,10.0,H,1.33,True,33.00000000000001
2012-01-31,2011,D,A,0.2938835202902726,0.2755380859985847,0.4305783937111427,4.0,3.25,2.0,A,2.0,False,-100.0
2012-01-31,2011,A,A,0.18294095135283284,0.2184536600540379,0.5986053885931292,5.0,3.8,1.7,A,1.7,True,70.0
2012-01-31,2011,H,A,0.21764813790679421,0.2887926822702634,0.49355917982294223,4.33,3.5,1.85,A,1.85,False,-100.0
2012-02-01,2011,D,A,0.23239924354418956,0.25961680807227455,0.5079839483835359,5.0,3.75,1.7,A,1.7,False,-100.0
2012-02-01,2011,D,H,0.5793427468517974,0.263022993748857,0.15763425939934556,1.83,3.5,4.5,H,1.83,False,-100.0
2012-02-01,2011,D,H,0.5691792265948779,0.2677552020734228,0.16306557133169944,1.8,3.5,4.75,H,1.8,False,-100.0
2012-02-01,2011,A,H,0.42594090521537836,0.2596192859275461,0.31443980885707556,2.63,3.3,2.7,H,2.63,False,-100.0
2012-02-01,2011,H,H,0.5248223659173784,0.27493675847399185,0.20024087560862983,1.91,3.5,4.2,H,1.91,True,90.99999999999999
2012-02-04,2011,A,H,0.4901541863514903,0.2711391376431322,0.23870667600537748,1.91,3.6,4.0,H,1.91,False,-100.0
2012-02-04,2011,H,H,0.6754354631781272,0.21787891913393842,0.10668561768793439,1.29,5.5,11.0,H,1.29,True,29.000000000000004
2012-02-04,2011,H,H,0.7371140901763072,0.1703584910534457,0.09252741877024703,1.3,5.5,10.0,H,1.3,True,30.000000000000004
2012-02-04,2011,H,H,0.4544909282659386,0.28307501629676374,0.26243405543729775,2.0,3.5,3.75,H,2.0,True,100.0
2012-02-04,2011,D,A,0.283807125552703,0.26422857454162085,0.4519642999056761,3.5,3.4,2.1,A,2.1,False,-100.0
2012-02-04,2011,A,H,0.43922870890269183,0.29167893611112117,0.26909235498618694,2.1,3.3,3.6,H,2.1,False,-100.0
2012-02-04,2011,A,A,0.34318990675638383,0.2965877246757389,0.3602223685678772,2.25,3.25,3.3,A,3.3,True,229.99999999999997
2012-02-05,2011,D,H,0.4662048646113251,0.29248436082567814,0.24131077456299674,2.5,3.3,2.88,H,2.5,False,-100.0
2012-02-05,2011,H,H,0.47195722136584595,0.2676880436060058,0.2603547350281484,2.0,3.4,3.8,H,2.0,True,100.0
2012-02-06,2011,D,H,0.4702564687665577,0.2943688569883432,0.23537467424509906,2.0,3.4,3.8,H,2.0,False,-100.0
2012-02-11,2011,H,H,0.4497726418024335,0.27112035153350517,0.27910700666406146,2.38,3.3,3.0,H,2.38,True,138.0
2012-02-11,2011,H,H,0.5540090718943775,0.26279415628879754,0.18319677181682487,1.85,3.6,4.33,H,1.85,True,85.00000000000001
2012-02-11,2011,H,H,0.5600033887266548,0.2586005718451615,0.1813960394281837,1.91,3.5,4.0,H,1.91,True,90.99999999999999
2012-02-11,2011,A,H,0.5662539237510227,0.23089479218446138,0.20285128406451597,2.0,3.5,3.75,H,2.0,False,-100.0
2012-02-11,2011,A,H,0.5447071302947347,0.24532073186673017,0.20997213783853508,1.83,3.5,4.5,H,1.83,False,-100.0
2012-02-11,2011,H,H,0.6374559078063652,0.22954273962971614,0.13300135256391868,1.44,4.33,7.5,H,1.44,True,43.99999999999999
2012-02-11,2011,A,H,0.38069273630811,0.2751342284195571,0.3441730352723329,3.5,3.4,2.1,H,3.5,False,-100.0
2012-02-11,2011,H,A,0.28798353009868966,0.28744978858925563,0.4245666813120548,3.25,3.3,2.25,A,2.25,False,-100.0
2012-02-12,2011,A,A,0.18857885163438384,0.27364008627213837,0.5377810620934778,5.5,3.6,1.67,A,1.67,True,67.0
2012-02-12,2011,A,H,0.38320999392088984,0.27860816776023845,0.3381818383188718,2.5,3.25,2.88,H,2.5,False,-100.0
2012-02-25,2011,D,A,0.3265047749580077,0.2763663669437067,0.3971288580982855,2.75,3.25,2.63,A,2.63,False,-100.0
2012-02-25,2011,H,H,0.4958520445305066,0.3068441580138511,0.1973037974556422,2.4,3.25,3.0,H,2.4,True,140.0
2012-02-25,2011,A,H,0.421382155658377,0.2609682427900275,0.3176496015515955,2.63,3.25,2.75,H,2.63,False,-100.0
2012-02-25,2011,D,H,0.6364675863418333,0.20617758761585386,0.15735482604231285,1.57,4.0,6.0,H,1.57,False,-100.0
2012-02-25,2011,H,H,0.7437388934468262,0.18762863844114372,0.06863246811202997,1.29,5.5,11.0,H,1.29,True,29.000000000000004
2012-02-25,2011,H,H,0.8839178004331885,0.09343289664307913,0.0226493029237324,1.17,7.0,17.0,H,1.17,True,16.999999999999993
2012-02-26,2011,A,A,0.15907255948238413,0.23605163042176064,0.6048758100958552,6.5,4.0,1.53,A,1.53,True,53.0
2012-02-26,2011,H,H,0.4015086227415643,0.30019234552708196,0.2982990317313537,2.5,3.4,2.75,H,2.5,True,150.0
2012-02-26,2011,H,A,0.35437170848001714,0.26078276239429743,0.3848455291256853,2.1,3.4,3.5,A,3.5,False,-100.0
2012-03-03,2011,D,H,0.4063777214669289,0.24501910397791254,0.3486031745551586,2.38,3.4,3.0,H,2.38,False,-100.0
2012-03-03,2011,H,H,0.9152696721007024,0.0745662357521107,0.010164092147186842,1.13,8.5,21.0,H,1.13,True,12.99999999999999
2012-03-03,2011,A,H,0.44475434256371177,0.28292145568154,0.27232420175474836,2.0,3.5,3.75,H,2.0,False,-100.0
2012-03-03,2011,D,H,0.3512836700452895,0.3100442712826793,0.3386720586720312,3.1,3.25,2.38,H,3.1,False,-100.0
2012-03-03,2011,H,H,0.45750304924009194,0.2521004634857008,0.29039648727420714,1.83,3.5,4.5,H,1.83,True,83.0
2012-03-03,2011,A,H,0.41483596043317356,0.2557025843435364,0.32946145522329007,2.5,3.25,2.88,H,2.5,False,-100.0
2012-03-03,2011,H,H,0.37623623293996483,0.33678627602083794,0.2869774910391971,4.2,3.4,1.91,H,4.2,True,320.0
2012-03-04,2011,H,H,0.6864986589907114,0.19389822659933545,0.11960311440995325,1.57,3.75,6.5,H,1.57,True,57.00000000000001
2012-03-04,2011,D,H,0.47939785070453067,0.2550308407386083,0.26557130855686095,2.1,3.4,3.5,H,2.1,False,-100.0
2012-03-04,2011,A,A,0.33962921453562855,0.2809486268168588,0.3794221586475126,2.88,3.4,2.4,A,2.4,True,140.0
2012-03-10,2011,A,H,0.42844853435277824,0.19668510882144855,0.37486635682577335,2.38,3.3,3.0,H,2.38,False,-100.0
2012-03-10,2011,H,A,0.2949607041165763,0.2858759945440005,0.4191633013394232,3.8,3.4,2.0,A,2.0,False,-100.0
2012-03-10,2011,H,H,0.4006889056358771,0.2706363793660943,0.3286747149980285,2.88,3.25,2.5,H,2.88,True,188.0
2012-03-10,2011,H,H,0.3790260120599389,0.26448451465273204,0.35648947328732905,2.5,3.25,2.88,H,2.5,True,150.0
2012-03-10,2011,H,H,0.3757845339670874,0.30717488729526105,0.3170405787376515,2.5,3.25,2.88,H,2.5,True,150.0
2012-03-10,2011,H,H,0.6866638009923691,0.22752314758905343,0.08581305141857744,1.4,4.5,8.5,H,1.4,True,39.99999999999999
2012-03-11,2011,H,A,0.15324169735792592,0.27577234017702906,0.5709859624650451,6.0,3.75,1.62,A,1.62,False,-100.0
2012-03-11,2011,D,H,0.5214766486126048,0.2882622647144545,0.19026108667294067,1.83,3.6,4.33,H,1.83,False,-100.0
2012-03-11,2011,H,H,0.7034866122267028,0.21258232125781065,0.08393106651548649,1.29,5.5,11.0,H,1.29,True,29.000000000000004
2012-03-12,2011,H,H,0.7233981977555995,0.18957180307081656,0.08702999917358399,1.44,4.33,7.5,H,1.44,True,43.99999999999999
2012-03-13,2011,H,H,0.5284254141697161,0.3033154687874666,0.16825911704281718,1.73,3.4,5.5,H,1.73,True,73.0
2012-03-17,2011,D,A,0.33940829783093496,0.3004098562552881,0.36018184591377705,2.75,3.3,2.6,A,2.6,False,-100.0
2012-03-17,2011,A,H,0.5371188844720401,0.26893712631226435,0.19394398921569553,1.83,3.5,4.5,H,1.83,False,-100.0
2012-03-18,2011,A,A,0.04158555412551032,0.10013065434244924,0.8582837915320404,9.0,5.0,1.33,A,1.33,True,33.00000000000001
2012-03-18,2011,H,H,0.5069044362689955,0.24583053086475407,0.24726503286625046,1.8,3.6,4.5,H,1.8,True,80.0
2012-03-20,2011,H,H,0.4329270028197872,0.24516237781317102,0.3219106193670417,2.4,3.4,2.88,H,2.4,True,140.0
2012-03-21,2011,A,A,0.26375023385119056,0.24959439256264213,0.48665537358616734,3.0,3.4,2.3,A,2.3,True,129.99999999999997
2012-03-21,2011,H,H,0.5768194988302452,0.288505996154455,0.13467450501529982,1.91,3.6,4.0,H,1.91,True,90.99999999999999
2012-03-21,2011,H,A,0.23828417962486023,0.3319218481932866,0.42979397218185306,5.0,3.6,1.73,A,1.73,False,-100.0
2012-03-21,2011,D,H,0.6363447467292946,0.25411682697886273,0.10953842629184272,1.4,4.5,8.5,H,1.4,False,-100.0
2012-03-24,2011,H,H,0.41658598505753247,0.2410696706173515,0.3423443443251159,2.0,3.4,3.8,H,2.0,True,100.0
2012-03-24,2011,D,A,0.13182155025565545,0.2532009505877647,0.61497749915658,6.0,3.75,1.62,A,1.62,False,-100.0
2012-03-24,2011,A,H,0.5094660748663947,0.2895284394641182,0.201005485669487,2.2,3.25,3.4,H,2.2,False,-100.0
2012-03-24,2011,H,H,0.5781870955491585,0.20845176365952217,0.21336114079131935,1.73,3.75,4.75,H,1.73,True,73.0
2012-03-24,2011,D,H,0.5548659076893133,0.2468376972993548,0.19829639501133184,1.83,3.6,4.33,H,1.83,False,-100.0
2012-03-24,2011,A,H,0.693303181099688,0.20442107382992747,0.1022757450703845,1.29,5.5,11.0,H,1.29,False,-100.0
2012-03-24,2011,H,A,0.3438495581616786,0.2553634716168954,0.40078697022142595,2.4,3.4,2.9,A,2.9,False,-100.0
2012-03-24,2011,H,H,0.7718582563165984,0.1860179405874212,0.04212380309598037,1.33,5.0,10.0,H,1.33,True,33.00000000000001
2012-03-25,2011,A,H,0.547837497824258,0.25344923343458464,0.1987132687411574,2.3,3.4,3.1,H,2.3,False,-100.0
2012-03-26,2011,H,H,0.8582484327879919,0.12150966317974587,0.020241904032262174,1.22,6.0,15.0,H,1.22,True,21.999999999999996
2012-03-31,2011,H,H,0.48651332664982755,0.28911708755080406,0.22436958579936853,1.83,3.5,4.5,H,1.83,True,83.0
2012-03-31,2011,H,H,0.43229074213558255,0.30142480199927935,0.26628445586513816,2.63,3.25,2.75,H,2.63,True,163.0
2012-03-31,2011,A,A,0.366296748762938,0.24098306968294303,0.3927201815541189,2.3,3.4,3.1,A,3.1,True,210.0
2012-03-31,2011,H,A,0.1189250185199921,0.21104032270553125,0.6700346587744767,5.5,4.2,1.57,A,1.57,False,-100.0
2012-03-31,2011,A,A,0.23817752745246493,0.3117299482994902,0.45009252424804486,4.5,3.5,1.83,A,1.83,True,83.0
2012-03-31,2011,H,H,0.539005904643828,0.27568880793064937,0.18530528742552266,1.7,3.75,5.0,H,1.7,True,70.0
2012-03-31,2011,D,H,0.7989985479410444,0.14704676017075982,0.053954691888195704,1.22,6.5,12.0,H,1.22,False,-100.0
2012-04-01,2011,H,H,0.6283505903508199,0.24977290772474606,0.12187650192443408,1.4,4.5,8.5,H,1.4,True,39.99999999999999
2012-04-01,2011,H,H,0.43607927650608,0.29933387552922475,0.26458684796469517,2.88,3.4,2.4,H,2.88,True,188.0
2012-04-02,2011,A,A,0.04679656830924848,0.16299480663254837,0.7902086250582031,9.0,4.75,1.36,A,1.36,True,36.00000000000001
2012-04-06,2011,A,H,0.3997527693889296,0.3017599317835242,0.29848729882754627,2.4,3.4,2.88,H,2.4,False,-100.0
2012-04-07,2011,H,H,0.43769267444980653,0.27092671264400175,0.2913806129061918,1.91,3.6,4.0,H,1.91,True,90.99999999999999
2012-04-07,2011,D,A,0.3129440948514014,0.2703608662973456,0.41669503885125303,3.3,3.4,2.2,A,2.2,False,-100.0
2012-04-07,2011,H,H,0.597266729072545,0.20726440134997565,0.1954688695774793,1.57,4.0,6.0,H,1.57,True,57.00000000000001
2012-04-07,2011,D,H,0.6348999183723849,0.22730208171307295,0.1377979999145421,1.44,4.33,7.5,H,1.44,False,-100.0
2012-04-07,2011,H,H,0.715912019589952,0.19612714412561108,0.08796083628443696,1.25,6.0,12.0,H,1.25,True,25.0
2012-04-07,2011,A,H,0.4365050442722319,0.2778070299953426,0.2856879257324255,2.6,3.3,2.75,H,2.6,False,-100.0
2012-04-07,2011,D,A,0.3383608045458673,0.30202449650487095,0.3596146989492617,3.0,3.3,2.4,A,2.4,False,-100.0
2012-04-08,2011,H,H,0.4911488337894139,0.29313727514846555,0.2157138910621207,2.4,3.4,2.88,H,2.4,True,140.0
2012-04-08,2011,H,H,0.8468817124693879,0.11750156807496843,0.035616719455643604,1.17,7.5,15.0,H,1.17,True,16.999999999999993
2012-04-09,2011,H,H,0.5149291840758465,0.2780461323025242,0.2070246836216293,1.83,3.5,4.5,H,1.83,True,83.0
2012-04-09,2011,D,H,0.5015541698253576,0.2415829446149673,0.2568628855596752,2.2,3.3,3.4,H,2.2,False,-100.0
2012-04-09,2011,H,H,0.6010238733221392,0.23174434436359986,0.16723178231426092,1.53,4.2,6.0,H,1.53,True,53.0
2012-04-09,2011,A,H,0.7275852152259978,0.20591613332579486,0.06649865144820731,1.29,5.5,11.0,H,1.29,False,-100.0
2012-04-09,2011,D,A,0.27823574655944916,0.2863710221615341,0.43539323127901686,3.5,3.4,2.1,A,2.1,False,-100.0
2012-04-10,2011,A,A,0.34464475667648914,0.30479207640714145,0.3505631669163695,3.5,3.4,2.1,A,2.1,True,110.00000000000001
2012-04-11,2011,H,H,0.8216193992470983,0.14024434563314225,0.03813625511975938,1.25,5.5,13.0,H,1.25,True,25.0
2012-04-11,2011,H,H,0.469803132163838,0.274579227899359,0.25561763993680303,2.1,3.4,3.5,H,2.1,True,110.00000000000001
2012-04-11,2011,H,A,0.05509445267797536,0.18910624356402375,0.7557993037580009,9.0,4.75,1.36,A,1.36,False,-100.0
2012-04-11,2011,A,A,0.061745099254085334,0.14669760216065075,0.791557298585264,7.0,4.5,1.44,A,1.44,True,43.99999999999999
2012-04-14,2011,H,H,0.3857892963211235,0.24795098862116652,0.3662597150577099,2.1,3.4,3.5,H,2.1,True,110.00000000000001
2012-04-14,2011,A,A,0.1697559072084475,0.2587944620965789,0.5714496306949736,6.0,4.2,1.53,A,1.53,True,53.0
2012-04-14,2011,D,H,0.6267819749943891,0.19263760619465567,0.18058041881095513,1.5,4.2,6.5,H,1.5,False,-100.0
2012-04-14,2011,H,H,0.5015587512618251,0.2439669017249321,0.25447434701324273,1.91,3.5,4.0,H,1.91,True,90.99999999999999
2012-04-15,2011,H,H,0.8354886635376255,0.13066063376757575,0.03385070269479865,1.22,6.5,13.0,H,1.22,True,21.999999999999996
2012-04-16,2011,A,H,0.7577478601362335,0.17975897937987823,0.062493160483888324,1.25,6.0,12.0,H,1.25,False,-100.0
2012-04-21,2011,H,H,0.6853759251615067,0.21225349655704773,0.10237057828144555,1.67,3.75,5.5,H,1.67,True,67.0
2012-04-21,2011,H,H,0.4373189843893141,0.29551765573052396,0.2671633598801619,1.91,3.6,4.0,H,1.91,True,90.99999999999999
2012-04-21,2011,H,A,0.2576221437053288,0.31562034095659713,0.426757515338074,4.0,3.6,1.91,A,1.91,False,-100.0
2012-04-21,2011,D,H,0.5502726323402676,0.24576343985159796,0.20396392780813452,2.2,3.3,3.4,H,2.2,False,-100.0
2012-04-21,2011,H,A,0.34571031064632324,0.22969045882569725,0.4245992305279795,2.1,3.4,3.5,A,3.5,False,-100.0
2012-04-21,2011,D,A,0.370110420921353,0.24153705479755433,0.3883525242810927,2.3,3.3,3.2,A,3.2,False,-100.0
2012-04-21,2011,D,H,0.5207139103880665,0.26880425379311895,0.21048183581881458,2.0,3.6,3.6,H,2.0,False,-100.0
2012-04-22,2011,D,H,0.7867376956582062,0.17275068711328717,0.04051161722850665,1.3,5.0,11.0,H,1.3,False,-100.0
2012-04-22,2011,A,A,0.01101469583763942,0.05781456226789613,0.9311707418944645,12.0,6.5,1.22,A,1.22,True,21.999999999999996
2012-04-22,2011,A,H,0.6618819352118741,0.2062162740297995,0.13190179075832636,1.44,4.33,7.5,H,1.44,False,-100.0
2012-04-24,2011,A,H,0.42170378804279507,0.24943892197188441,0.32885728998532054,1.91,3.5,4.0,H,1.91,False,-100.0
2012-04-28,2011,D,A,0.20466852007090994,0.2750469093186244,0.5202845706104657,4.33,3.6,1.83,A,1.83,False,-100.0
2012-04-28,2011,H,H,0.5341598584500974,0.30937820260699245,0.15646193894291022,1.83,3.5,4.5,H,1.83,True,83.0
2012-04-28,2011,A,A,0.3077325350194855,0.2737642534235421,0.4185032115569724,3.8,3.4,2.0,A,2.0,True,100.0
2012-04-28,2011,D,H,0.41203294967962006,0.2642785095433592,0.3236885407770208,2.0,3.5,3.75,H,2.0,False,-100.0
2012-04-28,2011,D,H,0.5304315298972295,0.25804259788248385,0.21152587222028668,2.1,3.4,3.5,H,2.1,False,-100.0
2012-04-28,2011,D,H,0.648752151860906,0.23485346385325567,0.1163943842858384,1.53,4.0,6.5,H,1.53,False,-100.0
2012-04-28,2011,H,H,0.34768607109426025,0.3134497181674103,0.33886421073832934,2.8,3.4,2.5,H,2.8,True,179.99999999999997
2012-04-29,2011,H,H,0.6702395666131463,0.2291959422402807,0.10056449114657288,1.4,4.5,8.5,H,1.4,True,39.99999999999999
2012-04-29,2011,H,H,0.6680254597257104,0.20449825953420864,0.12747628074008097,1.36,5.0,8.0,H,1.36,True,36.00000000000001
2012-04-30,2011,H,H,0.5041586869006597,0.2799352426714775,0.21590607042786275,2.1,3.5,3.4,H,2.1,True,110.00000000000001
2012-05-01,2011,D,A,0.2874942194752621,0.25290222646351007,0.4596035540612277,2.75,3.25,2.6,A,2.6,False,-100.0
2012-05-01,2011,A,H,0.5517677486722311,0.26684718938068497,0.18138506194708393,1.62,4.0,5.5,H,1.62,False,-100.0
2012-05-02,2011,A,A,0.2701270288693778,0.284577677502696,0.4452952936279262,4.0,3.6,1.91,A,1.91,True,90.99999999999999
2012-05-02,2011,A,H,0.6388858021810098,0.23140575954379428,0.12970843827519596,1.5,4.33,6.5,H,1.5,False,-100.0
2012-05-05,2011,D,H,0.7709075974433466,0.14133222970145407,0.08776017285519931,1.22,6.5,12.0,H,1.22,False,-100.0
2012-05-06,2011,D,A,0.17341690672672666,0.19719714244619005,0.6293859508270834,5.0,3.75,1.7,A,1.7,False,-100.0
2012-05-06,2011,A,A,0.2028676645344499,0.2814804182219361,0.515651917243614,5.0,4.0,1.67,A,1.67,True,67.0
2012-05-06,2011,H,H,0.8460411048530614,0.12455843398894727,0.029400461157991227,1.17,7.0,17.0,H,1.17,True,16.999999999999993
2012-05-06,2011,H,H,0.5211584742042162,0.24789300145303025,0.23094852434275348,1.83,3.75,4.2,H,1.83,True,83.0
2012-05-06,2011,D,H,0.45516340052050375,0.2790268603414137,0.26580973913808265,2.0,3.5,3.75,H,2.0,False,-100.0
2012-05-06,2011,D,A,0.20023032912410424,0.2722536672509393,0.5275160036249565,4.2,3.75,1.83,A,1.83,False,-100.0
2012-05-06,2011,H,H,0.5794674894222364,0.2614439553278643,0.15908855524989932,1.83,3.6,4.33,H,1.83,True,83.0
2012-05-07,2011,A,A,0.3078703456603485,0.26404995104641626,0.4280797032932353,2.4,3.5,2.88,A,2.88,True,188.0
2012-05-08,2011,H,H,0.47189679127975254,0.29761251658706084,0.23049069213318665,2.1,3.5,3.4,H,2.1,True,110.00000000000001
2012-05-13,2011,D,A,0.31198006530084715,0.25766128941693234,0.4303586452822206,2.38,3.5,2.88,A,2.88,False,-100.0
2012-05-13,2011,H,H,0.717305210144813,0.18969891336387062,0.09299587649131649,1.3,5.5,10.0,H,1.3,True,30.000000000000004
2012-05-13,2011,H,H,0.4789199250149607,0.28377920755166647,0.23730086743337286,2.2,3.5,3.2,H,2.2,True,120.00000000000001
2012-05-13,2011,H,H,0.8802945655104264,0.09552346221833176,0.02418197227124185,1.13,9.0,19.0,H,1.13,True,12.99999999999999
2012-05-13,2011,H,H,0.44460384329329095,0.2709671539964594,0.2844290027102497,2.2,3.4,3.25,H,2.2,True,120.00000000000001
2012-05-13,2011,H,A,0.30661473061365413,0.25996786031507857,0.4334174090712674,3.4,3.5,2.1,A,2.1,False,-100.0
2012-05-13,2011,H,H,0.6753136397518716,0.21860719482633878,0.10607916542178958,1.4,4.5,8.5,H,1.4,True,39.99999999999999
2012-05-13,2011,A,A,0.22247787256198856,0.2683284603281731,0.5091936671098384,5.0,4.0,1.67,A,1.67,True,67.0
2012-05-13,2011,H,H,0.6654717367331585,0.23094034021897955,0.1035879230478619,1.57,4.0,6.0,H,1.57,True,57.00000000000001
2012-05-13,2011,A,A,0.0811669515145558,0.1860573538495436,0.7327756946359006,7.0,4.5,1.44,A,1.44,True,43.99999999999999
2012-08-18,2012,H,H,0.3642813961327412,0.3066139795976344,0.32910462426962445,2.5,3.4,2.75,H,2.5,True,150.0
2012-08-18,2012,A,H,0.44957339733370705,0.27462654279791393,0.27580005986837913,2.0,3.4,3.8,H,2.0,False,-100.0
2012-08-18,2012,D,H,0.6988101270724979,0.22037249206963816,0.08081738085786394,1.4,4.5,8.5,H,1.4,False,-100.0
2012-08-18,2012,H,H,0.6112077584961445,0.19391828229863867,0.19487395920521677,1.8,3.6,4.5,H,1.8,True,80.0
2012-08-18,2012,D,H,0.41774615883721206,0.2779083236160512,0.3043455175467367,2.38,3.25,3.1,H,2.38,False,-100.0
2012-08-18,2012,H,H,0.4747408419305298,0.29438246047371447,0.2308766975957558,2.2,3.3,3.4,H,2.2,True,120.00000000000001
2012-08-18,2012,H,A,0.33526103364053245,0.28851315440542113,0.3762258119540464,4.2,3.5,1.91,A,1.91,False,-100.0
2012-08-19,2012,H,H,0.9138303412926233,0.07519212235185405,0.010977536355522689,1.17,7.0,17.0,H,1.17,True,16.999999999999993
2012-08-19,2012,A,A,0.2658481427199959,0.25548949546804767,0.47866236181195637,6.0,3.75,1.62,A,1.62,True,62.000000000000014
2012-08-20,2012,H,A,0.27665732307049856,0.304110447232278,0.4192322296972235,4.33,3.6,1.83,A,1.83,False,-100.0
2012-08-22,2012,H,H,0.8007221784883581,0.1615950408054581,0.03768278070618377,1.25,5.5,13.0,H,1.25,True,25.0
2012-08-25,2012,H,H,0.525207117712722,0.27528215018164726,0.19951073210563075,2.1,3.3,3.6,H,2.1,True,110.00000000000001
2012-08-25,2012,H,H,0.716263597730195,0.19777571723524703,0.08596068503455805,1.29,5.5,11.0,H,1.29,True,29.000000000000004
2012-08-25,2012,D,H,0.623373671629691,0.2502285686719561,0.12639775969835282,1.5,4.33,6.5,H,1.5,False,-100.0
2012-08-25,2012,A,A,0.3406800074718231,0.25567137652379157,0.40364861600438534,2.1,3.4,3.5,A,3.5,True,250.0
2012-08-25,2012,A,A,0.2612169681777459,0.2798962996722649,0.45888673214998915,2.9,3.4,2.4,A,2.4,True,140.0
2012-08-25,2012,H,H,0.6256885174075318,0.21199488700844935,0.1623165955840188,1.5,4.33,6.5,H,1.5,True,50.0
2012-08-25,2012,D,H,0.4077502243198502,0.20925313637133994,0.3829966393088099,2.25,3.4,3.2,H,2.25,False,-100.0
2012-08-26,2012,D,A,0.25658308264785545,0.27280215565396726,0.47061476169817734,3.5,3.4,2.1,A,2.1,False,-100.0
2012-08-26,2012,D,A,0.28289246165859483,0.2976251991078725,0.4194823392335327,3.1,3.4,2.3,A,2.3,False,-100.0
2012-09-01,2012,H,H,0.8822211998382661,0.08897818804188612,0.028800612119847753,1.18,7.0,15.0,H,1.18,True,17.999999999999993
2012-09-01,2012,D,H,0.5441707743228914,0.28878197684910906,0.16704724882799948,2.2,3.3,3.4,H,2.2,False,-100.0
2012-09-01,2012,D,H,0.7309451744235756,0.16363293833358747,0.10542188724283694,1.36,5.0,8.5,H,1.36,False,-100.0
2012-09-01,2012,H,H,0.3644113815198323,0.28634933218611125,0.34923928629405643,3.0,3.3,2.38,H,3.0,True,200.0
2012-09-01,2012,H,H,0.38394706458382327,0.3026449424899786,0.31340799292619814,2.5,3.25,2.88,H,2.5,True,150.0
2012-09-01,2012,D,H,0.5774909101108678,0.2738568939686089,0.14865219592052317,2.25,3.25,3.3,H,2.25,False,-100.0
2012-09-02,2012,D,H,0.5969491849507966,0.2621902840048997,0.14086053104430374,1.62,3.75,6.0,H,1.62,False,-100.0
2012-09-02,2012,A,H,0.4639929209681036,0.287418186111626,0.24858889292027034,2.0,3.5,3.75,H,2.0,False,-100.0
2012-09-02,2012,A,A,0.10704801939379757,0.20588033101191475,0.6870716495942878,6.0,4.2,1.53,A,1.53,True,53.0
2012-09-15,2012,H,H,0.7984662435752197,0.14821058268281728,0.053323173741963124,1.25,6.0,12.0,H,1.25,True,25.0
2012-09-15,2012,H,H,0.7101369549791764,0.1918912913275217,0.0979717536933019,1.36,5.0,8.5,H,1.36,True,36.00000000000001
2012-09-15,2012,H,A,0.31139632027949227,0.29798633388661916,0.39061734583388863,2.38,3.25,3.1,A,3.1,False,-100.0
2012-09-15,2012,H,H,0.4906309799020012,0.2757972101667752,0.23357180993122353,2.1,3.4,3.5,H,2.1,True,110.00000000000001
2012-09-15,2012,D,A,0.22006610680280514,0.20770799810418064,0.5722258950930144,4.5,3.5,1.83,A,1.83,False,-100.0
2012-09-15,2012,D,A,0.12971525213269508,0.21974729630455522,0.6505374515627497,5.0,3.6,1.73,A,1.73,False,-100.0
2012-09-15,2012,D,H,0.38875811400218163,0.282511336566224,0.3287305494315943,2.38,3.4,3.0,H,2.38,False,-100.0
2012-09-15,2012,D,A,0.2787504644277346,0.2557598596836626,0.46548967588860274,3.4,3.3,2.2,A,2.2,False,-100.0
2012-09-16,2012,A,A,0.2670377417344581,0.2868306896576927,0.44613156860784914,3.75,3.5,2.0,A,2.0,True,100.0
2012-09-17,2012,D,H,0.6450356064826989,0.23293348450297666,0.12203090901432445,1.73,3.6,5.0,H,1.73,False,-100.0
2012-09-22,2012,A,H,0.39613285463092024,0.29133980026285433,0.31252734510622554,2.4,3.3,3.0,H,2.4,False,-100.0
2012-09-22,2012,D,H,0.523305704472267,0.2902596928658539,0.1864346026618791,2.1,3.3,3.6,H,2.1,False,-100.0
2012-09-22,2012,H,H,0.5874103899921636,0.238413756704119,0.17417585330371751,1.73,3.75,4.75,H,1.73,True,73.0
2012-09-22,2012,H,H,0.3658754518366289,0.28013036566659616,0.35399418249677495,2.4,3.3,3.0,H,2.4,True,140.0
2012-09-22,2012,H,H,0.7243861566067734,0.20888682343838677,0.06672701995483982,1.36,4.75,9.0,H,1.36,True,36.00000000000001
2012-09-22,2012,A,H,0.4047782044900072,0.2683394151453919,0.32688238036460093,3.0,3.3,2.4,H,3.0,False,-100.0
2012-09-23,2012,H,H,0.7044404817430288,0.20053342328902632,0.09502609496794491,1.44,4.33,7.5,H,1.44,True,43.99999999999999
2012-09-23,2012,H,H,0.4849423618148692,0.2625521280404113,0.2525055101447195,1.8,3.6,4.5,H,1.8,True,80.0
2012-09-23,2012,A,A,0.32299888856864023,0.27835179600204074,0.39864931542931903,2.7,3.3,2.63,A,2.63,True,163.0
2012-09-23,2012,D,H,0.6496021939797213,0.2336401387989313,0.11675766722134741,1.75,3.6,4.75,H,1.75,False,-100.0
2012-09-29,2012,A,A,0.22588423094880736,0.23500790089522866,0.539107868155964,4.75,3.75,1.73,A,1.73,True,73.0
2012-09-29,2012,H,H,0.41911288347765696,0.2996618775251445,0.2812252389971985,1.91,3.4,4.2,H,1.91,True,90.99999999999999
2012-09-29,2012,D,A,0.3099944618429424,0.25822560675521333,0.43177993140184445,2.88,3.3,2.5,A,2.5,False,-100.0
2012-09-29,2012,H,H,0.41900156112323933,0.25633103170677973,0.32466740716998094,2.0,3.4,3.8,H,2.0,True,100.0
2012-09-29,2012,A,H,0.6269294572619257,0.2383018219218724,0.1347687208162019,1.57,4.0,6.0,H,1.57,False,-100.0
2012-09-29,2012,H,H,0.7455325760780656,0.16710391861629534,0.0873635053056392,1.4,4.75,8.0,H,1.4,True,39.99999999999999
2012-09-29,2012,A,H,0.4466765365682421,0.301629352231509,0.2516941112002489,2.1,3.4,3.5,H,2.1,False,-100.0
2012-09-29,2012,A,A,0.32125363015000913,0.28182116481788494,0.39692520503210593,4.33,3.6,1.83,A,1.83,True,83.0
2012-09-30,2012,D,H,0.3706235220624477,0.29253176673397957,0.33684471120357284,2.4,3.3,3.0,H,2.4,False,-100.0
2012-10-01,2012,A,H,0.39292108884105725,0.2975504138750268,0.30952849728391607,2.05,3.4,3.75,H,2.05,False,-100.0
2012-10-06,2012,D,H,0.5364440217341837,0.23246537446841356,0.23109060379740276,1.91,3.6,4.0,H,1.91,False,-100.0
2012-10-06,2012,H,H,0.755508370504055,0.18737652672811975,0.05711510276782533,1.29,5.5,11.0,H,1.29,True,29.000000000000004
2012-10-06,2012,H,H,0.7854677791375195,0.15771228578195073,0.056819935080529814,1.22,6.5,12.0,H,1.22,True,21.999999999999996
2012-10-06,2012,D,A,0.21205778150323173,0.2409730682343104,0.5469691502624578,4.2,3.4,1.91,A,1.91,False,-100.0
2012-10-06,2012,A,A,0.3467979285508872,0.2825724374269045,0.3706296340222082,4.0,3.6,1.91,A,1.91,True,90.99999999999999
2012-10-06,2012,H,H,0.5379547240609575,0.27315264993648986,0.18889262600255263,1.83,3.75,4.2,H,1.83,True,83.0
2012-10-07,2012,D,H,0.6311207283009307,0.24311156186312274,0.12576770983594657,1.44,4.33,7.5,H,1.44,False,-100.0
2012-10-07,2012,A,A,0.21860237956566558,0.22082272894876084,0.5605748914855736,4.2,3.75,1.83,A,1.83,True,83.0
2012-10-07,2012,D,A,0.3099801764817917,0.2679250546958296,0.4220947688223786,2.75,3.3,2.6,A,2.6,False,-100.0
2012-10-07,2012,H,H,0.7216350633525693,0.1958918663575746,0.08247307028985605,1.44,4.33,7.5,H,1.44,True,43.99999999999999
2012-10-20,2012,H,A,0.11477936314872504,0.1921557006307595,0.6930649362205156,6.0,4.2,1.53,A,1.53,False,-100.0
2012-10-20,2012,H,H,0.5629760294937298,0.2552772785578947,0.18174669194837548,1.8,3.6,4.5,H,1.8,True,80.0
2012-10-20,2012,H,H,0.7374214966513384,0.1788434413487881,0.08373506199987349,1.33,5.0,10.0,H,1.33,True,33.00000000000001
2012-10-20,2012,H,H,0.7683979901787873,0.17645357632741976,0.055148433493793024,1.29,5.5,11.0,H,1.29,True,29.000000000000004
2012-10-20,2012,H,H,0.505043530353805,0.24309002200269783,0.25186644764349714,2.1,3.4,3.5,H,2.1,True,110.00000000000001
2012-10-20,2012,A,H,0.48044862581583764,0.3052696818895208,0.2142816922946415,2.5,3.4,2.75,H,2.5,False,-100.0
2012-10-20,2012,H,H,0.6063946984506076,0.18827532135059621,0.20532998019879628,1.83,3.75,4.2,H,1.83,True,83.0
2012-10-20,2012,A,A,0.2168710988910238,0.278842087820942,0.5042868132880342,5.0,3.75,1.7,A,1.7,True,70.0
2012-10-21,2012,D,A,0.24404741209813302,0.2427331054578648,0.5132194824440022,3.25,3.4,2.2,A,2.2,False,-100.0
2012-10-21,2012,D,H,0.40542953997846526,0.24476699069111849,0.3498034693304163,2.5,3.3,2.88,H,2.5,False,-100.0
2012-10-27,2012,H,A,0.3481213995717808,0.27961704788338093,0.3722615525448383,2.25,3.4,3.2,A,3.2,False,-100.0
2012-10-27,2012,D,H,0.4803203958759869,0.279775381212475,0.23990422291153793,1.95,3.3,4.2,H,1.95,False,-100.0
2012-10-27,2012,D,A,0.2687045178766436,0.25004465419480165,0.4812508279285547,2.75,3.4,2.5,A,2.5,False,-100.0
2012-10-27,2012,H,H,0.6965700107060827,0.20512474192290717,0.0983052473710102,1.36,5.0,8.5,H,1.36,True,36.00000000000001
2012-10-27,2012,H,H,0.8749768826188883,0.10578552442310327,0.01923759295800838,1.22,6.0,15.0,H,1.22,True,21.999999999999996
2012-10-27,2012,D,H,0.47291032752492207,0.2603722212233544,0.2667174512517236,2.0,3.5,3.75,H,2.0,False,-100.0
2012-10-28,2012,A,H,0.49851591828367514,0.2633200445429276,0.23816403717339732,2.4,3.4,2.9,H,2.4,False,-100.0
2012-10-28,2012,D,H,0.4912789497457907,0.28484966824916763,0.22387138200504164,2.6,3.3,2.75,H,2.6,False,-100.0
2012-10-28,2012,H,H,0.4541942269942526,0.2644833047189901,0.2813224682867574,2.0,3.5,3.75,H,2.0,True,100.0
2012-10-28,2012,A,A,0.1555707497965548,0.1801988832425248,0.6642303669609204,4.2,3.75,1.83,A,1.83,True,83.0
2012-11-03,2012,D,H,0.3760377964243382,0.2694435614232523,0.3545186421524094,2.75,3.4,2.5,H,2.75,False,-100.0
2012-11-03,2012,H,H,0.37196101776383356,0.2900524704065733,0.3379865118295931,2.6,3.3,2.75,H,2.6,True,160.0
2012-11-03,2012,H,H,0.5994859822109322,0.24607783437222447,0.15443618341684337,1.7,3.8,5.0,H,1.7,True,70.0
2012-11-03,2012,A,H,0.5004896756701724,0.2637963771210277,0.2357139472087999,2.1,3.3,3.6,H,2.1,False,-100.0
2012-11-03,2012,D,A,0.2051798727197954,0.25407359334392154,0.540746533936283,5.0,3.8,1.7,A,1.7,False,-100.0
2012-11-03,2012,A,H,0.6915633133025578,0.21083765066232849,0.09759903603511369,1.5,4.33,6.5,H,1.5,False,-100.0
2012-11-03,2012,D,A,0.22679251763828595,0.2523350643976802,0.5208724179640338,4.5,3.6,1.8,A,1.8,False,-100.0
2012-11-04,2012,D,H,0.611206991546672,0.23432914784258907,0.15446386061073888,1.57,4.0,6.0,H,1.57,False,-100.0
2012-11-04,2012,D,H,0.47601804308149204,0.2589870907454763,0.26499486617303164,1.8,3.6,4.5,H,1.8,False,-100.0
2012-11-05,2012,H,H,0.5857948004052138,0.20754191056166088,0.20666328903312536,1.73,3.75,4.75,H,1.73,True,73.0
2012-11-10,2012,A,H,0.4465534544905485,0.261230187744127,0.2922163577653244,2.3,3.4,3.1,H,2.3,False,-100.0
2012-11-10,2012,H,H,0.49196698375296,0.2737154564308218,0.23431755981621818,1.91,3.4,4.2,H,1.91,True,90.99999999999999
2012-11-10,2012,D,A,0.32461807133897425,0.2677384758821426,0.4076434527788832,2.38,3.5,2.88,A,2.88,False,-100.0
2012-11-10,2012,H,H,0.71477441417387,0.20828174958954634,0.07694383623658367,1.44,4.2,8.0,H,1.44,True,43.99999999999999
2012-11-10,2012,A,A,0.09013985964626203,0.16087501572355153,0.7489851246301864,7.0,4.5,1.44,A,1.44,True,43.99999999999999
2012-11-10,2012,D,H,0.611279036170568,0.21996939154913192,0.16875157228030005,1.53,4.2,6.0,H,1.53,False,-100.0
2012-11-10,2012,D,H,0.43427874997055005,0.25156939787440563,0.3141518521550443,2.25,3.4,3.2,H,2.25,False,-100.0
2012-11-11,2012,H,H,0.6759008447133507,0.2198267295177149,0.10427242576893445,1.57,4.0,6.0,H,1.57,True,57.00000000000001
2012-11-11,2012,A,H,0.4335253920448238,0.2785683510153005,0.28790625693987576,1.95,3.6,3.8,H,1.95,False,-100.0
2012-11-11,2012,D,H,0.5525366233421474,0.2463316984111686,0.2011316782466841,1.95,3.5,4.0,H,1.95,False,-100.0
2012-11-17,2012,A,H,0.4958894832015699,0.25881300085360065,0.24529751594482946,1.91,3.6,4.0,H,1.91,False,-100.0
2012-11-17,2012,H,A,0.09206959117997363,0.15432782514431187,0.7536025836757145,7.0,4.5,1.44,A,1.44,False,-100.0
2012-11-17,2012,H,A,0.23252264569807451,0.2412598928886726,0.5262174614132528,4.33,3.6,1.83,A,1.83,False,-100.0
2012-11-17,2012,H,A,0.3228209471160541,0.2682682794617985,0.4089107734221473,3.75,3.5,2.0,A,2.0,False,-100.0
2012-11-17,2012,A,H,0.44317443339240375,0.29332356954558453,0.2635019970620118,1.91,3.6,4.0,H,1.91,False,-100.0
2012-11-17,2012,H,H,0.638162768775831,0.24150573264092534,0.12033149858324368,1.44,4.33,7.5,H,1.44,True,43.99999999999999
2012-11-17,2012,H,H,0.5180225430316655,0.24927040916002807,0.23270704780830645,1.91,3.75,3.8,H,1.91,True,90.99999999999999
2012-11-17,2012,H,H,0.8560607750539834,0.12292745081902079,0.021011774126995935,1.2,6.5,15.0,H,1.2,True,19.999999999999996
2012-11-18,2012,A,H,0.6139268205613507,0.2366236849668584,0.14944949447179073,1.67,3.75,5.25,H,1.67,False,-100.0
2012-11-19,2012,D,H,0.4953955215430824,0.2880437426197204,0.21656073583719726,2.0,3.4,3.8,H,2.0,False,-100.0
2012-11-24,2012,D,A,0.20144267381844666,0.2227680845171831,0.5757892416643703,4.75,3.75,1.73,A,1.73,False,-100.0
2012-11-24,2012,D,H,0.6386198925147049,0.24465466849266612,0.11672543899262901,1.44,4.33,7.5,H,1.44,False,-100.0
2012-11-24,2012,H,H,0.8314639971427648,0.12340657063190623,0.04512943222532893,1.17,7.5,15.0,H,1.17,True,16.999999999999993
2012-11-24,2012,A,H,0.37191824594454315,0.2800893170428645,0.3479924370125923,2.5,3.3,2.88,H,2.5,False,-100.0
2012-11-24,2012,H,H,0.514136809228759,0.26786524590849053,0.21799794486275043,1.83,3.6,4.33,H,1.83,True,83.0
2012-11-24,2012,H,H,0.4255541284942048,0.25456907216767094,0.3198767993381242,2.2,3.3,3.4,H,2.2,True,120.00000000000001
2012-11-25,2012,D,A,0.35958208329233265,0.2646669908353674,0.37575092587229997,2.5,3.5,2.7,A,2.7,False,-100.0
2012-11-25,2012,H,H,0.4267783341171263,0.26457244804888314,0.3086492178339906,2.3,3.5,3.0,H,2.3,True,129.99999999999997
2012-11-25,2012,D,A,0.3303189105372968,0.28658970985115295,0.38309137961155026,3.4,3.5,2.1,A,2.1,False,-100.0
2012-11-25,2012,H,H,0.49767070698061205,0.2810027657065238,0.22132652731286417,1.67,3.75,5.5,H,1.67,True,67.0
2012-11-27,2012,H,H,0.49729427245520397,0.24499475739540877,0.2577109701493873,1.95,3.4,4.0,H,1.95,True,95.0
2012-11-27,2012,D,H,0.45833113867147496,0.27679503469605954,0.26487382663246556,2.25,3.25,3.3,H,2.25,False,-100.0
2012-11-28,2012,D,H,0.463142634330431,0.27389744214818956,0.26295992352137953,2.5,3.4,2.75,H,2.5,False,-100.0
2012-11-28,2012,D,H,0.5112544075964116,0.2863092615498239,0.20243633085376453,2.0,3.4,3.8,H,2.0,False,-100.0
2012-11-28,2012,D,H,0.5887881436002695,0.22081210060423145,0.19039975579549903,1.44,4.5,7.0,H,1.44,False,-100.0
2012-11-28,2012,H,H,0.7704997984534043,0.1629025594877332,0.06659764205886247,1.22,6.5,12.0,H,1.22,True,21.999999999999996
2012-11-28,2012,A,A,0.18854889795608354,0.252731897835977,0.5587192042079395,6.0,4.2,1.53,A,1.53,True,53.0
2012-11-28,2012,H,H,0.3945911154161806,0.29602549876847567,0.30938338581534375,2.4,3.4,2.88,H,2.4,True,140.0
2012-11-28,2012,H,H,0.4028529762021385,0.2670383868490665,0.33010863694879494,2.3,3.4,3.1,H,2.3,True,129.99999999999997
2012-11-28,2012,H,H,0.5345042343506982,0.26839402972766824,0.19710173592163363,1.91,3.4,4.2,H,1.91,True,90.99999999999999
2012-12-01,2012,A,H,0.568553403443172,0.25583691144356663,0.17560968511326133,1.44,4.5,7.0,H,1.44,False,-100.0
2012-12-01,2012,A,A,0.34888637596613997,0.24731590628622416,0.40379771774763584,2.88,3.3,2.5,A,2.5,True,150.0
2012-12-01,2012,H,H,0.684671890718395,0.22352690534892533,0.09180120393267974,1.4,4.5,8.5,H,1.4,True,39.99999999999999
2012-12-01,2012,D,H,0.6537695749587263,0.24474427142513,0.10148615361614362,1.5,4.0,7.0,H,1.5,False,-100.0
2012-12-01,2012,D,H,0.45177358277118396,0.2888323597342832,0.25939405749453304,1.95,3.5,4.0,H,1.95,False,-100.0
2012-12-01,2012,A,A,0.07849499273788747,0.16948760577443683,0.7520174014876757,7.5,4.75,1.4,A,1.4,True,39.99999999999999
2012-12-01,2012,A,H,0.5297174662640889,0.26416886665907213,0.20611366707683898,2.1,3.25,3.75,H,2.1,False,-100.0
2012-12-01,2012,H,A,0.2801134532501808,0.3195957150870566,0.4002908316627626,4.0,3.5,1.91,A,1.91,False,-100.0
2012-12-02,2012,H,H,0.5032532042904609,0.2811695314865409,0.2155772642229981,2.1,3.3,3.6,H,2.1,True,110.00000000000001
2012-12-03,2012,H,H,0.4320971961132883,0.2645764390005112,0.3033263648862005,2.0,3.4,3.75,H,2.0,True,100.0
2012-12-08,2012,H,H,0.5897858242175905,0.22431287999369004,0.18590129578871945,1.5,4.33,6.5,H,1.5,True,50.0
2012-12-08,2012,H,H,0.5520935176161063,0.2565616190617783,0.1913448633221154,1.91,3.6,4.0,H,1.91,True,90.99999999999999
2012-12-08,2012,D,H,0.40053430288287684,0.2759821050028288,0.3234835921142943,2.4,3.2,3.1,H,2.4,False,-100.0
2012-12-08,2012,D,H,0.4056929540318602,0.28411693015035544,0.31019011581778433,2.3,3.4,3.1,H,2.3,False,-100.0
2012-12-08,2012,A,H,0.5753613317915743,0.26817271948721405,0.15646594872121147,1.8,3.6,4.5,H,1.8,False,-100.0
2012-12-08,2012,A,A,0.27337466182861553,0.3014334573224049,0.4251918808489796,4.75,3.5,1.8,A,1.8,True,80.0
2012-12-09,2012,H,H,0.5048016971774005,0.2391052160608073,0.2560930867617922,2.0,3.5,3.75,H,2.0,True,100.0
2012-12-09,2012,A,H,0.46891470170518934,0.26494844727903866,0.2661368510157721,2.2,3.5,3.2,H,2.2,False,-100.0
2012-12-09,2012,A,H,0.3747360781732564,0.3036380615622966,0.321625860264447,3.0,3.3,2.38,H,3.0,False,-100.0
2012-12-10,2012,H,H,0.4474548806671247,0.2658746825828292,0.2866704367500461,1.91,3.6,4.0,H,1.91,True,90.99999999999999
2012-12-11,2012,H,H,0.5290955237839676,0.24710810030499508,0.2237963759110373,2.0,3.5,3.75,H,2.0,True,100.0
2012-12-15,2012,A,A,0.19145423218909421,0.28634795841486416,0.5221978093960415,5.5,3.75,1.67,A,1.67,True,67.0
2012-12-15,2012,D,H,0.3784992040204718,0.307722746892188,0.31377804908734014,3.1,3.2,2.4,H,3.1,False,-100.0
2012-12-15,2012,H,H,0.416523767940922,0.26624708015073795,0.3172291519083401,2.4,3.4,2.88,H,2.4,True,140.0
2012-12-15,2012,A,H,0.737287801797884,0.20216126389321545,0.0605509343089006,1.36,4.75,9.0,H,1.36,False,-100.0
2012-12-15,2012,H,H,0.8380747037229178,0.12696623567348125,0.034959060603600836,1.2,6.5,15.0,H,1.2,True,19.999999999999996
2012-12-15,2012,H,H,0.522545218112039,0.2372953340648745,0.24015944782308649,2.2,3.4,3.25,H,2.2,True,120.00000000000001
2012-12-16,2012,D,H,0.4507636363289468,0.27951841350986684,0.26971795016118644,2.0,3.5,3.75,H,2.0,False,-100.0
2012-12-16,2012,H,H,0.5393553841891341,0.2489625098008019,0.21168210601006404,1.62,4.0,5.5,H,1.62,True,62.000000000000014
2012-12-17,2012,A,A,0.12890246269886765,0.21795887021566815,0.6531386670854641,5.5,4.0,1.62,A,1.62,True,62.000000000000014
2012-12-22,2012,A,A,0.33203966475229924,0.30242914631848133,0.36553118892921943,2.88,3.25,2.5,A,2.5,True,150.0
2012-12-22,2012,H,H,0.4294000664680011,0.289354225468826,0.2812457080631729,2.1,3.4,3.5,H,2.1,True,110.00000000000001
2012-12-22,2012,A,A,0.20396164292936073,0.2555207250980623,0.5405176319725771,4.75,3.75,1.73,A,1.73,True,73.0
2012-12-22,2012,H,H,0.4100366806871161,0.26663493818464995,0.32332838112823387,1.91,3.6,4.0,H,1.91,True,90.99999999999999
2012-12-22,2012,H,H,0.8940167714665805,0.0837968265878851,0.02218640194553433,1.14,8.0,19.0,H,1.14,True,13.99999999999999
2012-12-22,2012,A,H,0.540105959166921,0.2844908467457264,0.17540319408735258,2.0,3.5,3.75,H,2.0,False,-100.0
2012-12-22,2012,H,H,0.6927898330073873,0.2193760681186793,0.08783409887393354,1.53,4.0,6.5,H,1.53,True,53.0
2012-12-22,2012,D,H,0.6503802670712697,0.2525227983937137,0.09709693453501665,1.62,3.75,6.0,H,1.62,False,-100.0
2012-12-23,2012,H,H,0.5834367395463134,0.2532161068026367,0.16334715365104993,1.33,5.5,8.5,H,1.33,True,33.00000000000001
2012-12-23,2012,D,A,0.18525433292015117,0.20192767868220501,0.6128179883976438,5.0,4.0,1.67,A,1.67,False,-100.0
2012-12-26,2012,A,A,0.20538181695469182,0.276082445180108,0.5185357378652002,6.0,3.75,1.62,A,1.62,True,62.000000000000014
2012-12-26,2012,H,A,0.30870484790873753,0.26820644541607935,0.42308870667518317,3.4,3.2,2.25,A,2.25,False,-100.0
2012-12-26,2012,H,H,0.6848415422531969,0.20514643467574065,0.11001202307106246,1.44,4.5,7.0,H,1.44,True,43.99999999999999
2012-12-26,2012,D,A,0.24916841296647158,0.23470921978209627,0.5161223672514321,2.9,3.4,2.38,A,2.38,False,-100.0
2012-12-26,2012,H,A,0.16472369279802435,0.23846796464172818,0.5968083425602474,6.5,4.0,1.53,A,1.53,False,-100.0
2012-12-26,2012,A,H,0.4781532712591622,0.286177876406075,0.23566885233476276,2.2,3.4,3.25,H,2.2,False,-100.0
2012-12-26,2012,A,A,0.25823342800543464,0.27846350803898073,0.4633030639555846,3.75,3.5,2.0,A,2.0,True,100.0
2012-12-26,2012,H,H,0.797130376639604,0.14870151401654147,0.05416810934385449,1.22,6.5,13.0,H,1.22,True,21.999999999999996
2012-12-26,2012,D,H,0.4331041331491568,0.2852036233701527,0.2816922434806904,1.85,3.6,4.2,H,1.85,False,-100.0
2012-12-29,2012,H,H,0.6711519335910078,0.202690185972536,0.12615788043645626,1.44,4.5,7.0,H,1.44,True,43.99999999999999
2012-12-29,2012,A,H,0.4277901033169185,0.24637786772963338,0.32583202895344815,2.4,3.25,3.0,H,2.4,False,-100.0
2012-12-29,2012,H,H,0.7307992403674711,0.1890028581831368,0.0801979014493921,1.3,5.5,10.0,H,1.3,True,30.000000000000004
2012-12-29,2012,A,H,0.40090955446285154,0.28077237728780474,0.3183180682493437,2.1,3.4,3.5,H,2.1,False,-100.0
2012-12-29,2012,A,A,0.18236891816728593,0.2546795255554543,0.5629515562772597,6.0,4.0,1.57,A,1.57,True,57.00000000000001
2012-12-29,2012,A,A,0.32455943377474306,0.3344674413344531,0.3409731248908039,3.5,3.4,2.1,A,2.1,True,110.00000000000001
2012-12-29,2012,H,A,0.29773818318073175,0.27289841881551635,0.4293633980037518,2.88,3.25,2.5,A,2.5,False,-100.0
2012-12-29,2012,D,H,0.5449534806330066,0.27677114951852144,0.17827536984847187,1.8,3.5,4.75,H,1.8,False,-100.0
2012-12-30,2012,A,H,0.39867627095319613,0.30542845539556673,0.29589527365123725,2.88,3.3,2.5,H,2.88,False,-100.0
2012-12-30,2012,A,A,0.26635126326185643,0.23888483351274298,0.49476390322540076,4.0,3.5,1.91,A,1.91,True,90.99999999999999
2013-01-01,2012,H,H,0.4300247173839429,0.2513882755285639,0.3185870070874932,2.1,3.4,3.5,H,2.1,True,110.00000000000001
2013-01-01,2012,A,H,0.5328094901791938,0.24137353851651133,0.22581697130429487,2.0,3.5,3.75,H,2.0,False,-100.0
2013-01-01,2012,D,H,0.613313009408327,0.19207513297327425,0.1946118576183987,1.57,4.0,6.0,H,1.57,False,-100.0
2013-01-01,2012,H,H,0.8159941001460426,0.14480492832566136,0.03920097152829595,1.33,5.0,10.0,H,1.33,True,33.00000000000001
2013-01-01,2012,H,H,0.7643446194051732,0.17779469378111123,0.057860686813715576,1.29,5.5,11.0,H,1.29,True,29.000000000000004
2013-01-01,2012,A,A,0.10810612585843332,0.18435056728670637,0.7075433068548602,6.0,4.2,1.53,A,1.53,True,53.0
2013-01-01,2012,D,A,0.16329258371147465,0.22743500680499049,0.6092724094835349,5.0,3.75,1.7,A,1.7,False,-100.0
2013-01-02,2012,H,H,0.6977474178838087,0.21886347420893987,0.0833891079072514,1.4,4.5,8.5,H,1.4,True,39.99999999999999
2013-01-02,2012,A,A,0.34864027439283674,0.25532449915359745,0.3960352264535658,3.0,3.4,2.38,A,2.38,True,138.0
2013-01-02,2012,A,H,0.8648782521028546,0.11005572782451004,0.025066020072635344,1.2,6.5,15.0,H,1.2,False,-100.0
2013-01-12,2012,D,H,0.40543756349016247,0.22146863952251913,0.3730937969873183,2.2,3.6,3.4,H,2.2,False,-100.0
2013-01-12,2012,A,A,0.33979801614042027,0.25269461191541936,0.40750737194416037,2.55,3.5,2.9,A,2.9,True,190.0
2013-01-12,2012,D,H,0.6255839258157523,0.23938766177477858,0.1350284124094692,1.57,4.2,6.5,H,1.57,False,-100.0
2013-01-12,2012,D,H,0.4862201993253304,0.2530355382441358,0.2607442624305339,2.05,3.5,4.0,H,2.05,False,-100.0
2013-01-12,2012,H,A,0.272003266401996,0.26354827246907997,0.464448461128924,3.0,3.4,2.5,A,2.5,False,-100.0
2013-01-12,2012,H,H,0.4828030981332017,0.26543137675477557,0.25176552511202277,2.38,3.3,3.3,H,2.38,True,138.0
2013-01-12,2012,A,A,0.20392345838223408,0.2494480443404626,0.5466284972773032,4.33,3.5,1.95,A,1.95,True,95.0
2013-01-12,2012,D,A,0.16018673671882852,0.2928052999887305,0.547007963292441,4.5,3.8,1.85,A,1.85,False,-100.0
2013-01-13,2012,A,H,0.46334215804394385,0.28168232899919565,0.25497551295686055,2.63,3.5,2.8,H,2.63,False,-100.0
2013-01-13,2012,H,H,0.5712138223454725,0.2557622734858139,0.1730239041687137,1.91,3.8,4.2,H,1.91,True,90.99999999999999
2013-01-16,2012,D,H,0.8575008769816024,0.12085281029888606,0.021646312719511618,1.25,6.5,15.0,H,1.25,False,-100.0
2013-01-19,2012,D,H,0.4407279123912017,0.2877163345064515,0.2715557531023468,2.1,3.5,3.75,H,2.1,False,-100.0
2013-01-19,2012,H,H,0.7901485078671645,0.15734582486227414,0.05250566727056144,1.33,5.5,10.5,H,1.33,True,33.00000000000001
2013-01-19,2012,H,H,0.8483912140890156,0.11646651879103173,0.03514226711995259,1.25,6.5,14.0,H,1.25,True,25.0
2013-01-19,2012,A,H,0.5263143675571762,0.2593052808886868,0.214380351554137,1.75,4.0,5.0,H,1.75,False,-100.0
2013-01-19,2012,H,H,0.5068432295546775,0.2715534706793711,0.22160329976595133,2.2,3.4,3.6,H,2.2,True,120.00000000000001
2013-01-19,2012,D,H,0.6136351777873272,0.18267298157220466,0.20369184064046805,1.75,4.0,5.0,H,1.75,False,-100.0
2013-01-19,2012,A,H,0.38632110332415365,0.3023911559308703,0.3112877407449761,2.15,3.4,3.8,H,2.15,False,-100.0
2013-01-20,2012,D,H,0.45438491543676096,0.3007804826606736,0.24483460190256554,2.9,3.6,2.5,H,2.9,False,-100.0
2013-01-20,2012,H,H,0.5443227332211952,0.26296367036795576,0.1927135964108491,1.91,3.6,4.0,H,1.91,True,90.99999999999999
2013-01-21,2012,D,A,0.27365365433411404,0.26536036505340005,0.4609859806124858,3.6,3.5,2.05,A,2.05,False,-100.0
2013-01-23,2012,H,H,0.653419700079526,0.2137294875401341,0.13285081238033988,1.44,4.75,8.0,H,1.44,True,43.99999999999999
2013-01-29,2012,D,H,0.4318453212621306,0.29263976078252774,0.2755149179553417,2.5,3.4,3.0,H,2.5,False,-100.0
2013-01-29,2012,D,H,0.4562553476889402,0.22811212402723713,0.31563252828382266,2.2,3.3,3.75,H,2.2,False,-100.0
2013-01-29,2012,A,A,0.339065848052986,0.23292011889078332,0.42801403305623076,2.9,3.4,2.6,A,2.6,True,160.0
2013-01-29,2012,D,A,0.07645342117636342,0.1731695208932631,0.7503770579303736,7.5,4.5,1.5,A,1.5,False,-100.0
2013-01-30,2012,D,H,0.43508177185259955,0.27165682812932584,0.29326140001807455,2.4,3.5,3.1,H,2.4,False,-100.0
2013-01-30,2012,H,H,0.6446625451150703,0.21396018267426783,0.141377272210662,1.6,4.1,6.5,H,1.6,True,60.00000000000001
2013-01-30,2012,H,H,0.4499279940256154,0.2575808379269014,0.2924911680474832,2.2,3.5,3.5,H,2.2,True,120.00000000000001
2013-01-30,2012,H,H,0.8182544263445964,0.14324948583726604,0.03849608781813757,1.25,6.5,14.0,H,1.25,True,25.0
2013-01-30,2012,D,A,0.11057820378185111,0.23542037144446018,0.6540014247736887,4.75,3.75,1.83,A,1.83,False,-100.0
2013-01-30,2012,D,A,0.09452388945493276,0.1740854622792967,0.7313906482657706,7.5,4.5,1.5,A,1.5,False,-100.0
2013-02-02,2012,D,H,0.5182085433996211,0.24254447329946668,0.23924698330091215,1.95,3.6,4.33,H,1.95,False,-100.0
2013-02-02,2012,A,A,0.1446331872871527,0.24437855870929517,0.6109882540035522,5.5,4.2,1.65,A,1.65,True,64.99999999999999
2013-02-02,2012,H,H,0.7375886084566248,0.16508167837235824,0.097329713171017,1.44,4.5,9.0,H,1.44,True,43.99999999999999
2013-02-02,2012,D,H,0.6988347848711188,0.1979586340546553,0.10320658107422594,1.4,5.0,9.0,H,1.4,False,-100.0
2013-02-02,2012,H,H,0.4055399832225595,0.2685924608314917,0.32586755594594885,2.5,3.4,3.0,H,2.5,True,150.0
2013-02-02,2012,H,H,0.39703027429736487,0.2623431026519836,0.34062662305065144,2.4,3.4,3.2,H,2.4,True,140.0
2013-02-02,2012,D,H,0.43462444341143386,0.2897643820620986,0.27561117452646755,2.2,3.5,3.5,H,2.2,False,-100.0
2013-02-02,2012,H,A,0.26641338075380205,0.2451716790376325,0.48841494020856546,4.0,3.6,2.0,A,2.0,False,-100.0
2013-02-03,2012,D,H,0.5680082388392579,0.2683710295942955,0.16362073156644666,1.83,3.9,4.5,H,1.83,False,-100.0
2013-02-03,2012,A,A,0.22418771088121772,0.29930691374023494,0.47650537537854726,3.6,3.4,2.2,A,2.2,True,120.00000000000001
2013-02-09,2012,H,A,0.1742150909278681,0.25954549335545574,0.5662394157166761,5.75,4.0,1.67,A,1.67,False,-100.0
2013-02-09,2012,H,H,0.7173677911524449,0.17227903194507593,0.11035317690247917,1.36,5.5,9.5,H,1.36,True,36.00000000000001
2013-02-09,2012,D,H,0.39541375975197945,0.2638104649771732,0.34077577527084735,2.3,3.4,3.4,H,2.3,False,-100.0
2013-02-09,2012,H,H,0.3889249088116451,0.238581707958328,0.37249338323002695,1.91,3.5,4.6,H,1.91,True,90.99999999999999
2013-02-09,2012,A,A,0.2579104274652368,0.2730510616726219,0.4690385108621412,4.5,3.6,1.91,A,1.91,True,90.99999999999999
2013-02-09,2012,H,H,0.5003335448426254,0.3244206463199973,0.1752458088373773,1.83,3.75,4.75,H,1.83,True,83.0
2013-02-09,2012,H,H,0.649394308975583,0.24219404883258008,0.10841164219183688,1.67,4.0,5.75,H,1.67,True,67.0
2013-02-10,2012,H,H,0.3890209221696875,0.24236752363178196,0.3686115541985306,2.63,3.4,2.88,H,2.63,True,163.0
2013-02-10,2012,H,H,0.5861626563594546,0.2593353977953202,0.15450194584522525,1.75,3.9,5.0,H,1.75,True,75.0
2013-02-11,2012,A,H,0.7444890044426781,0.18027913991566155,0.07523185564166046,1.4,5.0,9.0,H,1.4,False,-100.0
2013-02-17,2012,H,H,0.5480615161252321,0.27228608961118916,0.17965239426357876,1.57,4.4,6.0,H,1.57,True,57.00000000000001
2013-02-23,2012,A,H,0.45020447766002175,0.23654631090358327,0.31324921143639506,2.63,3.4,2.88,H,2.63,False,-100.0
2013-02-23,2012,A,A,0.08612113174704951,0.19755042756394964,0.7163284406890008,7.0,4.33,1.53,A,1.53,True,53.0
2013-02-23,2012,H,H,0.4151566379961246,0.3007180157173535,0.28412534628652186,2.05,3.5,4.0,H,2.05,True,104.99999999999999
2013-02-23,2012,H,H,0.47839309870057733,0.2619722104887242,0.2596346908106984,2.2,3.3,3.75,H,2.2,True,120.00000000000001
2013-02-23,2012,H,H,0.7924185770706331,0.15223304699317072,0.05534837593619624,1.33,5.5,11.0,H,1.33,True,33.00000000000001
2013-02-23,2012,H,A,0.268566092225345,0.29554874809915876,0.43588515967549635,3.8,3.5,2.1,A,2.1,False,-100.0
2013-02-24,2012,H,H,0.47168105746686345,0.26970365586717365,0.2586152866659629,2.2,3.5,3.2,H,2.2,True,120.00000000000001
2013-02-24,2012,H,H,0.5190079125594174,0.24337542461354333,0.23761666282703925,1.95,3.6,4.33,H,1.95,True,95.0
2013-02-25,2012,A,A,0.2742986094916337,0.2965865481466798,0.42911484236168657,3.6,3.5,2.15,A,2.15,True,114.99999999999999
2013-03-02,2012,D,H,0.4063227625784339,0.28375176122888424,0.3099254761926819,2.4,3.3,3.3,H,2.4,False,-100.0
2013-03-02,2012,H,H,0.4437764948950018,0.2592877052726051,0.29693579983239315,2.1,3.6,3.75,H,2.1,True,110.00000000000001
2013-03-02,2012,A,A,0.22781299445948558,0.24278582004015536,0.5294011855003591,4.5,3.75,1.85,A,1.85,True,85.00000000000001
2013-03-02,2012,A,H,0.46990304416993983,0.2484570355221909,0.2816399203078692,2.15,3.25,4.0,H,2.15,False,-100.0
2013-03-02,2012,H,H,0.683355204892335,0.1991014909791604,0.11754330412850456,1.4,5.0,9.0,H,1.4,True,39.99999999999999
2013-03-02,2012,H,H,0.7543980862699976,0.18092054782730066,0.0646813659027018,1.33,5.5,11.0,H,1.33,True,33.00000000000001
2013-03-02,2012,A,H,0.5462847536970137,0.259416757389779,0.19429848891320733,1.85,3.8,4.5,H,1.85,False,-100.0
2013-03-02,2012,H,H,0.7222433735327615,0.1754865645101157,0.10227006195712278,1.38,5.0,10.0,H,1.38,True,37.999999999999986
2013-03-03,2012,H,H,0.5223658387397904,0.26738860733850434,0.2102455539217052,2.3,3.6,3.25,H,2.3,True,129.99999999999997
2013-03-04,2012,A,A,0.08459825953872124,0.17453861992386793,0.7408631205374109,7.5,4.5,1.44,A,1.44,True,43.99999999999999
2013-03-09,2012,D,H,0.43464644410859266,0.24106530351197233,0.32428825237943504,2.5,3.4,3.0,H,2.5,False,-100.0
2013-03-09,2012,H,H,0.45560854073294266,0.3032668208334365,0.24112463843362095,2.25,3.4,3.5,H,2.25,True,125.0
2013-03-09,2012,A,H,0.4036198669821299,0.2455142265220484,0.35086590649582167,2.45,3.4,3.1,H,2.45,False,-100.0
2013-03-09,2012,H,H,0.3824997518545926,0.28889816382898625,0.3286020843164212,2.45,3.3,3.2,H,2.45,True,145.00000000000003
2013-03-10,2012,H,H,0.5008302944227119,0.2744430747804663,0.22472663079682184,1.95,3.8,4.0,H,1.95,True,95.0
2013-03-10,2012,H,H,0.6109208700061736,0.24133405947004835,0.14774507052377805,1.83,3.7,4.8,H,1.83,True,83.0
2013-03-16,2012,H,A,0.22427451812340132,0.24711831692712866,0.5286071649494701,4.2,3.8,1.91,A,1.91,False,-100.0
2013-03-16,2012,H,H,0.8959547387895944,0.08088894139098014,0.023156319819425362,1.17,9.0,19.0,H,1.17,True,16.999999999999993
2013-03-16,2012,H,H,0.4288024225545782,0.257056052099719,0.3141415253457029,2.3,3.4,3.4,H,2.3,True,129.99999999999997
2013-03-16,2012,D,A,0.349968804868447,0.29089010462998144,0.35914109050157167,2.5,3.3,3.1,A,3.1,False,-100.0
2013-03-16,2012,A,A,0.2944921211478171,0.25901501068984634,0.44649286816233663,3.4,3.5,2.25,A,2.25,True,125.0
2013-03-16,2012,H,A,0.3288379043262526,0.28468075970687523,0.38648133596687223,3.9,3.6,2.05,A,2.05,False,-100.0
2013-03-17,2012,H,H,0.6996725428271362,0.20073854075350642,0.09958891641935737,1.4,5.0,9.0,H,1.4,True,39.99999999999999
2013-03-17,2012,D,H,0.40850681592110055,0.29261872338572714,0.29887446069317225,2.05,3.5,4.0,H,2.05,False,-100.0
2013-03-17,2012,A,H,0.7186969634929895,0.19789260007371387,0.08341043643329657,1.5,4.5,7.5,H,1.5,False,-100.0
2013-03-17,2012,H,H,0.43177784175619977,0.24856277955948616,0.31965937868431415,2.3,3.4,3.4,H,2.3,True,129.99999999999997
2013-03-30,2012,H,A,0.31584531713159275,0.28668826537683734,0.39746641749156997,3.5,3.5,2.2,A,2.2,False,-100.0
2013-03-30,2012,H,H,0.8820644640098961,0.09870188151937738,0.01923365447072661,1.25,6.5,15.0,H,1.25,True,25.0
2013-03-30,2012,H,H,0.707173766891646,0.21063075522469313,0.08219547788366084,1.57,3.9,7.5,H,1.57,True,57.00000000000001
2013-03-30,2012,H,H,0.7461931405790146,0.174661683040839,0.07914517638014631,1.33,5.5,11.0,H,1.33,True,33.00000000000001
2013-03-30,2012,H,H,0.5502397490986575,0.2581352110574822,0.19162503984386034,1.95,3.6,4.33,H,1.95,True,95.0
2013-03-30,2012,H,H,0.44811067394484694,0.28828244629010696,0.26360687976504604,2.3,3.4,3.4,H,2.3,True,129.99999999999997
2013-03-30,2012,A,A,0.29551805574435724,0.24278709843642712,0.46169484581921566,3.4,3.4,2.3,A,2.3,True,129.99999999999997
2013-03-30,2012,A,A,0.10819393713050679,0.21794718856350115,0.673858874305992,6.0,4.0,1.65,A,1.65,True,64.99999999999999
2013-03-31,2012,A,A,0.19644193932915374,0.23039833235213797,0.5731597283187083,5.0,4.0,1.75,A,1.75,True,75.0
2013-04-01,2012,H,H,0.5031545799030557,0.24031425080807384,0.25653116928887054,2.0,3.6,4.0,H,2.0,True,100.0
2013-04-06,2012,A,A,0.22822148877469772,0.2747195332912665,0.49705897793403586,4.1,3.7,1.95,A,1.95,True,95.0
2013-04-06,2012,A,H,0.3925350483503072,0.28171206238045543,0.32575288926923734,2.1,3.4,4.0,H,2.1,False,-100.0
2013-04-06,2012,D,H,0.42079190655182075,0.23676926825020783,0.34243882519797136,2.63,3.3,2.9,H,2.63,False,-100.0
2013-04-06,2012,A,A,0.20158882777635037,0.21423110816228091,0.5841800640613686,3.3,3.6,2.25,A,2.25,True,125.0
2013-04-07,2012,D,H,0.49696349887226576,0.288735273376815,0.2143012277509193,2.2,3.4,3.6,H,2.2,False,-100.0
2013-04-07,2012,H,H,0.4298318701963014,0.2644258457891675,0.30574228401453096,2.1,3.5,3.8,H,2.1,True,110.00000000000001
2013-04-07,2012,D,H,0.41115700564732854,0.27365730119947274,0.3151856931531986,2.38,3.4,3.25,H,2.38,False,-100.0
2013-04-07,2012,H,H,0.8113859212952508,0.1494877971255904,0.03912628157915871,1.36,5.0,11.0,H,1.36,True,36.00000000000001
2013-04-07,2012,D,H,0.7115843867786026,0.19284740507065437,0.09556820815074307,1.36,5.5,9.0,H,1.36,False,-100.0
2013-04-08,2012,A,H,0.5155756131063921,0.2909759667803979,0.19344842011320995,2.3,3.5,3.3,H,2.3,False,-100.0
2013-04-13,2012,H,H,0.8459789411845487,0.12563232530196833,0.028388733513482877,1.25,6.5,14.0,H,1.25,True,25.0
2013-04-13,2012,D,H,0.49121297557163207,0.2698271906936222,0.2389598337347456,2.3,3.3,3.5,H,2.3,False,-100.0
2013-04-13,2012,H,H,0.6802037872357457,0.19426231714997827,0.125533895614276,1.44,4.75,8.0,H,1.44,True,43.99999999999999
2013-04-13,2012,D,A,0.04376074611637114,0.11945298766746403,0.8367862662161648,8.0,4.75,1.45,A,1.45,False,-100.0
2013-04-13,2012,D,H,0.5450000427743674,0.27224110894068904,0.18275884828494363,1.91,3.75,4.2,H,1.91,False,-100.0
2013-04-14,2012,A,H,0.5638654545286984,0.24762609207646877,0.18850845339483277,1.95,3.5,4.5,H,1.95,False,-100.0
2013-04-14,2012,A,A,0.08164925384465978,0.20020073718465076,0.7181500089706894,7.0,3.9,1.6,A,1.6,True,60.00000000000001
2013-04-16,2012,D,H,0.5638693074459321,0.2669975106162314,0.16913318193783644,1.75,3.9,5.0,H,1.75,False,-100.0
2013-04-17,2012,A,A,0.1946559177492065,0.251194651222955,0.5541494310278385,4.75,3.8,1.8,A,1.8,True,80.0
2013-04-17,2012,D,A,0.19285883712290838,0.2724736177420423,0.5346675451350493,5.5,3.9,1.7,A,1.7,False,-100.0
2013-04-17,2012,H,H,0.7967594929397727,0.1575976823838449,0.04564282467638248,1.25,6.5,14.0,H,1.25,True,25.0
2013-04-20,2012,D,A,0.3253368278510102,0.29258806704077905,0.3820751051082108,2.38,3.5,3.1,A,3.1,False,-100.0
2013-04-20,2012,H,A,0.2670910367107344,0.2969004390293061,0.43600852425995945,3.4,3.4,2.3,A,2.3,False,-100.0
2013-04-20,2012,D,H,0.4343925277441913,0.2577194220852276,0.30788805017058124,2.25,3.5,3.4,H,2.25,False,-100.0
2013-04-20,2012,H,H,0.5365968264977435,0.2550494112213884,0.20835376228086805,1.75,3.8,5.25,H,1.75,True,75.0
2013-04-20,2012,A,A,0.15353506282336246,0.23459144397712758,0.61187349319951,5.0,4.0,1.75,A,1.75,True,75.0
2013-04-20,2012,A,H,0.5110616775882686,0.26441205507658244,0.22452626733514902,2.25,3.4,3.5,H,2.25,False,-100.0
2013-04-20,2012,H,H,0.39342212307145935,0.30126461377435065,0.30531326315419,2.3,3.5,3.3,H,2.3,True,129.99999999999997
2013-04-21,2012,H,A,0.3062585685702731,0.2837468791340722,0.4099945522956547,3.25,3.6,2.3,A,2.3,False,-100.0
2013-04-21,2012,D,H,0.4443453372395926,0.302364884404723,0.25328977835568445,2.15,3.6,3.6,H,2.15,False,-100.0
2013-04-22,2012,H,H,0.7432143165011529,0.16578422059212938,0.09100146290671766,1.25,6.75,13.0,H,1.25,True,25.0
2013-04-27,2012,H,H,0.41554447731327226,0.2939129955814533,0.2905425271052745,2.25,3.3,3.6,H,2.25,True,125.0
2013-04-27,2012,A,H,0.60278727770302,0.2478043318123293,0.1494083904846507,1.85,3.75,4.6,H,1.85,False,-100.0
2013-04-27,2012,D,A,0.3357979105600869,0.2691375529651544,0.39506453647475864,3.8,3.6,2.05,A,2.05,False,-100.0
2013-04-27,2012,H,H,0.7367541540417843,0.1827103734327952,0.08053547252542052,1.29,6.0,12.0,H,1.29,True,29.000000000000004
2013-04-27,2012,H,H,0.6598858646786472,0.22423342363277132,0.11588071168858156,1.5,4.5,7.5,H,1.5,True,50.0
2013-04-27,2012,A,A,0.3021163707357779,0.2836805145565366,0.41420311470768556,2.88,3.6,2.5,A,2.5,True,150.0
2013-04-28,2012,D,A,0.3355301790288258,0.23608029995847366,0.42838952101270056,2.55,3.5,2.88,A,2.88,False,-100.0
2013-04-28,2012,H,H,0.731465750097583,0.17708484970017013,0.09144940020224689,1.36,5.5,9.0,H,1.36,True,36.00000000000001
2013-04-28,2012,D,H,0.5320224273577009,0.26545746636431333,0.20252010627798575,2.25,3.6,3.3,H,2.25,False,-100.0
2013-04-29,2012,H,H,0.46633839384237424,0.28381306409694596,0.2498485420606798,2.3,3.4,3.4,H,2.3,True,129.99999999999997
2013-05-04,2012,D,H,0.4651653714354944,0.23639239696911046,0.2984422315953951,2.38,3.4,3.25,H,2.38,False,-100.0
2013-05-04,2012,A,H,0.41296308782581415,0.29927052272424487,0.287766389449941,2.45,3.5,3.0,H,2.45,False,-100.0
2013-05-04,2012,H,H,0.6425268907318258,0.22385810454643754,0.1336150047217367,1.44,4.75,8.0,H,1.44,True,43.99999999999999
2013-05-04,2012,A,A,0.0665043117932625,0.1879405669770932,0.7455551212296443,8.0,4.75,1.44,A,1.44,True,43.99999999999999
2013-05-04,2012,A,A,0.35465107550580455,0.2835845826326098,0.3617643418615856,2.55,3.3,3.0,A,3.0,True,200.0
2013-05-04,2012,A,H,0.4779215150121106,0.2693348949849575,0.2527435900029319,1.73,3.9,5.25,H,1.73,False,-100.0
2013-05-04,2012,D,A,0.14806291732316587,0.22746165467770374,0.6244754279991305,5.25,3.8,1.75,A,1.75,False,-100.0
2013-05-05,2012,A,H,0.4225538239971788,0.2975878572837704,0.2798583187190509,2.2,3.5,3.5,H,2.2,False,-100.0
2013-05-05,2012,D,H,0.5784999878973917,0.29201074361909574,0.12948926848351253,1.95,3.6,4.2,H,1.95,False,-100.0
2013-05-06,2012,D,H,0.5009267932709389,0.24505684708484357,0.25401635964421754,2.1,3.3,4.0,H,2.1,False,-100.0
2013-05-07,2012,H,H,0.6987320084772285,0.20091341452123518,0.10035457700153642,1.4,5.0,9.0,H,1.4,True,39.99999999999999
2013-05-07,2012,A,H,0.5511146011439938,0.25927334402310287,0.18961205483290336,1.83,3.75,4.75,H,1.83,False,-100.0
2013-05-08,2012,D,H,0.5527276772909053,0.25562864500901983,0.19164367770007476,1.95,3.75,4.0,H,1.95,False,-100.0
2013-05-11,2012,A,A,0.2718348034589603,0.2773420457877981,0.4508231507532416,4.5,3.8,1.85,A,1.85,True,85.00000000000001
2013-05-12,2012,H,H,0.6364691841467008,0.24272737938566682,0.12080343646763238,1.5,4.5,7.5,H,1.5,True,50.0
2013-05-12,2012,A,A,0.20170916534476466,0.2831543191630346,0.5151365154922007,3.9,3.6,2.05,A,2.05,True,104.99999999999999
2013-05-12,2012,H,H,0.7255510234435264,0.19325304447798475,0.0811959320784889,1.3,5.75,12.0,H,1.3,True,30.000000000000004
2013-05-12,2012,A,A,0.3076026437378509,0.2734967122761808,0.41890064398596827,3.4,3.4,2.3,A,2.3,True,129.99999999999997
2013-05-12,2012,D,H,0.421501250460362,0.27678547473194726,0.3017132748076907,2.8,3.2,2.8,H,2.8,False,-100.0
2013-05-12,2012,A,A,0.23692687420563285,0.2511784375215692,0.5118946882727979,4.5,3.6,1.91,A,1.91,True,90.99999999999999
2013-05-12,2012,H,H,0.42860719904750827,0.2860332359887976,0.2853595649636942,2.2,3.4,3.6,H,2.2,True,120.00000000000001
2013-05-14,2012,H,H,0.6693956976804429,0.20153136775947303,0.12907293456008415,1.4,5.5,8.0,H,1.4,True,39.99999999999999
2013-05-14,2012,A,A,0.14533412718395602,0.22112118215275944,0.6335446906632847,6.0,4.33,1.6,A,1.6,True,60.00000000000001
2013-05-19,2012,A,H,0.5126227857569016,0.26207292263157095,0.22530429161152746,1.8,3.8,4.75,H,1.8,False,-100.0
2013-05-19,2012,H,H,0.5077924881330284,0.28278064803588737,0.20942686383108436,1.67,4.0,5.75,H,1.67,True,67.0
2013-05-19,2012,D,A,0.24395366959665304,0.24457519301117003,0.5114711373921769,4.5,3.9,1.83,A,1.83,False,-100.0
2013-05-19,2012,H,H,0.7676776844785008,0.16507647895047,0.06724583657102919,1.29,6.0,12.0,H,1.29,True,29.000000000000004
2013-05-19,2012,D,H,0.4218078934117551,0.2564544839265314,0.3217376226617136,2.15,3.6,3.6,H,2.15,False,-100.0
2013-05-19,2012,A,A,0.10320023373391986,0.20672892421526107,0.690070842050819,6.0,4.6,1.55,A,1.55,True,55.00000000000001
2013-05-19,2012,A,H,0.7807956501444943,0.16780895663193185,0.05139539322357383,1.33,5.5,11.0,H,1.33,False,-100.0
2013-05-19,2012,H,H,0.7890872486894861,0.1519275723150796,0.058985178995434304,1.25,7.0,12.0,H,1.25,True,25.0
2013-05-19,2012,H,H,0.5929366855869734,0.27357930946697023,0.1334840049460564,1.7,4.0,5.5,H,1.7,True,70.0
2013-05-19,2012,D,H,0.5304061575080533,0.26099651462919404,0.2085973278627527,1.75,3.8,5.25,H,1.75,False,-100.0
2013-08-17,2013,A,H,0.7122766444755007,0.197014386667524,0.09070896885697548,1.44,4.75,8.0,H,1.44,False,-100.0
2013-08-17,2013,D,H,0.3654181048529144,0.3025126064571538,0.33206928868993185,3.2,3.4,2.4,H,3.2,False,-100.0
2013-08-17,2013,H,H,0.7753309304255281,0.17458537691502646,0.05008369265944546,1.4,5.0,9.5,H,1.4,True,39.99999999999999
2013-08-17,2013,A,A,0.248285717589063,0.24745224632823482,0.5042620360827023,4.2,3.5,2.0,A,2.0,True,100.0
2013-08-17,2013,A,H,0.41599140892602526,0.28326676263089207,0.3007418284430826,2.3,3.4,3.4,H,2.3,False,-100.0
2013-08-17,2013,A,H,0.46139178562651634,0.28192133092179206,0.25668688345169166,2.4,3.4,3.2,H,2.4,False,-100.0
2013-08-18,2013,H,H,0.9236516234240957,0.0705890550727159,0.005759321503188421,1.2,7.0,21.0,H,1.2,True,19.999999999999996
2013-08-18,2013,A,A,0.1535402856796396,0.22048205427981793,0.6259776600405426,4.75,3.75,1.83,A,1.83,True,83.0
2013-08-19,2013,H,H,0.7957745402064176,0.15282190888546382,0.05140355090811862,1.33,5.5,11.0,H,1.33,True,33.00000000000001
2013-08-21,2013,H,H,0.7232228240245282,0.1873876137825781,0.08938956219289376,1.29,5.5,10.0,H,1.29,True,29.000000000000004
2013-08-24,2013,A,A,0.18244268497242225,0.2652345621305857,0.5523227528969921,4.0,3.75,1.95,A,1.95,True,95.0
2013-08-24,2013,D,H,0.668753385759114,0.20350757754490237,0.12773903669598355,1.57,4.33,6.5,H,1.57,False,-100.0
2013-08-24,2013,H,H,0.3838328900199122,0.2830528164233595,0.3331142935567283,2.45,3.4,3.1,H,2.45,True,145.00000000000003
2013-08-24,2013,A,A,0.2582431293601437,0.26965927326976796,0.4720975973700882,3.8,3.5,2.1,A,2.1,True,110.00000000000001
2013-08-24,2013,D,H,0.38350882248541196,0.2493177189290351,0.367173458585553,2.3,3.4,3.4,H,2.3,False,-100.0
2013-08-24,2013,H,H,0.5315371091792365,0.26901433171281275,0.19944855910795078,1.83,3.6,5.0,H,1.83,True,83.0
2013-08-24,2013,D,H,0.590470636952103,0.23413188258045126,0.17539748046744566,1.73,3.8,5.5,H,1.73,False,-100.0
2013-08-25,2013,H,A,0.03180548250535995,0.12726405656194192,0.8409304609326981,8.5,4.75,1.44,A,1.44,False,-100.0
2013-08-25,2013,H,H,0.738904885724015,0.1792271842491677,0.08186793002681735,1.62,4.0,6.5,H,1.62,True,62.000000000000014
2013-08-26,2013,D,H,0.41407574336036435,0.24506172472397486,0.34086253191566074,2.45,3.4,3.1,H,2.45,False,-100.0
2013-08-31,2013,A,H,0.5226819137404436,0.2865377334864561,0.19078035277310026,2.0,3.4,4.33,H,2.0,False,-100.0
2013-08-31,2013,H,H,0.3805049535489731,0.29735299584688146,0.3221420506041454,3.0,3.3,2.55,H,3.0,True,200.0
2013-08-31,2013,H,H,0.39929059294348423,0.2775838248829229,0.32312558217359294,2.15,3.4,3.75,H,2.15,True,114.99999999999999
2013-08-31,2013,H,H,0.8835586850007479,0.09372536769270137,0.022715947306550764,1.17,8.5,19.0,H,1.17,True,16.999999999999993
2013-08-31,2013,H,H,0.3761049179783275,0.2803939164790683,0.34350116554260424,2.6,3.3,3.0,H,2.6,True,160.0
2013-08-31,2013,D,A,0.3265467696482182,0.2705921820877407,0.4028610482640412,3.25,3.4,2.38,A,2.38,False,-100.0
2013-09-01,2013,A,A,0.36731946987599207,0.25466602690072965,0.3780145032232782,2.7,3.4,2.8,A,2.8,True,179.99999999999997
2013-09-01,2013,H,H,0.5599321424560921,0.2600650920355637,0.18000276550834418,2.63,3.4,2.88,H,2.63,True,163.0
2013-09-01,2013,H,H,0.47951701169112987,0.267773619564211,0.2527093687446591,2.1,3.7,3.6,H,2.1,True,110.00000000000001
2013-09-14,2013,H,H,0.7147338790045807,0.19759452369568645,0.08767159729973274,1.45,4.75,8.0,H,1.45,True,44.99999999999999
2013-09-14,2013,A,A,0.11285482348305781,0.18814262824687808,0.6990025482700643,6.0,3.9,1.67,A,1.67,True,67.0
2013-09-14,2013,D,A,0.1465690914084426,0.22370967988505164,0.6297212287065058,6.0,4.0,1.65,A,1.65,False,-100.0
2013-09-14,2013,H,H,0.8358553956311848,0.12233395457800164,0.04181064979081353,1.22,7.0,16.0,H,1.22,True,21.999999999999996
2013-09-14,2013,D,H,0.40570508125812343,0.2738300298055475,0.3204648889363291,2.45,3.25,3.25,H,2.45,False,-100.0
2013-09-14,2013,D,H,0.5027869111237042,0.2295538894683107,0.2676591994079851,2.15,3.5,3.6,H,2.15,False,-100.0
2013-09-14,2013,H,A,0.3435139264635624,0.2957219623924129,0.3607641111440247,3.4,3.3,2.35,A,2.35,False,-100.0
2013-09-14,2013,A,H,0.4466559370838111,0.253321110163018,0.300022952753171,2.15,3.4,3.8,H,2.15,False,-100.0
2013-09-15,2013,D,H,0.5426406397563881,0.253116367027192,0.20424299321641987,1.85,3.6,4.75,H,1.85,False,-100.0
2013-09-16,2013,D,A,0.20507935765116922,0.2667128486653496,0.5282077936834811,3.5,3.5,2.2,A,2.2,False,-100.0
2013-09-21,2013,A,H,0.7048085352251723,0.21501364103089518,0.08017782374393255,1.6,4.0,6.5,H,1.6,False,-100.0
2013-09-21,2013,A,H,0.5509788372421434,0.27051312431129115,0.17850803844656546,1.85,3.5,5.0,H,1.85,False,-100.0
2013-09-21,2013,H,H,0.7512551072187994,0.18564966107699274,0.06309523170420782,1.3,5.75,12.0,H,1.3,True,30.000000000000004
2013-09-21,2013,H,H,0.5045584286914803,0.24363644731856984,0.2518051239899498,2.05,3.4,4.2,H,2.05,True,104.99999999999999
2013-09-21,2013,A,H,0.36301604169286017,0.2965438252677523,0.3404401330393875,3.3,3.3,2.4,H,3.3,False,-100.0
2013-09-21,2013,A,H,0.47084559011782223,0.25013449803523335,0.27901991184694436,2.4,3.4,3.2,H,2.4,False,-100.0
2013-09-22,2013,H,H,0.7301884851305629,0.1866413041537103,0.08317021071572683,1.36,5.25,10.0,H,1.36,True,36.00000000000001
2013-09-22,2013,A,A,0.19863557497776335,0.24070216320252535,0.5606622618197112,4.5,3.6,1.91,A,1.91,True,90.99999999999999
2013-09-22,2013,A,A,0.28066611857006935,0.24921401229499582,0.47011986913493486,3.5,3.4,2.25,A,2.25,True,125.0
2013-09-22,2013,H,H,0.4847178490390919,0.25803218782118786,0.25724996313972026,2.2,3.4,3.6,H,2.2,True,120.00000000000001
2013-09-28,2013,H,H,0.469726281987775,0.26936711662345875,0.26090660138876615,2.38,3.3,3.3,H,2.38,True,138.0
2013-09-28,2013,H,A,0.1229546622515511,0.20183441406949726,0.6752109236789516,6.5,4.2,1.57,A,1.57,False,-100.0
2013-09-28,2013,A,H,0.44798563963202903,0.27002394918811934,0.2819904111798516,2.1,3.4,3.9,H,2.1,False,-100.0
2013-09-28,2013,A,H,0.7646640775377227,0.16524042605750594,0.0700954964047713,1.3,5.75,12.0,H,1.3,False,-100.0
2013-09-28,2013,H,H,0.7091548651234151,0.19579442803670657,0.09505070683987822,1.45,4.5,8.5,H,1.45,True,44.99999999999999
2013-09-28,2013,A,A,0.3413354801676147,0.2520049874960391,0.4066595323363462,3.2,3.4,2.38,A,2.38,True,138.0
2013-09-28,2013,D,H,0.49485748639765975,0.27818667530979363,0.22695583829254656,2.7,3.3,2.88,H,2.7,False,-100.0
2013-09-29,2013,A,H,0.5629550235416488,0.25257430428104294,0.1844706721773082,1.95,3.4,4.5,H,1.95,False,-100.0
2013-09-29,2013,A,A,0.11950772597018627,0.20875403961121716,0.6717382344185966,5.5,3.9,1.7,A,1.7,True,70.0
2013-09-30,2013,H,H,0.641986140642541,0.19907697708262548,0.15893688227483355,1.65,4.0,6.0,H,1.65,True,64.99999999999999
2013-10-05,2013,H,H,0.527774884669206,0.2345360496319107,0.2376890656988834,1.67,4.2,5.5,H,1.67,True,67.0
2013-10-05,2013,A,A,0.1367632608679597,0.18821675401273247,0.6750199851193078,6.0,4.0,1.65,A,1.65,True,64.99999999999999
2013-10-05,2013,H,H,0.8753166538908224,0.09073105832157713,0.033952287787600496,1.2,7.5,17.0,H,1.2,True,19.999999999999996
2013-10-05,2013,A,H,0.43494984794356184,0.23230113487119208,0.33274901718524613,2.45,3.4,3.1,H,2.45,False,-100.0
2013-10-05,2013,H,H,0.37425223154428705,0.2629059643966047,0.3628418040591083,2.4,3.3,3.3,H,2.4,True,140.0
2013-10-05,2013,D,H,0.48851053631168245,0.2490812314309736,0.26240823225734405,2.45,3.3,3.2,H,2.45,False,-100.0
2013-10-06,2013,A,H,0.7413368341886,0.19216343213070394,0.06649973368069623,1.44,4.75,8.5,H,1.44,False,-100.0
2013-10-06,2013,A,A,0.14187505493978556,0.21776391448523838,0.6403610305749762,6.5,4.0,1.62,A,1.62,True,62.000000000000014
2013-10-06,2013,H,H,0.4802564782958517,0.2864068122253956,0.23333670947875262,2.1,3.5,3.8,H,2.1,True,110.00000000000001
2013-10-06,2013,D,A,0.16821137957280835,0.21505221869757768,0.616736401729614,4.9,4.0,1.75,A,1.75,False,-100.0
2013-10-19,2013,D,H,0.5606291508061728,0.252441286084762,0.18692956310906514,1.57,4.33,6.5,H,1.57,False,-100.0
2013-10-19,2013,H,H,0.7101819221171071,0.1704337055891409,0.11938437229375205,1.62,4.0,6.5,H,1.62,True,62.000000000000014
2013-10-19,2013,A,A,0.1579714926639257,0.22398084271014881,0.6180476646259255,5.5,3.8,1.73,A,1.73,True,73.0
2013-10-19,2013,D,H,0.41719980061328676,0.275735337079718,0.30706486230699526,2.3,3.3,3.5,H,2.3,False,-100.0
2013-10-19,2013,D,A,0.27214793017730543,0.2793462825637027,0.44850578725899176,4.5,3.9,1.83,A,1.83,False,-100.0
2013-10-19,2013,H,H,0.7138716931625322,0.19126790908053082,0.09486039775693698,1.45,4.5,9.0,H,1.45,True,44.99999999999999
2013-10-19,2013,H,H,0.8409057206368288,0.12536305414318047,0.033731225219990814,1.25,6.5,15.0,H,1.25,True,25.0
2013-10-19,2013,H,H,0.8086168917947153,0.13544463164429477,0.055938476560989873,1.29,6.0,12.0,H,1.29,True,29.000000000000004
2013-10-20,2013,A,A,0.2926377921912776,0.2596818685834745,0.44768033922524797,4.0,3.5,2.05,A,2.05,True,104.99999999999999
2013-10-21,2013,A,A,0.35289587097526437,0.28357393317528296,0.3635301958494526,2.75,3.3,2.8,A,2.8,True,179.99999999999997
2013-10-26,2013,A,A,0.284687907634776,0.25179878583470205,0.46351330653052203,3.4,3.4,2.3,A,2.3,True,129.99999999999997
2013-10-26,2013,A,A,0.016571844513540896,0.07083743433299058,0.9125907211534684,11.0,5.0,1.36,A,1.36,True,36.00000000000001
2013-10-26,2013,H,H,0.6623391267042094,0.20619634691623642,0.13146452637955422,1.44,4.75,8.0,H,1.44,True,43.99999999999999
2013-10-26,2013,H,H,0.7604953325861777,0.16879977487652026,0.07070489253730194,1.33,5.5,11.0,H,1.33,True,33.00000000000001
2013-10-26,2013,D,H,0.4515960999133222,0.22971536371743448,0.3186885363692433,2.2,3.4,3.6,H,2.2,False,-100.0
2013-10-26,2013,H,H,0.6576476812580268,0.23041710355645517,0.11193521518551801,1.62,4.0,6.5,H,1.62,True,62.000000000000014
2013-10-27,2013,H,H,0.4956635208552836,0.2728108098803451,0.2315256692643713,2.38,3.4,3.2,H,2.38,True,138.0
2013-10-27,2013,H,A,0.26533946882315074,0.199433643753615,0.5352268874232342,2.9,3.3,2.63,A,2.63,False,-100.0
2013-10-27,2013,D,H,0.6154851967398232,0.22648727532319748,0.1580275279369794,1.75,3.8,5.25,H,1.75,False,-100.0
2013-10-27,2013,H,H,0.7003334166005811,0.19847146466550109,0.10119511873391787,1.44,4.75,8.0,H,1.44,True,43.99999999999999
2013-11-02,2013,D,H,0.4272913921709619,0.2469594932601585,0.32574911456887956,2.25,3.5,3.4,H,2.25,False,-100.0
2013-11-02,2013,H,H,0.5208795602126958,0.25021166962984087,0.2289087701574634,2.3,3.5,3.3,H,2.3,True,129.99999999999997
2013-11-02,2013,A,A,0.13785969481061044,0.15334285027200142,0.7087974549173882,6.5,4.2,1.57,A,1.57,True,57.00000000000001
2013-11-02,2013,H,H,0.5301110247617108,0.21563983662236516,0.2542491386159241,2.15,3.4,3.8,H,2.15,True,114.99999999999999
2013-11-02,2013,H,H,0.8954196520175595,0.07928193177481858,0.0252984162076219,1.2,7.5,18.0,H,1.2,True,19.999999999999996
2013-11-02,2013,H,A,0.12035817957613648,0.1837650441564058,0.6958767762674578,6.0,4.2,1.62,A,1.62,False,-100.0
2013-11-02,2013,D,A,0.23885801718372116,0.26069184607380574,0.5004501367424731,3.3,3.3,2.4,A,2.4,False,-100.0
2013-11-02,2013,H,H,0.7089472783780639,0.16949826337547766,0.12155445824645836,1.55,4.2,7.0,H,1.55,True,55.00000000000001
2013-11-03,2013,D,H,0.4611623945020675,0.25612817033875035,0.2827094351591822,2.5,3.4,3.0,H,2.5,False,-100.0
2013-11-03,2013,H,A,0.28098736563896526,0.2775012069661076,0.44151142739492727,3.4,3.4,2.3,A,2.3,False,-100.0
2013-11-09,2013,H,H,0.4141161518951274,0.25313274922041057,0.3327510988844621,2.63,3.3,2.9,H,2.63,True,163.0
2013-11-09,2013,H,H,0.6958903492721568,0.2112856631392705,0.09282398758857276,1.62,3.8,7.0,H,1.62,True,62.000000000000014
2013-11-09,2013,H,H,0.8444325303391446,0.11880601797242554,0.03676145168842995,1.25,6.5,15.0,H,1.25,True,25.0
2013-11-09,2013,D,A,0.09245068238439685,0.163700812360485,0.7438485052551181,6.5,4.0,1.62,A,1.62,False,-100.0
2013-11-09,2013,D,H,0.7705158212824607,0.15560055156471922,0.07388362715282001,1.29,6.0,12.0,H,1.29,False,-100.0
2013-11-09,2013,H,H,0.4779419247218052,0.25681368060956805,0.2652443946686267,2.0,3.5,4.2,H,2.0,True,100.0
2013-11-10,2013,A,H,0.5948755280525857,0.21994834646683278,0.18517612548058152,1.57,4.33,6.5,H,1.57,False,-100.0
2013-11-10,2013,D,H,0.5304173040127885,0.27347358195182314,0.19610911403538833,2.0,3.4,4.33,H,2.0,False,-100.0
2013-11-10,2013,H,H,0.41714492544714754,0.273865095168498,0.30898997938435435,2.35,3.5,3.2,H,2.35,True,135.0
2013-11-10,2013,H,A,0.042291306327998025,0.09956036033935363,0.8581483333326484,9.0,5.0,1.4,A,1.4,False,-100.0
2013-11-23,2013,H,H,0.4488032678898238,0.2641782189548848,0.28701851315529137,2.15,3.3,3.9,H,2.15,True,114.99999999999999
2013-11-23,2013,H,H,0.5900864722429676,0.23652425551961334,0.1733892722374191,1.62,4.2,6.0,H,1.62,True,62.000000000000014
2013-11-23,2013,D,A,0.35765106494974297,0.24257619141896491,0.39977274363129206,3.0,3.4,2.5,A,2.5,False,-100.0
2013-11-23,2013,A,A,0.34412523726338706,0.2534004988805178,0.4024742638560952,3.3,3.3,2.38,A,2.38,True,138.0
2013-11-23,2013,A,H,0.5472289247449517,0.23234042252466905,0.22043065273037937,1.85,3.5,5.0,H,1.85,False,-100.0
2013-11-23,2013,H,H,0.6201288559340089,0.18937200194081594,0.19049914212517516,1.8,3.8,4.75,H,1.8,True,80.0
2013-11-23,2013,A,A,0.14196730751515213,0.18438387154956543,0.6736488209352824,6.0,4.2,1.62,A,1.62,True,62.000000000000014
2013-11-24,2013,D,A,0.1212935003933747,0.1794566116041257,0.6992498880024995,6.0,4.0,1.65,A,1.65,False,-100.0
2013-11-24,2013,H,H,0.5935160282542804,0.245885027121575,0.16059894462414456,1.7,4.0,5.5,H,1.7,True,70.0
2013-11-25,2013,D,H,0.505963811477371,0.24715345915186995,0.24688272937075906,2.15,3.4,3.8,H,2.15,False,-100.0
2013-11-30,2013,D,H,0.5021641233862408,0.2695661491492229,0.22826972746453625,2.0,3.4,4.33,H,2.0,False,-100.0
2013-11-30,2013,A,A,0.1147371130740191,0.21057400310002944,0.6746888838259514,6.5,4.0,1.62,A,1.62,True,62.000000000000014
2013-11-30,2013,H,H,0.6261166168074591,0.2315422058515039,0.14234117734103702,1.62,4.0,6.25,H,1.62,True,62.000000000000014
2013-11-30,2013,H,H,0.5516834514102581,0.2514605422498309,0.19685600633991104,2.05,3.5,4.0,H,2.05,True,104.99999999999999
2013-11-30,2013,H,H,0.5232899403298706,0.23750529395257344,0.23920476571755594,2.0,3.4,4.33,H,2.0,True,100.0
2013-11-30,2013,H,H,0.4850267057088543,0.2529935247080678,0.26197976958307784,1.91,3.5,4.6,H,1.91,True,90.99999999999999
2013-12-01,2013,D,H,0.4179804890781132,0.25962311408462296,0.32239639683726384,2.8,3.5,2.63,H,2.8,False,-100.0
2013-12-01,2013,H,H,0.805567912432427,0.14530555711129364,0.049126530456279356,1.29,6.0,13.0,H,1.29,True,29.000000000000004
2013-12-01,2013,H,H,0.6322940187073823,0.22352387621219624,0.14418210508042142,1.57,4.2,6.5,H,1.57,True,57.00000000000001
2013-12-01,2013,H,A,0.11795471186046803,0.16740349513226427,0.7146417930072677,6.5,4.0,1.62,A,1.62,False,-100.0
2013-12-03,2013,H,A,0.328433823892718,0.2738369784645506,0.3977291976427315,3.25,3.3,2.4,A,2.4,False,-100.0
2013-12-04,2013,A,A,0.1161737683443123,0.1568445511341359,0.726981680521552,5.8,3.9,1.67,A,1.67,True,67.0
2013-12-04,2013,A,H,0.5767950914069826,0.2446536811354602,0.17855122745755722,1.7,3.8,5.75,H,1.7,False,-100.0
2013-12-04,2013,H,H,0.8816073912732263,0.08682318418577042,0.03156942454100325,1.2,7.5,17.0,H,1.2,True,19.999999999999996
2013-12-04,2013,H,H,0.7746284634306536,0.1356131387438564,0.08975839782549008,1.29,6.0,12.0,H,1.29,True,29.000000000000004
2013-12-04,2013,D,H,0.47151424626965693,0.25460603806898424,0.2738797156613589,2.1,3.4,4.0,H,2.1,False,-100.0
2013-12-04,2013,A,A,0.13275591460772673,0.17794303894606894,0.6893010464462043,6.0,4.2,1.62,A,1.62,True,62.000000000000014
2013-12-04,2013,A,H,0.5838691539190557,0.2360968071624219,0.18003403891852235,1.73,3.75,5.5,H,1.73,False,-100.0
2013-12-04,2013,A,A,0.11994983977175443,0.1715891168765911,0.7084610433516545,6.5,4.33,1.55,A,1.55,True,55.00000000000001
2013-12-04,2013,H,H,0.4017496089426898,0.24824962615960186,0.3500007648977083,2.2,3.5,3.5,H,2.2,True,120.00000000000001
2013-12-07,2013,H,H,0.41417547436215313,0.275713267363165,0.310111258274682,2.8,3.3,2.75,H,2.8,True,179.99999999999997
2013-12-07,2013,H,H,0.7783618026121868,0.1501535441817881,0.07148465320602501,1.29,6.0,12.0,H,1.29,True,29.000000000000004
2013-12-07,2013,A,H,0.5836558147555718,0.21369466276906296,0.2026495224753652,1.53,4.33,7.0,H,1.53,False,-100.0
2013-12-07,2013,D,A,0.16855512648308227,0.1950048218797022,0.6364400516372155,5.25,3.8,1.75,A,1.75,False,-100.0
2013-12-07,2013,H,A,0.12348065453970743,0.16053873624460982,0.7159806092156829,6.5,4.2,1.57,A,1.57,False,-100.0
2013-12-07,2013,A,A,0.21777648466606267,0.20766911800215523,0.574554397331782,4.5,3.6,1.91,A,1.91,True,90.99999999999999
2013-12-07,2013,A,H,0.5207001146948055,0.19383966989877183,0.28546021540642275,1.8,3.75,5.0,H,1.8,False,-100.0
2013-12-08,2013,H,A,0.28820433201160145,0.24961480711194003,0.46218086087645854,2.75,3.3,2.8,A,2.8,False,-100.0
2013-12-08,2013,D,H,0.6104231646400232,0.2491689080357955,0.14040792732418128,1.7,3.8,5.75,H,1.7,False,-100.0
2013-12-09,2013,D,H,0.6219437518800542,0.19644192551765227,0.18161432260229354,1.75,3.75,5.5,H,1.75,False,-100.0
2013-12-14,2013,D,H,0.4882061581059081,0.24776673698203375,0.2640271049120582,1.95,3.6,4.33,H,1.95,False,-100.0
2013-12-14,2013,H,H,0.8760227574229866,0.09744908393920358,0.026528158637809822,1.18,8.0,19.0,H,1.18,True,17.999999999999993
2013-12-14,2013,H,H,0.5429635116193684,0.27866912719878806,0.17836736118184357,1.83,3.75,4.75,H,1.83,True,83.0
2013-12-14,2013,D,H,0.526885606353723,0.24109720776831692,0.23201718587796016,2.4,3.4,3.2,H,2.4,False,-100.0
2013-12-14,2013,H,H,0.789958992522354,0.15022879507187642,0.05981221240576954,1.36,5.0,10.5,H,1.36,True,36.00000000000001
2013-12-14,2013,H,A,0.38199228842268135,0.23100734343450982,0.3870003681428089,2.63,3.4,2.88,A,2.88,False,-100.0
2013-12-14,2013,D,H,0.4047392401238142,0.23982403018494455,0.35543672969124124,2.3,3.3,3.5,H,2.3,False,-100.0
2013-12-15,2013,A,A,0.252486235209566,0.26564035594387136,0.4818734088465627,5.25,3.8,1.75,A,1.75,True,75.0
2013-12-15,2013,D,H,0.4259463062978715,0.2399865168229575,0.334067176879171,2.88,3.3,2.7,H,2.88,False,-100.0
2013-12-15,2013,A,H,0.4414068977919776,0.21411223602367255,0.34448086618435,2.5,3.4,3.0,H,2.5,False,-100.0
2013-12-21,2013,A,A,0.034088151616986036,0.08671286983166249,0.8791989785513515,9.5,5.25,1.36,A,1.36,True,36.00000000000001
2013-12-21,2013,H,H,0.8637706047154163,0.10084422976952133,0.03538516551506233,1.2,7.5,16.0,H,1.2,True,19.999999999999996
2013-12-21,2013,A,A,0.36985281598327674,0.2547269957513299,0.37542018826539336,3.25,3.4,2.38,A,2.38,True,138.0
2013-12-21,2013,H,H,0.4777311060735857,0.25697310906494586,0.2652957848614685,2.3,3.25,3.5,H,2.3,True,129.99999999999997
2013-12-21,2013,D,H,0.43933293605858126,0.23993645657641421,0.32073060736500447,2.05,3.5,4.0,H,2.05,False,-100.0
2013-12-21,2013,D,H,0.46807801636112717,0.27241605683921843,0.2595059267996544,1.95,3.5,4.5,H,1.95,False,-100.0
2013-12-21,2013,H,H,0.7096679100104228,0.1785873473149099,0.11174474267466733,1.36,5.25,10.0,H,1.36,True,36.00000000000001
2013-12-22,2013,A,A,0.3996635750321675,0.19198510762035154,0.40835131734748104,2.55,3.3,3.0,A,3.0,True,200.0
2013-12-22,2013,A,A,0.33435314905932007,0.25614638281002355,0.4095004681306563,3.0,3.4,2.5,A,2.5,True,150.0
2013-12-23,2013,D,H,0.46085721793816253,0.22252586524718715,0.3166169168146504,2.38,3.4,3.25,H,2.38,False,-100.0
2013-12-26,2013,A,H,0.4816416437020391,0.258815249281287,0.2595431070166738,1.91,3.5,4.5,H,1.91,False,-100.0
2013-12-26,2013,H,H,0.6060786491349418,0.21972547412597956,0.17419587673907866,1.75,3.8,5.25,H,1.75,True,75.0
2013-12-26,2013,A,A,0.35340898953146077,0.24228589989498142,0.4043051105735577,3.3,3.3,2.38,A,2.38,True,138.0
2013-12-26,2013,A,A,0.12272257447372992,0.20647182079092438,0.6708056047353458,7.0,4.2,1.55,A,1.55,True,55.00000000000001
2013-12-26,2013,H,H,0.7469269205042522,0.16534340261097713,0.08772967688477064,1.33,5.5,10.0,H,1.33,True,33.00000000000001
2013-12-26,2013,A,A,0.13165235717426205,0.20159799810744675,0.6667496447182912,6.5,4.0,1.62,A,1.62,True,62.000000000000014
2013-12-26,2013,A,H,0.545470297537635,0.2101248141411067,0.24440488832125828,2.05,3.5,4.0,H,2.05,False,-100.0
2013-12-26,2013,H,H,0.5505883190892469,0.2018084792107103,0.2476032017000428,1.75,4.2,4.6,H,1.75,True,75.0
2013-12-26,2013,D,H,0.6993683918132604,0.1711226092271564,0.1295089989595832,1.53,4.33,7.0,H,1.53,False,-100.0
2013-12-26,2013,A,H,0.7818405816660438,0.15648664500430648,0.06167277332964976,1.36,5.25,9.5,H,1.36,False,-100.0
2013-12-28,2013,D,H,0.3775444369767657,0.2484940051080496,0.37396155791518476,2.38,3.4,3.25,H,2.38,False,-100.0
2013-12-28,2013,D,H,0.3683052878074545,0.2649608526376412,0.3667338595549044,3.0,3.3,2.55,H,3.0,False,-100.0
2013-12-28,2013,D,H,0.41733041607188626,0.2587926568373119,0.3238769270908018,2.38,3.25,3.4,H,2.38,False,-100.0
2013-12-28,2013,H,H,0.43711450457763795,0.23333295534446374,0.3295525400778982,2.05,3.4,4.1,H,2.05,True,104.99999999999999
2013-12-28,2013,H,H,0.9604563135475795,0.03648550269749466,0.0030581837549258023,1.13,9.5,29.0,H,1.13,True,12.99999999999999
2013-12-28,2013,A,A,0.12744190671902408,0.193618960013506,0.6789391332674698,6.5,4.2,1.57,A,1.57,True,57.00000000000001
2013-12-29,2013,H,H,0.5929954178106166,0.24351766467201735,0.163486917517366,1.83,3.7,4.75,H,1.83,True,83.0
2013-12-29,2013,A,A,0.338834046541663,0.24528244436318936,0.41588350909514765,4.0,3.7,2.0,A,2.0,True,100.0
2013-12-29,2013,H,H,0.7027552524577128,0.17315723874039185,0.12408750880189548,1.44,4.33,8.0,H,1.44,True,43.99999999999999
2013-12-29,2013,H,H,0.47417461786142506,0.22771049769597226,0.29811488444260265,2.2,3.5,3.5,H,2.2,True,120.00000000000001
2014-01-01,2013,H,H,0.8170270937882778,0.12414567516134944,0.058827231050372894,1.29,6.0,13.0,H,1.29,True,29.000000000000004
2014-01-01,2013,H,H,0.7326465821156928,0.18274598453731042,0.08460743334699683,1.3,6.0,11.0,H,1.3,True,30.000000000000004
2014-01-01,2013,A,A,0.247275301965027,0.25330785019984314,0.49941684783512996,4.0,3.5,2.05,A,2.05,True,104.99999999999999
2014-01-01,2013,H,H,0.48711488954215826,0.2201732858087088,0.29271182464913287,2.5,3.3,3.1,H,2.5,True,150.0
2014-01-01,2013,D,H,0.4759774076638597,0.2748621463798268,0.2491604459563135,2.38,3.3,3.3,H,2.38,False,-100.0
2014-01-01,2013,A,A,0.11079835519199924,0.14122928481870686,0.7479723599892939,5.75,4.25,1.62,A,1.62,True,62.000000000000014
2014-01-01,2013,H,H,0.3691197264795494,0.2760870721748583,0.3547932013455923,2.6,3.4,2.88,H,2.6,True,160.0
2014-01-01,2013,D,A,0.26301230761254774,0.227342748678751,0.5096449437087013,4.0,3.3,2.1,A,2.1,False,-100.0
2014-01-01,2013,A,H,0.538190528346216,0.26928504261810055,0.19252442903568354,2.15,3.4,3.75,H,2.15,False,-100.0
2014-01-01,2013,A,H,0.6167000570129448,0.183197821079782,0.20010212190727314,1.8,3.8,4.75,H,1.8,False,-100.0
2014-01-11,2013,H,H,0.7214263681100622,0.18931571462259383,0.08925791726734397,1.36,5.0,10.0,H,1.36,True,36.00000000000001
2014-01-11,2013,H,H,0.49176656879962033,0.2438541689568848,0.2643792622434948,1.83,3.7,4.75,H,1.83,True,83.0
2014-01-11,2013,H,H,0.7437257132977868,0.17291569143219038,0.08335859527002282,1.57,4.0,7.0,H,1.57,True,57.00000000000001
2014-01-11,2013,A,A,0.13048716605839902,0.2233271490945409,0.6461856848470601,6.5,4.0,1.6,A,1.6,True,60.00000000000001
2014-01-11,2013,A,H,0.4982929742635639,0.24557625107628397,0.25613077466015205,2.2,3.3,3.75,H,2.2,False,-100.0
2014-01-11,2013,H,H,0.736321511942741,0.18495105653659735,0.07872743152066158,1.4,5.0,9.0,H,1.4,True,39.99999999999999
2014-01-11,2013,A,H,0.49372692420308517,0.22806392231916547,0.2782091534777494,2.0,3.5,4.1,H,2.0,False,-100.0
2014-01-12,2013,A,A,0.18377229953015936,0.17749192918405357,0.6387357712857871,5.25,4.0,1.7,A,1.7,True,70.0
2014-01-12,2013,A,A,0.13704344347977934,0.18402153748639755,0.6789350190338231,5.75,4.0,1.67,A,1.67,True,67.0
2014-01-13,2013,A,A,0.14135016814199552,0.17376611957698793,0.6848837122810165,6.0,4.2,1.62,A,1.62,True,62.000000000000014
2014-01-18,2013,H,H,0.862601087154378,0.09019944598478256,0.047199466860839354,1.22,7.0,15.0,H,1.22,True,21.999999999999996
2014-01-18,2013,H,H,0.49306887320915344,0.21562296939708925,0.2913081573937572,2.35,3.2,3.5,H,2.35,True,135.0
2014-01-18,2013,D,H,0.8228350938379388,0.13009447467465204,0.047070431487409,1.22,7.0,15.0,H,1.22,False,-100.0
2014-01-18,2013,H,H,0.9357150040125674,0.046624974572077656,0.0176600214153551,1.13,11.0,23.0,H,1.13,True,12.99999999999999
2014-01-18,2013,H,H,0.40848026347921834,0.2685643508080224,0.32295538571275934,2.4,3.3,3.25,H,2.4,True,140.0
2014-01-18,2013,D,H,0.4187684162957652,0.2668060064571673,0.31442557724706743,3.2,3.3,2.45,H,3.2,False,-100.0
2014-01-18,2013,A,A,0.33291867912441614,0.2531885319405467,0.4138927889350372,3.0,3.4,2.5,A,2.5,True,150.0
2014-01-19,2013,H,H,0.6204558018825858,0.2220477642662633,0.15749643385115095,1.73,3.8,5.5,H,1.73,True,73.0
2014-01-19,2013,A,A,0.24368654845602983,0.23064228780260881,0.5256711637413614,3.25,3.4,2.38,A,2.38,True,138.0
2014-01-20,2013,D,A,0.3115797104929818,0.2511828293044193,0.4372374602025988,3.5,3.4,2.25,A,2.25,False,-100.0
2014-01-28,2013,H,H,0.4807384068639007,0.20129179840724018,0.3179697947288591,1.75,3.75,5.25,H,1.75,True,75.0
2014-01-28,2013,D,A,0.23829743613954815,0.23110217732898367,0.5306003865314681,4.33,3.5,1.95,A,1.95,False,-100.0
2014-01-28,2013,D,H,0.37058871299109386,0.26798639932899637,0.36142488767990977,2.7,3.4,2.8,H,2.7,False,-100.0
2014-01-28,2013,H,H,0.5191202557563801,0.23209997493932558,0.24877976930429435,1.83,3.9,4.5,H,1.83,True,83.0
2014-01-28,2013,H,H,0.5063384775924853,0.25150731253553715,0.24215420987197758,2.5,3.2,3.2,H,2.5,True,150.0
2014-01-28,2013,H,H,0.8551114681536977,0.10348059213456824,0.041407939711734155,1.25,6.5,15.0,H,1.25,True,25.0
2014-01-29,2013,A,A,0.3342746258077142,0.22159769879105212,0.44412767540123366,3.75,3.75,2.05,A,2.05,True,104.99999999999999
2014-01-29,2013,H,H,0.5971173749022571,0.20655704932792118,0.19632557576982168,2.1,3.4,3.9,H,2.1,True,110.00000000000001
2014-01-29,2013,D,H,0.9194884539808823,0.06322866897196736,0.017282877047150445,1.18,8.0,19.0,H,1.18,False,-100.0
2014-01-29,2013,H,H,0.3940435024569029,0.2803365874186358,0.3256199101244613,2.6,3.3,3.0,H,2.6,True,160.0
2014-02-01,2013,H,A,0.096361859866696,0.17536548739403585,0.7282726527392681,7.0,4.0,1.57,A,1.57,False,-100.0
2014-02-01,2013,H,H,0.39173474697054345,0.22836106587676958,0.3799041871526871,2.9,3.4,2.6,H,2.9,True,190.0
2014-02-01,2013,D,A,0.22063579751771534,0.24335496170519255,0.536009240777092,4.0,3.5,2.05,A,2.05,False,-100.0
2014-02-01,2013,A,H,0.46584222073743137,0.2730605298376195,0.26109724942494916,1.95,3.5,4.33,H,1.95,False,-100.0
2014-02-01,2013,H,H,0.6020109794383733,0.22774320124055505,0.17024581932107166,1.53,4.33,7.0,H,1.53,True,53.0
2014-02-01,2013,H,H,0.4187476332225421,0.2539341546149277,0.32731821216253015,2.3,3.4,3.4,H,2.3,True,129.99999999999997
2014-02-01,2013,A,A,0.3210908340896503,0.2187570260088469,0.46015213990150283,3.6,3.4,2.2,A,2.2,True,120.00000000000001
2014-02-02,2013,H,H,0.8584880684849246,0.11182246572976415,0.02968946578531131,1.22,7.0,16.0,H,1.22,True,21.999999999999996
2014-02-02,2013,D,A,0.12823727849342617,0.1846140870554766,0.6871486344510972,5.75,4.33,1.62,A,1.62,False,-100.0
2014-02-03,2013,A,H,0.5954010977716474,0.23508557349660006,0.1695133287317525,1.85,3.8,4.5,H,1.85,False,-100.0
2014-02-08,2013,D,H,0.6941288636085418,0.19561159233727973,0.11025954405417844,1.55,4.0,7.5,H,1.55,False,-100.0
2014-02-08,2013,H,H,0.5101573289707819,0.2402276037334993,0.24961506729571878,1.85,3.6,4.75,H,1.85,True,85.00000000000001
2014-02-08,2013,A,H,0.586901298540311,0.2483299948654099,0.16476870659427895,2.15,3.4,3.8,H,2.15,False,-100.0
2014-02-08,2013,D,A,0.045939733674224624,0.09556688621302269,0.8584933801127528,9.0,5.5,1.36,A,1.36,False,-100.0
2014-02-08,2013,H,H,0.4381823128859256,0.2692836554089361,0.2925340317051383,2.6,3.3,3.0,H,2.6,True,160.0
2014-02-08,2013,H,H,0.8698326051038455,0.104471533708962,0.02569586118719245,1.25,6.25,15.0,H,1.25,True,25.0
2014-02-08,2013,A,H,0.47602408338285257,0.2642984292306037,0.2596774873865437,2.1,3.5,3.8,H,2.1,False,-100.0
2014-02-08,2013,H,H,0.4726944021102598,0.26464231328228766,0.2626632846074525,2.2,3.6,3.4,H,2.2,True,120.00000000000001
2014-02-09,2013,D,H,0.9007773480363417,0.07799323722879407,0.021229414734864335,1.2,7.0,19.0,H,1.2,False,-100.0
2014-02-09,2013,H,H,0.5214208452178286,0.2140148052560718,0.2645643495260995,2.1,3.5,3.75,H,2.1,True,110.00000000000001
2014-02-11,2013,H,H,0.5594301815753302,0.22851333645153504,0.21205648197313479,2.05,3.5,4.0,H,2.05,True,104.99999999999999
2014-02-11,2013,D,A,0.07010830146047978,0.13916792972905628,0.7907237688104638,7.5,4.5,1.5,A,1.5,False,-100.0
2014-02-11,2013,A,A,0.3359270879831811,0.2657347075232634,0.39833820449355545,3.0,3.25,2.6,A,2.6,True,160.0
2014-02-11,2013,D,H,0.4104522574264999,0.22123242415235767,0.3683153184211425,2.5,3.4,3.0,H,2.5,False,-100.0
2014-02-12,2013,D,H,0.42217635542299653,0.2323920378703118,0.34543160670669165,2.7,3.25,2.9,H,2.7,False,-100.0
2014-02-12,2013,A,A,0.3365541452063902,0.2663834313928979,0.39706242340071185,3.3,3.5,2.3,A,2.3,True,129.99999999999997
2014-02-12,2013,D,H,0.5439732443596682,0.20825497167834317,0.24777178396198857,2.15,3.5,3.6,H,2.15,False,-100.0
2014-02-12,2013,A,A,0.03795387537109252,0.08817822534136852,0.8738678992875389,8.0,5.25,1.4,A,1.4,True,39.99999999999999
2014-02-22,2013,H,A,0.37187112910273445,0.24678285798291344,0.38134601291435216,3.2,3.4,2.4,A,2.4,False,-100.0
2014-02-22,2013,D,H,0.5200343247534156,0.23210035649854838,0.247865318748036,1.8,3.9,4.75,H,1.8,False,-100.0
2014-02-22,2013,H,H,0.8845167027778803,0.09375839938877395,0.021724897833345812,1.18,8.0,19.0,H,1.18,True,17.999999999999993
2014-02-22,2013,A,A,0.2040615455571261,0.2111317689655442,0.5848066854773297,6.5,4.0,1.6,A,1.6,True,60.00000000000001
2014-02-22,2013,H,H,0.7101997185293766,0.19835193701946757,0.09144834445115588,1.57,4.0,7.0,H,1.57,True,57.00000000000001
2014-02-22,2013,A,H,0.3954490710151765,0.2647523208938963,0.3397986080909271,2.75,3.2,2.88,H,2.75,False,-100.0
2014-02-22,2013,H,H,0.7151150839907368,0.18354253541301582,0.10134238059624745,1.33,5.5,11.0,H,1.33,True,33.00000000000001
2014-02-23,2013,H,H,0.8148076736282225,0.13252390620176357,0.05266842017001398,1.3,5.75,12.0,H,1.3,True,30.000000000000004
2014-02-23,2013,H,H,0.5186606856205013,0.24490034912246983,0.23643896525702882,2.1,3.4,3.9,H,2.1,True,110.00000000000001
2014-02-23,2013,H,A,0.28834915160172786,0.2630722627295104,0.4485785856687616,3.8,3.5,2.1,A,2.1,False,-100.0
2014-03-01,2013,A,A,0.057435541177400073,0.1120900972113306,0.8304743616112693,8.0,4.75,1.45,A,1.45,True,44.99999999999999
2014-03-01,2013,A,H,0.513111730609126,0.23886167532973832,0.24802659406113584,2.45,3.2,3.3,H,2.45,False,-100.0
2014-03-01,2013,H,H,0.5486670213107078,0.26481037472664093,0.18652260396265133,1.53,4.2,7.5,H,1.53,True,53.0
2014-03-01,2013,H,A,0.1762995790127347,0.22994063807006027,0.5937597829172051,5.5,3.8,1.73,A,1.73,False,-100.0
2014-03-01,2013,A,A,0.2637772962583953,0.2260649268125324,0.5101577769290723,3.75,3.75,2.05,A,2.05,True,104.99999999999999
2014-03-02,2013,D,H,0.5280418652628324,0.26686666858356367,0.2050914661536039,1.85,3.5,5.0,H,1.85,False,-100.0
2014-03-02,2013,H,H,0.7991359178358107,0.13280865081534238,0.06805543134884683,1.33,5.25,12.0,H,1.33,True,33.00000000000001
2014-03-02,2013,H,H,0.4635668799887542,0.2691619536751992,0.26727116633604664,2.1,3.4,3.9,H,2.1,True,110.00000000000001
2014-03-08,2013,H,H,0.43003928412459896,0.25044350985716257,0.31951720601823835,2.35,3.5,3.2,H,2.35,True,135.0
2014-03-08,2013,H,H,0.6862175969795161,0.22554870025416177,0.08823370276632199,1.57,4.0,7.0,H,1.57,True,57.00000000000001
2014-03-08,2013,A,A,0.3455731597336474,0.22415813501610052,0.43026870525025196,3.9,3.3,2.15,A,2.15,True,114.99999999999999
2014-03-08,2013,D,H,0.4130218535542759,0.29929431786193306,0.2876838285837911,2.25,3.3,3.6,H,2.25,False,-100.0
2014-03-08,2013,A,A,0.2075156848644481,0.22522659342923787,0.567257721706314,5.0,3.6,1.83,A,1.83,True,83.0
2014-03-15,2013,A,A,0.1528524659298513,0.18733649071192487,0.6598110433582238,6.5,4.33,1.57,A,1.57,True,57.00000000000001
2014-03-15,2013,H,A,0.08522017005195198,0.16660678533971882,0.7481730446083292,7.0,4.33,1.53,A,1.53,False,-100.0
2014-03-15,2013,H,A,0.31753351655431045,0.19522994375205147,0.4872365396936381,2.9,3.4,2.6,A,2.6,False,-100.0
2014-03-15,2013,H,H,0.7679622873926748,0.15196328153356387,0.08007443107376135,1.36,5.0,11.0,H,1.36,True,36.00000000000001
2014-03-15,2013,H,H,0.6040620089576657,0.24284280460938673,0.15309518643294753,1.62,4.0,6.5,H,1.62,True,62.000000000000014
2014-03-15,2013,H,H,0.4042646545283647,0.28940939739404725,0.30632594807758806,2.25,3.3,3.6,H,2.25,True,125.0
2014-03-15,2013,D,H,0.5053891837491177,0.27410558272861957,0.2205052335222628,2.15,3.3,3.9,H,2.15,False,-100.0
2014-03-15,2013,A,H,0.5257568624276319,0.23332884776523208,0.2409142898071361,1.95,3.6,4.33,H,1.95,False,-100.0
2014-03-16,2013,A,A,0.3738185335648668,0.24801859766513976,0.37816286876999344,2.5,3.6,2.9,A,2.9,True,190.0
2014-03-16,2013,A,H,0.37988410783583326,0.2705987539398665,0.34951713822430025,3.1,3.4,2.45,H,3.1,False,-100.0
2014-03-22,2013,H,H,0.509719925758651,0.2443887946643304,0.24589127957701862,2.25,3.3,3.6,H,2.25,True,125.0
2014-03-22,2013,A,A,0.03206082581038893,0.08673780818928346,0.8812013660003275,9.5,5.25,1.36,A,1.36,True,36.00000000000001
2014-03-22,2013,H,H,0.5637310228528214,0.2662471947123931,0.1700217824347856,1.85,3.6,4.75,H,1.85,True,85.00000000000001
2014-03-22,2013,H,H,0.4468977231775813,0.24588066885127285,0.30722160797114584,2.2,3.3,3.75,H,2.2,True,120.00000000000001
2014-03-22,2013,H,H,0.8379147849390806,0.10539236797509274,0.05669284708582664,1.17,9.0,17.0,H,1.17,True,16.999999999999993
2014-03-22,2013,H,H,0.5297838772473225,0.27549368025922744,0.19472244249345017,1.85,3.6,4.75,H,1.85,True,85.00000000000001
2014-03-22,2013,A,A,0.2908128415796862,0.2306513048715489,0.478535853548765,4.5,3.6,1.91,A,1.91,True,90.99999999999999
2014-03-22,2013,H,H,0.6320933498944704,0.21422964158896698,0.1536770085165626,1.67,3.9,6.0,H,1.67,True,67.0
2014-03-23,2013,A,H,0.4390627157259118,0.31264540163406657,0.2482918826400216,2.2,3.3,3.75,H,2.2,False,-100.0
2014-03-23,2013,H,H,0.4492777911621656,0.22973041222596138,0.320991796611873,2.25,3.4,3.5,H,2.25,True,125.0
2014-03-25,2013,D,H,0.639970955831495,0.19692406449647,0.1631049796720351,1.57,4.2,6.5,H,1.57,False,-100.0
2014-03-25,2013,A,A,0.3493292175573876,0.27548828020579413,0.37518250223681826,3.5,3.6,2.15,A,2.15,True,114.99999999999999
2014-03-25,2013,A,H,0.3975775714629056,0.2678925829128078,0.3345298456242865,3.5,3.4,2.25,H,3.5,False,-100.0
2014-03-26,2013,H,H,0.9098238454209282,0.06731147773420437,0.0228646768448675,1.17,9.0,19.0,H,1.17,True,16.999999999999993
2014-03-26,2013,H,H,0.4358273299069858,0.24802845140564067,0.31614421868737363,2.4,3.3,3.3,H,2.4,True,140.0
2014-03-29,2013,H,A,0.03623153762027832,0.11469591046591612,0.8490725519138057,10.0,4.75,1.4,A,1.4,False,-100.0
2014-03-29,2013,D,H,0.5373791223336194,0.2121977777178397,0.25042309994854084,1.83,3.75,4.75,H,1.83,False,-100.0
2014-03-29,2013,D,A,0.28514386994024354,0.2620342205009192,0.4528219095588374,3.6,3.5,2.15,A,2.15,False,-100.0
2014-03-29,2013,H,H,0.4739671283295782,0.24025309179497092,0.2857797798754507,1.73,3.9,5.25,H,1.73,True,73.0
2014-03-29,2013,H,H,0.5413161596713963,0.24540611416246255,0.2132777261661411,2.15,3.3,3.9,H,2.15,True,114.99999999999999
2014-03-29,2013,H,H,0.5316911282747009,0.22534961004241888,0.24295926168288023,1.75,3.8,5.25,H,1.75,True,75.0
2014-03-29,2013,H,H,0.6635747227141909,0.20038653268700615,0.13603874459880277,1.45,4.75,8.0,H,1.45,True,44.99999999999999
2014-03-30,2013,H,H,0.7428505036406023,0.16749328074139927,0.08965621561799836,1.48,4.75,7.5,H,1.48,True,48.0
2014-03-30,2013,A,A,0.17078496365695692,0.1988208552098453,0.6303941811331978,5.0,3.75,1.8,A,1.8,True,80.0
2014-03-31,2013,A,H,0.3951666920995764,0.26166823637754755,0.343165071522876,2.3,3.3,3.5,H,2.3,False,-100.0
2014-04-05,2013,A,H,0.5069739266603731,0.2074170659386557,0.2856090074009713,2.05,3.5,4.0,H,2.05,False,-100.0
2014-04-05,2013,A,H,0.42609212871818997,0.28190960962037287,0.29199826166143716,2.45,3.25,3.25,H,2.45,False,-100.0
2014-04-05,2013,H,H,0.7479380540347828,0.18017854080230694,0.07188340516291025,1.29,6.0,13.0,H,1.29,True,29.000000000000004
2014-04-05,2013,H,A,0.36282618874280576,0.25731729055030617,0.379856520706888,2.75,3.3,2.8,A,2.8,False,-100.0
2014-04-05,2013,H,H,0.7505153022939323,0.15224374829855414,0.09724094940751367,1.33,5.75,10.0,H,1.33,True,33.00000000000001
2014-04-05,2013,A,A,0.2607048652987095,0.23224978182269695,0.5070453528785935,4.2,3.7,1.95,A,1.95,True,95.0
2014-04-05,2013,A,H,0.4456199976825897,0.21153141885077015,0.3428485834666401,2.4,3.3,3.25,H,2.4,False,-100.0
2014-04-06,2013,A,A,0.04079221587340811,0.0981806726509401,0.8610271114756519,9.0,5.0,1.4,A,1.4,True,39.99999999999999
2014-04-06,2013,H,H,0.584668993483821,0.22242497932623143,0.1929060271899476,2.5,3.4,3.0,H,2.5,True,150.0
2014-04-07,2013,H,H,0.6466082422300136,0.18630147762423793,0.16709028014574845,1.57,4.2,6.5,H,1.57,True,57.00000000000001
2014-04-12,2013,D,A,0.372333987298547,0.20889926744366968,0.41876674525778346,3.1,3.6,2.38,A,2.38,False,-100.0
2014-04-12,2013,A,A,0.13557935857855205,0.21969537141200443,0.6447252700094434,4.75,3.7,1.83,A,1.83,True,83.0
2014-04-12,2013,H,H,0.5864886605569476,0.2070272469174403,0.20648409252561203,2.1,3.4,3.9,H,2.1,True,110.00000000000001
2014-04-12,2013,H,H,0.4769873269057975,0.2514872913358103,0.2715253817583921,2.15,3.5,3.6,H,2.15,True,114.99999999999999
2014-04-12,2013,H,H,0.5129044759021417,0.24225454160162027,0.24484098249623806,2.15,3.3,3.9,H,2.15,True,114.99999999999999
2014-04-12,2013,A,H,0.7014204237488131,0.1584923099884527,0.1400872662627343,1.45,4.75,8.0,H,1.45,False,-100.0
2014-04-13,2013,H,H,0.4780991874206524,0.2776260145694549,0.24427479800989269,2.45,3.7,2.9,H,2.45,True,145.00000000000003
2014-04-13,2013,A,A,0.21301407998166186,0.2518824790759929,0.5351034409423452,5.0,3.6,1.83,A,1.83,True,83.0
2014-04-15,2013,H,H,0.6680624981926399,0.17828508492918776,0.15365241687817235,1.4,5.0,9.0,H,1.4,True,39.99999999999999
2014-04-16,2013,A,H,0.7624361767673669,0.17824750269625392,0.05931632053637927,1.4,4.75,10.0,H,1.4,False,-100.0
2014-04-16,2013,D,H,0.8726577086597348,0.07759587881702143,0.049746412523243716,1.17,9.0,17.0,H,1.17,False,-100.0
2014-04-19,2013,A,H,0.39109855816469097,0.26932579921623656,0.3395756426190725,2.2,3.2,3.4,H,2.2,False,-100.0
2014-04-19,2013,D,A,0.2824346863937716,0.22054009891000845,0.4970252146962199,3.4,3.4,2.1,A,2.1,False,-100.0
2014-04-19,2013,D,A,0.3567738984435189,0.24003298441387663,0.4031931171426044,2.38,3.2,3.0,A,3.0,False,-100.0
2014-04-19,2013,A,H,0.8100343875768078,0.1212714296010159,0.06869418282217624,1.18,7.0,13.0,H,1.18,False,-100.0
2014-04-19,2013,A,H,0.3742953900404072,0.25620556883685813,0.36949904112273463,2.63,3.3,2.6,H,2.63,False,-100.0
2014-04-19,2013,H,H,0.6240199150191069,0.19995961284875738,0.17602047213213567,1.5,4.2,6.5,H,1.5,True,50.0
2014-04-20,2013,H,H,0.49639095742568157,0.25379025006288375,0.24981879251143463,2.4,3.4,2.8,H,2.4,True,140.0
2014-04-20,2013,A,A,0.04193816324860777,0.0922691111221903,0.865792725629202,8.5,5.0,1.33,A,1.33,True,33.00000000000001
2014-04-20,2013,A,A,0.2650075675246682,0.21754471922229496,0.5174477132530368,4.5,3.6,1.8,A,1.8,True,80.0
2014-04-21,2013,H,H,0.6655013198481635,0.15964494030859003,0.17485373984324643,1.2,7.0,11.0,H,1.2,True,19.999999999999996
2014-04-26,2013,H,H,0.6287593026894878,0.22099103193232564,0.1502496653781866,1.7,3.75,6.0,H,1.7,True,70.0
2014-04-26,2013,D,H,0.4498714985749217,0.2681370922054209,0.2819914092196573,2.3,3.4,3.4,H,2.3,False,-100.0
2014-04-26,2013,H,H,0.7172993103248431,0.17976772790485596,0.102932961770301,1.36,5.25,9.5,H,1.36,True,36.00000000000001
2014-04-26,2013,H,A,0.3254786282715091,0.24244255725814615,0.43207881447034474,2.8,3.5,2.6,A,2.6,False,-100.0
2014-04-26,2013,A,A,0.3674110832077591,0.2057778265073183,0.4268110902849225,3.2,3.4,2.38,A,2.38,True,138.0
2014-04-26,2013,H,H,0.4923386002888974,0.22921992326906435,0.27844147644203826,1.91,3.75,4.33,H,1.91,True,90.99999999999999
2014-04-27,2013,A,H,0.6312083655108537,0.20199552142645255,0.1667961130626937,1.67,4.2,5.25,H,1.67,False,-100.0
2014-04-27,2013,A,A,0.149303919085931,0.17380358642589616,0.6768924944881728,7.5,5.0,1.44,A,1.44,True,43.99999999999999
2014-04-27,2013,H,H,0.4937953380083134,0.22437355610820606,0.28183110588348054,1.91,3.75,4.33,H,1.91,True,90.99999999999999
2014-04-28,2013,H,H,0.816895324319,0.11517024631356985,0.0679344293674301,1.29,6.0,12.0,H,1.29,True,29.000000000000004
2014-05-03,2013,H,A,0.1898413739749206,0.1808382384982488,0.6293203875268306,4.33,3.75,1.91,A,1.91,False,-100.0
2014-05-03,2013,A,H,0.45474318263802616,0.2711041886737676,0.2741526286882062,2.5,3.4,3.0,H,2.5,False,-100.0
2014-05-03,2013,H,H,0.4295134760354061,0.2376391614417461,0.3328473625228478,2.3,3.6,3.25,H,2.3,True,129.99999999999997
2014-05-03,2013,A,H,0.65403093742377,0.170280576064033,0.1756884865121971,1.36,5.75,8.5,H,1.36,False,-100.0
2014-05-03,2013,A,A,0.23247360547103088,0.22186108161568743,0.5456653129132817,5.0,4.0,1.75,A,1.75,True,75.0
2014-05-03,2013,H,A,0.3637496432705577,0.2643057154979799,0.37194464123146254,2.5,3.3,3.1,A,3.1,False,-100.0
2014-05-03,2013,H,A,0.38394496117110305,0.2308695959456125,0.3851854428832844,2.05,3.6,3.8,A,3.8,False,-100.0
2014-05-04,2013,D,H,0.8829146704499019,0.0924111871963226,0.024674142353775415,1.2,7.5,17.0,H,1.2,False,-100.0
2014-05-04,2013,H,H,0.7998001036243746,0.13782114031892473,0.06237875605670059,1.29,6.0,13.0,H,1.29,True,29.000000000000004
2014-05-05,2013,D,A,0.0762979749434682,0.13144609549150657,0.7922559295650252,9.0,5.0,1.4,A,1.4,False,-100.0
2014-05-06,2013,H,H,0.6846326575417175,0.19545994336850714,0.11990739908977519,1.36,5.5,9.0,H,1.36,True,36.00000000000001
2014-05-07,2013,H,H,0.8912184898689466,0.08132344027636292,0.027458069854690546,1.14,9.5,21.0,H,1.14,True,13.99999999999999
2014-05-07,2013,H,H,0.5479586491325369,0.2656675347811433,0.18637381608631987,2.1,3.2,4.2,H,2.1,True,110.00000000000001
2014-05-11,2013,H,H,0.8074159074762643,0.1096303078478121,0.08295378467592358,1.22,7.5,13.0,H,1.22,True,21.999999999999996
2014-05-11,2013,D,H,0.38159568466287885,0.24804930864832714,0.37035500668879395,2.63,3.5,2.8,H,2.63,False,-100.0
2014-05-11,2013,H,H,0.8633256690051644,0.09252156924190462,0.04415276175293102,1.17,9.0,17.0,H,1.17,True,16.999999999999993
2014-05-11,2013,A,A,0.06793592572680168,0.11787742219680146,0.814186652076397,8.0,4.75,1.44,A,1.44,True,43.99999999999999
2014-05-11,2013,A,A,0.2697909880163114,0.20122639315970836,0.5289826188239802,4.0,3.6,2.0,A,2.0,True,100.0
2014-05-11,2013,A,A,0.15676000003015567,0.20445110832218985,0.6387888916476545,4.5,3.8,1.85,A,1.85,True,85.00000000000001
2014-05-11,2013,A,H,0.5261781482000665,0.26980090726901057,0.20402094453092298,2.3,3.4,3.4,H,2.3,False,-100.0
2014-05-11,2013,H,H,0.6908427635861636,0.20363276323052057,0.10552447318331572,1.5,4.5,7.5,H,1.5,True,50.0
2014-05-11,2013,A,H,0.42555558586174025,0.24742192891847056,0.32702248521978916,2.1,3.6,3.75,H,2.1,False,-100.0
2014-05-11,2013,D,H,0.38230620308196367,0.26284039769690154,0.35485339922113485,2.63,3.5,2.8,H,2.63,False,-100.0
2014-08-16,2014,H,H,0.8674537456812643,0.10469743000758927,0.027848824311146533,1.25,6.5,15.0,H,1.25,True,25.0
2014-08-16,2014,D,H,0.41852985533516196,0.24895375686896806,0.33251638779587,3.2,3.4,2.4,H,3.2,False,-100.0
2014-08-16,2014,A,H,0.7230667862569307,0.19835293512236082,0.0785802786207086,1.36,5.0,11.0,H,1.36,False,-100.0
2014-08-16,2014,A,H,0.44142944642305953,0.26775126396592175,0.29081928961101877,2.5,3.3,3.1,H,2.5,False,-100.0
2014-08-16,2014,A,H,0.6003869180000534,0.22863894949454983,0.17097413250539678,1.95,3.5,4.5,H,1.95,False,-100.0
2014-08-16,2014,D,H,0.37839391245947174,0.2548517082215945,0.36675437931893384,2.25,3.4,3.5,H,2.25,False,-100.0
2014-08-16,2014,A,A,0.22981174236813112,0.22463381538108074,0.5455544422507881,3.8,3.6,2.05,A,2.05,True,104.99999999999999
2014-08-17,2014,H,H,0.711442137946347,0.1792640200172267,0.10929384203642625,1.33,5.75,10.0,H,1.33,True,33.00000000000001
2014-08-17,2014,A,A,0.11200185642242876,0.16195683491666157,0.7260413086609097,5.25,4.33,1.67,A,1.67,True,67.0
2014-08-18,2014,A,A,0.06968532397021632,0.11445858273836303,0.8158560932914207,9.0,5.0,1.4,A,1.4,True,39.99999999999999
2014-08-23,2014,A,H,0.4357032250584585,0.2593991270611817,0.3048976478803599,2.5,3.3,3.1,H,2.5,False,-100.0
2014-08-23,2014,D,H,0.43388274970964863,0.21275625343314072,0.3533609968572107,2.5,3.4,3.0,H,2.5,False,-100.0
2014-08-23,2014,H,H,0.8424240471001697,0.12471622646303947,0.032859726436790866,1.2,7.5,17.0,H,1.2,True,19.999999999999996
2014-08-23,2014,D,H,0.570543553081559,0.23779693944670574,0.19165950747173527,1.85,3.7,4.75,H,1.85,False,-100.0
2014-08-23,2014,H,H,0.6422772223938126,0.20092708198418932,0.15679569562199805,1.65,4.0,6.0,H,1.65,True,64.99999999999999
2014-08-23,2014,D,A,0.31272946304661753,0.27185884144019773,0.41541169551318474,2.8,3.4,2.7,A,2.7,False,-100.0
2014-08-24,2014,D,H,0.3858934504176819,0.23551790212146828,0.37858864746084975,2.5,3.25,3.2,H,2.5,False,-100.0
2014-08-24,2014,D,A,0.24113092179405252,0.22882922151758778,0.5300398566883597,5.0,4.0,1.75,A,1.75,False,-100.0
2014-08-24,2014,H,H,0.6972413395103274,0.20416184846047233,0.09859681202920022,1.45,4.75,8.0,H,1.45,True,44.99999999999999
2014-08-25,2014,H,H,0.5961823132279029,0.20334367210004253,0.20047401467205464,1.85,4.0,4.33,H,1.85,True,85.00000000000001
2014-08-30,2014,A,H,0.8990620321985431,0.07627235885415201,0.02466560894730497,1.18,8.0,18.0,H,1.18,False,-100.0
2014-08-30,2014,D,A,0.16799410800947723,0.19570968620828796,0.6362962057822348,6.0,4.2,1.62,A,1.62,False,-100.0
2014-08-30,2014,A,A,0.24830764089382493,0.2171822753397455,0.5345100837664295,3.75,3.3,2.2,A,2.2,True,120.00000000000001
2014-08-30,2014,D,H,0.5342205613570937,0.24689002065589408,0.21888941798701228,1.75,3.75,5.25,H,1.75,False,-100.0
2014-08-30,2014,H,H,0.6316137844554304,0.22290813958512376,0.14547807595944584,1.85,3.6,4.75,H,1.85,True,85.00000000000001
2014-08-30,2014,H,A,0.3677401299838074,0.2624751706208354,0.36978469939535713,2.4,3.25,3.3,A,3.3,False,-100.0
2014-08-30,2014,A,H,0.38301148311261385,0.2760143599228256,0.3409741569645606,2.8,3.4,2.7,H,2.8,False,-100.0
2014-08-31,2014,H,H,0.47763845017064155,0.24277102687033822,0.2795905229590203,2.3,3.3,3.5,H,2.3,True,129.99999999999997
2014-08-31,2014,D,A,0.21042040972834772,0.2275103335410472,0.562069256730605,4.75,3.75,1.83,A,1.83,False,-100.0
2014-08-31,2014,A,H,0.4637259431260116,0.22675162449429537,0.309522432379693,2.7,3.5,2.7,H,2.7,False,-100.0
2014-09-13,2014,A,H,0.7661391866037022,0.14906443017942878,0.08479638321686898,1.3,6.0,11.0,H,1.3,False,-100.0
2014-09-13,2014,D,H,0.41033687087669707,0.2660967122889066,0.32356641683439635,3.0,3.4,2.5,H,3.0,False,-100.0
2014-09-13,2014,H,H,0.7628354767437837,0.17496593682303865,0.06219858643317768,1.3,5.75,12.0,H,1.3,True,30.000000000000004
2014-09-13,2014,D,H,0.4410307034778597,0.2531133846531678,0.30585591186897243,2.25,3.3,3.6,H,2.25,False,-100.0
2014-09-13,2014,H,H,0.5971506111654633,0.22348313677324227,0.1793662520612944,1.8,3.75,5.0,H,1.8,True,80.0
2014-09-13,2014,A,H,0.5159844356959228,0.276229863644721,0.2077857006593562,2.1,3.4,4.0,H,2.1,False,-100.0
2014-09-13,2014,D,A,0.293714180977832,0.2589202471059139,0.4473655719162541,3.6,3.5,2.15,A,2.15,False,-100.0
2014-09-13,2014,A,A,0.2918051161508561,0.21199040454771312,0.49620447930143086,3.5,3.5,2.2,A,2.2,True,120.00000000000001
2014-09-14,2014,H,H,0.7421893024084946,0.15714558456503278,0.10066511302647266,1.29,6.25,12.0,H,1.29,True,29.000000000000004
2014-09-15,2014,D,H,0.4304260946357907,0.2503981286743693,0.31917577668984,2.15,3.4,3.75,H,2.15,False,-100.0
2014-09-20,2014,D,H,0.45412087259458156,0.2521138006830455,0.293765326722373,2.5,3.3,3.1,H,2.5,False,-100.0
2014-09-20,2014,A,A,0.236344854525317,0.21811304697048217,0.5455420985042009,4.75,3.6,1.85,A,1.85,True,85.00000000000001
2014-09-20,2014,D,H,0.4236845651545541,0.261429860396472,0.31488557444897386,2.2,3.3,3.75,H,2.2,False,-100.0
2014-09-20,2014,A,H,0.45440421802337916,0.28606642000977806,0.25952936196684273,2.5,3.3,3.1,H,2.5,False,-100.0
2014-09-20,2014,H,A,0.2123248681504854,0.20542662396834924,0.5822485078811654,4.5,3.8,1.85,A,1.85,False,-100.0
2014-09-20,2014,D,A,0.36548454239997374,0.25223278888922035,0.38228266871080596,2.8,3.25,2.8,A,2.8,False,-100.0
2014-09-21,2014,A,H,0.6983820622089809,0.18286806393210495,0.11874987385891408,1.53,4.33,7.0,H,1.53,False,-100.0
2014-09-21,2014,A,H,0.6922940359707292,0.18119286419280375,0.1265130998364669,1.4,5.0,9.0,H,1.4,False,-100.0
2014-09-21,2014,H,A,0.20172814300920205,0.22883028256983937,0.5694415744209586,5.5,4.2,1.67,A,1.67,False,-100.0
2014-09-21,2014,D,H,0.4173813038906802,0.21308506435897634,0.3695336317503434,2.38,3.5,3.1,H,2.38,False,-100.0
2014-09-27,2014,H,H,0.8604240962265993,0.10959328029508883,0.029982623478311893,1.22,7.0,16.0,H,1.22,True,21.999999999999996
2014-09-27,2014,D,H,0.5715684878086124,0.2371697753668074,0.19126173682458025,1.75,3.9,5.0,H,1.75,False,-100.0
2014-09-27,2014,H,H,0.37988906269655054,0.24058965467935325,0.37952128262409623,2.63,3.4,2.88,H,2.63,True,163.0
2014-09-27,2014,A,A,0.14569712478141422,0.195980121184797,0.6583227540337887,6.5,4.2,1.57,A,1.57,True,57.00000000000001
2014-09-27,2014,D,H,0.5177308463792464,0.20905314659986218,0.2732160070208914,1.91,3.75,4.33,H,1.91,False,-100.0
2014-09-27,2014,D,A,0.32422877294238756,0.278207382740758,0.39756384431685454,2.9,3.3,2.63,A,2.63,False,-100.0
2014-09-27,2014,H,H,0.5771657127011369,0.20238350854065942,0.22045077875820368,1.4,5.5,8.0,H,1.4,True,39.99999999999999
2014-09-27,2014,H,H,0.7444791745478134,0.15556660825353488,0.09995421719865166,1.44,4.6,8.5,H,1.44,True,43.99999999999999
2014-09-28,2014,H,H,0.4942334008113055,0.26088869750947197,0.24487790167922258,2.0,3.5,4.2,H,2.0,True,100.0
2014-09-29,2014,H,H,0.49499291893327924,0.2297599519864548,0.2752471290802661,2.15,3.4,3.8,H,2.15,True,114.99999999999999
2014-10-04,2014,D,H,0.5313085434680493,0.2222660281128407,0.24642542841910986,1.91,3.7,4.33,H,1.91,False,-100.0
2014-10-04,2014,H,H,0.4047612191705027,0.26886401377783636,0.32637476705166096,2.55,3.25,3.1,H,2.55,True,154.99999999999997
2014-10-04,2014,H,H,0.5964723118235861,0.21359513508970657,0.18993255308670728,1.44,5.0,7.5,H,1.44,True,43.99999999999999
2014-10-04,2014,H,H,0.40685480731489465,0.2389368030350618,0.35420838965004353,2.1,3.5,3.8,H,2.1,True,110.00000000000001
2014-10-04,2014,A,A,0.1000370235537601,0.14638173994940148,0.7535812364968385,7.5,4.5,1.5,A,1.5,True,50.0
2014-10-04,2014,D,H,0.544017992256894,0.2390495726351993,0.2169324351079067,1.8,3.75,5.0,H,1.8,False,-100.0
2014-10-05,2014,H,H,0.5879607282706606,0.1859254295054327,0.2261138422239067,1.91,3.6,4.5,H,1.91,True,90.99999999999999
2014-10-05,2014,H,A,0.3592956032524648,0.27125301525451284,0.3694513814930225,2.2,3.5,3.5,A,3.5,False,-100.0
2014-10-05,2014,H,H,0.6391056010192151,0.2079889847538777,0.1529054142269071,1.67,4.2,5.25,H,1.67,True,67.0
2014-10-05,2014,H,H,0.5595626567274207,0.20161590867946888,0.23882143459311053,1.67,4.2,5.25,H,1.67,True,67.0
2014-10-18,2014,H,H,0.3980047861996054,0.23339645025475386,0.3685987635456407,2.25,3.6,3.3,H,2.25,True,125.0
2014-10-18,2014,H,H,0.6940711680020779,0.21123880945986506,0.094690022538057,1.57,4.0,7.0,H,1.57,True,57.00000000000001
2014-10-18,2014,H,H,0.6846517140429657,0.20462162528496522,0.110726660672069,1.45,4.75,8.0,H,1.45,True,44.99999999999999
2014-10-18,2014,H,H,0.6110529940937196,0.21412300055614664,0.1748240053501339,1.6,4.0,6.5,H,1.6,True,60.00000000000001
2014-10-18,2014,A,A,0.07384192974125997,0.1399940144893966,0.7861640557693433,8.5,4.75,1.44,A,1.44,True,43.99999999999999
2014-10-18,2014,A,A,0.359799521242531,0.26341287763350424,0.37678760112396475,2.8,3.4,2.7,A,2.7,True,170.00000000000003
2014-10-18,2014,D,H,0.6812979146779369,0.185772725956718,0.13292935936534508,1.4,5.0,9.0,H,1.4,False,-100.0
2014-10-19,2014,A,A,0.13794805808801955,0.17704267867595636,0.6850092632360242,6.0,4.2,1.6,A,1.6,True,60.00000000000001
2014-10-19,2014,H,H,0.43818417914715796,0.2700538988314642,0.29176192202137796,2.5,3.3,3.1,H,2.5,True,150.0
2014-10-20,2014,D,A,0.19877640803771485,0.1995590589920458,0.6016645329702395,5.0,4.0,1.75,A,1.75,False,-100.0
2014-10-25,2014,A,A,0.19633187523228912,0.19789883621277557,0.6057692885549352,5.5,3.8,1.73,A,1.73,True,73.0
2014-10-25,2014,D,H,0.65569082891072,0.1992896699407671,0.14501950114851303,1.44,4.75,8.0,H,1.44,False,-100.0
2014-10-25,2014,H,H,0.6724714514395476,0.19754416167459546,0.12998438688585703,1.65,4.0,6.0,H,1.65,True,64.99999999999999
2014-10-25,2014,D,H,0.5129852660248636,0.24335100017870698,0.24366373379642944,1.91,3.6,4.5,H,1.91,False,-100.0
2014-10-25,2014,H,A,0.14826487261582796,0.1671363662638619,0.6845987611203102,6.5,4.5,1.55,A,1.55,False,-100.0
2014-10-25,2014,H,H,0.4229164998431575,0.2431753460466847,0.33390815411015784,1.95,3.7,4.2,H,1.95,True,95.0
2014-10-26,2014,A,A,0.19410945315201036,0.23643644162620064,0.569454105221789,4.75,3.75,1.83,A,1.83,True,83.0
2014-10-26,2014,D,A,0.37577837595156993,0.240593341132465,0.38362828291596507,2.88,3.6,2.5,A,2.5,False,-100.0
2014-10-26,2014,A,H,0.5398196521697628,0.20586362384223444,0.25431672398800276,1.75,3.9,5.0,H,1.75,False,-100.0
2014-10-27,2014,H,H,0.43733368072684625,0.24043651785484363,0.3222298014183102,2.38,3.25,3.4,H,2.38,True,138.0
2014-11-01,2014,A,A,0.23186178088954212,0.24516666987441477,0.5229715492360432,3.8,3.6,2.05,A,2.05,True,104.99999999999999
2014-11-01,2014,H,A,0.2964914736636426,0.23075353937689835,0.47275498695945917,3.8,3.75,2.0,A,2.0,False,-100.0
2014-11-01,2014,A,H,0.39401633558268867,0.24224352608657537,0.3637401383307358,2.3,3.5,3.3,H,2.3,False,-100.0
2014-11-01,2014,D,H,0.5671341819113277,0.25984908007339214,0.1730167380152802,1.75,3.8,5.25,H,1.75,False,-100.0
2014-11-01,2014,H,H,0.8356754817578836,0.10912774449514392,0.05519677374697242,1.25,6.5,14.0,H,1.25,True,25.0
2014-11-01,2014,D,H,0.3867862005584401,0.25613170599923923,0.35708209344232067,2.38,3.4,3.25,H,2.38,False,-100.0
2014-11-01,2014,H,H,0.9154829286969713,0.06668461891255896,0.017832452390469707,1.17,8.5,21.0,H,1.17,True,16.999999999999993
2014-11-02,2014,H,H,0.5878428613017463,0.20830084495545387,0.20385629374279987,1.91,3.75,4.33,H,1.91,True,90.99999999999999
2014-11-02,2014,A,A,0.23659374214481574,0.22500698907751862,0.5383992687776656,3.75,3.6,2.1,A,2.1,True,110.00000000000001
2014-11-03,2014,A,H,0.5120294201147049,0.21630409182414972,0.27166648806114546,2.1,3.5,3.8,H,2.1,False,-100.0
2014-11-08,2014,H,H,0.7271771223712012,0.19052595292079416,0.08229692470800455,1.44,4.75,8.0,H,1.44,True,43.99999999999999
2014-11-08,2014,H,A,0.342066031832505,0.2555843416220805,0.4023496265454145,2.5,3.4,3.0,A,3.0,False,-100.0
2014-11-08,2014,A,A,0.32985577797843696,0.28898579441958283,0.38115842760198015,3.4,3.4,2.3,A,2.3,True,129.99999999999997
2014-11-08,2014,H,H,0.7428677940145909,0.15979466497708167,0.0973375410083275,1.3,6.0,11.0,H,1.3,True,30.000000000000004
2014-11-08,2014,D,A,0.06947550202292647,0.11846818023763418,0.8120563177394394,7.0,4.75,1.5,A,1.5,False,-100.0
2014-11-08,2014,D,H,0.6635654379001562,0.19200230887871753,0.14443225322112632,1.75,3.75,5.5,H,1.75,False,-100.0
2014-11-09,2014,D,A,0.2738758450912133,0.24042109990454896,0.48570305500423777,4.0,3.5,2.05,A,2.05,False,-100.0
2014-11-09,2014,H,A,0.2692048276162324,0.24846716801062552,0.4823280043731421,3.75,3.5,2.1,A,2.1,False,-100.0
2014-11-09,2014,A,H,0.5794504023975257,0.20616063796932846,0.21438895963314583,1.7,4.0,5.5,H,1.7,False,-100.0
2014-11-09,2014,A,H,0.44226117663938636,0.24957673008099301,0.3081620932796206,2.3,3.5,3.3,H,2.3,False,-100.0
2014-11-22,2014,H,H,0.864288740108807,0.1025893868025377,0.03312187308865535,1.25,6.5,15.0,H,1.25,True,25.0
2014-11-22,2014,D,H,0.41750002577844614,0.21743617011975686,0.365063804101797,2.1,3.5,3.8,H,2.1,False,-100.0
2014-11-22,2014,A,H,0.4967152525466953,0.2398293991246707,0.263455348328634,2.15,3.6,3.5,H,2.15,False,-100.0
2014-11-22,2014,H,H,0.5232405933288982,0.23944289115617431,0.2373165155149276,1.85,3.8,4.5,H,1.85,True,85.00000000000001
2014-11-22,2014,A,H,0.6123960190733194,0.20151416478656137,0.18608981614011919,1.7,3.8,5.75,H,1.7,False,-100.0
2014-11-22,2014,H,H,0.6139361877811866,0.21394638364092275,0.17211742857789053,1.83,3.75,4.75,H,1.83,True,83.0
2014-11-22,2014,H,H,0.6861536813283025,0.20403018240780582,0.10981613626389172,1.4,5.25,8.5,H,1.4,True,39.99999999999999
2014-11-23,2014,H,A,0.19646255089305556,0.20665985411239501,0.5968775949945495,4.33,3.7,1.91,A,1.91,False,-100.0
2014-11-23,2014,A,A,0.29797225513520775,0.23796249484259868,0.46406525002219345,3.6,3.4,2.2,A,2.2,True,120.00000000000001
2014-11-24,2014,D,A,0.1364604919565032,0.22042217045690676,0.6431173375865901,5.25,3.75,1.75,A,1.75,False,-100.0
2014-11-29,2014,A,A,0.1963404778645582,0.20886571113482755,0.5947938110006142,4.5,3.8,1.85,A,1.85,True,85.00000000000001
2014-11-29,2014,D,H,0.49003668161705943,0.2426566543421407,0.2673066640407998,2.15,3.4,3.75,H,2.15,False,-100.0
2014-11-29,2014,H,H,0.4993682563335823,0.21273822655028785,0.28789351711612976,1.73,4.0,5.0,H,1.73,True,73.0
2014-11-29,2014,H,H,0.7184448158241398,0.18513079904931423,0.09642438512654596,1.33,5.75,10.0,H,1.33,True,33.00000000000001
2014-11-29,2014,H,H,0.4469527116993067,0.2831322510893398,0.2699150372113535,2.38,3.4,3.25,H,2.38,True,138.0
2014-11-29,2014,D,A,0.05011902469533157,0.10963676344501325,0.8402442118596553,9.0,5.0,1.4,A,1.4,False,-100.0
2014-11-29,2014,D,H,0.542405444910731,0.24694292684123215,0.2106516282480369,1.8,3.75,5.0,H,1.8,False,-100.0
2014-11-29,2014,H,H,0.4266392313851217,0.2748280655950704,0.298532703019808,2.15,3.5,3.6,H,2.15,True,114.99999999999999
2014-11-30,2014,H,H,0.4062105021373746,0.25230944376563375,0.3414800540969917,2.25,3.6,3.25,H,2.25,True,125.0
2014-11-30,2014,A,H,0.39747513600769463,0.243315472804047,0.3592093911882583,3.2,3.6,2.3,H,3.2,False,-100.0
2014-12-02,2014,H,H,0.5671390058301975,0.21976355903524747,0.21309743513455495,1.73,3.8,5.5,H,1.73,True,73.0
2014-12-02,2014,A,A,0.36380445477344725,0.24867551694991127,0.38752002827664156,2.5,3.4,3.0,A,3.0,True,200.0
2014-12-02,2014,H,H,0.7302889674383626,0.17663672429929964,0.09307430826233769,1.45,4.5,8.5,H,1.45,True,44.99999999999999
2014-12-02,2014,A,H,0.4883097070074108,0.24989276093915505,0.26179753205343415,2.1,3.4,4.0,H,2.1,False,-100.0
2014-12-02,2014,A,A,0.2700338254624596,0.24667613274055386,0.4832900417969865,3.8,3.6,2.05,A,2.05,True,104.99999999999999
2014-12-02,2014,D,A,0.35601303084022246,0.27871142089618484,0.36527554826359276,2.8,3.3,2.75,A,2.75,False,-100.0
2014-12-03,2014,H,H,0.6085436225327967,0.2256451720128587,0.16581120545434466,1.8,3.75,5.0,H,1.8,True,80.0
2014-12-03,2014,H,H,0.7407224423856213,0.1569008745281138,0.10237668308626488,1.4,5.0,9.0,H,1.4,True,39.99999999999999
2014-12-03,2014,D,H,0.6683878177628501,0.21640877064956665,0.11520341158758335,1.53,4.33,7.0,H,1.53,False,-100.0
2014-12-03,2014,A,A,0.09875743070583023,0.15730637474099252,0.7439361945531773,7.5,4.5,1.5,A,1.5,True,50.0
2014-12-06,2014,H,A,0.12687186250683388,0.19236923067905645,0.6807589068141098,7.0,4.33,1.53,A,1.53,False,-100.0
2014-12-06,2014,D,H,0.3711143989505291,0.26001858494433583,0.36886701610513495,2.45,3.3,3.2,H,2.45,False,-100.0
2014-12-06,2014,D,H,0.5850380776246575,0.23949023818732312,0.17547168418801934,1.5,4.5,7.5,H,1.5,False,-100.0
2014-12-06,2014,H,H,0.6724926828158487,0.2068538091504451,0.12065350803370614,1.5,4.75,7.0,H,1.5,True,50.0
2014-12-06,2014,H,H,0.4400293933349264,0.25852946668604954,0.30144113997902394,2.05,3.5,4.0,H,2.05,True,104.99999999999999
2014-12-06,2014,H,A,0.2451811542536386,0.23986304766311745,0.5149557980832439,4.0,3.6,2.0,A,2.0,False,-100.0
2014-12-06,2014,D,H,0.6319702622654189,0.2128281455190014,0.1552015922155798,1.6,4.2,6.0,H,1.6,False,-100.0
2014-12-07,2014,H,H,0.46607161290880517,0.25246796413584743,0.28146042295534734,2.4,3.4,3.2,H,2.4,True,140.0
2014-12-07,2014,H,H,0.4477441744331936,0.2669120435484542,0.2853437820183523,2.35,3.4,3.25,H,2.35,True,135.0
2014-12-08,2014,A,A,0.37114250982468494,0.2524517899236038,0.37640570025171133,2.8,3.4,2.7,A,2.7,True,170.00000000000003
2014-12-13,2014,D,A,0.3081902225220696,0.2563157323767578,0.4354940451011727,2.95,3.4,2.55,A,2.55,False,-100.0
2014-12-13,2014,A,A,0.06689770190852483,0.11793019207443371,0.8151721060170413,7.0,4.75,1.5,A,1.5,True,50.0
2014-12-13,2014,H,H,0.8947354922482808,0.08389121536893915,0.021373292382779997,1.18,8.0,18.0,H,1.18,True,17.999999999999993
2014-12-13,2014,D,H,0.43100896776539627,0.2528674010143635,0.3161236312202402,2.6,3.25,3.0,H,2.6,False,-100.0
2014-12-13,2014,H,H,0.6390987667286744,0.22231861195976044,0.13858262131156524,1.44,4.75,8.0,H,1.44,True,43.99999999999999
2014-12-13,2014,H,A,0.3542394343594909,0.2890024145734021,0.356758151067107,2.15,3.4,3.8,A,3.8,False,-100.0
2014-12-13,2014,H,A,0.24640994708470215,0.24312416906202802,0.5104658838532699,5.5,3.75,1.73,A,1.73,False,-100.0
2014-12-14,2014,A,H,0.43330223522865713,0.23943492426407006,0.3272628405072729,2.5,3.4,3.0,H,2.5,False,-100.0
2014-12-14,2014,H,H,0.6266422086235525,0.20337831791960526,0.1699794734568423,1.8,3.8,4.75,H,1.8,True,80.0
2014-12-15,2014,H,H,0.6618055867128814,0.19651742934400296,0.14167698394311573,1.45,4.5,8.5,H,1.45,True,44.99999999999999
2014-12-20,2014,H,A,0.33967751047279265,0.2596179124350432,0.4007045770921641,2.45,3.5,3.0,A,3.0,False,-100.0
2014-12-20,2014,H,H,0.6363855685705136,0.2071243990395188,0.15649003238996753,1.75,3.9,5.0,H,1.75,True,75.0
2014-12-20,2014,H,H,0.6521310407121065,0.20950908719366512,0.13835987209422843,1.5,4.5,7.5,H,1.5,True,50.0
2014-12-20,2014,H,H,0.8037442388466166,0.14588003058009014,0.05037573057329336,1.29,6.0,12.0,H,1.29,True,29.000000000000004
2014-12-20,2014,A,A,0.305951302996167,0.24052586617924482,0.4535228308245881,3.1,3.3,2.5,A,2.5,True,150.0
2014-12-20,2014,D,A,0.14814789296054265,0.22193855535251258,0.6299135516869447,6.25,4.0,1.62,A,1.62,False,-100.0
2014-12-20,2014,H,H,0.4611135703754217,0.27091465041686397,0.2679717792077143,2.45,3.3,3.2,H,2.45,True,145.00000000000003
2014-12-21,2014,D,A,0.3546268106962166,0.24574207444544613,0.3996311148583372,2.8,3.5,2.6,A,2.6,False,-100.0
2014-12-21,2014,A,H,0.5088383592922313,0.25834279898686685,0.23281884172090192,2.05,3.5,4.0,H,2.05,False,-100.0
2014-12-22,2014,A,A,0.13367473777946734,0.19697538534653197,0.6693498768740007,6.25,4.0,1.62,A,1.62,True,62.000000000000014
2014-12-26,2014,H,H,0.6800035632027569,0.2018824161636988,0.11811402063354437,1.33,5.75,10.0,H,1.33,True,33.00000000000001
2014-12-26,2014,A,H,0.5337185042421808,0.24810978866130665,0.2181717070965125,1.83,3.6,5.0,H,1.83,False,-100.0
2014-12-26,2014,H,H,0.8131941883512676,0.11851789098491411,0.06828792066381828,1.29,6.0,13.0,H,1.29,True,29.000000000000004
2014-12-26,2014,A,A,0.2067083908075333,0.20876487211253456,0.5845267370799322,4.75,3.8,1.8,A,1.8,True,80.0
2014-12-26,2014,A,A,0.32474160499935134,0.2519887111016732,0.42326968389897546,3.75,3.4,2.15,A,2.15,True,114.99999999999999
2014-12-26,2014,A,H,0.5196170619317694,0.2629837762955087,0.21739916177272195,2.05,3.4,4.2,H,2.05,False,-100.0
2014-12-26,2014,H,H,0.5211714885446397,0.2692074185067666,0.20962109294859377,1.75,3.75,5.25,H,1.75,True,75.0
2014-12-26,2014,A,A,0.10245258308720583,0.16862300321948223,0.728924413693312,6.5,4.5,1.53,A,1.53,True,53.0
2014-12-26,2014,H,H,0.741955360555404,0.17201317897162433,0.0860314604729717,1.4,5.0,9.0,H,1.4,True,39.99999999999999
2014-12-26,2014,A,A,0.21638884708025316,0.21202904271985892,0.5715821101998879,3.8,3.6,2.05,A,2.05,True,104.99999999999999
2014-12-28,2014,A,A,0.3620335478654453,0.23725905465946,0.4007073974750947,3.5,3.5,2.2,A,2.2,True,120.00000000000001
2014-12-28,2014,D,A,0.31761001429696956,0.2654565278210449,0.4169334578819855,3.25,3.6,2.3,A,2.3,False,-100.0
2014-12-28,2014,H,H,0.5182049690407281,0.23354573171981896,0.24824929923945302,1.91,3.6,4.5,H,1.91,True,90.99999999999999
2014-12-28,2014,D,H,0.4769138280084679,0.2575140667607812,0.2655721052307509,2.38,3.4,3.25,H,2.38,False,-100.0
2014-12-28,2014,D,A,0.19071603112179272,0.23123312561857892,0.5780508432596282,4.75,3.75,1.83,A,1.83,False,-100.0
2014-12-28,2014,D,H,0.9079252616197284,0.07416416181770132,0.01791057656257038,1.18,8.0,19.0,H,1.18,False,-100.0
2014-12-28,2014,A,H,0.47284273250267816,0.24771168319043585,0.279445584306886,2.25,3.4,3.5,H,2.25,False,-100.0
2014-12-28,2014,D,H,0.4809285812366338,0.2553958369632722,0.2636755818000938,2.35,3.3,3.4,H,2.35,False,-100.0
2014-12-28,2014,H,A,0.3738811283904303,0.25183050596099277,0.3742883656485769,2.9,3.4,2.6,A,2.6,False,-100.0
2014-12-29,2014,H,H,0.5772009483453969,0.23242533848514946,0.19037371316945353,1.7,4.0,5.5,H,1.7,True,70.0
2015-01-01,2014,H,A,0.3646637418372647,0.24123199397962877,0.3941042641831066,2.9,3.4,2.6,A,2.6,False,-100.0
2015-01-01,2014,H,A,0.2586960557141455,0.2447366333876317,0.4965673108982228,5.0,3.75,1.8,A,1.8,False,-100.0
2015-01-01,2014,D,H,0.5380248909160336,0.2317862051653857,0.2301889039185807,1.85,3.75,4.5,H,1.85,False,-100.0
2015-01-01,2014,D,A,0.2685533707854911,0.2863957432086913,0.4450508860058177,4.2,3.5,2.0,A,2.0,False,-100.0
2015-01-01,2014,D,H,0.41131811023959514,0.23932931275379252,0.34935257700661226,3.0,3.4,2.5,H,3.0,False,-100.0
2015-01-01,2014,H,A,0.3383643976611693,0.2596390248344134,0.40199657750441736,3.4,3.4,2.3,A,2.3,False,-100.0
2015-01-01,2014,H,H,0.8481801741353251,0.11059276428043302,0.04122706158424199,1.22,7.0,15.0,H,1.22,True,21.999999999999996
2015-01-01,2014,D,H,0.7265948751755146,0.18849715048274826,0.08490797434173719,1.4,5.0,9.0,H,1.4,False,-100.0
2015-01-01,2014,D,H,0.45842605990892105,0.286303488583228,0.2552704515078509,2.4,3.3,3.3,H,2.4,False,-100.0
2015-01-01,2014,D,H,0.5595426319663412,0.21866752572184658,0.22178984231181217,1.83,3.75,4.75,H,1.83,False,-100.0
2015-01-10,2014,H,H,0.4492803929181134,0.2264913673342275,0.324228239747659,2.2,3.4,3.6,H,2.2,True,120.00000000000001
2015-01-10,2014,H,H,0.4915730426119507,0.2603556906885409,0.24807126669950846,2.05,3.4,4.2,H,2.05,True,104.99999999999999
2015-01-10,2014,D,H,0.4669811072070572,0.2612147003864359,0.27180419240650683,2.25,3.5,3.4,H,2.25,False,-100.0
2015-01-10,2014,A,A,0.2149074599819727,0.21411137168343813,0.5709811683345891,4.5,3.6,1.91,A,1.91,True,90.99999999999999
2015-01-10,2014,H,H,0.4450393023294302,0.2825011911549164,0.2724595065156534,2.2,3.4,3.6,H,2.2,True,120.00000000000001
2015-01-10,2014,H,A,0.22615917135922178,0.22058721028301448,0.5532536183577638,3.5,3.5,2.2,A,2.2,False,-100.0
2015-01-10,2014,H,H,0.8706090166490378,0.09435370778210725,0.03503727556885483,1.2,7.5,17.0,H,1.2,True,19.999999999999996
2015-01-10,2014,D,A,0.17851603998908683,0.19736520088538964,0.6241187591255235,4.5,3.75,1.85,A,1.85,False,-100.0
2015-01-11,2014,A,H,0.5334460078598328,0.25153968491956136,0.21501430722060585,1.83,3.75,4.75,H,1.83,False,-100.0
2015-01-11,2014,H,H,0.690005112051145,0.188599652875768,0.121395235073087,1.44,4.75,8.0,H,1.44,True,43.99999999999999
2015-01-17,2014,A,A,0.1846491650762744,0.22340208274545306,0.5919487521782726,4.5,3.6,1.91,A,1.91,True,90.99999999999999
2015-01-17,2014,A,H,0.43962877211516327,0.2563710235023219,0.3040002043825148,2.55,3.25,3.1,H,2.55,False,-100.0
2015-01-17,2014,A,H,0.4390104156368793,0.2521498886314095,0.3088396957317113,2.63,3.3,2.9,H,2.63,False,-100.0
2015-01-17,2014,A,A,0.30387010138248,0.25521456247890395,0.44091533613861605,3.3,3.3,2.38,A,2.38,True,138.0
2015-01-17,2014,A,A,0.17952609546562262,0.25803034076414116,0.5624435637702362,6.0,4.2,1.62,A,1.62,True,62.000000000000014
2015-01-17,2014,A,A,0.13449767534279505,0.18982800620648985,0.6756743184507152,7.0,4.2,1.55,A,1.55,True,55.00000000000001
2015-01-17,2014,H,H,0.6400298106427224,0.2090923903152726,0.15087779904200493,1.62,4.2,6.0,H,1.62,True,62.000000000000014
2015-01-18,2014,H,H,0.511245781913508,0.25027413596029374,0.23848008212619823,1.75,3.75,5.25,H,1.75,True,75.0
2015-01-18,2014,A,H,0.5497160247021319,0.23034612945873947,0.2199378458391287,1.8,4.0,4.5,H,1.8,False,-100.0
2015-01-19,2014,D,H,0.4826737689887988,0.2298418644572116,0.28748436655398957,1.85,3.6,4.75,H,1.85,False,-100.0
2015-01-31,2014,A,A,0.3217083304880228,0.2657879212695506,0.4125037482424267,2.9,3.3,2.63,A,2.63,True,163.0
2015-01-31,2014,H,H,0.4204013320864297,0.2225045049337621,0.3570941629798082,2.25,3.3,3.6,H,2.25,True,125.0
2015-01-31,2014,H,H,0.6246292787222212,0.20570543689864754,0.16966528437913134,1.65,4.0,6.0,H,1.65,True,64.99999999999999
2015-01-31,2014,H,H,0.6708157335554478,0.19246134068169307,0.1367229257628593,1.36,5.5,9.5,H,1.36,True,36.00000000000001
2015-01-31,2014,A,H,0.4383052303908476,0.24772253055628646,0.31397223905286603,2.7,3.25,2.88,H,2.7,False,-100.0
2015-01-31,2014,A,H,0.45307787303095315,0.2634997533963719,0.283422373572675,2.8,3.3,2.75,H,2.8,False,-100.0
2015-01-31,2014,D,H,0.5376407809153588,0.2316861976447529,0.23067302143988822,2.15,3.5,3.6,H,2.15,False,-100.0
2015-01-31,2014,H,H,0.6540392429647486,0.22440972977220955,0.12155102726304189,1.67,4.0,5.75,H,1.67,True,67.0
2015-02-01,2014,H,H,0.8639640597893306,0.10716989448230325,0.028866045728366246,1.25,6.5,15.0,H,1.25,True,25.0
2015-02-01,2014,A,H,0.6922065419278186,0.17013076715236758,0.1376626909198139,1.6,4.0,6.5,H,1.6,False,-100.0
2015-02-07,2014,H,A,0.35273369452373915,0.2799253202128725,0.3673409852633885,3.25,3.5,2.3,A,2.3,False,-100.0
2015-02-07,2014,D,H,0.4958190297270323,0.27870710789142983,0.22547386238153783,1.91,3.5,4.6,H,1.91,False,-100.0
2015-02-07,2014,A,A,0.21081387407560034,0.2680364671828451,0.5211496587415546,4.75,3.6,1.85,A,1.85,True,85.00000000000001
2015-02-07,2014,D,H,0.8859377663474172,0.0861603491349305,0.027901884517652346,1.18,8.0,19.0,H,1.18,False,-100.0
2015-02-07,2014,A,H,0.4173080901940932,0.26125062497531226,0.3214412848305946,2.4,3.3,3.25,H,2.4,False,-100.0
2015-02-07,2014,D,A,0.25509171747799797,0.23953490572559588,0.5053733767964061,3.4,3.4,2.3,A,2.3,False,-100.0
2015-02-07,2014,A,A,0.03612318853685953,0.10232884236927849,0.8615479690938618,10.0,5.25,1.36,A,1.36,True,36.00000000000001
2015-02-08,2014,D,H,0.46033688877270473,0.23723331264751288,0.3024297985797824,2.3,3.4,3.4,H,2.3,False,-100.0
2015-02-08,2014,D,A,0.2553651760976623,0.28064032913836945,0.46399449476396826,4.2,3.6,1.95,A,1.95,False,-100.0
2015-02-08,2014,D,H,0.4314113588320232,0.2532381364444991,0.31535050472347775,2.6,3.25,3.0,H,2.6,False,-100.0
2015-02-10,2014,H,H,0.5105487308225877,0.2444251100771922,0.2450261591002202,1.91,3.8,4.2,H,1.91,True,90.99999999999999
2015-02-10,2014,A,H,0.49789860008178166,0.2168448824780786,0.2852565174401396,1.91,3.6,4.5,H,1.91,False,-100.0
2015-02-10,2014,H,H,0.7873772751898555,0.14341709771060604,0.06920562709953847,1.29,6.0,12.0,H,1.29,True,29.000000000000004
2015-02-10,2014,H,H,0.5088578008021347,0.2449671630962008,0.2461750361016645,2.38,3.1,3.5,H,2.38,True,138.0
2015-02-11,2014,H,H,0.7631423261384762,0.14624816430753731,0.09060950955398658,1.29,6.0,12.0,H,1.29,True,29.000000000000004
2015-02-11,2014,H,H,0.7622869398431676,0.1669101986883389,0.07080286146849347,1.33,5.5,11.0,H,1.33,True,33.00000000000001
2015-02-11,2014,D,H,0.4940750357540089,0.2571196566799934,0.2488053075659976,2.38,3.3,3.3,H,2.38,False,-100.0
2015-02-11,2014,H,H,0.43024227284968697,0.23144304808192487,0.33831467906838825,2.55,3.25,3.1,H,2.55,True,154.99999999999997
2015-02-11,2014,D,H,0.5873529814699879,0.2505851688118453,0.16206184971816678,1.73,3.9,5.25,H,1.73,False,-100.0
2015-02-11,2014,A,A,0.2096931140689559,0.20897412576134325,0.5813327601697008,5.75,3.8,1.7,A,1.7,True,70.0
2015-02-21,2014,A,A,0.33434445302967225,0.21940431118170986,0.446251235788618,2.7,3.2,2.9,A,2.9,True,190.0
2015-02-21,2014,D,H,0.8879981001744373,0.08489713593462098,0.027104763890941738,1.2,7.5,17.0,H,1.2,False,-100.0
2015-02-21,2014,A,A,0.23932548324006078,0.26080175382231596,0.4998727629376233,4.75,3.75,1.83,A,1.83,True,83.0
2015-02-21,2014,H,H,0.49926977066180733,0.23945094964382807,0.26127927969436443,2.05,3.3,4.2,H,2.05,True,104.99999999999999
2015-02-21,2014,H,H,0.7223812774649369,0.17033711144456254,0.10728161109050055,1.3,6.0,11.0,H,1.3,True,30.000000000000004
2015-02-21,2014,D,H,0.3689967995702242,0.269030275726743,0.3619729247030328,2.7,3.2,2.9,H,2.7,False,-100.0
2015-02-21,2014,H,A,0.22643188909937237,0.2546924848824071,0.5188756260182206,4.2,3.5,2.0,A,2.0,False,-100.0
2015-02-22,2014,D,H,0.543520872704652,0.26722490994393167,0.18925421735141632,1.83,3.6,5.0,H,1.83,False,-100.0
2015-02-22,2014,A,H,0.4060949522656768,0.2695729416788199,0.32433210605550333,2.63,3.3,2.9,H,2.63,False,-100.0
2015-02-22,2014,D,H,0.5654576699013871,0.2604769870408898,0.17406534305772303,1.8,3.8,4.75,H,1.8,False,-100.0
2015-02-28,2014,H,H,0.5528134590320906,0.22317539516751905,0.2240111458003904,1.95,3.5,4.5,H,1.95,True,95.0
2015-02-28,2014,A,A,0.3694410043250144,0.23217865653420308,0.3983803391407825,2.63,3.3,2.9,A,2.9,True,190.0
2015-02-28,2014,H,H,0.7464380735964842,0.17707270752880083,0.07648921887471499,1.36,5.25,10.0,H,1.36,True,36.00000000000001
2015-02-28,2014,A,H,0.4919333940997817,0.2396400943932365,0.2684265115069818,2.15,3.4,3.75,H,2.15,False,-100.0
2015-02-28,2014,H,A,0.3213974368369602,0.2813288106529538,0.3972737525100859,3.4,3.2,2.38,A,2.38,False,-100.0
2015-02-28,2014,H,H,0.5532380985695715,0.24290136070738452,0.20386054072304388,1.91,3.5,4.75,H,1.91,True,90.99999999999999
2015-03-01,2014,H,H,0.6221345815377843,0.2180564008701788,0.15980901759203694,1.57,4.5,6.0,H,1.57,True,57.00000000000001
2015-03-01,2014,H,H,0.4234066870254349,0.28571873235982054,0.29087458061474464,3.1,3.6,2.38,H,3.1,True,210.0
2015-03-03,2014,H,A,0.3143479721520847,0.2539089547534805,0.4317430730944347,2.88,3.1,2.88,A,2.88,False,-100.0
2015-03-03,2014,D,H,0.501488748529482,0.2778568309496698,0.22065442052084822,2.15,3.3,3.9,H,2.15,False,-100.0
2015-03-03,2014,H,H,0.5691364334812549,0.2460969566383815,0.1847666098803636,1.7,3.8,5.75,H,1.7,True,70.0
2015-03-04,2014,H,H,0.7755660641056146,0.15958158248898682,0.06485235340539869,1.36,5.25,10.0,H,1.36,True,36.00000000000001
2015-03-04,2014,H,H,0.58813108076917,0.2508321902825242,0.16103672894830579,1.75,3.8,5.25,H,1.75,True,75.0
2015-03-04,2014,A,A,0.12469052919530153,0.1964439122841917,0.6788655585205068,6.25,4.0,1.62,A,1.62,True,62.000000000000014
2015-03-04,2014,H,H,0.4901220325194644,0.2610265090009654,0.24885145847957016,2.5,3.3,3.1,H,2.5,True,150.0
2015-03-04,2014,A,A,0.09340856084852774,0.17627919072353795,0.7303122484279343,7.0,4.33,1.53,A,1.53,True,53.0
2015-03-04,2014,A,A,0.260512718297246,0.22865732654645873,0.5108299551562953,4.2,3.5,2.0,A,2.0,True,100.0
2015-03-04,2014,H,H,0.7904744785102109,0.13593255875391957,0.07359296273586939,1.25,7.0,13.0,H,1.25,True,25.0
2015-03-07,2014,A,A,0.17035801046775112,0.1778689602967838,0.6517730292354651,4.75,3.9,1.8,A,1.8,True,80.0
2015-03-14,2014,A,H,0.4281638967462995,0.27208492561373054,0.2997511776399699,2.38,3.25,3.4,H,2.38,False,-100.0
2015-03-14,2014,D,H,0.38471957262789214,0.2787218376815497,0.33655858969055824,2.2,3.3,3.75,H,2.2,False,-100.0
2015-03-14,2014,H,H,0.4345865458606711,0.250367608965448,0.31504584517388085,2.38,3.25,3.4,H,2.38,True,138.0
2015-03-14,2014,H,A,0.06548678121866953,0.13130784484958663,0.8032053739317438,7.5,5.0,1.44,A,1.44,False,-100.0
2015-03-14,2014,H,H,0.7429269039047327,0.17294736391494447,0.08412573218032286,1.4,5.0,9.0,H,1.4,True,39.99999999999999
2015-03-14,2014,H,H,0.5426673445963822,0.23776358172863007,0.21956907367498782,1.83,3.75,4.75,H,1.83,True,83.0
2015-03-15,2014,D,H,0.6477636728092764,0.2133486676078001,0.1388876595829235,1.62,4.0,6.5,H,1.62,False,-100.0
2015-03-15,2014,H,H,0.5495279361936357,0.20983051516560733,0.2406415486407569,1.91,3.75,4.33,H,1.91,True,90.99999999999999
2015-03-15,2014,H,H,0.4773769459419499,0.24724693301675923,0.2753761210412908,1.83,3.75,4.75,H,1.83,True,83.0
2015-03-16,2014,A,A,0.24424397834465503,0.2477537796818621,0.5080022419734829,4.0,3.6,2.0,A,2.0,True,100.0
2015-03-21,2014,H,H,0.6352447204076754,0.212756247177409,0.15199903241491564,1.53,4.0,6.0,H,1.53,True,53.0
2015-03-21,2014,H,H,0.5119409020812788,0.2404217741701908,0.24763732374853034,1.8,3.5,4.5,H,1.8,True,80.0
2015-03-21,2014,H,H,0.6277655947467232,0.23166224328515597,0.14057216196812092,1.4,4.5,7.5,H,1.4,True,39.99999999999999
2015-03-21,2014,A,H,0.49890228742199483,0.25185428790330533,0.2492434246746999,2.1,3.3,3.5,H,2.1,False,-100.0
2015-03-21,2014,A,A,0.10974621850400533,0.17044411788759725,0.7198096636083976,6.0,3.8,1.57,A,1.57,True,57.00000000000001
2015-03-21,2014,H,H,0.6413184215823967,0.22511460351759685,0.13356697490000638,1.3,5.5,8.5,H,1.3,True,30.000000000000004
2015-03-21,2014,A,H,0.4323705973435365,0.26886456700725075,0.29876483564921286,2.5,3.25,2.8,H,2.5,False,-100.0
2015-03-22,2014,A,A,0.12695891402726886,0.1951607832400392,0.677880302732692,7.0,4.33,1.44,A,1.44,True,43.99999999999999
2015-03-22,2014,A,H,0.543023436133886,0.2506027639514292,0.2063737999146847,2.05,3.4,3.6,H,2.05,False,-100.0
2015-03-22,2014,A,A,0.308618329689286,0.2732645564837225,0.41811711382699157,3.3,3.4,2.15,A,2.15,True,114.99999999999999
2015-04-04,2014,A,H,0.5499246192253897,0.2229878792257427,0.22708750154886756,1.8,3.5,4.5,H,1.8,False,-100.0
2015-04-04,2014,H,H,0.7298943467405692,0.1838494764243846,0.08625617683504608,1.3,5.5,10.0,H,1.3,True,30.000000000000004
2015-04-04,2014,H,H,0.4114940316545148,0.23419048080532273,0.35431548754016245,2.38,3.3,3.1,H,2.38,True,138.0
2015-04-04,2014,H,H,0.534117640726491,0.2510243740719031,0.21485798520160582,1.91,3.5,4.2,H,1.91,True,90.99999999999999
2015-04-04,2014,H,H,0.7648828649520415,0.15827838635006505,0.07683874869789345,1.29,5.5,11.0,H,1.29,True,29.000000000000004
2015-04-04,2014,H,H,0.561183036105685,0.24834524324571491,0.19047172064860016,1.83,3.75,4.2,H,1.83,True,83.0
2015-04-04,2014,H,H,0.43711192269655524,0.2501056588756262,0.31278241842781845,2.63,3.2,2.8,H,2.63,True,163.0
2015-04-05,2014,H,H,0.4150111667964471,0.24001712803538497,0.34497170516816783,2.5,3.1,3.1,H,2.5,True,150.0
2015-04-05,2014,D,A,0.2790849413074754,0.20764341126614275,0.5132716474263819,3.5,3.4,2.1,A,2.1,False,-100.0
2015-04-06,2014,H,A,0.2000702997377033,0.21325168754915624,0.5866780127131405,5.0,4.0,1.67,A,1.67,False,-100.0
2015-04-07,2014,D,H,0.5019558998272168,0.24357181272678424,0.254472287445999,2.15,3.4,3.8,H,2.15,False,-100.0
2015-04-11,2014,D,H,0.4386365768669719,0.25596695689849974,0.3053964662345284,2.3,3.4,3.4,H,2.3,False,-100.0
2015-04-11,2014,A,H,0.4407535880921349,0.23179774871919473,0.32744866318867033,2.3,3.4,3.4,H,2.3,False,-100.0
2015-04-11,2014,A,H,0.5777327918989533,0.21503165708521757,0.20723555101582916,1.62,4.2,6.0,H,1.62,False,-100.0
2015-04-11,2014,A,A,0.31958898240837746,0.2589338875580762,0.4214771300335463,2.9,3.2,2.7,A,2.7,True,170.00000000000003
2015-04-11,2014,H,H,0.6589086613484669,0.21970707071584658,0.12138426793568648,1.53,4.2,7.5,H,1.53,True,53.0
2015-04-11,2014,A,A,0.09409290418483254,0.1769680842777708,0.7289390115373966,6.5,4.33,1.57,A,1.57,True,57.00000000000001
2015-04-11,2014,D,H,0.4404615212301258,0.26733756254795443,0.29220091622191985,2.5,3.3,3.1,H,2.5,False,-100.0
2015-04-12,2014,H,H,0.5341861834300498,0.22965462670026582,0.2361591898696844,2.63,3.4,2.88,H,2.63,True,163.0
2015-04-12,2014,A,A,0.053998865682765344,0.1228952565039689,0.8231058778132658,9.0,5.0,1.4,A,1.4,True,39.99999999999999
2015-04-13,2014,H,H,0.7124571974937846,0.18215183446176242,0.1053909680444531,1.4,5.0,9.0,H,1.4,True,39.99999999999999
2015-04-18,2014,A,H,0.6069403793579699,0.213317423371788,0.1797421972702422,1.95,3.5,4.5,H,1.95,False,-100.0
2015-04-18,2014,H,H,0.6200221481563882,0.23366038271486345,0.14631746912874824,1.73,3.8,5.5,H,1.73,True,73.0
2015-04-18,2014,H,H,0.5293197645768725,0.25174390365900956,0.218936331764118,2.0,3.4,4.33,H,2.0,True,100.0
2015-04-18,2014,H,A,0.2965637465510172,0.2615598392946558,0.44187641415432705,3.5,3.25,2.3,A,2.3,False,-100.0
2015-04-18,2014,H,H,0.47174961668256166,0.2676343986970044,0.2606159846204339,2.15,3.4,3.75,H,2.15,True,114.99999999999999
2015-04-19,2014,H,H,0.7343316828923644,0.16435422730254576,0.10131408980508985,1.25,6.5,11.0,H,1.25,True,25.0
2015-04-19,2014,A,A,0.26517482336207565,0.23117748098134558,0.5036476956565789,3.3,3.5,2.3,A,2.3,True,129.99999999999997
2015-04-25,2014,D,A,0.2655529388907206,0.22220579434419752,0.5122412667650819,4.0,3.6,2.0,A,2.0,False,-100.0
2015-04-25,2014,D,H,0.42738314241306147,0.2593001239243458,0.31331673366259266,2.38,3.4,3.25,H,2.38,False,-100.0
2015-04-25,2014,A,A,0.3450046689981982,0.28458139810239935,0.37041393289940233,2.45,3.25,3.25,A,3.25,True,225.0
2015-04-25,2014,D,H,0.5170666898478962,0.2377550188516323,0.24517829130047158,1.91,3.5,4.75,H,1.91,False,-100.0
2015-04-25,2014,A,H,0.6008787799606691,0.2246742446773276,0.1744469753620033,2.05,3.3,4.2,H,2.05,False,-100.0
2015-04-25,2014,A,A,0.3521969231116861,0.2500296876837677,0.39777338920454614,2.63,3.3,2.9,A,2.9,True,190.0
2015-04-25,2014,H,H,0.7504416650150978,0.16826143008360842,0.08129690490129388,1.29,6.0,12.0,H,1.29,True,29.000000000000004
2015-04-25,2014,D,H,0.488286601864894,0.24837925415518788,0.26333414397991817,2.1,3.5,3.8,H,2.1,False,-100.0
2015-04-26,2014,D,H,0.5479262009169509,0.2522553924999365,0.19981840658311267,2.4,3.3,3.3,H,2.4,False,-100.0
2015-04-26,2014,H,H,0.3821481017554467,0.2717279945632888,0.34612390368126444,3.75,3.4,2.15,H,3.75,True,275.0
2015-04-28,2014,H,A,0.28664416863223835,0.24390936727312904,0.4694464640946325,4.33,3.4,2.0,A,2.0,False,-100.0
2015-04-29,2014,A,A,0.23586547582299028,0.25245787083247184,0.5116766533445378,5.75,3.8,1.7,A,1.7,True,70.0
2015-05-02,2014,H,A,0.27155423867202017,0.24661958513051144,0.48182617619746837,4.2,3.4,2.05,A,2.05,False,-100.0
2015-05-02,2014,H,H,0.46537895995596124,0.27516578066255076,0.2594552593814881,2.25,3.5,3.4,H,2.25,True,125.0
2015-05-02,2014,H,H,0.5340527222678876,0.21793045581489667,0.24801682191721575,2.3,3.4,3.4,H,2.3,True,129.99999999999997
2015-05-02,2014,A,H,0.7397498982183812,0.1631270613001462,0.09712304048147251,1.36,5.25,10.0,H,1.36,False,-100.0
2015-05-02,2014,H,H,0.628634492183701,0.20739191720566963,0.16397359061062938,1.91,3.7,4.33,H,1.91,True,90.99999999999999
2015-05-02,2014,H,A,0.3084718976067692,0.276447188228929,0.4150809141643018,2.75,3.3,2.8,A,2.8,False,-100.0
2015-05-02,2014,H,H,0.6747986450131148,0.1947275702627986,0.13047378472408663,1.36,5.25,10.0,H,1.36,True,36.00000000000001
2015-05-03,2014,H,H,0.7436485378334796,0.16228702849454574,0.0940644336719745,1.36,5.25,10.0,H,1.36,True,36.00000000000001
2015-05-03,2014,A,A,0.2885500791008021,0.19436883881267605,0.5170810820865219,3.75,3.75,2.05,A,2.05,True,104.99999999999999
2015-05-04,2014,A,A,0.16920868866064007,0.22039063836421105,0.6104006729751489,5.5,4.0,1.7,A,1.7,True,70.0
2015-05-09,2014,A,H,0.5326888704628971,0.26892539985136593,0.19838572968573698,1.95,3.5,4.5,H,1.95,False,-100.0
2015-05-09,2014,H,H,0.5081887388091259,0.23815585485013815,0.25365540634073597,1.91,3.7,4.33,H,1.91,True,90.99999999999999
2015-05-09,2014,A,A,0.2492252851395088,0.21787987198551367,0.5328948428749776,4.5,3.6,1.91,A,1.91,True,90.99999999999999
2015-05-09,2014,A,H,0.5943577738206217,0.23005224055901605,0.17558998562036218,1.8,3.75,5.0,H,1.8,False,-100.0
2015-05-09,2014,D,A,0.3263756802743235,0.25130114657435737,0.4223231731513192,2.55,3.3,3.0,A,3.0,False,-100.0
2015-05-09,2014,H,H,0.367597021213971,0.27290355750597795,0.3594994212800511,2.9,3.4,2.6,H,2.9,True,190.0
2015-05-09,2014,H,H,0.5097790213069424,0.2519795280244796,0.238241450668578,2.6,3.4,2.9,H,2.6,True,160.0
2015-05-10,2014,D,H,0.524662402510286,0.24333561467584477,0.2320019828138693,2.1,3.5,3.8,H,2.1,False,-100.0
2015-05-10,2014,H,H,0.736555064662657,0.1430328783821822,0.12041205695516093,1.22,7.5,13.0,H,1.22,True,21.999999999999996
2015-05-11,2014,A,H,0.7477057299650675,0.16327248521460017,0.08902178482033227,1.3,6.0,11.0,H,1.3,False,-100.0
2015-05-16,2014,D,H,0.40200328568552063,0.2694840670306939,0.3285126472837855,2.8,3.3,2.75,H,2.8,False,-100.0
2015-05-16,2014,A,A,0.33970278521245734,0.27528454125301,0.38501267353453267,2.9,3.4,2.6,A,2.6,True,160.0
2015-05-16,2014,H,H,0.4900748035562686,0.22390500594179796,0.2860201905019334,1.75,3.8,5.25,H,1.75,True,75.0
2015-05-16,2014,H,H,0.5063489093753887,0.23374601108531867,0.2599050795392926,1.8,3.8,4.75,H,1.8,True,80.0
2015-05-16,2014,A,H,0.701702570470464,0.1941195800704259,0.10417784945911009,1.45,4.75,8.0,H,1.45,False,-100.0
2015-05-16,2014,D,A,0.33843275968749964,0.25752746923945763,0.4040397710730427,2.7,3.3,2.88,A,2.88,False,-100.0
2015-05-16,2014,H,A,0.3537910588342028,0.2296979709276811,0.41651097023811606,3.1,3.5,2.4,A,2.4,False,-100.0
2015-05-17,2014,A,A,0.22140302249634636,0.2005224167053802,0.5780745607982735,4.75,4.2,1.75,A,1.75,True,75.0
2015-05-17,2014,D,H,0.380296355428158,0.26537355670556895,0.3543300878662731,2.45,3.5,3.0,H,2.45,False,-100.0
2015-05-18,2014,H,A,0.27138288132738847,0.2792322550292698,0.4493848636433417,4.1,3.5,2.0,A,2.0,False,-100.0
2015-05-20,2014,D,H,0.7214394373977396,0.17552737965506793,0.10303318294719241,1.3,6.0,11.0,H,1.3,False,-100.0
2015-05-24,2014,H,H,0.5908699347988031,0.26287053928633974,0.14625952591485714,1.4,5.25,8.5,H,1.4,True,39.99999999999999
2015-05-24,2014,A,H,0.5069848117468263,0.26030850244499,0.23270668580818377,2.1,3.6,3.75,H,2.1,False,-100.0
2015-05-24,2014,H,H,0.6521703576618355,0.21674554383290115,0.1310840985052633,1.36,5.25,9.5,H,1.36,True,36.00000000000001
2015-05-24,2014,H,A,0.35657386542730324,0.25565677649226237,0.3877693580804345,2.25,3.6,3.3,A,3.3,False,-100.0
2015-05-24,2014,A,H,0.478201960319896,0.24595332903281,0.27584471064729393,2.4,3.6,3.0,H,2.4,False,-100.0
2015-05-24,2014,D,A,0.344276621599251,0.23255779990748804,0.42316557849326086,3.2,3.75,2.25,A,2.25,False,-100.0
2015-05-24,2014,H,H,0.6131538084166397,0.20358769290772,0.18325849867564034,1.6,4.33,6.0,H,1.6,True,60.00000000000001
2015-05-24,2014,H,H,0.6845472629660748,0.19257466316431368,0.12287807386961148,1.57,4.5,6.0,H,1.57,True,57.00000000000001
2015-05-24,2014,H,H,0.4658435306910318,0.23845044904045637,0.29570602026851195,1.83,4.0,4.33,H,1.83,True,83.0
2015-05-24,2014,H,A,0.35562800799676647,0.25346591068864205,0.3909060813145914,3.5,3.6,2.15,A,2.15,False,-100.0
2015-08-08,2015,H,H,0.5178186199691092,0.2724831936372415,0.20969818639364934,1.95,3.5,4.33,H,1.95,True,95.0
2015-08-08,2015,H,H,0.5728386513558277,0.23978471394676285,0.18737663469740945,1.65,4.0,6.0,H,1.65,True,64.99999999999999
2015-08-08,2015,D,H,0.5698771317808617,0.2544135100630134,0.17570935815612493,1.7,3.9,5.5,H,1.7,False,-100.0
2015-08-08,2015,A,A,0.3532391294148135,0.27289605909609527,0.3738648114890912,2.55,3.3,3.0,A,3.0,True,200.0
2015-08-08,2015,D,H,0.7505803777966753,0.17532886848928086,0.07409075371404392,1.36,5.0,11.0,H,1.36,False,-100.0
2015-08-09,2015,A,H,0.7978659146147504,0.15328814110752959,0.04884594427771999,1.29,6.0,12.0,H,1.29,False,-100.0
2015-08-09,2015,D,H,0.40307409916433157,0.25728216247318286,0.3396437383624856,2.88,3.3,2.7,H,2.88,False,-100.0
2015-08-09,2015,A,H,0.4193026529712274,0.2379508978954742,0.34274644913329844,3.4,3.4,2.3,H,3.4,False,-100.0
2015-08-10,2015,A,A,0.1443398091836561,0.2039670436865389,0.651693147129805,5.75,4.0,1.67,A,1.67,True,67.0
2015-08-14,2015,A,A,0.225886361734912,0.2421473327313803,0.5319663055337077,5.5,3.8,1.73,A,1.73,True,73.0
2015-08-15,2015,H,H,0.5449872595869341,0.22978731618431655,0.2252254242287494,1.95,3.6,4.33,H,1.95,True,95.0
2015-08-15,2015,A,H,0.5165143814184756,0.23650182334514222,0.24698379523638214,1.95,3.6,4.33,H,1.95,False,-100.0
2015-08-15,2015,A,H,0.453083584417739,0.2538783609359947,0.29303805464626625,2.5,3.3,3.1,H,2.5,False,-100.0
2015-08-15,2015,D,H,0.4995022596880192,0.2776922514050219,0.22280548890695903,1.8,3.75,5.0,H,1.8,False,-100.0
2015-08-15,2015,D,H,0.4235433883813939,0.2602877230655846,0.3161688885530215,2.3,3.4,3.4,H,2.3,False,-100.0
2015-08-15,2015,A,H,0.3915503964009588,0.2537670928850592,0.35468251071398205,2.25,3.5,3.4,H,2.25,False,-100.0
2015-08-16,2015,A,A,0.23951869750056837,0.23189798332785522,0.5285833191715763,5.25,3.9,1.73,A,1.73,True,73.0
2015-08-16,2015,H,H,0.6175620009502957,0.22716150046905642,0.15527649858064796,2.1,3.5,3.75,H,2.1,True,110.00000000000001
2015-08-17,2015,H,H,0.6928992259471883,0.19758354650863713,0.10951722754417464,1.45,4.75,8.0,H,1.45,True,44.99999999999999
2015-08-22,2015,D,A,0.24439086987032127,0.2577060932739633,0.49790303685571535,4.0,3.4,2.1,A,2.1,False,-100.0
2015-08-22,2015,A,H,0.44601012029765735,0.2624215386827662,0.29156834101957646,2.38,3.4,3.2,H,2.38,False,-100.0
2015-08-22,2015,D,H,0.39093305987705007,0.29431192921192556,0.3147550109110243,2.3,3.3,3.5,H,2.3,False,-100.0
2015-08-22,2015,D,H,0.4779485631137368,0.2603139190305615,0.2617375178557016,2.63,3.6,2.75,H,2.63,False,-100.0
2015-08-22,2015,D,H,0.7137001579076848,0.18405293229332909,0.1022469097989861,1.36,5.25,10.0,H,1.36,False,-100.0
2015-08-22,2015,H,H,0.5813718071512051,0.2328111931141527,0.18581699973464222,1.85,3.6,4.75,H,1.85,True,85.00000000000001
2015-08-23,2015,D,H,0.4047874185934293,0.25786757516587905,0.3373450062406916,2.8,3.3,2.75,H,2.8,False,-100.0
2015-08-23,2015,A,A,0.16635758885000546,0.20932230073739463,0.6243201104125999,5.0,4.0,1.73,A,1.73,True,73.0
2015-08-23,2015,A,A,0.15057121478789895,0.18486066473125992,0.664568120480841,6.5,4.0,1.62,A,1.62,True,62.000000000000014
2015-08-24,2015,D,H,0.6108585511792274,0.20934870032284625,0.1797927484979263,1.75,4.0,5.0,H,1.75,False,-100.0
2015-08-29,2015,A,A,0.1391881361027133,0.18131954284173316,0.6794923210555535,6.0,4.2,1.62,A,1.62,True,62.000000000000014
2015-08-29,2015,H,H,0.8495144594884088,0.10986035823378208,0.04062518227780905,1.2,8.0,15.0,H,1.2,True,19.999999999999996
2015-08-29,2015,D,H,0.49148611400415376,0.24776020290915776,0.26075368308668845,1.91,3.5,4.75,H,1.91,False,-100.0
2015-08-29,2015,A,H,0.6815462793909808,0.17996575340637047,0.13848796720264872,1.36,5.5,9.0,H,1.36,False,-100.0
2015-08-29,2015,D,H,0.5337981691772137,0.2580711019717782,0.20813072885100814,2.0,3.5,4.2,H,2.0,False,-100.0
2015-08-29,2015,A,H,0.6950530159873861,0.19674222499058505,0.10820475902202892,1.36,5.0,11.0,H,1.36,False,-100.0
2015-08-29,2015,A,H,0.5303786021708319,0.25418106281809694,0.21544033501107127,1.95,3.4,4.5,H,1.95,False,-100.0
2015-08-29,2015,D,H,0.3926284701047642,0.24211389268596956,0.36525763720926613,2.2,3.6,3.4,H,2.2,False,-100.0
2015-08-30,2015,H,H,0.49359832733565717,0.25862571446559346,0.24777595819874942,2.05,3.5,4.0,H,2.05,True,104.99999999999999
2015-08-30,2015,H,H,0.35747869621387324,0.3004203929512605,0.3421009108348663,3.6,3.3,2.25,H,3.6,True,260.0
2015-09-12,2015,H,H,0.4396610391463323,0.26555326398713586,0.2947856968665317,2.4,3.4,3.2,H,2.4,True,140.0
2015-09-12,2015,H,A,0.31183142687476584,0.2836369830579089,0.40453159006732525,2.75,3.4,2.75,A,2.75,False,-100.0
2015-09-12,2015,D,A,0.3459349651527216,0.248809408450692,0.40525562639658624,3.2,3.2,2.5,A,2.5,False,-100.0
2015-09-12,2015,H,H,0.52627946746442,0.24404440264508043,0.22967612989049951,2.0,3.4,4.33,H,2.0,True,100.0
2015-09-12,2015,A,A,0.20262815594065545,0.23371463000533008,0.5636572140540144,5.5,4.2,1.67,A,1.67,True,67.0
2015-09-12,2015,H,H,0.7906761226600506,0.1564221267442935,0.05290175059565586,1.29,6.0,12.0,H,1.29,True,29.000000000000004
2015-09-12,2015,H,A,0.2574428870987968,0.20358713963519826,0.5389699732660049,4.0,3.6,2.0,A,2.0,False,-100.0
2015-09-13,2015,H,H,0.574106335676808,0.2416282234820481,0.18426544084114385,1.91,3.75,4.33,H,1.91,True,90.99999999999999
2015-09-13,2015,A,A,0.22088720245267768,0.2359482683323712,0.5431645292149512,4.33,3.6,1.95,A,1.95,True,95.0
2015-09-14,2015,H,H,0.45078965867311044,0.26473955575879515,0.28447078556809446,2.25,3.5,3.4,H,2.25,True,125.0
2015-09-19,2015,A,H,0.7773925604734966,0.1497052521335249,0.0729021873929785,1.29,6.5,11.0,H,1.29,False,-100.0
2015-09-19,2015,H,H,0.5460384888937105,0.22366933343005918,0.23029217767623034,1.7,4.0,5.5,H,1.7,True,70.0
2015-09-19,2015,H,A,0.3522199704311541,0.2429747806823343,0.40480524888651154,2.45,3.5,3.0,A,3.0,False,-100.0
2015-09-19,2015,A,H,0.43974868891342733,0.2760043336988933,0.28424697738767934,2.3,3.25,3.5,H,2.3,False,-100.0
2015-09-19,2015,D,A,0.3172563515280953,0.2543807275808841,0.4283629208910207,2.5,3.4,3.0,A,3.0,False,-100.0
2015-09-19,2015,D,H,0.47677411393125096,0.2955342483602465,0.22769163770850245,2.3,3.4,3.4,H,2.3,False,-100.0
2015-09-19,2015,A,A,0.3541496738634782,0.26268215643573484,0.383168169700787,2.5,3.3,3.1,A,3.1,True,210.0
2015-09-20,2015,D,H,0.560747813342592,0.21560107315519025,0.22365111350221775,1.67,4.0,5.75,H,1.67,False,-100.0
2015-09-20,2015,A,H,0.3696696881333167,0.29971527139695164,0.3306150404697317,3.1,3.3,2.5,H,3.1,False,-100.0
2015-09-20,2015,H,H,0.47244231663330905,0.27630811116649234,0.2512495722001986,2.0,3.6,4.0,H,2.0,True,100.0
2015-09-26,2015,A,A,0.22999141445193225,0.23044686645501916,0.5395617190930486,4.5,4.0,1.8,A,1.8,True,80.0
2015-09-26,2015,H,H,0.6410381861213192,0.2112558108092535,0.1477060030694272,1.53,4.33,7.0,H,1.53,True,53.0
2015-09-26,2015,D,A,0.1184901733171643,0.1511467881473068,0.7303630385355288,6.0,4.2,1.62,A,1.62,False,-100.0
2015-09-26,2015,H,H,0.852664411741778,0.1047930108847726,0.042542577373449464,1.2,7.5,16.0,H,1.2,True,19.999999999999996
2015-09-26,2015,H,H,0.4799743586726742,0.29147347424329123,0.22855216708403464,2.05,3.4,4.2,H,2.05,True,104.99999999999999
2015-09-26,2015,H,H,0.37893748339476324,0.27013670292738273,0.3509258136778541,2.55,3.3,3.0,H,2.55,True,154.99999999999997
2015-09-26,2015,D,H,0.4656236721593768,0.2365169478828974,0.29785937995772577,2.25,3.5,3.4,H,2.25,False,-100.0
2015-09-26,2015,H,A,0.2799377362744261,0.2684347252414619,0.45162753848411197,4.2,3.8,1.91,A,1.91,False,-100.0
2015-09-27,2015,A,H,0.4297441739079075,0.2927272347415471,0.2775285913505455,2.5,3.3,3.1,H,2.5,False,-100.0
2015-09-28,2015,A,H,0.3820983188649443,0.29066784605506385,0.32723383507999193,3.1,3.3,2.5,H,3.1,False,-100.0
2015-10-03,2015,D,A,0.2622870127172265,0.24004794386586506,0.49766504341690837,3.2,3.4,2.4,A,2.4,False,-100.0
2015-10-03,2015,A,H,0.43964135783911046,0.2292883893234832,0.33107025283740643,2.3,3.5,3.3,H,2.3,False,-100.0
2015-10-03,2015,H,H,0.5595555411692182,0.2584015525013931,0.1820429063293887,1.83,3.6,5.0,H,1.83,True,83.0
2015-10-03,2015,H,H,0.8158491127574535,0.12932005123745696,0.05483083600508951,1.25,7.0,13.0,H,1.25,True,25.0
2015-10-03,2015,D,H,0.4959681818973001,0.23979224918754577,0.26423956891515415,2.1,3.5,3.8,H,2.1,False,-100.0
2015-10-03,2015,A,H,0.3605515459072105,0.2877448531319015,0.351703600960888,2.5,3.3,3.1,H,2.5,False,-100.0
2015-10-03,2015,A,H,0.5267618880085683,0.2535343612597715,0.2197037507316603,1.83,3.7,4.8,H,1.83,False,-100.0
2015-10-04,2015,D,A,0.346279172662045,0.28617844854665486,0.3675423787913002,2.75,3.25,2.8,A,2.8,False,-100.0
2015-10-04,2015,D,H,0.41462734311580307,0.25348869435557236,0.3318839625286246,2.7,3.4,2.8,H,2.7,False,-100.0
2015-10-04,2015,H,H,0.5372791651593866,0.26148886004088057,0.20123197479973293,2.0,3.8,3.8,H,2.0,True,100.0
2015-10-17,2015,D,H,0.5305722146365949,0.24237172833029663,0.2270560570331085,2.5,3.5,3.0,H,2.5,False,-100.0
2015-10-17,2015,H,H,0.5422189423004169,0.23968602110598716,0.218095036593596,2.05,3.4,4.2,H,2.05,True,104.99999999999999
2015-10-17,2015,A,A,0.12694562215972707,0.19571561477103616,0.6773387630692368,6.0,4.2,1.62,A,1.62,True,62.000000000000014
2015-10-17,2015,D,H,0.5866871052688433,0.21322347420563878,0.20008942052551787,1.75,4.0,5.0,H,1.75,False,-100.0
2015-10-17,2015,H,H,0.7463665564219925,0.17275202473173573,0.08088141884627183,1.33,5.75,10.0,H,1.33,True,33.00000000000001
2015-10-17,2015,A,H,0.3668864150356691,0.27193454781343146,0.3611790371508995,3.25,3.4,2.38,H,3.25,False,-100.0
2015-10-17,2015,A,H,0.49328621108918674,0.25572045181428626,0.25099333709652694,2.0,3.6,4.0,H,2.0,False,-100.0
2015-10-17,2015,H,H,0.7084880236600749,0.1658622085977368,0.12564976774218828,1.33,5.75,10.0,H,1.33,True,33.00000000000001
2015-10-18,2015,H,A,0.3542265319357855,0.23773696149135493,0.4080365065728595,2.6,3.4,2.88,A,2.88,False,-100.0
2015-10-19,2015,A,H,0.440320462731259,0.28635674263570576,0.27332279463303527,2.05,3.4,4.2,H,2.05,False,-100.0
2015-10-24,2015,A,A,0.32901018386008163,0.26638151250088393,0.40460830363903444,3.0,3.3,2.6,A,2.6,True,160.0
2015-10-24,2015,H,H,0.7220441290861112,0.1790971584962944,0.0988587124175944,1.44,4.75,8.0,H,1.44,True,43.99999999999999
2015-10-24,2015,H,H,0.4979938327069929,0.2517960798031091,0.25021008748989815,2.2,3.6,3.4,H,2.2,True,120.00000000000001
2015-10-24,2015,A,H,0.4873459807366908,0.2622169327030274,0.25043708656028185,2.0,3.5,4.2,H,2.0,False,-100.0
2015-10-24,2015,A,H,0.5300641398455249,0.2468663132813735,0.2230695468731016,2.1,3.3,4.0,H,2.1,False,-100.0
2015-10-24,2015,H,A,0.3569642773122508,0.2345484430566396,0.40848727963110976,4.0,3.8,1.95,A,1.95,False,-100.0
2015-10-25,2015,A,A,0.2613219175537783,0.23886286441090193,0.4998152180353199,3.4,3.5,2.25,A,2.25,True,125.0
2015-10-25,2015,D,H,0.47890508638668594,0.24806808195476815,0.27302683165854597,2.05,3.6,3.8,H,2.05,False,-100.0
2015-10-25,2015,D,H,0.42019912020544425,0.22407191930453982,0.35572896049001584,2.6,3.5,2.8,H,2.6,False,-100.0
2015-10-25,2015,H,A,0.3334983111546385,0.2334638507214709,0.4330378381238905,2.6,3.4,2.9,A,2.9,False,-100.0
2015-10-31,2015,H,A,0.36405146777661906,0.24131558381071183,0.3946329484126691,2.6,3.4,2.9,A,2.9,False,-100.0
2015-10-31,2015,A,A,0.3822778467101936,0.22069266892763117,0.3970294843621753,2.9,3.4,2.6,A,2.6,True,160.0
2015-10-31,2015,A,A,0.15945721085838532,0.2028345299013138,0.637708259240301,5.0,4.0,1.75,A,1.75,True,75.0
2015-10-31,2015,A,H,0.4710433939915244,0.2610455535733229,0.26791105243515273,2.1,3.5,3.75,H,2.1,False,-100.0
2015-10-31,2015,H,H,0.8171857433979991,0.121588916124577,0.06122534047742395,1.29,6.0,12.0,H,1.29,True,29.000000000000004
2015-10-31,2015,D,A,0.27622422452770834,0.29197790720579153,0.4317978682665,3.8,3.5,2.1,A,2.1,False,-100.0
2015-10-31,2015,D,H,0.4002101017814399,0.2555189271271389,0.3442709710914211,2.4,3.4,3.2,H,2.4,False,-100.0
2015-11-01,2015,H,H,0.6460312162451626,0.19197843388240338,0.161990349872434,1.55,4.33,6.5,H,1.55,True,55.00000000000001
2015-11-01,2015,H,H,0.6151608530588949,0.22022652943416904,0.16461261750693598,1.5,4.5,7.5,H,1.5,True,50.0
2015-11-02,2015,H,H,0.7569293153601822,0.16766933836266698,0.07540134627715095,1.44,4.75,8.0,H,1.44,True,43.99999999999999
2015-11-07,2015,D,H,0.43493285391527065,0.24187219277305952,0.32319495331166986,2.6,3.5,2.8,H,2.6,False,-100.0
2015-11-07,2015,A,A,0.18379745844084036,0.22395025291003445,0.5922522886491252,4.75,3.8,1.8,A,1.8,True,80.0
2015-11-07,2015,H,A,0.35547545639116324,0.2430079702141824,0.4015165733946544,3.8,3.6,2.05,A,2.05,False,-100.0
2015-11-07,2015,H,H,0.411528655865771,0.2268954195694127,0.36157592456481624,2.45,3.4,3.1,H,2.45,True,145.00000000000003
2015-11-07,2015,H,H,0.7691562614533131,0.16294516355204522,0.06789857499464184,1.33,5.25,12.0,H,1.33,True,33.00000000000001
2015-11-07,2015,H,H,0.5774205498997709,0.22411042247227975,0.19846902762794935,1.85,3.8,4.5,H,1.85,True,85.00000000000001
2015-11-07,2015,A,A,0.37077074479962174,0.2176448541228308,0.41158440107754746,2.25,3.5,3.4,A,3.4,True,240.0
2015-11-08,2015,D,H,0.5860798070466335,0.2458073824972514,0.16811281045611517,1.73,4.0,5.0,H,1.73,False,-100.0
2015-11-08,2015,D,A,0.04950258323454655,0.10709209514642323,0.8434053216190301,7.5,5.0,1.44,A,1.44,False,-100.0
2015-11-08,2015,A,H,0.6322148704788234,0.22869691817998594,0.1390882113411906,1.67,3.8,6.0,H,1.67,False,-100.0
2015-11-21,2015,A,A,0.3289850552447322,0.21539228621304235,0.4556226585422255,2.88,3.6,2.5,A,2.5,True,150.0
2015-11-21,2015,H,H,0.6538462520789907,0.18841492950651104,0.1577388184144983,1.4,5.0,9.0,H,1.4,True,39.99999999999999
2015-11-21,2015,A,H,0.6455708118902783,0.21758852732639608,0.13684066078332566,1.7,4.0,5.5,H,1.7,False,-100.0
2015-11-21,2015,H,H,0.6356453159841304,0.21451595920299937,0.14983872481287017,1.57,4.2,6.5,H,1.57,True,57.00000000000001
2015-11-21,2015,D,H,0.5132084213644449,0.21944684477258136,0.26734473386297375,1.91,3.6,4.5,H,1.91,False,-100.0
2015-11-21,2015,H,A,0.0954224211330913,0.1733663549183574,0.7312112239485512,7.0,4.33,1.53,A,1.53,False,-100.0
2015-11-21,2015,A,A,0.2721629262578171,0.30338257512137984,0.424454498620803,4.33,3.4,2.0,A,2.0,True,100.0
2015-11-21,2015,A,H,0.6520886798130769,0.2227828081245173,0.12512851206240583,1.57,4.0,7.0,H,1.57,False,-100.0
2015-11-22,2015,H,H,0.649516583028952,0.20172499711035766,0.14875841986069033,1.57,4.2,6.5,H,1.57,True,57.00000000000001
2015-11-23,2015,A,H,0.642632687797614,0.21196004150913844,0.1454072706932476,1.57,4.0,7.0,H,1.57,False,-100.0
2015-11-28,2015,H,A,0.3483561160535445,0.2804326387794659,0.37121124516698967,3.2,3.3,2.45,A,2.45,False,-100.0
2015-11-28,2015,A,A,0.30903184755199314,0.2516651826634375,0.4393029697845694,2.75,3.3,2.8,A,2.8,True,179.99999999999997
2015-11-28,2015,D,A,0.2760788098823722,0.22497691718235038,0.49894427293527727,2.9,3.6,2.5,A,2.5,False,-100.0
2015-11-28,2015,H,H,0.5220291040086404,0.24288984842037636,0.23508104757098316,1.7,3.9,5.5,H,1.7,True,70.0
2015-11-28,2015,D,H,0.4202626942424275,0.30502252908032773,0.2747147766772448,3.1,3.5,2.4,H,3.1,False,-100.0
2015-11-28,2015,H,H,0.5908127728151484,0.22591173584160135,0.1832754913432503,1.6,4.33,6.0,H,1.6,True,60.00000000000001
2015-11-29,2015,H,H,0.69769236541476,0.18490672307815156,0.1174009115070884,1.44,4.75,8.0,H,1.44,True,43.99999999999999
2015-11-29,2015,D,A,0.13406529050096128,0.17895816051297395,0.6869765489860648,6.0,4.2,1.62,A,1.62,False,-100.0
2015-11-29,2015,D,H,0.4819215930080646,0.26401879347791407,0.25405961351402145,2.05,3.5,4.0,H,2.05,False,-100.0
2015-11-29,2015,D,H,0.5173899971144914,0.2582251844384938,0.22438481844701477,2.6,3.4,2.9,H,2.6,False,-100.0
2015-12-05,2015,D,A,0.19069467627007577,0.23607758320237954,0.5732277405275445,4.75,3.6,1.85,A,1.85,False,-100.0
2015-12-05,2015,H,H,0.5174253647732269,0.2771004174880178,0.20547421773875546,2.15,3.5,3.6,H,2.15,True,114.99999999999999
2015-12-05,2015,A,A,0.2893706208610024,0.25496881019729317,0.4556605689417045,2.7,3.4,2.75,A,2.75,True,175.0
2015-12-05,2015,H,A,0.19999816014757357,0.22487364017148137,0.5751281996809451,5.25,4.0,1.7,A,1.7,False,-100.0
2015-12-05,2015,A,H,0.687806371519589,0.16757216171779518,0.14462146676261578,1.36,5.25,9.5,H,1.36,False,-100.0
2015-12-05,2015,D,H,0.7013356444479004,0.18637729530330682,0.11228706024879283,1.44,4.5,9.0,H,1.44,False,-100.0
2015-12-05,2015,H,H,0.7650567738857458,0.15558426058694408,0.07935896552731009,1.29,6.0,13.0,H,1.29,True,29.000000000000004
2015-12-05,2015,D,H,0.6749155065256899,0.18785524626078817,0.13722924721352187,1.5,4.5,7.5,H,1.5,False,-100.0
2015-12-06,2015,H,A,0.1402716317284429,0.17358814785420768,0.6861402204173493,5.75,4.33,1.62,A,1.62,False,-100.0
2015-12-07,2015,D,H,0.48908649777150837,0.27393999938708663,0.23697350284140498,2.1,3.6,3.75,H,2.1,False,-100.0
2015-12-12,2015,A,A,0.3650747932214704,0.26771032275040574,0.3672148840281238,2.9,3.3,2.63,A,2.63,True,163.0
2015-12-12,2015,D,A,0.2865124373604035,0.24115844268996992,0.4723291199496265,2.9,3.5,2.55,A,2.55,False,-100.0
2015-12-12,2015,D,A,0.3441949475818829,0.3024981299570227,0.3533069224610943,2.63,3.3,2.9,A,2.9,False,-100.0
2015-12-12,2015,H,H,0.48526549434594396,0.25835814952065284,0.2563763561334032,2.6,3.3,3.0,H,2.6,True,160.0
2015-12-12,2015,H,H,0.3631191292646606,0.2779920309372787,0.3588888397980608,3.4,3.4,2.3,H,3.4,True,240.0
2015-12-12,2015,H,H,0.7715874289905199,0.1400359506219647,0.08837662038751548,1.3,6.0,11.0,H,1.3,True,30.000000000000004
2015-12-13,2015,D,H,0.7532496952129888,0.17054407400894497,0.0762062307780663,1.4,4.75,10.0,H,1.4,False,-100.0
2015-12-13,2015,A,H,0.6971148088026828,0.18415413940147876,0.11873105179583847,1.36,5.5,9.0,H,1.36,False,-100.0
2015-12-13,2015,A,A,0.10808835172677884,0.1749088736514477,0.7170027746217735,6.5,4.2,1.57,A,1.57,True,57.00000000000001
2015-12-14,2015,H,H,0.46803024205001176,0.2599608773822998,0.27200888056768846,3.2,3.5,2.35,H,3.2,True,220.00000000000003
2015-12-19,2015,A,H,0.4273926801809673,0.29006019855110776,0.28254712126792497,2.5,3.2,3.2,H,2.5,False,-100.0
2015-12-19,2015,A,H,0.37397896567329963,0.284524143090946,0.3414968912357544,2.7,3.4,2.8,H,2.7,False,-100.0
2015-12-19,2015,D,H,0.5159122936335434,0.2270800667003826,0.25700763966607404,2.05,3.5,4.0,H,2.05,False,-100.0
2015-12-19,2015,A,A,0.35923948670603967,0.24720152170689713,0.3935589915870632,2.55,3.3,3.0,A,3.0,True,200.0
2015-12-19,2015,A,H,0.4143815096360184,0.2754567642531504,0.31016172611083126,2.1,3.75,3.6,H,2.1,False,-100.0
2015-12-19,2015,H,H,0.7562371459711476,0.17449129464192042,0.06927155938693215,1.33,5.25,12.0,H,1.33,True,33.00000000000001
2015-12-19,2015,A,H,0.6798533022817378,0.21842662912285915,0.10172006859540304,1.45,4.5,8.5,H,1.45,False,-100.0
2015-12-20,2015,D,H,0.40295770748890963,0.2699530967034203,0.32708919580767,2.1,3.4,3.9,H,2.1,False,-100.0
2015-12-20,2015,H,A,0.33116197240284584,0.23604777856356365,0.4327902490335904,4.2,3.6,1.95,A,1.95,False,-100.0
2015-12-21,2015,H,H,0.43596463841525623,0.2536818312051398,0.3103535303796039,2.45,3.5,3.0,H,2.45,True,145.00000000000003
2015-12-26,2015,H,H,0.762678830796212,0.13497298784597164,0.10234818135781631,1.2,7.0,13.0,H,1.2,True,19.999999999999996
2015-12-26,2015,D,H,0.5853827342721604,0.2512207465714215,0.16339651915641815,1.44,4.5,7.5,H,1.44,False,-100.0
2015-12-26,2015,H,H,0.4285722448212132,0.2584463622414836,0.3129813929373032,1.91,3.8,3.8,H,1.91,True,90.99999999999999
2015-12-26,2015,D,H,0.375903317665043,0.27196937742685573,0.35212730490810135,2.63,3.25,2.75,H,2.63,False,-100.0
2015-12-26,2015,D,H,0.4855017796341353,0.26202018193195614,0.25247803843390854,2.4,3.3,3.0,H,2.4,False,-100.0
2015-12-26,2015,H,H,0.39940585535464707,0.28244498226386644,0.3181491623814864,3.25,3.2,2.3,H,3.25,True,225.0
2015-12-26,2015,H,A,0.24760051605080977,0.27006641540680426,0.48233306854238606,3.6,3.5,2.05,A,2.05,False,-100.0
2015-12-26,2015,A,A,0.3098970845362144,0.2305151940636037,0.45958772140018184,3.2,3.5,2.2,A,2.2,True,120.00000000000001
2015-12-26,2015,H,H,0.4642867931175764,0.2831660938225647,0.2525471130598588,1.91,3.4,4.5,H,1.91,True,90.99999999999999
2015-12-26,2015,H,H,0.6855970185810647,0.21114881803883312,0.10325416338010224,1.4,4.75,8.0,H,1.4,True,39.99999999999999
2015-12-28,2015,H,H,0.4210198765267873,0.26262345143099697,0.3163566720422156,2.2,3.25,3.75,H,2.2,True,120.00000000000001
2015-12-28,2015,H,A,0.3505015973676917,0.27047899471692033,0.37901940791538796,3.6,3.4,2.2,A,2.2,False,-100.0
2015-12-28,2015,H,H,0.4296597553885587,0.27225420090470676,0.2980860437067346,2.05,3.6,3.8,H,2.05,True,104.99999999999999
2015-12-28,2015,A,H,0.374787641398114,0.29010124961402106,0.335111108987865,3.75,3.5,2.1,H,3.75,False,-100.0
2015-12-28,2015,D,H,0.5818668769723979,0.23903866992270487,0.1790944531048973,2.1,3.4,4.0,H,2.1,False,-100.0
2015-12-28,2015,H,H,0.6224740085830608,0.21311893309948324,0.16440705831745606,1.44,4.75,8.0,H,1.44,True,43.99999999999999
2015-12-28,2015,D,H,0.39425063784426645,0.25990719636628784,0.34584216578944565,2.6,3.3,3.0,H,2.6,False,-100.0
2015-12-28,2015,A,H,0.5144422785540258,0.2517871309661201,0.2337705904798541,1.95,3.6,4.2,H,1.95,False,-100.0
2015-12-29,2015,D,A,0.24965142434381163,0.22467974878907282,0.5256688268671156,4.33,4.0,1.85,A,1.85,False,-100.0
2015-12-30,2015,A,A,0.1758568438318778,0.1901524645099719,0.6339906916581504,5.5,3.9,1.7,A,1.7,True,70.0
2016-01-02,2015,H,A,0.32843783562208617,0.2345303494480083,0.4370318149299055,4.0,3.5,2.05,A,2.05,False,-100.0
2016-01-02,2015,H,H,0.35995067692658367,0.29437153862175436,0.3456777844516619,2.5,3.25,3.2,H,2.5,True,150.0
2016-01-02,2015,H,A,0.3652352570324021,0.25238058915620354,0.38238415381139423,2.8,3.2,2.8,A,2.8,False,-100.0
2016-01-02,2015,A,A,0.2507992502775261,0.2295826209578018,0.5196181287646721,5.0,4.0,1.75,A,1.75,True,75.0
2016-01-02,2015,H,A,0.35772578205725153,0.2509838748832466,0.3912903430595019,3.2,3.4,2.4,A,2.4,False,-100.0
2016-01-02,2015,D,H,0.4969084803651454,0.26542961937110765,0.2376619002637469,1.91,3.75,4.33,H,1.91,False,-100.0
2016-01-02,2015,H,H,0.7358716790047126,0.16256600499080626,0.10156231600448108,1.29,6.5,11.0,H,1.29,True,29.000000000000004
2016-01-02,2015,H,H,0.5778268982601056,0.2401772862777317,0.18199581546216276,1.55,4.2,7.0,H,1.55,True,55.00000000000001
2016-01-03,2015,D,A,0.3434490357681788,0.27538346599601293,0.38116749823580826,2.8,3.5,2.63,A,2.63,False,-100.0
2016-01-03,2015,A,A,0.34900628013636176,0.2610523293476315,0.38994139051600674,3.8,3.5,2.1,A,2.1,True,110.00000000000001
2016-01-12,2015,H,A,0.33328342304915615,0.27164156151405244,0.39507501543679135,3.2,3.25,2.45,A,2.45,False,-100.0
2016-01-12,2015,A,H,0.4569228844234439,0.2846328303284057,0.25844428524815044,2.0,3.6,4.0,H,2.0,False,-100.0
2016-01-12,2015,D,A,0.22668996395119145,0.2542911275139393,0.5190189085348692,5.0,3.7,1.8,A,1.8,False,-100.0
2016-01-13,2015,A,H,0.5918923067920637,0.25250432414378465,0.1556033690641515,1.75,3.8,5.25,H,1.75,False,-100.0
2016-01-13,2015,A,H,0.5563139978084547,0.24257927953390315,0.2011067226576421,1.8,3.6,5.25,H,1.8,False,-100.0
2016-01-13,2015,H,H,0.4851056442620749,0.2765982478016018,0.23829610793632328,2.05,3.3,4.2,H,2.05,True,104.99999999999999
2016-01-13,2015,D,H,0.7017875355703924,0.19828054432386819,0.09993192010573933,1.44,4.5,9.0,H,1.44,False,-100.0
2016-01-13,2015,D,H,0.6366918472785573,0.1905631988851877,0.17274495383625507,1.53,4.75,6.0,H,1.53,False,-100.0
2016-01-13,2015,D,H,0.37098593404025854,0.29745624357412626,0.3315578223856151,2.88,3.4,2.6,H,2.88,False,-100.0
2016-01-13,2015,H,H,0.4657663002200848,0.2776072672092156,0.2566264325706996,1.95,3.5,4.33,H,1.95,True,95.0
2016-01-16,2015,H,H,0.4730213698129579,0.261189410539018,0.26578921964802416,1.91,3.6,4.5,H,1.91,True,90.99999999999999
2016-01-16,2015,D,H,0.563448239133502,0.23164021251102804,0.20491154835547004,1.83,3.75,4.75,H,1.83,False,-100.0
2016-01-16,2015,H,H,0.7374521791853602,0.16394155527062426,0.09860626554401553,1.36,5.25,9.5,H,1.36,True,36.00000000000001
2016-01-16,2015,D,A,0.3263419208642272,0.26313266878302727,0.4105254103527456,3.6,3.4,2.2,A,2.2,False,-100.0
2016-01-16,2015,H,A,0.319161708695573,0.2923422782075162,0.38849601309691095,2.5,3.4,3.0,A,3.0,False,-100.0
2016-01-16,2015,H,H,0.5708311192425025,0.24448643921351068,0.1846824415439868,1.73,3.75,5.5,H,1.73,True,73.0
2016-01-16,2015,H,H,0.7024559729643536,0.19451387133470222,0.10303015570094418,1.4,5.25,8.5,H,1.4,True,39.99999999999999
2016-01-17,2015,D,A,0.27721096112224136,0.24524666766918077,0.47754237120857784,4.33,3.6,1.95,A,1.95,False,-100.0
2016-01-17,2015,A,H,0.5095405925132852,0.25992938112750835,0.23053002635920644,2.3,3.25,3.5,H,2.3,False,-100.0
2016-01-18,2015,H,H,0.45039997387100483,0.2737909668161378,0.2758090593128574,2.38,3.25,3.4,H,2.38,True,138.0
2016-01-23,2015,A,A,0.22128178297175538,0.2301941198653224,0.5485240971629223,3.6,3.5,2.15,A,2.15,True,114.99999999999999
2016-01-23,2015,H,H,0.4335634710139861,0.26901331494809494,0.2974232140379189,2.1,3.5,3.8,H,2.1,True,110.00000000000001
2016-01-23,2015,A,H,0.5102055655919047,0.2737289125073153,0.21606552190078007,1.91,3.5,4.75,H,1.91,False,-100.0
2016-01-23,2015,A,A,0.25606486989435,0.20027733241945647,0.5436577976861935,4.33,3.5,1.95,A,1.95,True,95.0
2016-01-23,2015,D,A,0.35897099494529977,0.26220215486294995,0.3788268501917503,3.0,3.4,2.5,A,2.5,False,-100.0
2016-01-23,2015,H,H,0.3904648206407955,0.26598947597432576,0.3435457033848787,2.05,3.5,4.0,H,2.05,True,104.99999999999999
2016-01-23,2015,D,H,0.5101577899109262,0.2716560515083808,0.218186158580693,2.1,3.3,4.0,H,2.1,False,-100.0
2016-01-23,2015,D,A,0.2424731307154378,0.23203772663296182,0.5254891426516003,5.0,4.0,1.73,A,1.73,False,-100.0
2016-01-24,2015,A,H,0.5387791535003682,0.2591886633794734,0.20203218312015842,1.73,3.8,5.5,H,1.73,False,-100.0
2016-01-24,2015,A,H,0.5088986866338785,0.23932931793967524,0.25177199542644624,2.1,3.5,3.9,H,2.1,False,-100.0
2016-02-02,2015,H,H,0.5878070775681137,0.24653883523571793,0.1656540871961683,1.91,3.5,4.75,H,1.91,True,90.99999999999999
2016-02-02,2015,D,H,0.4418692230922778,0.28184127603897535,0.2762895008687468,2.63,3.1,3.1,H,2.63,False,-100.0
2016-02-02,2015,A,A,0.19811710835327703,0.1984259517977087,0.6034569398490143,4.5,3.75,1.85,A,1.85,True,85.00000000000001
2016-02-02,2015,A,A,0.09287153071473972,0.14119325963864854,0.7659352096466118,8.0,4.75,1.45,A,1.45,True,44.99999999999999
2016-02-02,2015,H,H,0.4473029460712629,0.22272869129497258,0.3299683626337644,2.63,3.4,2.88,H,2.63,True,163.0
2016-02-02,2015,A,A,0.354809486258373,0.2647566231787221,0.3804338905629049,2.45,3.3,3.2,A,3.2,True,220.00000000000003
2016-02-02,2015,D,H,0.5324929651470124,0.26966393200424243,0.19784310284874526,1.75,3.75,5.25,H,1.75,False,-100.0
2016-02-02,2015,H,H,0.5612572440912642,0.245481796362374,0.1932609595463618,1.7,3.75,5.75,H,1.7,True,70.0
2016-02-03,2015,H,H,0.48702360991708277,0.23711122936243037,0.27586516072048684,1.65,4.2,5.5,H,1.65,True,64.99999999999999
2016-02-03,2015,D,A,0.20946729186918345,0.2565906438425263,0.5339420642882903,4.33,3.5,1.95,A,1.95,False,-100.0
2016-02-06,2015,H,H,0.4710169699372378,0.26142751897281,0.26755551108995207,2.15,3.4,3.8,H,2.15,True,114.99999999999999
2016-02-06,2015,H,H,0.46807176171332543,0.23919723155780967,0.2927310067288648,2.45,3.2,3.3,H,2.45,True,145.00000000000003
2016-02-06,2015,D,H,0.6322711011678577,0.21141204562376564,0.15631685320837674,1.44,4.75,8.5,H,1.44,False,-100.0
2016-02-06,2015,A,H,0.576938476657521,0.25417658345410576,0.1688849398883732,1.62,4.2,6.0,H,1.62,False,-100.0
2016-02-06,2015,H,H,0.5609788809330573,0.24492777694131226,0.1940933421256304,1.73,3.8,5.5,H,1.73,True,73.0
2016-02-06,2015,A,A,0.36855668892135474,0.24712557857572176,0.3843177325029235,2.7,3.4,2.8,A,2.8,True,179.99999999999997
2016-02-06,2015,D,H,0.5336813189127011,0.225090514420677,0.2412281666666219,2.25,3.3,3.6,H,2.25,False,-100.0
2016-02-06,2015,H,H,0.7453462749138915,0.1833768088534362,0.07127691623267231,1.5,4.33,8.0,H,1.5,True,50.0
2016-02-07,2015,A,A,0.32892163178361666,0.28660712923929377,0.3844712389770895,3.8,3.5,2.1,A,2.1,True,110.00000000000001
2016-02-07,2015,D,H,0.5131226514608247,0.24756010602229042,0.23931724251688485,2.15,3.3,3.9,H,2.15,False,-100.0
2016-02-13,2015,D,A,0.3445251697332457,0.22359999127828245,0.43187483898847184,2.38,3.4,3.25,A,3.25,False,-100.0
2016-02-13,2015,H,A,0.19183563616099758,0.21719335826391686,0.5909710055750856,5.25,3.75,1.75,A,1.75,False,-100.0
2016-02-13,2015,A,H,0.6719581617826738,0.21591809237882628,0.11212374583849995,1.53,4.2,7.5,H,1.53,False,-100.0
2016-02-13,2015,A,A,0.34059089098965645,0.29739993557098654,0.3620091734393571,3.2,3.25,2.5,A,2.5,True,150.0
2016-02-13,2015,H,H,0.6476522305465472,0.19100042395809042,0.16134734549536237,1.44,4.75,8.0,H,1.44,True,43.99999999999999
2016-02-13,2015,A,H,0.39912943474447954,0.28452793993247877,0.31634262532304175,2.25,3.3,3.6,H,2.25,False,-100.0
2016-02-13,2015,A,H,0.5458533537173779,0.24169544552031422,0.21245120076230783,2.05,3.4,4.1,H,2.05,False,-100.0
2016-02-14,2015,A,A,0.2827880102037466,0.21247474164064306,0.5047372481556104,4.75,3.6,1.85,A,1.85,True,85.00000000000001
2016-02-14,2015,A,H,0.41638337655262886,0.25664392537073116,0.3269726980766399,2.1,3.75,3.6,H,2.1,False,-100.0
2016-02-14,2015,H,H,0.47487199991644086,0.2687140934267686,0.25641390665679054,1.75,4.0,5.0,H,1.75,True,75.0
2016-02-27,2015,H,H,0.5212296139585035,0.25458584779543725,0.22418453824605925,1.8,3.5,4.5,H,1.8,True,80.0
2016-02-27,2015,D,H,0.4111323281630029,0.26976682960817394,0.3191008422288231,2.38,3.25,3.0,H,2.38,False,-100.0
2016-02-27,2015,H,H,0.41692151283100126,0.25039182965145884,0.3326866575175398,2.6,3.1,2.8,H,2.6,True,160.0
2016-02-27,2015,A,H,0.4262909862989587,0.2857856112895368,0.2879234024115045,2.8,3.25,2.5,H,2.8,False,-100.0
2016-02-27,2015,H,H,0.6620955742404891,0.18579016662782152,0.15211425913168927,1.5,4.33,6.0,H,1.5,True,50.0
2016-02-27,2015,H,H,0.5396463187481915,0.2286033622712634,0.23175031898054518,1.62,3.75,5.5,H,1.62,True,62.000000000000014
2016-02-28,2015,H,H,0.8021968289954028,0.15179153027211711,0.04601164073248008,1.4,4.2,9.0,H,1.4,True,39.99999999999999
2016-02-28,2015,H,H,0.3696835777847083,0.2973623471412658,0.33295407507402597,3.0,3.25,2.38,H,3.0,True,200.0
2016-03-01,2015,A,A,0.2086962364605419,0.2040433862519127,0.5872603772875454,4.5,3.6,1.91,A,1.91,True,90.99999999999999
2016-03-01,2015,H,H,0.3584566323063957,0.29416592525735435,0.34737744243624996,2.9,3.25,2.7,H,2.9,True,190.0
2016-03-01,2015,D,H,0.6060741106331705,0.2489188751973335,0.14500701416949596,1.73,3.8,5.5,H,1.73,False,-100.0
2016-03-01,2015,A,A,0.1362975264711292,0.19171904447674482,0.671983429052126,5.25,4.0,1.7,A,1.7,True,70.0
2016-03-01,2015,D,H,0.46612519112938516,0.24302615412450476,0.29084865474611005,2.5,3.3,3.1,H,2.5,False,-100.0
2016-03-02,2015,H,H,0.4574228596238908,0.2268443519873044,0.31573278838880486,2.63,3.4,2.88,H,2.63,True,163.0
2016-03-02,2015,A,H,0.7343268047462788,0.17389503415836022,0.09177816109536104,1.36,5.25,10.0,H,1.36,False,-100.0
2016-03-02,2015,H,H,0.46938604889059693,0.2146176125511423,0.31599633855826076,2.0,3.5,4.2,H,2.0,True,100.0
2016-03-02,2015,H,A,0.23343629610675148,0.24508289575175335,0.5214808081414951,4.0,3.6,2.0,A,2.0,False,-100.0
2016-03-02,2015,H,H,0.5918039029502188,0.24516117800236,0.16303491904742126,1.67,3.8,6.0,H,1.67,True,67.0
2016-03-05,2015,D,H,0.5390685950628835,0.2548146794155599,0.20611672552155647,2.38,3.4,3.25,H,2.38,False,-100.0
2016-03-05,2015,H,H,0.5254958108413823,0.24070439747013722,0.23379979168848042,2.05,3.5,4.0,H,2.05,True,104.99999999999999
2016-03-05,2015,D,H,0.5951176222787788,0.226499496878977,0.17838288084224416,1.6,4.0,6.5,H,1.6,False,-100.0
2016-03-05,2015,A,A,0.3054038097054105,0.2650707482408159,0.42952544205377363,3.0,3.4,2.55,A,2.55,True,154.99999999999997
2016-03-05,2015,H,H,0.7993261034863125,0.12468096819183554,0.07599292832185188,1.22,7.0,15.0,H,1.22,True,21.999999999999996
2016-03-05,2015,A,H,0.5642708995811238,0.24250086641897414,0.19322823399990202,1.73,4.0,5.0,H,1.73,False,-100.0
2016-03-05,2015,D,H,0.6765179183642975,0.1893752026748672,0.1341068789608353,1.5,4.5,7.5,H,1.5,False,-100.0
2016-03-05,2015,A,A,0.3667376414481702,0.25962878658178584,0.373633571970044,2.63,3.4,2.88,A,2.88,True,188.0
2016-03-06,2015,A,A,0.23289587359697486,0.23902293759447496,0.5280811888085503,3.8,3.5,2.1,A,2.1,True,110.00000000000001
2016-03-06,2015,H,A,0.26223545759571604,0.26587319321332464,0.47189134919095943,4.33,3.4,2.0,A,2.0,False,-100.0
2016-03-12,2015,H,H,0.529430493604122,0.24413647240370942,0.22643303399216871,1.95,3.5,4.33,H,1.95,True,95.0
2016-03-12,2015,D,A,0.1287315452299884,0.17758678774368625,0.6936816670263253,6.0,4.2,1.6,A,1.6,False,-100.0
2016-03-12,2015,A,H,0.4623763784671869,0.2723768005384097,0.2652468209944035,2.7,3.2,2.9,H,2.7,False,-100.0
2016-03-13,2015,A,A,0.06116567886135804,0.11859029667925368,0.820244024459388,7.5,4.5,1.5,A,1.5,True,50.0
2016-03-14,2015,H,H,0.6487833705407337,0.1970286048271087,0.15418802463215767,1.57,4.33,6.25,H,1.57,True,57.00000000000001
2016-03-19,2015,A,H,0.5169538165708758,0.26066846113012027,0.2223777222990039,2.25,3.3,3.6,H,2.25,False,-100.0
2016-03-19,2015,A,H,0.373226382326938,0.27848123122582524,0.3482923864472368,2.4,3.25,3.3,H,2.4,False,-100.0
2016-03-19,2015,H,H,0.6293616715862377,0.1940682679961668,0.17657006041759563,1.67,3.8,6.0,H,1.67,True,67.0
2016-03-19,2015,A,H,0.47408224135623256,0.2439319157022648,0.2819858429415027,2.7,3.5,2.7,H,2.7,False,-100.0
2016-03-19,2015,A,A,0.3108107731720995,0.26027330392666687,0.4289159229012337,3.0,3.4,2.5,A,2.5,True,150.0
2016-03-19,2015,D,H,0.5963661535939229,0.22220454670958886,0.1814292996964883,1.75,3.8,5.25,H,1.75,False,-100.0
2016-03-20,2015,A,H,0.5006719589637765,0.2653891259830003,0.23393891505322326,1.83,3.75,4.75,H,1.83,False,-100.0
2016-03-20,2015,D,H,0.43092661424936407,0.24905920515329721,0.32001418059733877,2.1,3.5,3.8,H,2.1,False,-100.0
2016-03-20,2015,H,H,0.37409430608868666,0.26218922196043065,0.3637164719508827,2.63,3.4,2.88,H,2.63,True,163.0
2016-03-20,2015,H,H,0.6698503200253159,0.21257212014135288,0.11757755983333136,1.53,4.33,7.0,H,1.53,True,53.0
2016-04-02,2015,D,H,0.4441297243810753,0.2609721552616369,0.2948981203572877,2.5,3.4,3.0,H,2.5,False,-100.0
2016-04-02,2015,H,H,0.7166312743946374,0.18821988022907787,0.09514884537628482,1.36,5.25,10.0,H,1.36,True,36.00000000000001
2016-04-02,2015,A,A,0.36891210148475484,0.2290486151890141,0.4020392833262311,3.75,3.6,2.1,A,2.1,True,110.00000000000001
2016-04-02,2015,A,A,0.08341181143704215,0.13359227066165827,0.7829959179012996,6.5,4.33,1.57,A,1.57,True,57.00000000000001
2016-04-02,2015,D,H,0.4916401205173555,0.25389939172674386,0.2544604877559006,2.2,3.4,3.6,H,2.2,False,-100.0
2016-04-02,2015,D,H,0.48004744666869614,0.27854939340006785,0.2414031599312359,2.1,3.3,4.0,H,2.1,False,-100.0
2016-04-02,2015,D,H,0.6004891246373124,0.21830439108893684,0.18120648427375075,1.95,3.6,4.2,H,1.95,False,-100.0
2016-04-02,2015,H,H,0.4293435689682228,0.2571582250753349,0.3134982059564422,2.2,3.4,3.6,H,2.2,True,120.00000000000001
2016-04-03,2015,H,H,0.5508851735599665,0.23620896801047075,0.2129058584295628,2.25,3.4,3.5,H,2.25,True,125.0
2016-04-03,2015,H,H,0.4957773298297465,0.23820806272383174,0.26601460744642186,2.1,3.5,3.75,H,2.1,True,110.00000000000001
2016-04-09,2015,D,A,0.29857955343462134,0.25529580508970495,0.4461246414756737,3.4,3.3,2.15,A,2.15,False,-100.0
2016-04-09,2015,D,A,0.3637968628554545,0.25491966407955385,0.3812834730649916,3.6,3.5,2.0,A,2.0,False,-100.0
2016-04-09,2015,H,A,0.2972279895630814,0.24664685507857842,0.4561251553583401,3.75,3.4,2.0,A,2.0,False,-100.0
2016-04-09,2015,H,H,0.4298666427240368,0.2688970026979744,0.30123635457798875,2.05,3.4,3.6,H,2.05,True,104.99999999999999
2016-04-09,2015,H,H,0.6830200431460572,0.2044811709489901,0.11249878590495267,1.33,5.0,9.0,H,1.33,True,33.00000000000001
2016-04-09,2015,A,A,0.2592869276073599,0.21927693855001906,0.521436133842621,3.4,3.2,2.2,A,2.2,True,120.00000000000001
2016-04-09,2015,H,H,0.6097624490074423,0.21788843213027898,0.17234911886227874,1.53,4.0,6.0,H,1.53,True,53.0
2016-04-10,2015,H,H,0.521285077444784,0.28292214264268883,0.19579277991252714,1.91,3.5,4.0,H,1.91,True,90.99999999999999
2016-04-10,2015,H,H,0.6367293505273601,0.21740218962696192,0.14586845984567792,1.55,4.0,5.75,H,1.55,True,55.00000000000001
2016-04-10,2015,A,A,0.292848497270199,0.2919403932266803,0.41521110950312057,3.4,3.4,2.1,A,2.1,True,110.00000000000001
2016-04-13,2015,D,H,0.39606013819600744,0.27524178671227834,0.3286980750917142,2.9,3.4,2.6,H,2.9,False,-100.0
2016-04-16,2015,A,H,0.44436503032751345,0.27437204529008735,0.2812629243823993,2.4,3.2,3.4,H,2.4,False,-100.0
2016-04-16,2015,A,H,0.44530049921763676,0.2588727708148649,0.29582672996749837,2.4,3.3,3.25,H,2.4,False,-100.0
2016-04-16,2015,H,A,0.3593383653884681,0.2696411325557404,0.3710205020557915,2.3,3.4,3.4,A,3.4,False,-100.0
2016-04-16,2015,D,A,0.3492355458621203,0.24228872869844648,0.4084757254394333,2.7,3.4,2.8,A,2.8,False,-100.0
2016-04-16,2015,A,H,0.4122162867659299,0.2627370344893703,0.3250466787446998,2.75,3.4,2.7,H,2.75,False,-100.0
2016-04-16,2015,H,H,0.880241719010302,0.08685788815019566,0.032900392839502385,1.22,7.0,17.0,H,1.22,True,21.999999999999996
2016-04-17,2015,A,A,0.2837027807220609,0.2346057122539139,0.4816915070240253,3.6,3.5,2.15,A,2.15,True,114.99999999999999
2016-04-17,2015,D,H,0.5957108599680225,0.20501852942035523,0.1992706106116222,1.95,3.6,4.2,H,1.95,False,-100.0
2016-04-17,2015,D,H,0.6883270488860904,0.19017700540082375,0.12149594571308595,1.33,5.75,9.5,H,1.33,False,-100.0
2016-04-18,2015,A,A,0.18879676021438363,0.23270284015934187,0.5785003996262744,4.5,3.75,1.85,A,1.85,True,85.00000000000001
2016-04-19,2015,D,A,0.13439844392402187,0.1985275657031726,0.6670739903728055,6.0,4.5,1.57,A,1.57,False,-100.0
2016-04-20,2015,H,H,0.6128242902380828,0.2476314761007849,0.13954423366113233,1.73,4.0,5.0,H,1.73,True,73.0
2016-04-20,2015,H,H,0.612873414103126,0.22570269439196683,0.16142389150490705,1.53,4.33,7.0,H,1.53,True,53.0
2016-04-20,2015,H,H,0.6230746163399292,0.22139058124986732,0.15553480241020354,1.57,4.33,6.5,H,1.57,True,57.00000000000001
2016-04-21,2015,H,H,0.8184615020832119,0.13657121667468974,0.04496728124209838,1.29,6.0,13.0,H,1.29,True,29.000000000000004
2016-04-23,2015,A,A,0.0757972214486971,0.14370503744767166,0.7804977411036313,7.5,4.2,1.53,A,1.53,True,53.0
2016-04-23,2015,A,A,0.33916798831199385,0.2422059481454674,0.41862606354253873,3.1,3.5,2.4,A,2.4,True,140.0
2016-04-23,2015,D,H,0.6383692509126351,0.22396998237585916,0.13766076671150568,1.57,4.5,6.0,H,1.57,False,-100.0
2016-04-23,2015,H,H,0.7697769453218765,0.1395547048319573,0.09066834984616615,1.3,6.0,11.0,H,1.3,True,30.000000000000004
2016-04-24,2015,D,A,0.1936946352470795,0.2502143830702731,0.5560909816826475,4.5,4.0,1.8,A,1.8,False,-100.0
2016-04-24,2015,H,H,0.6344734305133345,0.20878458035324998,0.1567419891334155,1.75,3.7,5.5,H,1.75,True,75.0
2016-04-25,2015,D,H,0.8723926073522056,0.10352492116545607,0.02408247148233838,1.22,7.0,15.0,H,1.22,False,-100.0
2016-04-30,2015,A,A,0.23468635877043864,0.2110697905776399,0.5542438506519215,4.0,3.4,2.1,A,2.1,True,110.00000000000001
2016-04-30,2015,H,H,0.5945708334338774,0.20762731245999974,0.1978018541061229,1.7,3.8,5.75,H,1.7,True,70.0
2016-04-30,2015,D,A,0.36465112213281353,0.25977790901199305,0.3755709688551935,2.75,3.3,2.8,A,2.8,False,-100.0
2016-04-30,2015,H,H,0.4501713888711722,0.2074066875536262,0.34242192357520146,2.0,3.8,3.8,H,2.0,True,100.0
2016-04-30,2015,H,H,0.7474413275668669,0.16069541078230096,0.09186326165083211,1.29,6.5,11.0,H,1.29,True,29.000000000000004
2016-04-30,2015,H,H,0.4613285217819833,0.26369097749525744,0.2749805007227593,2.0,3.6,4.0,H,2.0,True,100.0
2016-05-01,2015,H,A,0.28718800796064414,0.22949535448328842,0.48331663755606735,3.1,3.5,2.4,A,2.4,False,-100.0
2016-05-01,2015,D,H,0.49901943315642716,0.2601984015296327,0.24078216531394017,2.1,3.4,3.9,H,2.1,False,-100.0
2016-05-01,2015,H,H,0.38851781418473424,0.2888188043000185,0.3226633815152472,2.8,3.4,2.7,H,2.8,True,179.99999999999997
2016-05-02,2015,D,A,0.36324942353144163,0.2432906773193672,0.3934598991491911,2.75,3.6,2.63,A,2.63,False,-100.0
2016-05-07,2015,H,H,0.35949090204783046,0.28438058946527944,0.35612850848689,3.0,3.5,2.45,H,3.0,True,200.0
2016-05-07,2015,A,H,0.6796117794851843,0.1846700447890134,0.13571817572580244,1.44,4.75,8.0,H,1.44,False,-100.0
2016-05-07,2015,D,A,0.1158756812743534,0.19104038266496134,0.6930839360606852,5.75,4.2,1.65,A,1.65,False,-100.0
2016-05-07,2015,D,H,0.5090895388696781,0.22801717097746949,0.2628932901528523,1.95,3.6,4.2,H,1.95,False,-100.0
2016-05-07,2015,H,H,0.5201515080127954,0.20405126660041614,0.27579722538678847,2.05,3.5,3.9,H,2.05,True,104.99999999999999
2016-05-07,2015,H,H,0.5251021929563333,0.25769116920396545,0.21720663783970118,1.91,4.0,4.0,H,1.91,True,90.99999999999999
2016-05-07,2015,A,A,0.2515867899000665,0.25959612143124117,0.48881708866869233,4.5,3.6,1.91,A,1.91,True,90.99999999999999
2016-05-08,2015,A,H,0.5137192202211486,0.25181322308290877,0.23446755669594266,2.05,3.6,3.9,H,2.05,False,-100.0
2016-05-08,2015,D,H,0.4344822419173282,0.24752432799040622,0.3179934300922656,2.5,3.6,2.9,H,2.5,False,-100.0
2016-05-08,2015,H,H,0.6849107809635989,0.19409295856775163,0.1209962604686494,1.5,4.5,7.5,H,1.5,True,50.0
2016-05-10,2015,H,H,0.3964085905288644,0.26628423094634596,0.33730717852478964,3.0,3.5,2.45,H,3.0,True,200.0
2016-05-11,2015,H,H,0.480393000018445,0.24732982057942932,0.27227717940212576,1.83,3.75,4.75,H,1.83,True,83.0
2016-05-11,2015,H,H,0.5291588481643215,0.253392999816486,0.21744815201919251,1.75,4.0,5.0,H,1.75,True,75.0
2016-05-11,2015,D,H,0.5606578006818228,0.24332177256997745,0.19602042674819975,2.0,3.8,3.8,H,2.0,False,-100.0
2016-05-15,2015,D,H,0.4125644843435514,0.26147169988008906,0.32596381577635947,2.05,3.75,3.7,H,2.05,False,-100.0
2016-05-15,2015,D,A,0.15190949530982406,0.1968906941256394,0.6511998105645366,6.0,4.75,1.53,A,1.53,False,-100.0
2016-05-15,2015,D,A,0.34018751600273744,0.227026127854551,0.43278635614271155,2.4,3.6,3.0,A,3.0,False,-100.0
2016-05-15,2015,H,A,0.2099676852194618,0.18707322963702205,0.6029590851435163,3.5,3.6,2.15,A,2.15,False,-100.0
2016-05-15,2015,H,H,0.4716229633207908,0.22848720646220497,0.29988983021700416,1.8,4.0,4.5,H,1.8,True,80.0
2016-05-15,2015,H,A,0.252206019182393,0.21388849235096058,0.5339054884666464,4.5,4.0,1.8,A,1.8,False,-100.0
2016-05-15,2015,H,H,0.7414670166998135,0.16301232175704197,0.09552066154314455,1.36,5.5,9.0,H,1.36,True,36.00000000000001
2016-05-15,2015,D,A,0.3779347827314236,0.23284843463601163,0.3892167826325647,2.3,3.75,3.1,A,3.1,False,-100.0
2016-05-15,2015,H,H,0.8466372326948687,0.10142537812365388,0.05193738918147741,1.17,9.0,17.0,H,1.17,True,16.999999999999993
2016-05-17,2015,H,H,0.6251581959650322,0.19130571379378125,0.18353609024118658,1.67,4.2,5.25,H,1.67,True,67.0
2016-08-13,2016,D,H,0.6218850785912093,0.20600364821412145,0.1721112731946693,1.8,3.75,5.0,H,1.8,False,-100.0
2016-08-13,2016,D,H,0.43548979061098053,0.24197467283726795,0.3225355365517515,2.38,3.2,3.4,H,2.38,False,-100.0
2016-08-13,2016,H,A,0.21432817374332241,0.2376464761094623,0.5480253501472153,4.5,3.6,1.91,A,1.91,False,-100.0
2016-08-13,2016,H,H,0.7859915362328593,0.14692621863184147,0.06708224513529909,1.25,6.5,15.0,H,1.25,True,25.0
2016-08-13,2016,A,H,0.49828073754635893,0.2516618730564872,0.2500573893971538,2.0,3.3,4.5,H,2.0,False,-100.0
2016-08-13,2016,A,H,0.4363529593112106,0.25691202798997465,0.3067350126988148,2.4,3.3,3.25,H,2.4,False,-100.0
2016-08-13,2016,D,A,0.3598233687111154,0.22293078103626132,0.4172458502526233,3.2,3.4,2.4,A,2.4,False,-100.0
2016-08-14,2016,A,H,0.4860919965648696,0.26556352182277976,0.24834448161235073,2.4,3.5,3.1,H,2.4,False,-100.0
2016-08-14,2016,A,A,0.16755606982718663,0.2345682540834722,0.5978756760893412,4.75,3.6,1.85,A,1.85,True,85.00000000000001
2016-08-15,2016,H,H,0.5553398761013174,0.21907436970312844,0.22558575419555407,1.65,4.0,6.0,H,1.65,True,64.99999999999999
2016-08-19,2016,H,H,0.610187502009316,0.21082575640181953,0.17898674158886438,1.53,4.2,7.5,H,1.53,True,53.0
2016-08-20,2016,H,A,0.14222954009018568,0.1893419262024217,0.6684285337073925,6.5,4.2,1.57,A,1.57,False,-100.0
2016-08-20,2016,A,A,0.1692385986357186,0.21957234721812957,0.611189054146152,5.5,3.8,1.73,A,1.73,True,73.0
2016-08-20,2016,D,H,0.38954972603735655,0.30180807624290634,0.30864219771973705,2.88,3.6,2.5,H,2.88,False,-100.0
2016-08-20,2016,A,A,0.34112706384646924,0.2831879702417548,0.37568496591177597,3.0,3.25,2.6,A,2.6,True,160.0
2016-08-20,2016,A,H,0.6118363521225431,0.22443570405328286,0.16372794382417413,1.8,3.6,5.25,H,1.8,False,-100.0
2016-08-20,2016,H,H,0.6333625368761954,0.20494738640564855,0.1616900767181561,1.45,4.75,8.0,H,1.45,True,44.99999999999999
2016-08-20,2016,A,A,0.19130805297860604,0.2372770779428605,0.5714148690785334,5.5,3.8,1.73,A,1.73,True,73.0
2016-08-21,2016,A,H,0.4783826248434491,0.26395444427773423,0.25766293087881675,2.55,3.2,3.1,H,2.55,False,-100.0
2016-08-21,2016,H,H,0.5546777345120879,0.21891357985465845,0.2264086856332536,1.95,3.75,4.0,H,1.95,True,95.0
2016-08-27,2016,A,A,0.17780498033115447,0.23720482981420898,0.5849901898546365,5.0,3.75,1.73,A,1.73,True,73.0
2016-08-27,2016,D,H,0.40498786030883355,0.24634592953869403,0.34866621015247246,2.38,3.4,3.0,H,2.38,False,-100.0
2016-08-27,2016,D,H,0.6062028616960469,0.25052510717759285,0.14327203112636022,1.57,3.6,6.5,H,1.57,False,-100.0
2016-08-27,2016,H,H,0.4889444502798564,0.29621931460389567,0.21483623511624791,1.73,3.6,5.25,H,1.73,True,73.0
2016-08-27,2016,H,H,0.601400448903667,0.23109229368855147,0.1675072574077816,1.73,3.6,5.25,H,1.73,True,73.0
2016-08-27,2016,D,H,0.44797861938888844,0.2716338810719747,0.2803874995391368,2.3,3.2,3.3,H,2.3,False,-100.0
2016-08-27,2016,H,H,0.8114783058063094,0.15179495865709722,0.03672673553659335,1.25,5.5,15.0,H,1.25,True,25.0
2016-08-27,2016,A,A,0.10786598880293033,0.21168301463626443,0.6804509965608052,8.0,4.1,1.44,A,1.44,True,43.99999999999999
2016-08-28,2016,D,H,0.4024613826265038,0.2795572342429366,0.31798138313055957,2.6,3.1,2.9,H,2.6,False,-100.0
2016-08-28,2016,H,H,0.7258171953203945,0.14967167328336312,0.12451113139624234,1.25,6.0,11.0,H,1.25,True,25.0
2016-09-10,2016,A,H,0.4809442563915804,0.2457410517670889,0.2733146918413307,2.3,3.2,3.6,H,2.3,False,-100.0
2016-09-10,2016,A,H,0.5150720491207792,0.2481142388103323,0.23681371206888854,1.91,3.6,4.5,H,1.91,False,-100.0
2016-09-10,2016,A,A,0.21377395558156198,0.21252882624926253,0.5736972181691755,4.6,3.75,1.85,A,1.85,True,85.00000000000001
2016-09-10,2016,A,H,0.49197771835116305,0.2528568656467848,0.25516541600205206,2.38,3.25,3.4,H,2.38,False,-100.0
2016-09-10,2016,H,H,0.5328603541155021,0.24691209665458844,0.22022754922990945,1.7,4.0,5.5,H,1.7,True,70.0
2016-09-10,2016,D,H,0.4256406491120875,0.27782779758153664,0.2965315533063759,2.45,3.1,3.4,H,2.45,False,-100.0
2016-09-10,2016,H,H,0.4449283438079581,0.2735683283926784,0.28150332779936366,2.05,3.25,4.33,H,2.05,True,104.99999999999999
2016-09-10,2016,H,H,0.5939058130304453,0.21158861928000983,0.19450556768954488,1.57,4.2,6.5,H,1.57,True,57.00000000000001
2016-09-11,2016,D,A,0.16668232653044182,0.22267191936528025,0.6106457541042779,5.75,4.0,1.67,A,1.67,False,-100.0
2016-09-12,2016,A,A,0.2526834460391097,0.25553892168704717,0.4917776322738432,3.8,3.5,2.1,A,2.1,True,110.00000000000001
2016-09-16,2016,A,H,0.5044516217792792,0.25910364252208784,0.23644473569863297,2.25,3.5,3.4,H,2.25,False,-100.0
2016-09-17,2016,H,H,0.6846575630754583,0.21931436735133064,0.09602806957321111,1.67,3.8,6.0,H,1.67,True,67.0
2016-09-17,2016,H,H,0.6151097859443011,0.24374594267757668,0.14114427137812222,1.5,4.33,8.0,H,1.5,True,50.0
2016-09-17,2016,A,A,0.16948660338590343,0.22650792746248294,0.6040054691516136,6.0,4.2,1.6,A,1.6,True,60.00000000000001
2016-09-17,2016,H,H,0.40144567038313955,0.252142912142467,0.3464114174743934,2.8,3.2,2.8,H,2.8,True,179.99999999999997
2016-09-17,2016,H,H,0.7917709308363186,0.15200749841473163,0.05622157074894984,1.29,6.0,12.0,H,1.29,True,29.000000000000004
2016-09-18,2016,H,H,0.500157578689042,0.25182842882734385,0.24801399248361414,2.0,3.5,4.2,H,2.0,True,100.0
2016-09-18,2016,H,H,0.5385526529876562,0.28211170241077604,0.1793356446015678,1.7,3.8,5.75,H,1.7,True,70.0
2016-09-18,2016,H,H,0.766424486826579,0.16027435836274176,0.07330115481067909,1.33,5.5,11.0,H,1.33,True,33.00000000000001
2016-09-18,2016,H,A,0.1290048301441263,0.1994810446049421,0.6715141252509316,6.0,4.2,1.62,A,1.62,False,-100.0
2016-09-24,2016,D,A,0.34448008131931956,0.2653322565973973,0.39018766208328304,2.38,3.3,3.3,A,3.3,False,-100.0
2016-09-24,2016,A,A,0.03870147651979923,0.10213023688092102,0.8591682865992798,9.0,5.5,1.36,A,1.36,True,36.00000000000001
2016-09-24,2016,A,A,0.3060416034236675,0.26266061958916836,0.43129777698716426,2.88,3.25,2.7,A,2.7,True,170.00000000000003
2016-09-24,2016,A,A,0.22813073375717022,0.24613049029040876,0.525738775952421,3.75,3.5,2.1,A,2.1,True,110.00000000000001
2016-09-24,2016,H,H,0.5577601380468988,0.2527267971102809,0.18951306484282038,1.73,3.9,5.25,H,1.73,True,73.0
2016-09-24,2016,H,H,0.8239630009968796,0.12677400649203488,0.04926299251108562,1.22,7.0,15.0,H,1.22,True,21.999999999999996
2016-09-24,2016,H,A,0.22128913956164267,0.24862152962795833,0.530089330810399,3.6,3.5,2.15,A,2.15,False,-100.0
2016-09-24,2016,H,H,0.43160701482420083,0.25921782315227687,0.30917516202352224,2.4,3.5,3.1,H,2.4,True,140.0
2016-09-25,2016,A,A,0.320169657605679,0.2726580778535659,0.40717226454075506,2.8,3.3,2.75,A,2.75,True,175.0
2016-09-26,2016,H,A,0.31628061440196714,0.2639903791679667,0.4197290064300662,2.9,3.2,2.7,A,2.7,False,-100.0
2016-09-30,2016,D,H,0.5876839391242953,0.2317005678992256,0.18061549297647903,1.73,4.0,5.0,H,1.73,False,-100.0
2016-10-01,2016,D,H,0.4017424861062512,0.2869705035026983,0.31128701039105044,2.25,3.4,3.5,H,2.25,False,-100.0
2016-10-01,2016,D,H,0.4366977948885035,0.2775715368918902,0.2857306682196063,2.38,3.3,3.3,H,2.38,False,-100.0
2016-10-01,2016,A,A,0.054507901159712706,0.12007124719449415,0.825420851645793,8.0,4.75,1.45,A,1.45,True,44.99999999999999
2016-10-01,2016,D,H,0.36419340743985607,0.2809277363252414,0.3548788562349025,2.5,3.25,3.2,H,2.5,False,-100.0
2016-10-01,2016,A,A,0.0835592528947521,0.1393747778666048,0.777065969238643,7.5,4.5,1.5,A,1.5,True,50.0
2016-10-02,2016,A,A,0.04967854662594178,0.12330443760463607,0.8270170157694222,9.0,5.0,1.4,A,1.4,True,39.99999999999999
2016-10-02,2016,D,H,0.4200397040966033,0.2654658919138947,0.31449440398950196,2.25,3.4,3.5,H,2.25,False,-100.0
2016-10-02,2016,D,H,0.756333902177806,0.15190373939233132,0.09176235842986262,1.33,5.75,10.0,H,1.33,False,-100.0
2016-10-02,2016,H,H,0.3999491374669792,0.2755179621599889,0.3245329003730318,3.0,3.5,2.5,H,3.0,True,200.0
2016-10-15,2016,H,H,0.7827490401206234,0.14972059123251133,0.06753036864686526,1.29,6.5,11.0,H,1.29,True,29.000000000000004
2016-10-15,2016,H,H,0.5879690786483569,0.22550542062948037,0.18652550072216265,1.85,3.5,5.0,H,1.85,True,85.00000000000001
2016-10-15,2016,H,H,0.5893489631549753,0.22894351486067482,0.18170752198434986,1.57,4.5,6.0,H,1.57,True,57.00000000000001
2016-10-15,2016,D,A,0.1620529984161077,0.23128013641204268,0.6066668651718495,5.5,3.8,1.73,A,1.73,False,-100.0
2016-10-15,2016,D,H,0.6132049575204376,0.24139600752806456,0.14539903495149775,1.5,4.75,7.0,H,1.5,False,-100.0
2016-10-15,2016,H,H,0.4515761605204133,0.26026960289604895,0.2881542365835377,2.0,3.6,4.0,H,2.0,True,100.0
2016-10-15,2016,A,H,0.5937949111775381,0.19000955499316843,0.2161955338292934,2.15,3.5,3.6,H,2.15,False,-100.0
2016-10-16,2016,A,A,0.35926768384985247,0.25354900708165135,0.3871833090684963,2.25,3.3,3.6,A,3.6,True,260.0
2016-10-16,2016,H,H,0.7425831647081131,0.1795207858145242,0.07789604947736274,1.4,4.8,9.5,H,1.4,True,39.99999999999999
2016-10-17,2016,D,H,0.555924248966987,0.24096745455114255,0.20310829648187043,2.2,3.5,3.5,H,2.2,False,-100.0
2016-10-22,2016,A,A,0.2855083956209512,0.2172808213804826,0.4972107829985662,3.1,3.3,2.5,A,2.5,True,150.0
2016-10-22,2016,D,H,0.8660965875144391,0.10741839093964345,0.026485021545917527,1.25,6.5,15.0,H,1.25,False,-100.0
2016-10-22,2016,D,A,0.2467196017379729,0.24963520494873243,0.5036451933132947,4.2,3.6,1.95,A,1.95,False,-100.0
2016-10-22,2016,H,A,0.14097297270980094,0.22998941437379788,0.6290376129164011,6.0,3.8,1.67,A,1.67,False,-100.0
2016-10-22,2016,H,H,0.5502756798507029,0.25029568942472613,0.19942863072457084,1.67,4.0,5.75,H,1.67,True,67.0
2016-10-22,2016,H,H,0.3969202136527468,0.24892233233685498,0.3541574540103982,2.05,3.5,3.9,H,2.05,True,104.99999999999999
2016-10-22,2016,H,H,0.8173677234254191,0.1405420331886484,0.04209024338593251,1.29,6.0,13.0,H,1.29,True,29.000000000000004
2016-10-22,2016,D,A,0.3280170603309893,0.2729651731087913,0.3990177665602195,2.38,3.3,3.3,A,3.3,False,-100.0
2016-10-23,2016,H,H,0.5084006090219471,0.26341352599005097,0.22818586498800197,2.15,3.4,3.8,H,2.15,True,114.99999999999999
2016-10-23,2016,D,H,0.6227151051702033,0.23476698735865936,0.14251790747113735,1.5,4.5,7.5,H,1.5,False,-100.0
2016-10-29,2016,A,A,0.03711829631819437,0.11079113825302779,0.8520905654287779,9.0,5.0,1.4,A,1.4,True,39.99999999999999
2016-10-29,2016,A,A,0.1797469792800998,0.2172022812375316,0.6030507394823686,5.25,4.0,1.7,A,1.7,True,70.0
2016-10-29,2016,D,H,0.8801552308839771,0.09350395726419605,0.026340811851826747,1.2,7.0,19.0,H,1.2,False,-100.0
2016-10-29,2016,H,A,0.3549362652673218,0.26553732063097585,0.3795264141017024,2.5,3.2,3.2,A,3.2,False,-100.0
2016-10-29,2016,D,H,0.6541537800691234,0.21994126035102085,0.12590495957985579,1.62,4.2,6.0,H,1.62,False,-100.0
2016-10-29,2016,H,H,0.62783115179143,0.19509300283372857,0.1770758453748414,1.75,3.75,5.25,H,1.75,True,75.0
2016-10-29,2016,A,A,0.08646585581741262,0.16364680035474635,0.7498873438278411,8.0,4.75,1.44,A,1.44,True,43.99999999999999
2016-10-30,2016,H,H,0.5185236032548992,0.21597107644630018,0.2655053202988006,1.8,3.8,4.75,H,1.8,True,80.0
2016-10-30,2016,A,H,0.41910048132026145,0.2982586743073878,0.2826408443723508,3.2,3.4,2.4,H,3.2,False,-100.0
2016-10-31,2016,H,H,0.5231520944228318,0.25845078841247054,0.21839711716469762,2.05,3.6,3.8,H,2.05,True,104.99999999999999
2016-11-05,2016,H,A,0.34364697830715385,0.24800845035258665,0.4083445713402596,3.3,3.3,2.38,A,2.38,False,-100.0
2016-11-05,2016,D,H,0.8186529642584817,0.13552738508986373,0.045819650651654546,1.22,7.0,15.0,H,1.22,False,-100.0
2016-11-05,2016,A,H,0.5972768672794035,0.22618264456999115,0.1765404881506053,1.65,4.2,5.5,H,1.65,False,-100.0
2016-11-05,2016,D,H,0.4087468887404992,0.296760923804252,0.2944921874552488,2.0,3.6,4.0,H,2.0,False,-100.0
2016-11-05,2016,H,H,0.6694663060423529,0.22035134761374225,0.11018234634390478,1.53,4.33,7.0,H,1.53,True,53.0
2016-11-06,2016,D,H,0.5428619922037469,0.2577162436747904,0.1994217641214627,1.95,3.6,4.2,H,1.95,False,-100.0
2016-11-06,2016,H,A,0.11081211725556607,0.18477147521707346,0.7044164075273605,5.75,3.8,1.7,A,1.7,False,-100.0
2016-11-06,2016,A,H,0.5146644268469678,0.2498262238625281,0.23550934929050407,1.8,3.6,5.25,H,1.8,False,-100.0
2016-11-06,2016,H,H,0.8019855087713813,0.14466673071351308,0.05334776051510562,1.29,6.0,12.0,H,1.29,True,29.000000000000004
2016-11-06,2016,A,A,0.17509379727905283,0.20800768557496163,0.6168985171459855,5.0,4.0,1.73,A,1.73,True,73.0
2016-11-19,2016,D,H,0.5712254432164126,0.2222725320175522,0.2065020247660353,1.6,4.33,6.0,H,1.6,False,-100.0
2016-11-19,2016,D,A,0.2615618480217069,0.26230602962005706,0.476132122358236,3.4,3.6,2.2,A,2.2,False,-100.0
2016-11-19,2016,A,A,0.11319025456135182,0.1781665160561464,0.7086432293825017,6.5,4.5,1.53,A,1.53,True,53.0
2016-11-19,2016,D,H,0.4019144125348761,0.2798172021330768,0.31826838533204715,2.6,3.4,2.9,H,2.6,False,-100.0
2016-11-19,2016,H,H,0.4303402948586589,0.2778947346393299,0.2917649705020113,2.8,3.3,2.75,H,2.8,True,179.99999999999997
2016-11-19,2016,A,H,0.520563374984586,0.25607314512386814,0.22336347989154576,2.3,3.4,3.4,H,2.3,False,-100.0
2016-11-19,2016,H,H,0.43968503865964204,0.2484372627383378,0.31187769860202014,2.15,3.4,3.8,H,2.15,True,114.99999999999999
2016-11-19,2016,H,H,0.6337637484650905,0.22578316640438212,0.14045308513052726,1.5,4.5,7.5,H,1.5,True,50.0
2016-11-20,2016,A,A,0.0953114924614003,0.20423242168298003,0.7004560858556197,7.0,4.0,1.57,A,1.57,True,57.00000000000001
2016-11-21,2016,H,H,0.48284871275569297,0.26112245797432726,0.2560288292699797,1.95,3.4,4.5,H,1.95,True,95.0
2016-11-26,2016,H,H,0.4021191665548137,0.2365916407009728,0.3612891927442135,2.63,3.4,2.88,H,2.63,True,163.0
2016-11-26,2016,H,H,0.8929595046925253,0.08383282076905056,0.023207674538424143,1.17,8.5,19.0,H,1.17,True,16.999999999999993
2016-11-26,2016,D,H,0.44529569734207425,0.27990453552006045,0.27479976713786525,1.91,3.6,4.5,H,1.91,False,-100.0
2016-11-26,2016,H,H,0.6283513839487079,0.23659454613764763,0.13505406991364444,1.75,3.8,5.25,H,1.75,True,75.0
2016-11-26,2016,A,A,0.04321193770064952,0.10082483933922143,0.855963222960129,9.0,6.0,1.33,A,1.33,True,33.00000000000001
2016-11-26,2016,D,A,0.31929207081480176,0.2582370555856146,0.42247087359958363,3.1,3.2,2.6,A,2.6,False,-100.0
2016-11-27,2016,H,H,0.4643538764699949,0.2738009580872969,0.2618451654427082,2.2,3.4,3.6,H,2.2,True,120.00000000000001
2016-11-27,2016,H,H,0.6756178597367908,0.19841351186915296,0.12596862839405623,1.4,5.0,9.0,H,1.4,True,39.99999999999999
2016-11-27,2016,D,H,0.646174816228635,0.21013094935828813,0.14369423441307674,1.45,4.75,8.0,H,1.45,False,-100.0
2016-11-27,2016,A,H,0.4077684948622494,0.28457204868493435,0.3076594564528162,2.4,3.3,3.3,H,2.4,False,-100.0
2016-12-03,2016,H,A,0.28620012722990834,0.2722604262420775,0.4415394465280142,3.5,3.3,2.3,A,2.3,False,-100.0
2016-12-03,2016,H,H,0.6139312284411834,0.2372428275704167,0.14882594398839985,1.62,4.0,6.5,H,1.62,True,62.000000000000014
2016-12-03,2016,A,H,0.43402143918534286,0.29982256593939344,0.2661559948752637,2.15,3.6,3.6,H,2.15,False,-100.0
2016-12-03,2016,H,H,0.6483056431954277,0.20198180572632582,0.14971255107824633,1.36,5.5,9.0,H,1.36,True,36.00000000000001
2016-12-03,2016,H,A,0.3228889293811146,0.2607565825794237,0.4163544880394618,3.4,3.4,2.3,A,2.3,False,-100.0
2016-12-03,2016,A,A,0.18892942240036936,0.2270923912731276,0.5839781863265031,4.75,4.2,1.75,A,1.75,True,75.0
2016-12-03,2016,H,H,0.45649722975071955,0.24962466188572507,0.29387810836355543,2.2,3.3,3.75,H,2.2,True,120.00000000000001
2016-12-04,2016,H,A,0.14095752390449304,0.19119335655500186,0.6678491195405052,5.0,4.0,1.75,A,1.75,False,-100.0
2016-12-04,2016,D,A,0.28684483156233664,0.249590822077737,0.4635643463599263,3.6,3.5,2.15,A,2.15,False,-100.0
2016-12-05,2016,H,H,0.5276069887124067,0.26369705051095604,0.20869596077663716,1.83,3.5,5.25,H,1.83,True,83.0
2016-12-10,2016,H,A,0.34918198719696186,0.27528805866365014,0.375529954139388,3.1,3.4,2.45,A,2.45,False,-100.0
2016-12-10,2016,H,H,0.670424539169688,0.20566964395712548,0.12390581687318658,1.35,5.5,9.5,H,1.35,True,35.00000000000001
2016-12-10,2016,H,A,0.29805301569494136,0.23624625950442402,0.46570072480063457,3.5,3.5,2.2,A,2.2,False,-100.0
2016-12-10,2016,D,A,0.33227265337872813,0.24196189154077685,0.42576545508049507,3.5,3.3,2.3,A,2.3,False,-100.0
2016-12-10,2016,H,A,0.13481878364090982,0.1870495351648319,0.6781316811942583,5.25,4.0,1.7,A,1.7,False,-100.0
2016-12-10,2016,H,H,0.39163559461135394,0.23452428364360287,0.3738401217450431,2.15,3.5,3.6,H,2.15,True,114.99999999999999
2016-12-11,2016,D,H,0.8004127855135085,0.13662619693888836,0.06296101754760317,1.3,6.0,11.0,H,1.3,False,-100.0
2016-12-11,2016,H,H,0.8475787636555884,0.11589825964965558,0.03652297669475612,1.25,6.25,15.0,H,1.25,True,25.0
2016-12-11,2016,H,H,0.4614209897771916,0.27549471749968985,0.26308429272311856,2.2,3.4,3.6,H,2.2,True,120.00000000000001
2016-12-11,2016,H,H,0.5383986643453907,0.2651133026210851,0.1964880330335242,1.7,3.7,6.0,H,1.7,True,70.0
2016-12-13,2016,H,H,0.4674336104610883,0.2432059006698283,0.2893604888690835,2.4,3.4,3.2,H,2.4,True,140.0
2016-12-13,2016,H,A,0.19059233289846303,0.21178970298594027,0.5976179641155968,4.2,3.75,1.91,A,1.91,False,-100.0
2016-12-14,2016,A,A,0.17026121293405097,0.2236062625748502,0.6061325244910988,5.25,4.0,1.7,A,1.7,True,70.0
2016-12-14,2016,H,H,0.707575797536631,0.15565765440726995,0.136766548056099,1.29,6.5,11.0,H,1.29,True,29.000000000000004
2016-12-14,2016,A,A,0.12952256196224202,0.17596680250873903,0.694510635529019,6.0,4.33,1.6,A,1.6,True,60.00000000000001
2016-12-14,2016,D,H,0.3664309669321588,0.2835449250760187,0.35002410799182254,3.1,3.3,2.5,H,3.1,False,-100.0
2016-12-14,2016,A,A,0.03710555235811853,0.11113421113044077,0.8517602365114407,10.0,5.75,1.33,A,1.33,True,33.00000000000001
2016-12-14,2016,H,H,0.8227567751465265,0.1253532835519867,0.05188994130148682,1.22,7.0,15.0,H,1.22,True,21.999999999999996
2016-12-14,2016,H,H,0.5117498043514203,0.24213891252010378,0.24611128312847597,2.05,3.5,4.0,H,2.05,True,104.99999999999999
2016-12-14,2016,H,H,0.4834133368053947,0.22264951738791652,0.2939371458066887,1.67,4.0,5.75,H,1.67,True,67.0
2016-12-17,2016,H,H,0.4333555182311787,0.24694478305558876,0.3196996987132325,2.1,3.4,4.0,H,2.1,True,110.00000000000001
2016-12-17,2016,D,H,0.42714299389302435,0.2687082558205066,0.30414875028646904,2.6,3.4,2.9,H,2.6,False,-100.0
2016-12-17,2016,A,A,0.10126958888320578,0.1769224619007687,0.7218079492160255,6.5,4.2,1.57,A,1.57,True,57.00000000000001
2016-12-17,2016,H,H,0.5552913344718731,0.22906537584139022,0.21564328968673674,1.62,4.1,6.0,H,1.62,True,62.000000000000014
2016-12-17,2016,A,A,0.19447328351385443,0.2632023791249839,0.5423243373611617,5.75,3.8,1.7,A,1.7,True,70.0
2016-12-17,2016,H,H,0.3885619715690333,0.2697887045272802,0.34164932390368635,2.63,3.3,2.9,H,2.63,True,163.0
2016-12-18,2016,A,H,0.3978828761871127,0.2675204125809027,0.3345967112319846,3.0,3.3,2.6,H,3.0,False,-100.0
2016-12-18,2016,H,H,0.46094281306833745,0.24889494143206708,0.29016224549959546,2.15,3.6,3.5,H,2.15,True,114.99999999999999
2016-12-18,2016,H,H,0.8499344373705026,0.11170485746478928,0.03836070516470807,1.22,7.0,15.0,H,1.22,True,21.999999999999996
2016-12-19,2016,A,A,0.270685117714546,0.23611712806023188,0.4931977542252222,4.2,3.6,1.95,A,1.95,True,95.0
2016-12-26,2016,A,A,0.03773767546843797,0.09150918244305124,0.8707531420885108,10.0,5.5,1.3,A,1.3,True,30.000000000000004
2016-12-26,2016,H,H,0.6437687810156599,0.20764100603688435,0.14859021294745578,1.33,5.5,8.5,H,1.33,True,33.00000000000001
2016-12-26,2016,H,A,0.3538266026280955,0.28575719392267107,0.36041620344923336,2.9,3.1,2.6,A,2.6,False,-100.0
2016-12-26,2016,H,H,0.7191691696870889,0.17853503531431564,0.10229579499859558,1.36,5.0,8.5,H,1.36,True,36.00000000000001
2016-12-26,2016,D,H,0.3931856525956094,0.26127568404466184,0.3455386633597287,2.5,3.3,2.9,H,2.5,False,-100.0
2016-12-26,2016,H,H,0.7970710169317549,0.13918058857127555,0.06374839449696962,1.22,6.5,13.0,H,1.22,True,21.999999999999996
2016-12-26,2016,A,H,0.3891897196963201,0.23816297783147705,0.37264730247220296,2.63,3.2,2.8,H,2.63,False,-100.0
2016-12-26,2016,A,H,0.44175608849680364,0.26591706877872046,0.2923268427244759,2.5,3.3,2.9,H,2.5,False,-100.0
2016-12-27,2016,H,H,0.6964931755103044,0.19575140326823132,0.10775542122146434,1.3,5.5,10.0,H,1.3,True,30.000000000000004
2016-12-28,2016,A,H,0.3853147380273304,0.2819821030643149,0.33270315890835467,2.8,3.25,2.6,H,2.8,False,-100.0
2016-12-30,2016,D,A,0.22946633252708695,0.2534408428300004,0.5170928246429127,4.33,3.5,1.95,A,1.95,False,-100.0
2016-12-31,2016,H,H,0.4365268444213769,0.2581863611882203,0.30528679439040285,2.4,3.25,3.3,H,2.4,True,140.0
2016-12-31,2016,H,H,0.4356766933584723,0.2511348960970116,0.31318841054451596,2.35,3.6,3.1,H,2.35,True,135.0
2016-12-31,2016,H,H,0.8243948788398014,0.1318864593707062,0.04371866178949246,1.25,6.5,14.0,H,1.25,True,25.0
2016-12-31,2016,H,H,0.4146892894336619,0.24501924881794973,0.34029146174838826,2.1,3.6,3.7,H,2.1,True,110.00000000000001
2016-12-31,2016,H,H,0.8601604618364047,0.11632149074907505,0.023518047414520203,1.25,6.0,16.0,H,1.25,True,25.0
2016-12-31,2016,A,H,0.5647357708319358,0.25122293631292014,0.18404129285514403,1.75,3.7,5.5,H,1.75,False,-100.0
2016-12-31,2016,A,A,0.3348082212701878,0.22404151722889337,0.44115026150091885,2.9,3.4,2.6,A,2.6,True,160.0
2017-01-01,2016,H,H,0.6963478083295549,0.2039512025803361,0.09970098909010902,1.29,5.5,9.5,H,1.29,True,29.000000000000004
2017-01-01,2016,A,A,0.13697317392464753,0.1930538581632148,0.6699729679121377,5.5,3.75,1.62,A,1.62,True,62.000000000000014
2017-01-02,2016,D,A,0.3315827374029155,0.2840056696458935,0.3844115929511911,2.75,3.2,2.88,A,2.88,False,-100.0
2017-01-02,2016,H,H,0.8615737074529229,0.09953001415063248,0.0388962783964445,1.17,8.5,19.0,H,1.17,True,16.999999999999993
2017-01-02,2016,H,H,0.4557722613392028,0.2637696617708366,0.2804580768899606,2.2,3.4,3.6,H,2.2,True,120.00000000000001
2017-01-02,2016,D,A,0.02551828551847353,0.08467114458550855,0.889810569896018,11.0,5.5,1.33,A,1.33,False,-100.0
2017-01-02,2016,H,H,0.5339980787885736,0.23531713626369855,0.23068478494772784,1.75,3.7,5.5,H,1.75,True,75.0
2017-01-02,2016,A,A,0.16866765306374756,0.23082509485735975,0.6005072520788928,6.0,4.0,1.65,A,1.65,True,64.99999999999999
2017-01-03,2016,D,A,0.2481685016802502,0.23754278452907326,0.5142887137906764,4.33,3.4,1.85,A,1.85,False,-100.0
2017-01-03,2016,A,H,0.5047907186154205,0.22841163039457713,0.2667976509900024,1.75,3.5,4.75,H,1.75,False,-100.0
2017-01-03,2016,H,H,0.47827042812792026,0.2467750847363425,0.27495448713573717,1.8,3.5,4.5,H,1.8,True,80.0
2017-01-04,2016,H,H,0.4251661855780575,0.3007164762935993,0.2741173381283432,2.63,3.25,2.63,H,2.63,True,163.0
2017-01-14,2016,H,A,0.28366867142356506,0.2586771261131768,0.45765420246325816,3.3,3.5,2.3,A,2.3,False,-100.0
2017-01-14,2016,A,A,0.3444265164366434,0.2590622028437859,0.39651128071957076,3.1,3.3,2.5,A,2.5,True,150.0
2017-01-14,2016,H,A,0.34248876615759416,0.24850053296320382,0.40901070087920194,3.6,3.4,2.2,A,2.2,False,-100.0
2017-01-14,2016,A,A,0.149485627010137,0.20423575968021795,0.6462786133096451,6.0,4.1,1.62,A,1.62,True,62.000000000000014
2017-01-14,2016,A,A,0.10058801691714139,0.14860533993369038,0.7508066431491683,7.0,4.75,1.5,A,1.5,True,50.0
2017-01-14,2016,H,H,0.771286095448594,0.17171953983723123,0.05699436471417476,1.33,5.5,11.0,H,1.33,True,33.00000000000001
2017-01-14,2016,D,H,0.3797415192233623,0.26959683254778893,0.3506616482288487,2.5,3.2,3.2,H,2.5,False,-100.0
2017-01-14,2016,H,H,0.509907819791074,0.2970340429389878,0.1930581372699382,2.38,3.4,3.2,H,2.38,True,138.0
2017-01-15,2016,H,A,0.24679358818067892,0.26301637249043547,0.4901900393288856,4.5,4.0,1.8,A,1.8,False,-100.0
2017-01-15,2016,D,H,0.5298061581260833,0.2869335662353717,0.18326027563854502,2.15,3.4,3.75,H,2.15,False,-100.0
2017-01-21,2016,H,H,0.539725733612742,0.21767170198706415,0.24260256440019382,1.7,3.8,5.75,H,1.7,True,70.0
2017-01-21,2016,D,A,0.12852105231573918,0.19125733050657126,0.6802216171776895,6.0,4.2,1.6,A,1.6,False,-100.0
2017-01-21,2016,A,A,0.35604365732420185,0.28117754487157137,0.36277879780422684,2.5,3.2,3.25,A,3.25,True,225.0
2017-01-21,2016,D,H,0.40361450204779015,0.25279736820071336,0.34358812975149655,2.15,3.5,3.6,H,2.15,False,-100.0
2017-01-21,2016,A,A,0.2466388885354131,0.2686860872677017,0.4846750241968851,3.25,3.4,2.38,A,2.38,True,138.0
2017-01-21,2016,D,H,0.5346809161295395,0.243677794527557,0.22164128934290345,1.83,3.75,4.75,H,1.83,False,-100.0
2017-01-21,2016,A,H,0.862169297642238,0.09360427216619388,0.04422643019156807,1.22,7.0,15.0,H,1.22,False,-100.0
2017-01-22,2016,H,H,0.5029645343001334,0.26924578901957924,0.2277896766802873,1.83,3.5,5.25,H,1.83,True,83.0
2017-01-22,2016,H,H,0.8396438705633017,0.12234117618369776,0.03801495325300054,1.2,7.5,17.0,H,1.2,True,19.999999999999996
2017-01-22,2016,H,H,0.89579053578586,0.07786053452696913,0.026348929687170897,1.18,8.0,19.0,H,1.18,True,17.999999999999993
2017-01-31,2016,A,H,0.8599214010968825,0.10945356296464465,0.03062503593847279,1.22,7.0,15.0,H,1.22,False,-100.0
2017-01-31,2016,A,H,0.52092818011509,0.24897245354470404,0.23009936634020595,2.05,3.5,3.9,H,2.05,False,-100.0
2017-01-31,2016,H,H,0.4563424744462875,0.2673922492155237,0.2762652763381888,2.9,3.25,2.7,H,2.9,True,190.0
2017-01-31,2016,D,A,0.32029358819188297,0.2900867863592732,0.38961962544884365,2.7,3.1,3.0,A,3.0,False,-100.0
2017-01-31,2016,D,H,0.4194324848912947,0.28594918941872444,0.2946183256899808,2.65,3.25,2.9,H,2.65,False,-100.0
2017-01-31,2016,D,A,0.032330547894014454,0.09578474562402743,0.8718847064819583,9.5,5.25,1.36,A,1.36,False,-100.0
2017-01-31,2016,H,A,0.36149860485993973,0.23238989888586528,0.4061114962541949,3.4,3.4,2.3,A,2.3,False,-100.0
2017-02-01,2016,D,H,0.8802744452666901,0.09293124278391032,0.02679431194939955,1.2,7.5,17.0,H,1.2,False,-100.0
2017-02-01,2016,D,A,0.2937786954449529,0.28143038389737735,0.4247909206576698,2.88,3.4,2.63,A,2.63,False,-100.0
2017-02-01,2016,A,A,0.1818130624816248,0.2245448226118712,0.593642114906504,6.0,4.5,1.57,A,1.57,True,57.00000000000001
2017-02-04,2016,H,H,0.48963374845697405,0.2345572802437061,0.27580897129931986,1.95,3.6,4.2,H,1.95,True,95.0
2017-02-04,2016,A,H,0.5276192568190796,0.23344734733017047,0.23893339585074988,1.7,3.9,5.5,H,1.7,False,-100.0
2017-02-04,2016,H,H,0.6090424194072475,0.23127151733404924,0.15968606325870333,1.7,4.0,5.25,H,1.7,True,70.0
2017-02-04,2016,H,A,0.08989468268488852,0.17296766622981108,0.7371376510853004,8.0,4.75,1.45,A,1.45,False,-100.0
2017-02-04,2016,A,H,0.47152588756751457,0.2455876551174872,0.2828864573149982,1.85,3.75,4.5,H,1.85,False,-100.0
2017-02-04,2016,H,H,0.8138710581091249,0.13906362052566498,0.047065321365210126,1.29,6.0,13.0,H,1.29,True,29.000000000000004
2017-02-04,2016,H,H,0.42369982136513124,0.26216893941337677,0.31413123922149194,2.15,3.3,3.9,H,2.15,True,114.99999999999999
2017-02-04,2016,H,H,0.4544767363547615,0.2701156548537396,0.27540760879149895,2.3,3.25,3.5,H,2.3,True,129.99999999999997
2017-02-05,2016,A,A,0.13577022446861972,0.21629787966673034,0.6479318958646499,5.75,4.0,1.65,A,1.65,True,64.99999999999999
2017-02-05,2016,H,H,0.7954621974465068,0.1265016945259627,0.07803610802753054,1.22,7.0,15.0,H,1.22,True,21.999999999999996
2017-02-11,2016,D,A,0.18896782480255453,0.26627316846609134,0.5447590067313541,3.9,3.3,2.15,A,2.15,False,-100.0
2017-02-11,2016,H,H,0.4066793421557923,0.29097523651290075,0.3023454213313069,2.3,3.4,3.4,H,2.3,True,129.99999999999997
2017-02-11,2016,H,H,0.7942885080846745,0.15010985918975142,0.05560163272557405,1.25,6.5,14.0,H,1.25,True,25.0
2017-02-11,2016,H,H,0.5214656135710609,0.26091228531329214,0.2176221011156469,2.15,3.3,3.9,H,2.15,True,114.99999999999999
2017-02-11,2016,A,A,0.302919437379204,0.24334989724680853,0.4537306653739875,3.9,3.4,2.1,A,2.1,True,110.00000000000001
2017-02-11,2016,D,H,0.4262078739689117,0.26778601042411343,0.30600611560697477,2.25,3.3,3.6,H,2.25,False,-100.0
2017-02-11,2016,H,H,0.7774077767885796,0.15354221924719996,0.06905000396422042,1.29,6.0,13.0,H,1.29,True,29.000000000000004
2017-02-12,2016,D,A,0.07626112279530807,0.17118805492892425,0.7525508222757676,9.0,5.0,1.4,A,1.4,False,-100.0
2017-02-12,2016,H,H,0.49451325533067764,0.24290483621884568,0.26258190845047663,2.4,3.3,3.25,H,2.4,True,140.0
2017-02-13,2016,A,A,0.0772131040856336,0.12690787614254678,0.7958790197718195,7.5,5.0,1.44,A,1.44,True,43.99999999999999
2017-02-25,2016,H,H,0.4819337770080103,0.28253288258439446,0.23553334040759524,2.1,3.2,4.2,H,2.1,True,110.00000000000001
2017-02-25,2016,H,H,0.5184381688244614,0.24139600325982205,0.24016582791571653,2.1,3.4,4.0,H,2.1,True,110.00000000000001
2017-02-25,2016,H,H,0.8239936077068047,0.12346398879673813,0.05254240349645717,1.25,6.5,15.0,H,1.25,True,25.0
2017-02-25,2016,H,H,0.711180809845671,0.18316048822870468,0.10565870192562433,1.4,5.25,8.5,H,1.4,True,39.99999999999999
2017-02-25,2016,D,H,0.4539859318681791,0.27801874825027434,0.26799531988154657,2.15,3.3,3.9,H,2.15,False,-100.0
2017-02-25,2016,D,H,0.4114658039184304,0.26310993535380556,0.32542426072776404,2.63,3.3,2.9,H,2.63,False,-100.0
2017-02-26,2016,H,H,0.6090286344888628,0.22758059628878902,0.1633907692223482,1.44,5.0,7.5,H,1.44,True,43.99999999999999
2017-02-27,2016,H,A,0.12840999892952235,0.19175279701972908,0.6798372040507485,5.5,4.2,1.65,A,1.65,False,-100.0
2017-03-04,2016,A,A,0.31829286785828864,0.26169883286619067,0.4200082992755207,3.6,3.4,2.2,A,2.2,True,120.00000000000001
2017-03-04,2016,A,H,0.5149178245735885,0.2754060876042911,0.20967608782212055,2.2,3.3,3.8,H,2.2,False,-100.0
2017-03-04,2016,H,H,0.49478784559521366,0.2526552043612451,0.2525569500435412,2.0,3.5,4.2,H,2.0,True,100.0
2017-03-04,2016,D,H,0.8662909653487993,0.10138963007079281,0.032319404580407836,1.25,6.5,15.0,H,1.25,False,-100.0
2017-03-04,2016,H,H,0.4307046554292719,0.2526006541566977,0.3166946904140304,2.15,3.6,3.6,H,2.15,True,114.99999999999999
2017-03-04,2016,H,H,0.46801145020734347,0.2814721074855482,0.25051644230710834,1.85,3.6,4.75,H,1.85,True,85.00000000000001
2017-03-04,2016,H,H,0.5222790508555689,0.26096752811014456,0.2167534210342865,1.95,3.4,4.5,H,1.95,True,95.0
2017-03-05,2016,A,A,0.020030793430272635,0.06288136128824375,0.9170878452814837,11.0,6.5,1.29,A,1.29,True,29.000000000000004
2017-03-05,2016,H,H,0.4862704052127957,0.26327847127600945,0.250451123511195,1.67,4.2,5.25,H,1.67,True,67.0
2017-03-06,2016,A,A,0.15702237633676078,0.2197580665493669,0.6232195571138723,6.0,4.1,1.62,A,1.62,True,62.000000000000014
2017-03-08,2016,D,H,0.8335140315679954,0.12933020953569635,0.037155758896308184,1.25,6.5,15.0,H,1.25,False,-100.0
2017-03-11,2016,H,A,0.34200550739321534,0.23601610890539176,0.42197838370139296,2.6,3.5,2.8,A,2.8,False,-100.0
2017-03-11,2016,H,H,0.6055241760415613,0.22880368233455564,0.165672141623883,1.67,3.8,6.0,H,1.67,True,67.0
2017-03-11,2016,H,A,0.36037528473361974,0.2741313533859859,0.36549336188039433,2.55,3.3,3.0,A,3.0,False,-100.0
2017-03-12,2016,H,H,0.8135192980218167,0.13062894389808244,0.055851758080100865,1.25,6.5,14.0,H,1.25,True,25.0
2017-03-18,2016,A,H,0.42081343502458846,0.2558564449588165,0.3233301200165951,2.3,3.5,3.3,H,2.3,False,-100.0
2017-03-18,2016,H,A,0.19831729807628373,0.2100480813659513,0.591634620557765,5.25,4.0,1.73,A,1.73,False,-100.0
2017-03-18,2016,A,A,0.15224338477816057,0.20891262396003482,0.6388439912618047,6.5,4.0,1.62,A,1.62,True,62.000000000000014
2017-03-18,2016,D,H,0.3936824952893542,0.27184178903560413,0.3344757156750418,2.55,3.3,3.0,H,2.55,False,-100.0
2017-03-18,2016,H,H,0.5392865507630987,0.24822429605572569,0.21248915318117556,1.91,3.5,4.75,H,1.91,True,90.99999999999999
2017-03-18,2016,H,H,0.42957607894824285,0.25680707609391507,0.31361684495784214,2.15,3.5,3.6,H,2.15,True,114.99999999999999
2017-03-18,2016,H,H,0.6449344410225276,0.21797635762201323,0.13708920135545918,1.53,4.33,7.0,H,1.53,True,53.0
2017-03-19,2016,D,H,0.5176919271240601,0.2534695618766635,0.22883851099927635,2.0,3.75,3.8,H,2.0,False,-100.0
2017-03-19,2016,A,A,0.11642755761348765,0.227673558143185,0.6558988842433274,6.0,3.7,1.7,A,1.7,True,70.0
2017-03-19,2016,H,H,0.5689893627741461,0.23255691921316796,0.19845371801268594,1.73,3.8,5.5,H,1.73,True,73.0
2017-04-01,2016,D,H,0.7959548542012717,0.1521936264967308,0.051851519301997565,1.36,5.0,11.0,H,1.36,False,-100.0
2017-04-01,2016,H,H,0.48718424702885466,0.26669764829718645,0.2461181046739588,1.85,3.6,4.75,H,1.85,True,85.00000000000001
2017-04-01,2016,D,H,0.5589245493657651,0.2552897086171657,0.18578574201706918,1.65,4.0,6.0,H,1.65,False,-100.0
2017-04-01,2016,H,H,0.5667847817355179,0.24831230902241114,0.18490290924207095,1.73,3.9,5.25,H,1.73,True,73.0
2017-04-01,2016,H,H,0.49147565139411115,0.2759526000760501,0.23257174852983878,2.05,3.5,4.0,H,2.05,True,104.99999999999999
2017-04-01,2016,H,H,0.4145069330970806,0.23401636686334717,0.3514767000395721,2.45,3.4,3.1,H,2.45,True,145.00000000000003
2017-04-01,2016,A,H,0.7816479362839951,0.1511238031741365,0.06722826054186837,1.3,5.75,12.0,H,1.3,False,-100.0
2017-04-01,2016,A,A,0.12871206446263952,0.21057160354646104,0.6607163319908994,5.75,3.8,1.7,A,1.7,True,70.0
2017-04-02,2016,D,H,0.5383556087355189,0.25768736347768095,0.20395702778680017,2.0,3.4,4.33,H,2.0,False,-100.0
2017-04-02,2016,D,A,0.2789414384639974,0.25493207546989455,0.46612648606610807,3.1,3.75,2.3,A,2.3,False,-100.0
2017-04-04,2016,H,H,0.7565324025520084,0.1691152550574783,0.07435234239051335,1.45,4.5,8.5,H,1.45,True,44.99999999999999
2017-04-04,2016,D,H,0.6308355490093246,0.2376899630737029,0.1314744879169726,1.57,4.2,6.5,H,1.57,False,-100.0
2017-04-04,2016,H,H,0.3797025263726045,0.30630786533412296,0.31398960829327255,2.5,3.1,3.3,H,2.5,True,150.0
2017-04-04,2016,H,H,0.4063755734022249,0.2864298310018502,0.3071945955959249,2.5,3.2,3.2,H,2.5,True,150.0
2017-04-05,2016,H,H,0.5130082895895971,0.26827023353805357,0.21872147687234933,2.05,3.3,4.2,H,2.05,True,104.99999999999999
2017-04-05,2016,H,H,0.4644349170700455,0.2823053869629291,0.2532596959670253,2.4,3.5,3.1,H,2.4,True,140.0
2017-04-05,2016,H,H,0.6205957954723381,0.18538397878947913,0.19402022573818276,1.4,5.25,8.0,H,1.4,True,39.99999999999999
2017-04-05,2016,D,H,0.7041569604930502,0.18431863656504383,0.11152440294190602,1.36,5.25,9.5,H,1.36,False,-100.0
2017-04-05,2016,H,H,0.5086963826494952,0.28433264712698814,0.20697097022351663,1.83,3.7,4.75,H,1.83,True,83.0
2017-04-05,2016,A,A,0.16074535862031855,0.209217392828898,0.6300372485507834,5.0,4.0,1.73,A,1.73,True,73.0
2017-04-08,2016,A,A,0.14581868044499363,0.21310546909872596,0.6410758504562805,6.5,4.0,1.6,A,1.6,True,60.00000000000001
2017-04-08,2016,H,H,0.8399643717807257,0.1063130041751376,0.053722624044136726,1.2,7.5,17.0,H,1.2,True,19.999999999999996
2017-04-08,2016,D,H,0.38897077483669334,0.2730865474347994,0.33794267772850733,2.45,3.1,3.4,H,2.45,False,-100.0
2017-04-08,2016,A,A,0.21320959953915783,0.24068355932482516,0.5461068411360169,4.0,3.75,1.95,A,1.95,True,95.0
2017-04-08,2016,H,H,0.8651817588689681,0.10612084702191092,0.02869739410912103,1.25,6.5,15.0,H,1.25,True,25.0
2017-04-08,2016,A,A,0.2756163386941595,0.2576027970786198,0.46678086422722076,3.0,3.3,2.55,A,2.55,True,154.99999999999997
2017-04-08,2016,H,H,0.4108837175996327,0.25340288427217966,0.33571339812818757,2.1,3.6,3.7,H,2.1,True,110.00000000000001
2017-04-09,2016,H,H,0.4420573723447401,0.2614558342082791,0.29648679344698076,1.75,3.9,5.0,H,1.75,True,75.0
2017-04-09,2016,A,A,0.035055554563540335,0.10751918961055039,0.8574252558259093,10.0,5.25,1.36,A,1.36,True,36.00000000000001
2017-04-10,2016,H,A,0.2744890955531519,0.24651471140396944,0.4789961930428787,4.5,3.9,1.83,A,1.83,False,-100.0
2017-04-15,2016,H,H,0.40055633352751924,0.24667028869794294,0.3527733777745378,1.95,3.3,4.0,H,1.95,True,95.0
2017-04-15,2016,D,H,0.5104013098528306,0.25139788952437525,0.23820080062279406,1.73,3.6,4.75,H,1.73,False,-100.0
2017-04-15,2016,A,A,0.3134747052328037,0.25955050363108323,0.4269747911361132,4.33,4.0,1.73,A,1.73,True,73.0
2017-04-15,2016,H,H,0.6930861819759242,0.2026196499587709,0.10429416806530484,1.4,4.5,8.0,H,1.4,True,39.99999999999999
2017-04-15,2016,H,H,0.477140492976588,0.26519192002469877,0.2576675869987132,2.4,3.3,2.9,H,2.4,True,140.0
2017-04-15,2016,H,H,0.7544177857612752,0.1597616213527142,0.08582059288601054,1.25,6.0,10.0,H,1.25,True,25.0
2017-04-15,2016,D,A,0.30400954751566545,0.2526259251250539,0.4433645273592806,3.3,3.25,2.2,A,2.2,False,-100.0
2017-04-16,2016,H,H,0.4137565531322415,0.28652473179749177,0.2997187150702667,2.55,3.2,2.8,H,2.55,True,154.99999999999997
2017-04-16,2016,A,A,0.21910734731050222,0.23826556015477882,0.542627092534719,4.0,3.8,1.8,A,1.8,True,80.0
2017-04-17,2016,A,A,0.12260965359400669,0.18205137769333826,0.695338968712655,7.0,4.0,1.5,A,1.5,True,50.0
2017-04-22,2016,D,A,0.2619156730432584,0.2491203668845744,0.4889639600721671,3.3,3.6,2.25,A,2.25,False,-100.0
2017-04-22,2016,H,H,0.40695434841954037,0.2636590343779581,0.32938661720250145,2.2,3.4,3.6,H,2.2,True,120.00000000000001
2017-04-22,2016,H,H,0.4777226719929076,0.25782848550054366,0.2644488425065489,1.85,3.75,4.5,H,1.85,True,85.00000000000001
2017-04-22,2016,H,H,0.4267256994350809,0.2536569911965963,0.31961730936832294,1.91,3.7,4.33,H,1.91,True,90.99999999999999
2017-04-23,2016,A,A,0.14719115419500836,0.22631875256834016,0.6264900932366515,5.75,4.0,1.67,A,1.67,True,67.0
2017-04-23,2016,A,H,0.6243816917143794,0.2114033042040041,0.16421500408161663,1.5,4.75,7.0,H,1.5,False,-100.0
2017-04-25,2016,H,H,0.680167494692909,0.20258834604563788,0.11724415926145307,1.45,4.6,8.5,H,1.45,True,44.99999999999999
2017-04-26,2016,H,H,0.4908892088181601,0.23934594646813193,0.26976484471370793,1.6,4.5,5.75,H,1.6,True,60.00000000000001
2017-04-26,2016,A,A,0.15114528624193913,0.218992963566786,0.6298617501912749,5.5,4.2,1.65,A,1.65,True,64.99999999999999
2017-04-26,2016,H,H,0.4085714307627188,0.2673000654740113,0.3241285037632699,2.3,3.4,3.4,H,2.3,True,129.99999999999997
2017-04-27,2016,D,H,0.47753795945077226,0.2778092907517105,0.24465274979751714,1.91,3.75,4.2,H,1.91,False,-100.0
2017-04-29,2016,A,A,0.3568528168187215,0.28294087301796467,0.3602063101633138,2.4,3.5,2.75,A,2.75,True,175.0
2017-04-29,2016,A,A,0.3166358396076818,0.24892255854925668,0.43444160184306146,3.0,3.4,2.3,A,2.3,True,129.99999999999997
2017-04-29,2016,D,H,0.412383185551002,0.27479617763122344,0.31282063681777456,2.0,3.5,3.6,H,2.0,False,-100.0
2017-04-29,2016,D,H,0.5705500037312145,0.23146640165547744,0.19798359461330814,1.6,3.75,5.75,H,1.6,False,-100.0
2017-04-29,2016,A,H,0.5459592606879189,0.25572122886037296,0.19831951045170804,1.75,3.5,4.75,H,1.75,False,-100.0
2017-04-30,2016,D,A,0.01933201508404527,0.07723116832402616,0.9034368165919286,13.0,5.25,1.25,A,1.25,False,-100.0
2017-04-30,2016,A,A,0.3018264707705204,0.254258909379952,0.4439146198495276,3.5,3.6,2.0,A,2.0,True,100.0
2017-04-30,2016,D,H,0.6789794827118452,0.22038068879609568,0.10063982849205928,1.36,4.75,8.0,H,1.36,False,-100.0
2017-04-30,2016,H,H,0.6065814902712178,0.2415059445872793,0.15191256514150295,1.85,3.75,4.0,H,1.85,True,85.00000000000001
2017-05-01,2016,A,A,0.18269467819469856,0.20091835985900416,0.6163869619462973,5.75,4.5,1.5,A,1.5,True,50.0
2017-05-05,2016,H,A,0.048391335242531905,0.13626136284724197,0.8153473019102261,8.5,5.25,1.4,A,1.4,False,-100.0
2017-05-06,2016,A,H,0.6456362504066071,0.2015126253849809,0.1528511242084119,1.44,4.75,8.0,H,1.44,False,-100.0
2017-05-06,2016,D,H,0.48396355599361274,0.2750922747819472,0.24094416922444015,2.25,3.3,3.6,H,2.25,False,-100.0
2017-05-06,2016,D,H,0.4460583887997165,0.26470928172257385,0.28923232947770966,2.25,3.6,3.3,H,2.25,False,-100.0
2017-05-06,2016,H,A,0.3281613386585468,0.248513534516278,0.4233251268251752,2.8,3.5,2.63,A,2.63,False,-100.0
2017-05-06,2016,H,H,0.7174517217021567,0.17931099577297546,0.10323728252486794,1.29,6.5,11.0,H,1.29,True,29.000000000000004
2017-05-06,2016,H,H,0.5905062442734492,0.22259903510185075,0.1868947206247,1.57,4.2,6.5,H,1.57,True,57.00000000000001
2017-05-07,2016,H,H,0.47258024833147855,0.29403377738496,0.2333859742835613,1.91,3.7,4.33,H,1.91,True,90.99999999999999
2017-05-07,2016,D,H,0.6012133653031164,0.22585474939850597,0.1729318852983776,1.62,4.2,6.0,H,1.62,False,-100.0
2017-05-08,2016,H,H,0.8691657070251053,0.09271379477522836,0.038120498199666335,1.17,9.0,19.0,H,1.17,True,16.999999999999993
2017-05-10,2016,A,A,0.24767582077824454,0.2464897649525728,0.5058344142691826,3.6,3.8,2.05,A,2.05,True,104.99999999999999
2017-05-12,2016,A,A,0.034459796461132286,0.10746967458949562,0.8580705289493722,10.0,5.25,1.36,A,1.36,True,36.00000000000001
2017-05-12,2016,H,H,0.6320085028453076,0.21484255912871036,0.15314893802598206,1.5,4.5,7.5,H,1.5,True,50.0
2017-05-13,2016,A,A,0.25113318493990444,0.28794729572847144,0.460919519331624,4.2,3.8,1.91,A,1.91,True,90.99999999999999
2017-05-13,2016,A,A,0.18238151365880695,0.2501925397982564,0.5674259465429367,4.75,4.1,1.75,A,1.75,True,75.0
2017-05-13,2016,A,A,0.2922638371997555,0.24398446143285255,0.46375170136739197,4.0,3.6,2.0,A,2.0,True,100.0
2017-05-13,2016,H,H,0.4886092872338293,0.2677679188929545,0.24362279387321636,1.91,3.75,4.2,H,1.91,True,90.99999999999999
2017-05-13,2016,H,H,0.7663657870880188,0.1635962544850754,0.07003795842690584,1.25,7.0,12.0,H,1.25,True,25.0
2017-05-14,2016,H,H,0.44739751494384633,0.2440409756126653,0.30856150944348826,2.1,3.6,3.75,H,2.1,True,110.00000000000001
2017-05-14,2016,H,H,0.6359775890048786,0.24687449251891275,0.11714791847620873,1.73,3.9,5.25,H,1.73,True,73.0
2017-05-14,2016,A,A,0.21231169008800121,0.2600616198981432,0.5276266900138556,5.25,4.0,1.7,A,1.7,True,70.0
2017-05-15,2016,H,H,0.7973936983161777,0.14076144311750236,0.06184485856632004,1.25,6.75,13.0,H,1.25,True,25.0
2017-05-16,2016,H,H,0.9537663856758297,0.03570622006322308,0.010527394260947244,1.09,13.0,29.0,H,1.09,True,9.000000000000007
2017-05-16,2016,H,H,0.9329274269394904,0.058184459228126525,0.00888811383238304,1.14,9.0,23.0,H,1.14,True,13.99999999999999
2017-05-17,2016,D,H,0.36879550021203317,0.29883283054293,0.3323716692450369,2.75,3.3,2.8,H,2.75,False,-100.0
2017-05-18,2016,A,A,0.19237322561375034,0.24846316839680713,0.5591636059894426,4.5,3.8,1.85,A,1.85,True,85.00000000000001
2017-05-21,2016,A,H,0.36725947099497763,0.2760376392133472,0.35670288979167525,2.45,3.5,3.0,H,2.45,False,-100.0
2017-05-21,2016,H,H,0.6812641623780157,0.19672031761409814,0.12201552000788621,1.45,5.0,7.5,H,1.45,True,44.99999999999999
2017-05-21,2016,A,A,0.0753189002772488,0.15681723819743904,0.7678638615253122,7.0,4.75,1.5,A,1.5,True,50.0
2017-05-21,2016,D,H,0.42105175802340034,0.24174919011408044,0.3371990518625193,2.0,3.6,4.0,H,2.0,False,-100.0
2017-05-21,2016,H,H,0.9351956965117129,0.05627137791803175,0.008532925570255312,1.14,9.0,23.0,H,1.14,True,13.99999999999999
2017-05-21,2016,H,H,0.3891616544656654,0.2662798386281263,0.3445585069062084,2.5,3.3,3.1,H,2.5,True,150.0
2017-05-21,2016,A,A,0.0170902199789433,0.06595688487373313,0.9169528951473236,11.0,6.0,1.3,A,1.3,True,30.000000000000004
2017-05-21,2016,A,H,0.5174384089689736,0.2416655378649741,0.24089605316605228,1.8,3.8,4.75,H,1.8,False,-100.0
2017-05-21,2016,H,H,0.5628903424850639,0.24837168746909158,0.18873797004584458,2.1,3.5,3.75,H,2.1,True,110.00000000000001
2017-05-21,2016,H,H,0.9277788355176417,0.06046896303621105,0.011752201446147291,1.14,9.0,23.0,H,1.14,True,13.99999999999999
2017-08-11,2017,H,H,0.7060203064626146,0.1874762832465322,0.10650341029085321,1.53,4.5,6.5,H,1.53,True,53.0
2017-08-12,2017,A,H,0.8740324786339472,0.10274239278859229,0.023225128577460456,1.25,6.5,15.0,H,1.25,False,-100.0
2017-08-12,2017,H,H,0.556257318136964,0.23945966242757852,0.20428301943545746,1.7,3.8,5.75,H,1.7,True,70.0
2017-08-12,2017,D,H,0.5209024393294703,0.287701774932431,0.1913957857380987,1.62,4.0,6.5,H,1.62,False,-100.0
2017-08-12,2017,D,A,0.09488111391123913,0.17719144201181228,0.7279274440769486,6.0,4.2,1.62,A,1.62,False,-100.0
2017-08-12,2017,H,A,0.3170676190568967,0.2767710500055308,0.40616133093757256,2.4,3.3,3.3,A,3.3,False,-100.0
2017-08-13,2017,A,A,0.164950293068026,0.23388165777403871,0.6011680491579352,5.5,4.0,1.7,A,1.7,True,70.0
2017-08-13,2017,H,H,0.7121763874034475,0.18171405432399562,0.10610955827255687,1.3,5.75,12.0,H,1.3,True,30.000000000000004
2017-08-19,2017,A,A,0.06003804478320972,0.1395282391564939,0.8004337160602963,11.0,5.0,1.36,A,1.36,True,36.00000000000001
2017-08-19,2017,H,A,0.16783412237653927,0.21058519416374188,0.6215806834597188,4.5,3.8,1.85,A,1.85,False,-100.0
2017-08-19,2017,H,H,0.7758886433539018,0.16115382658273536,0.06295753006336274,1.36,5.25,9.5,H,1.36,True,36.00000000000001
2017-08-19,2017,H,H,0.5383482513940661,0.25664625968476684,0.20500548892116718,1.75,3.8,5.25,H,1.75,True,75.0
2017-08-19,2017,A,H,0.42741317915870913,0.27907508424369687,0.2935117365975939,2.63,3.2,3.0,H,2.63,False,-100.0
2017-08-19,2017,A,H,0.5482317721770603,0.2292233113041493,0.22254491651879038,2.0,3.6,4.0,H,2.0,False,-100.0
2017-08-19,2017,H,H,0.5914721226720134,0.23216201863788247,0.17636585869010415,1.73,3.8,5.5,H,1.73,True,73.0
2017-08-20,2017,H,H,0.5576203693598394,0.2400579835574074,0.20232164708275324,2.5,3.25,3.2,H,2.5,True,150.0
2017-08-20,2017,A,H,0.5397833501881583,0.2269414087817271,0.23327524103011457,2.1,3.6,3.75,H,2.1,False,-100.0
2017-08-21,2017,D,H,0.7850798475675191,0.15127986380557237,0.06364028862690838,1.33,5.75,10.0,H,1.33,False,-100.0
2017-08-26,2017,A,H,0.43591704219058997,0.2645355724486738,0.2995473853607362,1.95,3.5,4.33,H,1.95,False,-100.0
2017-08-26,2017,D,H,0.5188760630395173,0.25934980507588906,0.2217741318845937,1.91,3.4,4.0,H,1.91,False,-100.0
2017-08-26,2017,H,H,0.765092981258434,0.15282841341108247,0.0820786053304836,1.33,5.5,11.0,H,1.33,True,33.00000000000001
2017-08-26,2017,H,H,0.47939480641605015,0.238241590611589,0.2823636029723609,2.3,3.4,3.4,H,2.3,True,129.99999999999997
2017-08-26,2017,D,H,0.41120846978702097,0.2311100064517858,0.3576815237611931,3.9,3.4,2.1,H,3.9,False,-100.0
2017-08-26,2017,A,A,0.023526776893459146,0.08252036656630422,0.8939528565402367,11.0,6.0,1.3,A,1.3,True,30.000000000000004
2017-08-27,2017,H,H,0.7016814018149344,0.21467043633678423,0.08364816184828124,1.45,4.5,8.5,H,1.45,True,44.99999999999999
2017-08-27,2017,H,H,0.47982781457070417,0.28398663523879725,0.23618555019049853,2.15,3.7,3.5,H,2.15,True,114.99999999999999
2017-08-27,2017,D,H,0.8831931000431945,0.09131097332867277,0.025495926628132777,1.25,6.5,15.0,H,1.25,False,-100.0
2017-08-27,2017,D,H,0.45240227177516534,0.26981465867399684,0.27778306955083787,2.4,3.1,3.5,H,2.4,False,-100.0
2017-09-09,2017,H,H,0.488202237552021,0.268597624683401,0.24320013776457794,1.85,4.0,4.2,H,1.85,True,85.00000000000001
2017-09-09,2017,A,H,0.6020631617755553,0.2275078760886325,0.17042896213581218,1.65,4.0,6.0,H,1.65,False,-100.0
2017-09-09,2017,A,A,0.17628041309814646,0.18380396437517704,0.6399156225266764,4.75,3.9,1.8,A,1.8,True,80.0
2017-09-09,2017,D,A,0.09574252412446964,0.18297070363710252,0.7212867722384277,7.5,4.5,1.5,A,1.5,False,-100.0
2017-09-09,2017,H,A,0.3528634460579914,0.2760602810236382,0.37107627291837025,2.7,3.1,3.0,A,3.0,False,-100.0
2017-09-09,2017,H,H,0.7251934407244782,0.1852617026101419,0.08954485666537991,1.36,5.5,9.0,H,1.36,True,36.00000000000001
2017-09-09,2017,A,A,0.2517528923630957,0.24843721523395942,0.49980989240294493,3.8,3.5,2.1,A,2.1,True,110.00000000000001
2017-09-10,2017,A,H,0.4087099875976469,0.28881606696892126,0.3024739454334319,2.4,3.25,3.3,H,2.4,False,-100.0
2017-09-10,2017,H,H,0.4382209788400964,0.28661272204217403,0.2751662991177296,2.3,3.25,3.5,H,2.3,True,129.99999999999997
2017-09-11,2017,H,H,0.3911203402915041,0.32004180795719517,0.2888378517513007,1.95,3.5,4.5,H,1.95,True,95.0
2017-09-15,2017,H,H,0.40519777337825696,0.2753073116395679,0.3194949149821751,2.15,3.4,3.8,H,2.15,True,114.99999999999999
2017-09-16,2017,D,H,0.46989098918599104,0.23837935855134348,0.29172965226266545,2.38,3.25,3.4,H,2.38,False,-100.0
2017-09-16,2017,A,A,0.04460320820699309,0.11015409734247529,0.8452426944505316,9.0,6.0,1.33,A,1.33,True,33.00000000000001
2017-09-16,2017,D,H,0.8438163998593771,0.12171796430625804,0.03446563583436482,1.22,7.0,15.0,H,1.22,False,-100.0
2017-09-16,2017,D,H,0.814738496406963,0.1402053476507235,0.04505615594231346,1.29,6.0,13.0,H,1.29,False,-100.0
2017-09-16,2017,D,H,0.40061786977638564,0.2510131870827036,0.34836894314091077,3.5,3.4,2.25,H,3.5,False,-100.0
2017-09-16,2017,A,A,0.32179831397091413,0.2696969407103997,0.40850474531868625,3.0,3.3,2.6,A,2.6,True,160.0
2017-09-16,2017,H,H,0.5092857138440576,0.27885124966657543,0.21186303648936697,2.38,3.25,3.4,H,2.38,True,138.0
2017-09-17,2017,D,H,0.5484915400606798,0.23349106768092262,0.21801739225839764,1.8,4.0,4.5,H,1.8,False,-100.0
2017-09-17,2017,H,H,0.7879958971393668,0.150845754301697,0.06115834855893624,1.36,5.25,10.0,H,1.36,True,36.00000000000001
2017-09-23,2017,A,A,0.16999794370134355,0.24246501403818324,0.5875370422604732,5.5,3.8,1.73,A,1.73,True,73.0
2017-09-23,2017,D,H,0.4570207911480124,0.2991328423453441,0.2438463665066434,2.15,3.25,3.9,H,2.15,False,-100.0
2017-09-23,2017,A,A,0.19278768625002532,0.19659094797328092,0.6106213657766938,4.1,3.9,1.91,A,1.91,True,90.99999999999999
2017-09-23,2017,H,H,0.5389084947418183,0.2337262367794679,0.22736526847871377,1.65,4.0,5.75,H,1.65,True,64.99999999999999
2017-09-23,2017,A,H,0.38808654457079567,0.24650055519369138,0.36541290023551287,2.4,3.3,3.25,H,2.4,False,-100.0
2017-09-23,2017,A,A,0.12910112077415,0.19016545014251468,0.6807334290833352,6.0,4.33,1.6,A,1.6,True,60.00000000000001
2017-09-23,2017,A,A,0.14677436083694448,0.21089884832560393,0.6423267908374517,6.0,4.1,1.62,A,1.62,True,62.000000000000014
2017-09-23,2017,H,H,0.92909398216313,0.055439899678596805,0.015466118158273251,1.14,10.0,21.0,H,1.14,True,13.99999999999999
2017-09-24,2017,H,A,0.33218136159272865,0.2945135066343064,0.3733051317729649,2.8,3.1,2.9,A,2.9,False,-100.0
2017-09-25,2017,H,H,0.7295909869757154,0.18730098989263733,0.08310802313164724,1.33,5.5,11.0,H,1.33,True,33.00000000000001
2017-09-30,2017,H,H,0.5125227040313902,0.27249343357364525,0.21498386239496453,1.8,3.5,4.5,H,1.8,True,80.0
2017-09-30,2017,H,H,0.3560053825794793,0.29433697336231796,0.3496576440582029,2.88,3.2,2.45,H,2.88,True,188.0
2017-09-30,2017,H,H,0.8833541507122489,0.08943563653691836,0.02721021275083268,1.17,7.0,15.0,H,1.17,True,16.999999999999993
2017-09-30,2017,D,H,0.4159059835862859,0.25458205950052143,0.3295119569131926,2.15,3.2,3.5,H,2.15,False,-100.0
2017-09-30,2017,A,H,0.3758058698073217,0.285439468395839,0.3387546617968392,2.75,3.3,2.5,H,2.75,False,-100.0
2017-09-30,2017,D,A,0.35523739639765217,0.25595440416030235,0.38880819944204553,2.8,3.25,2.5,A,2.5,False,-100.0
2017-09-30,2017,A,A,0.07770639976684586,0.1449056738289341,0.77738792640422,8.5,4.75,1.36,A,1.36,True,36.00000000000001
2017-10-01,2017,D,A,0.22920004036120792,0.22445082027032554,0.5463491393684665,5.0,3.8,1.67,A,1.67,False,-100.0
2017-10-01,2017,H,H,0.7662070604062047,0.16034885397343185,0.07344408562036348,1.2,6.5,13.0,H,1.2,True,19.999999999999996
2017-10-01,2017,A,H,0.5098753750073348,0.27779490891682307,0.21232971607584208,1.67,3.6,5.75,H,1.67,False,-100.0
2017-10-14,2017,H,H,0.8386124264473259,0.11459877460205671,0.04678879895061737,1.2,8.0,15.0,H,1.2,True,19.999999999999996
2017-10-14,2017,D,H,0.42193120771719705,0.2622140746946907,0.3158547175881123,2.75,3.25,2.8,H,2.75,False,-100.0
2017-10-14,2017,H,A,0.04521961029281383,0.13704624260726597,0.8177341470999201,9.0,5.0,1.4,A,1.4,False,-100.0
2017-10-14,2017,D,H,0.3624783647185443,0.3270556768537119,0.3104659584277439,2.8,3.25,2.8,H,2.8,False,-100.0
2017-10-14,2017,H,H,0.9318988881846946,0.05431315399239941,0.013787957822906101,1.14,9.5,21.0,H,1.14,True,13.99999999999999
2017-10-14,2017,H,H,0.4530137344038281,0.2706392305404671,0.2763470350557047,2.2,3.25,3.75,H,2.2,True,120.00000000000001
2017-10-14,2017,H,A,0.16076070414516064,0.20584245214865948,0.6333968437061799,5.25,4.33,1.65,A,1.65,False,-100.0
2017-10-15,2017,D,H,0.39966472143881826,0.2415590370173399,0.35877624154384186,3.25,3.3,2.4,H,3.25,False,-100.0
2017-10-15,2017,D,H,0.41872316189956166,0.29527177310567704,0.2860050649947612,1.91,3.6,4.5,H,1.91,False,-100.0
2017-10-16,2017,D,H,0.46564189407576334,0.27566877658074174,0.25868932934349487,2.05,3.4,4.2,H,2.05,False,-100.0
2017-10-20,2017,A,H,0.5556079742904723,0.26089065894216906,0.18350136676735873,1.83,3.5,5.25,H,1.83,False,-100.0
2017-10-21,2017,A,H,0.4437356552333221,0.2579801677212195,0.29828417704545845,2.14,3.5,3.6,H,2.14,False,-100.0
2017-10-21,2017,A,H,0.3828795859747759,0.27453319364967765,0.3425872203755465,2.79,3.25,2.75,H,2.79,False,-100.0
2017-10-21,2017,H,H,0.5388222959507833,0.27672559762888915,0.18445210642032747,1.85,3.39,5.25,H,1.85,True,85.00000000000001
2017-10-21,2017,H,A,0.02787334575260673,0.10731927959059254,0.8648073746568007,11.0,5.0,1.36,A,1.36,False,-100.0
2017-10-21,2017,H,H,0.944771071270189,0.046765218361043456,0.008463710368767639,1.11,12.0,26.0,H,1.11,True,11.00000000000001
2017-10-21,2017,H,H,0.7078202290460932,0.16849899325258438,0.12368077770132248,1.36,5.25,10.0,H,1.36,True,36.00000000000001
2017-10-21,2017,H,H,0.580205137914013,0.2254953796742339,0.19429948241175318,2.0,3.5,4.2,H,2.0,True,100.0
2017-10-22,2017,A,A,0.22317806995247164,0.28441546945530277,0.4924064605922256,3.79,3.6,2.04,A,2.04,True,104.0
2017-10-22,2017,H,H,0.5606566699524459,0.22389725520083892,0.21544607484671516,2.25,3.5,3.39,H,2.25,True,125.0
2017-10-28,2017,H,H,0.7895628175383903,0.14907981037864113,0.0613573720829685,1.25,7.0,12.0,H,1.25,True,25.0
2017-10-28,2017,A,A,0.17180395978609145,0.2352851647626149,0.5929108754512937,6.0,4.2,1.61,A,1.61,True,61.00000000000001
2017-10-28,2017,A,H,0.5042120213659076,0.2020727292023981,0.29371524943169436,2.04,3.6,3.79,H,2.04,False,-100.0
2017-10-28,2017,D,H,0.3815169266745254,0.27098903908651184,0.3474940342389627,2.39,3.29,3.29,H,2.39,False,-100.0
2017-10-28,2017,H,H,0.4443274684554363,0.27717754020118873,0.2784949913433749,2.14,3.39,3.79,H,2.14,True,114.00000000000001
2017-10-28,2017,A,A,0.013468818036186554,0.05372438889320506,0.9328067930706084,11.0,6.5,1.28,A,1.28,True,28.000000000000004
2017-10-28,2017,H,H,0.7765518679008815,0.1579546451084895,0.06549348699062901,1.25,6.75,13.0,H,1.25,True,25.0
2017-10-29,2017,D,A,0.3508852671425002,0.2579694000960862,0.39114533276141356,3.29,3.2,2.45,A,2.45,False,-100.0
2017-10-29,2017,H,H,0.48611657782844664,0.23413499830875711,0.2797484238627963,2.14,3.39,3.75,H,2.14,True,114.00000000000001
2017-10-30,2017,H,A,0.3585177240994834,0.2732046626184138,0.36827761328210284,2.89,3.2,2.7,A,2.7,False,-100.0
2017-11-04,2017,A,H,0.385187646144957,0.2983023363445702,0.3165100175104728,2.39,3.2,3.39,H,2.39,False,-100.0
2017-11-04,2017,D,A,0.35474538555835716,0.2792194571168517,0.3660351573247911,2.7,3.29,2.87,A,2.87,False,-100.0
2017-11-04,2017,A,H,0.5575253875554896,0.27701457835707893,0.16546003408743146,1.66,3.75,6.5,H,1.66,False,-100.0
2017-11-04,2017,H,H,0.3952729591019764,0.271549769413854,0.33317727148416965,2.79,3.0,3.0,H,2.79,True,179.0
2017-11-04,2017,A,A,0.16720061913307518,0.18229160759980734,0.6505077732671176,5.25,4.33,1.66,A,1.66,True,65.99999999999999
2017-11-04,2017,A,H,0.5066409121937376,0.2856587788678189,0.20770030893844355,2.0,3.5,4.2,H,2.0,False,-100.0
2017-11-05,2017,H,H,0.44411617050909336,0.2551432648061274,0.3007405646847793,2.2,3.39,3.6,H,2.2,True,120.00000000000001
2017-11-05,2017,H,H,0.6417172877504421,0.20779118402318733,0.15049152822637069,1.39,5.5,7.5,H,1.39,True,38.99999999999999
2017-11-05,2017,H,H,0.4416621545801264,0.301469854652262,0.2568679907676115,2.5,3.2,3.2,H,2.5,True,150.0
2017-11-05,2017,H,H,0.8173433964589867,0.1250359868387076,0.05762061670230578,1.28,6.0,12.0,H,1.28,True,28.000000000000004
2017-11-18,2017,H,H,0.43478591781238407,0.2911507346968589,0.27406334749075695,2.5,3.6,2.89,H,2.5,True,150.0
2017-11-18,2017,H,H,0.5722039337131454,0.24777157394363025,0.18002449234322437,1.83,3.5,5.25,H,1.83,True,83.0
2017-11-18,2017,H,H,0.534759282833002,0.2695426019130772,0.19569811525392072,2.14,3.2,4.0,H,2.14,True,114.00000000000001
2017-11-18,2017,D,H,0.44523569457935613,0.2337864272712368,0.32097787814940704,2.39,3.25,3.29,H,2.39,False,-100.0
2017-11-18,2017,A,A,0.04217476368713424,0.10245965826851226,0.8553655780443534,9.5,5.75,1.33,A,1.33,True,33.00000000000001
2017-11-18,2017,A,A,0.1119966158833668,0.18874858309039336,0.6992548010262399,6.5,4.0,1.61,A,1.61,True,61.00000000000001
2017-11-18,2017,H,H,0.7643861614435208,0.16757662503759396,0.06803721351888534,1.28,5.75,13.0,H,1.28,True,28.000000000000004
2017-11-18,2017,H,H,0.712016651131118,0.1866153701560549,0.10136797871282713,1.39,5.0,9.0,H,1.39,True,38.99999999999999
2017-11-19,2017,H,H,0.44369547832949624,0.26090987948080224,0.2953946421897016,2.1,3.5,3.75,H,2.1,True,110.00000000000001
2017-11-20,2017,D,H,0.46215035180507646,0.23767030432195302,0.30017934387297057,2.39,3.2,3.39,H,2.39,False,-100.0
2017-11-24,2017,D,A,0.3349145666143365,0.26554066230789325,0.39954477107777037,2.7,3.39,2.75,A,2.75,False,-100.0
2017-11-25,2017,D,H,0.8622769673568859,0.11342279885869871,0.02430023378441535,1.25,6.0,16.0,H,1.25,False,-100.0
2017-11-25,2017,D,A,0.33363707071672,0.30388549789770947,0.36247743138557054,2.79,3.25,2.79,A,2.79,False,-100.0
2017-11-25,2017,A,H,0.4521077190693195,0.24318258558220854,0.304709695348472,2.2,3.5,3.5,H,2.2,False,-100.0
2017-11-25,2017,D,H,0.46778902043217335,0.2795632940640988,0.25264768550372785,2.14,3.6,3.5,H,2.14,False,-100.0
2017-11-25,2017,H,H,0.519126415191178,0.23488809732783408,0.24598548748098803,2.04,3.5,4.0,H,2.04,True,104.0
2017-11-25,2017,H,H,0.8645381343893179,0.10946731785889141,0.025994547751790713,1.19,7.0,19.0,H,1.19,True,18.999999999999993
2017-11-26,2017,A,A,0.14957540580834874,0.19413649502422892,0.6562880991674224,6.5,4.5,1.53,A,1.53,True,53.0
2017-11-26,2017,A,A,0.0024750294010324097,0.019457476808064204,0.9780674937909034,17.0,8.0,1.18,A,1.18,True,17.999999999999993
2017-11-26,2017,H,H,0.5077256427234009,0.24208562237097384,0.2501887349056252,1.9,3.39,4.75,H,1.9,True,89.99999999999999
2017-11-28,2017,A,A,0.20660703594855306,0.2579973873015611,0.5353955767498859,5.25,3.89,1.72,A,1.72,True,72.0
2017-11-28,2017,D,H,0.4008658205781319,0.2618342129658854,0.33729996645598265,2.37,3.1,3.5,H,2.37,False,-100.0
2017-11-28,2017,D,H,0.42301641771294657,0.2724223419989713,0.30456124028808207,2.7,3.1,3.0,H,2.7,False,-100.0
2017-11-28,2017,H,A,0.22879119588080093,0.2206151319635745,0.5505936721556245,5.0,3.89,1.75,A,1.75,False,-100.0
2017-11-29,2017,H,H,0.8813148034203228,0.09207718333526524,0.026608013244412122,1.19,7.5,17.0,H,1.19,True,18.999999999999993
2017-11-29,2017,A,H,0.5337584879781779,0.26608983009301845,0.2001516819288036,2.0,3.39,4.33,H,2.0,False,-100.0
2017-11-29,2017,H,H,0.8925329636067879,0.08281648893859461,0.024650547454617425,1.18,8.0,17.0,H,1.18,True,17.999999999999993
2017-11-29,2017,H,H,0.44490486417515274,0.23910765918445415,0.31598747664039306,2.37,3.29,3.29,H,2.37,True,137.0
2017-11-29,2017,H,H,0.850528337869874,0.10154763110469857,0.04792403102542737,1.19,8.0,15.0,H,1.19,True,18.999999999999993
2017-11-29,2017,A,A,0.11553824062763828,0.17413883355841217,0.7103229258139495,6.5,4.5,1.55,A,1.55,True,55.00000000000001
2017-12-02,2017,H,H,0.6141055179206814,0.198082504545612,0.18781197753370668,1.72,3.79,5.5,H,1.72,True,72.0
2017-12-02,2017,A,H,0.4397580851949587,0.28690540631182143,0.27333650849321994,2.5,3.39,3.0,H,2.5,False,-100.0
2017-12-02,2017,A,A,0.08307235789242151,0.1652899467740025,0.7516376953335759,7.5,4.5,1.5,A,1.5,True,50.0
2017-12-02,2017,H,H,0.8788507939872222,0.09457269069430262,0.026576515318475245,1.25,6.5,15.0,H,1.25,True,25.0
2017-12-02,2017,H,H,0.5456286060974437,0.26055116908562426,0.19382022481693206,1.95,3.39,4.5,H,1.95,True,95.0
2017-12-02,2017,D,A,0.34853090178040924,0.2794602116822467,0.37200888653734393,2.5,3.2,3.2,A,3.2,False,-100.0
2017-12-02,2017,D,A,0.22808675917958476,0.2351275882597006,0.5367856525607148,5.0,4.0,1.72,A,1.72,False,-100.0
2017-12-02,2017,H,H,0.48183440663531857,0.2743547452132718,0.2438108481514096,1.83,3.6,5.0,H,1.83,True,83.0
2017-12-03,2017,D,H,0.43407546754098253,0.2635183894572676,0.30240614300175,2.89,3.25,2.39,H,2.89,False,-100.0
2017-12-03,2017,H,H,0.9238397679694693,0.05341488629772916,0.02274534573280157,1.08,11.0,21.0,H,1.08,True,8.000000000000007
2017-12-09,2017,A,A,0.35428622486805017,0.2728714964487733,0.37284227868317643,2.62,3.29,2.89,A,2.89,True,189.0
2017-12-09,2017,H,A,0.3570122043612326,0.2831621681845216,0.35982562745424573,2.7,3.1,3.0,A,3.0,False,-100.0
2017-12-09,2017,H,H,0.3805622884758949,0.2684260393618325,0.3510116721622726,2.7,3.1,3.0,H,2.7,True,170.00000000000003
2017-12-09,2017,H,H,0.6958186173570398,0.17381660062760895,0.13036478201535132,1.28,6.5,11.0,H,1.28,True,28.000000000000004
2017-12-09,2017,H,H,0.44911550234235165,0.26147978290867896,0.2894047147489694,2.6,3.25,3.0,H,2.6,True,160.0
2017-12-09,2017,D,H,0.4669242437021172,0.2815334926276938,0.2515422636701891,2.04,3.5,4.0,H,2.04,False,-100.0
2017-12-09,2017,H,A,0.06325938017534538,0.1431227679899574,0.7936178518346972,7.5,4.5,1.5,A,1.5,False,-100.0
2017-12-10,2017,D,A,0.21834445100108835,0.2257830084210464,0.5558725405778654,4.0,3.75,1.95,A,1.95,False,-100.0
2017-12-10,2017,D,H,0.7589060947016714,0.16510542385724317,0.07598848144108548,1.3,6.0,11.0,H,1.3,False,-100.0
2017-12-10,2017,A,A,0.3266634430354462,0.26216973973107077,0.41116681723348303,3.39,3.5,2.25,A,2.25,True,125.0
2017-12-12,2017,H,H,0.5436603306831029,0.23538715628259038,0.22095251303430669,2.29,3.2,3.6,H,2.29,True,129.0
2017-12-12,2017,H,H,0.46634623433249767,0.26956027107998354,0.26409349458751874,2.29,3.5,3.25,H,2.29,True,129.0
2017-12-12,2017,A,A,0.05582350865517548,0.13771904075348043,0.8064574505913441,9.0,4.5,1.44,A,1.44,True,43.99999999999999
2017-12-13,2017,D,A,0.14629925635152982,0.18184416767447759,0.6718565759739926,5.25,4.2,1.66,A,1.66,False,-100.0
2017-12-13,2017,A,A,0.0059170753966774695,0.03993588583816971,0.9541470387651529,15.0,6.5,1.25,A,1.25,True,25.0
2017-12-13,2017,A,H,0.4322096645692878,0.27147163900896243,0.2963186964217498,2.1,3.39,3.89,H,2.1,False,-100.0
2017-12-13,2017,D,H,0.8501929301668322,0.1139017627078822,0.03590530712528562,1.22,7.0,15.0,H,1.22,False,-100.0
2017-12-13,2017,H,H,0.7770666213962738,0.1572667407304449,0.06566663787328142,1.28,6.0,12.0,H,1.28,True,28.000000000000004
2017-12-13,2017,H,H,0.8323982592379792,0.12690508969866438,0.040696651063356536,1.25,6.5,15.0,H,1.25,True,25.0
2017-12-13,2017,A,H,0.35843647167797915,0.28350426165500464,0.3580592666670162,2.39,3.29,3.25,H,2.39,False,-100.0
2017-12-16,2017,H,H,0.7325222294312064,0.17843995892209222,0.08903781164670142,1.39,5.0,9.0,H,1.39,True,38.99999999999999
2017-12-16,2017,D,A,0.3395786220722956,0.2982847237448057,0.3621366541828988,2.62,3.0,3.2,A,3.2,False,-100.0
2017-12-16,2017,H,H,0.8401663044482829,0.12010649164538831,0.03972720390632878,1.25,6.5,14.0,H,1.25,True,25.0
2017-12-16,2017,A,H,0.5667125239619644,0.2434699213619767,0.189817554676059,1.89,3.6,4.5,H,1.89,False,-100.0
2017-12-16,2017,H,H,0.6604891766173553,0.21199027074422447,0.1275205526384203,1.55,4.59,6.0,H,1.55,True,55.00000000000001
2017-12-16,2017,A,H,0.42420560213795444,0.2799682594431605,0.29582613841888505,2.29,3.29,3.5,H,2.29,False,-100.0
2017-12-16,2017,A,H,0.5321404930831444,0.2285582624244865,0.23930124449236917,1.8,3.75,5.0,H,1.8,False,-100.0
2017-12-17,2017,A,A,0.12703422236828799,0.19656361735696865,0.6764021602747434,6.5,4.5,1.53,A,1.53,True,53.0
2017-12-17,2017,A,A,0.12042839413538192,0.20924921560188423,0.6703223902627338,6.5,4.0,1.6,A,1.6,True,60.00000000000001
2017-12-18,2017,H,H,0.6038079517376859,0.2256429983043109,0.17054904995800332,1.72,3.75,5.5,H,1.72,True,72.0
2017-12-22,2017,D,H,0.41398246830879704,0.3109302886127658,0.27508724307843707,2.54,3.6,2.79,H,2.54,False,-100.0
2017-12-23,2017,D,A,0.30483964338822045,0.25798702296230847,0.43717333364947114,4.5,3.6,1.9,A,1.9,False,-100.0
2017-12-23,2017,H,H,0.42316851044287074,0.242246524262376,0.3345849652947533,2.62,3.2,3.0,H,2.62,True,162.0
2017-12-23,2017,A,A,0.16418464583659184,0.2054749887061474,0.6303403654572608,7.0,4.2,1.55,A,1.55,True,55.00000000000001
2017-12-23,2017,D,A,0.19265354796934311,0.2200478484348784,0.5872986035957785,6.0,3.89,1.66,A,1.66,False,-100.0
2017-12-23,2017,D,H,0.5448934627073978,0.22866983581592698,0.22643670147667527,1.61,3.89,6.5,H,1.61,False,-100.0
2017-12-23,2017,H,H,0.9436096721840881,0.04563001490710185,0.010760312908810054,1.12,11.0,23.0,H,1.12,True,12.00000000000001
2017-12-23,2017,D,A,0.2730668947926633,0.27495737780919444,0.4519757273981421,3.29,3.2,2.45,A,2.45,False,-100.0
2017-12-23,2017,A,H,0.5277799701305286,0.2321668182282262,0.24005321164124527,2.1,3.39,3.89,H,2.1,False,-100.0
2017-12-23,2017,H,H,0.4171024929883002,0.28642162187904907,0.2964758851326508,2.29,3.25,3.5,H,2.29,True,129.0
2017-12-26,2017,D,H,0.4656886962690774,0.2484034648725004,0.2859078388584223,2.5,3.2,3.2,H,2.5,False,-100.0
2017-12-26,2017,D,A,0.34467931575524385,0.277865418906451,0.37745526533830515,2.79,3.29,2.75,A,2.75,False,-100.0
2017-12-26,2017,H,H,0.8711845665010962,0.10353501434950067,0.025280419149403037,1.19,7.5,17.0,H,1.19,True,18.999999999999993
2017-12-26,2017,H,H,0.8904523091599041,0.08053716748844503,0.029010523351650934,1.16,9.0,19.0,H,1.16,True,15.999999999999993
2017-12-26,2017,D,H,0.8066804372387613,0.14541769895986975,0.04790186380136887,1.25,6.5,15.0,H,1.25,False,-100.0
2017-12-26,2017,H,A,0.3027012682430359,0.23933280583424613,0.45796592592271795,2.54,3.5,2.87,A,2.87,False,-100.0
2017-12-26,2017,D,H,0.3517372487919381,0.3264988071419971,0.32176394406606473,2.54,3.2,3.1,H,2.54,False,-100.0
2017-12-26,2017,H,H,0.7524495234976002,0.1751586395152692,0.07239183698713075,1.36,5.25,10.0,H,1.36,True,36.00000000000001
2017-12-27,2017,A,A,0.008683011668195932,0.044248849267544646,0.9470681390642594,13.0,6.75,1.25,A,1.25,True,25.0
2017-12-28,2017,A,A,0.27031085212512623,0.24275172700602315,0.48693742086885067,4.5,4.0,1.8,A,1.8,True,80.0
2017-12-30,2017,D,H,0.7001506069088168,0.1780043631684882,0.121845029922695,1.36,5.5,9.0,H,1.36,False,-100.0
2017-12-30,2017,D,H,0.4642218620984437,0.2821318224814483,0.25364631542010807,2.14,3.2,4.0,H,2.14,False,-100.0
2017-12-30,2017,A,H,0.5521956460412917,0.22265566853419308,0.22514868542451527,1.66,3.79,6.0,H,1.66,False,-100.0
2017-12-30,2017,D,H,0.479677878343829,0.3045123121486229,0.21580980950754805,2.37,3.1,3.5,H,2.37,False,-100.0
2017-12-30,2017,H,H,0.8893567907328102,0.08712800361028643,0.02351520565690342,1.16,8.5,19.0,H,1.16,True,15.999999999999993
2017-12-30,2017,H,H,0.3817439194926537,0.3092565648084092,0.30899951569893724,2.37,3.29,3.29,H,2.37,True,137.0
2017-12-30,2017,H,H,0.7461373449354534,0.16918016506945208,0.08468248999509445,1.3,6.0,11.0,H,1.3,True,30.000000000000004
2017-12-31,2017,D,A,0.024676096737198665,0.08528183644216429,0.890042066820637,11.0,6.5,1.28,A,1.28,False,-100.0
2017-12-31,2017,D,A,0.1736162080668638,0.20226588984104799,0.6241179020920883,5.0,4.0,1.72,A,1.72,False,-100.0
2018-01-01,2017,H,H,0.5447803231261297,0.2568739564542841,0.19834572041958612,1.66,3.79,6.0,H,1.66,True,65.99999999999999
2018-01-01,2017,A,A,0.2163942074379182,0.23884529281383063,0.5447604997482512,5.5,3.5,1.8,A,1.8,True,80.0
2018-01-01,2017,A,H,0.44048969947036704,0.2824121867337751,0.2770981137958579,2.29,3.29,3.5,H,2.29,False,-100.0
2018-01-01,2017,D,H,0.4326722020922621,0.2475558577513303,0.31977194015640764,2.37,3.2,3.39,H,2.37,False,-100.0
2018-01-01,2017,A,A,0.08586761772770767,0.160089177647826,0.7540432046244664,7.5,4.5,1.5,A,1.5,True,50.0
2018-01-02,2017,H,H,0.9139131842741155,0.0696082305800034,0.01647858514588113,1.12,8.5,19.0,H,1.12,True,12.00000000000001
2018-01-02,2017,A,H,0.450719624021549,0.24776754048845534,0.3015128354899955,1.9,3.39,4.0,H,1.9,False,-100.0
2018-01-02,2017,A,A,0.022249087275698555,0.07570544709653704,0.9020454656277646,12.0,4.75,1.3,A,1.3,True,30.000000000000004
2018-01-02,2017,H,H,0.536372346733629,0.25847724873645356,0.20515040452991742,1.9,3.39,4.09,H,1.9,True,89.99999999999999
2018-01-03,2017,D,A,0.34519123203586005,0.2997108971459656,0.35509787081817423,2.6,3.39,2.6,A,2.6,False,-100.0
2018-01-04,2017,D,H,0.7232880137872272,0.17437245721606082,0.10233952899671192,1.25,6.0,10.0,H,1.25,False,-100.0
2018-01-13,2017,H,H,0.47860438704313446,0.2923635307799484,0.2290320821769171,2.14,3.0,4.33,H,2.14,True,114.00000000000001
2018-01-13,2017,D,H,0.39083934043636637,0.2712185036233995,0.3379421559402341,2.5,3.39,3.0,H,2.5,False,-100.0
2018-01-13,2017,H,H,0.7963719734173271,0.15744919171701874,0.04617883486565423,1.28,6.0,13.0,H,1.28,True,28.000000000000004
2018-01-13,2017,A,H,0.41400013966223337,0.2723647902905678,0.3136350700471988,2.62,3.1,3.1,H,2.62,False,-100.0
2018-01-13,2017,H,H,0.5368079987488614,0.2812726972641812,0.18191930398695733,2.0,3.29,4.5,H,2.0,True,100.0
2018-01-13,2017,D,H,0.8198228194511675,0.14107701991285576,0.03910016063597679,1.3,5.75,12.0,H,1.3,False,-100.0
2018-01-13,2017,D,H,0.5432619353168535,0.2488845887616114,0.2078534759215351,1.95,3.39,4.5,H,1.95,False,-100.0
2018-01-14,2017,H,A,0.21238504886355702,0.21295648802947909,0.5746584631069639,4.75,4.2,1.75,A,1.75,False,-100.0
2018-01-14,2017,H,H,0.3845577297970604,0.29028765821471086,0.3251546119882287,3.1,3.75,2.29,H,3.1,True,210.0
2018-01-15,2017,H,H,0.8387995066376897,0.11567783559193628,0.04552265777037411,1.22,7.0,15.0,H,1.22,True,21.999999999999996
2018-01-20,2017,H,H,0.6068658973813574,0.2073821223866608,0.18575198023198186,1.5,4.75,7.0,H,1.5,True,50.0
2018-01-20,2017,A,A,0.11901957328474645,0.21671641955169033,0.6642640071635632,6.5,3.89,1.61,A,1.61,True,61.00000000000001
2018-01-20,2017,A,A,0.08895051791003088,0.16803258435327642,0.7430168977366927,7.5,3.89,1.57,A,1.57,True,57.00000000000001
2018-01-20,2017,D,H,0.4010076492339233,0.27011173862088184,0.3288806121451948,2.14,3.2,4.0,H,2.14,False,-100.0
2018-01-20,2017,H,H,0.9374634444356839,0.053679741376319846,0.00885681418799637,1.12,10.0,26.0,H,1.12,True,12.00000000000001
2018-01-20,2017,D,H,0.47642471364415434,0.22052426305645198,0.3030510232993937,2.0,3.6,4.0,H,2.0,False,-100.0
2018-01-20,2017,H,H,0.4918558656655796,0.24241352744197006,0.26573060689245037,1.85,3.89,4.33,H,1.85,True,85.00000000000001
2018-01-20,2017,H,H,0.49794725599443856,0.25419189071456466,0.24786085329099677,2.04,3.39,4.09,H,2.04,True,104.0
2018-01-21,2017,D,A,0.12206398025942955,0.18002479251393058,0.6979112272266398,5.75,4.09,1.64,A,1.64,False,-100.0
2018-01-22,2017,H,A,0.01821644854540048,0.056704009259667065,0.9250795421949324,12.0,5.75,1.3,A,1.3,False,-100.0
2018-01-30,2017,A,A,0.016505116239976116,0.05614999684103734,0.9273448869189865,12.0,5.75,1.3,A,1.3,True,30.000000000000004
2018-01-30,2017,H,A,0.11161530875748583,0.154298066853266,0.7340866243892482,7.0,4.59,1.5,A,1.5,False,-100.0
2018-01-30,2017,D,H,0.41592653765491416,0.24664010277738696,0.33743335956769893,3.1,3.25,2.54,H,3.1,False,-100.0
2018-01-31,2017,H,H,0.9065332640855511,0.0683991387730067,0.02506759714144208,1.14,10.0,21.0,H,1.14,True,13.99999999999999
2018-01-31,2017,A,H,0.7598200580875504,0.1486750624587852,0.09150487945366441,1.28,6.5,11.0,H,1.28,False,-100.0
2018-01-31,2017,H,A,0.2968864621139197,0.28781208665174624,0.41530145123433415,3.0,3.2,2.62,A,2.62,False,-100.0
2018-01-31,2017,H,H,0.4755218251232543,0.29977714347476064,0.22470103140198502,2.35,3.29,3.39,H,2.35,True,135.0
2018-01-31,2017,D,H,0.48538848959300146,0.28835706915467935,0.2262544412523192,2.2,3.2,3.89,H,2.2,False,-100.0
2018-01-31,2017,D,H,0.4539773863897851,0.24027983937945432,0.3057427742307607,2.25,3.5,3.39,H,2.25,False,-100.0
2018-01-31,2017,D,H,0.5910768356056162,0.22829163661384663,0.1806315277805372,1.75,3.5,6.0,H,1.75,False,-100.0
2018-02-03,2017,H,H,0.9005428644920913,0.07779625182463484,0.021660883683273926,1.16,8.5,19.0,H,1.16,True,15.999999999999993
2018-02-03,2017,A,H,0.41832651376343416,0.2886458937072575,0.2930275925293084,2.54,3.2,3.1,H,2.54,False,-100.0
2018-02-03,2017,D,H,0.5015342757486716,0.28406740315132306,0.21439832110000534,1.8,3.6,5.25,H,1.8,False,-100.0
2018-02-03,2017,D,A,0.014013239101144572,0.06720206672897557,0.9187846941698798,13.0,6.0,1.28,A,1.28,False,-100.0
2018-02-03,2017,H,H,0.3964619523087865,0.3067347682177799,0.2968032794734335,2.35,3.0,3.7,H,2.35,True,135.0
2018-02-03,2017,H,H,0.5761492305022391,0.2537830749608849,0.17006769453687604,1.9,3.7,4.33,H,1.9,True,89.99999999999999
2018-02-03,2017,H,H,0.7803000616133864,0.14509799273891474,0.07460194564769881,1.3,5.75,12.0,H,1.3,True,30.000000000000004
2018-02-04,2017,D,H,0.4944260846640332,0.2729422779270398,0.232631637408927,2.04,3.39,4.2,H,2.04,False,-100.0
2018-02-04,2017,D,H,0.4785905043236442,0.26310544921139023,0.2583040464649655,2.1,3.75,3.6,H,2.1,False,-100.0
2018-02-05,2017,H,A,0.113032224156185,0.20059529615870242,0.6863724796851126,6.25,4.0,1.61,A,1.61,False,-100.0
2018-02-10,2017,D,H,0.462931928425472,0.2500015401571938,0.2870665314173342,2.2,3.2,3.39,H,2.2,False,-100.0
2018-02-10,2017,H,A,0.3734298065242538,0.2528860104844572,0.373684182991289,2.25,3.25,3.2,A,3.2,False,-100.0
2018-02-10,2017,H,H,0.8124522950233554,0.1342112199825044,0.05333648499414017,1.19,6.5,13.0,H,1.19,True,18.999999999999993
2018-02-10,2017,H,H,0.3998699005988962,0.24720197098569216,0.35292812841541155,2.5,3.29,2.79,H,2.5,True,150.0
2018-02-10,2017,H,H,0.49678772313440445,0.2855207842813866,0.21769149258420895,2.0,3.6,3.5,H,2.0,True,100.0
2018-02-10,2017,H,H,0.4874227919177985,0.26531582672293424,0.24726138135926734,2.37,3.0,3.25,H,2.37,True,137.0
2018-02-11,2017,H,A,0.20827314504292865,0.23249452959640451,0.5592323253606667,3.25,3.2,2.25,A,2.25,False,-100.0
2018-02-11,2017,H,A,0.1827357555958669,0.24468031501749476,0.5725839293866383,5.5,3.75,1.61,A,1.61,False,-100.0
2018-02-11,2017,A,A,0.23564111264874266,0.22648835417188973,0.5378705331793677,4.2,3.79,1.8,A,1.8,True,80.0
2018-02-12,2017,H,H,0.6691412790046063,0.20419724476139225,0.12666147623400154,1.36,4.75,8.0,H,1.36,True,36.00000000000001
2018-02-24,2017,H,H,0.4649272270153277,0.25023826091816875,0.2848345120665035,2.25,3.39,3.5,H,2.25,True,125.0
2018-02-24,2017,A,H,0.5356068660640728,0.23675215593105667,0.22764097800487051,1.95,3.29,4.75,H,1.95,False,-100.0
2018-02-24,2017,H,H,0.754528186207577,0.1594058972190432,0.0860659165733799,1.22,7.5,13.0,H,1.22,True,21.999999999999996
2018-02-24,2017,D,A,0.3298308632157325,0.2897581435502213,0.38041099323404626,2.89,3.1,2.79,A,2.79,False,-100.0
2018-02-24,2017,H,H,0.4184573586041758,0.3203323852744812,0.26121025612134285,2.14,3.25,4.0,H,2.14,True,114.00000000000001
2018-02-24,2017,D,H,0.5053442271469546,0.2634732823586354,0.23118249049441011,2.1,3.5,3.79,H,2.1,False,-100.0
2018-02-24,2017,D,H,0.4950424299344928,0.2577177331390057,0.24723983692650142,1.72,3.89,5.25,H,1.72,False,-100.0
2018-02-25,2017,H,H,0.47676055968693376,0.27446863803445465,0.24877080227861165,2.29,3.25,3.5,H,2.29,True,129.0
2018-02-25,2017,A,A,0.0940399191694864,0.17686136600025887,0.7290987148302548,7.5,4.5,1.5,A,1.5,True,50.0
2018-03-01,2017,A,A,0.2053362711270524,0.22812691089267959,0.566536817980268,4.5,4.0,1.72,A,1.72,True,72.0
2018-03-03,2017,D,H,0.5301829379111844,0.26905604273709355,0.20076101935172205,1.75,3.75,5.25,H,1.75,False,-100.0
2018-03-03,2017,H,H,0.5560553798140865,0.24592730975980492,0.1980173104261086,2.14,3.29,3.89,H,2.14,True,114.00000000000001
2018-03-03,2017,H,H,0.8727352528697906,0.0964241324852525,0.030840614644956903,1.19,7.5,17.0,H,1.19,True,18.999999999999993
2018-03-03,2017,H,H,0.45199880842127693,0.2648186555321472,0.283182536046576,2.6,3.25,3.0,H,2.6,True,160.0
2018-03-03,2017,H,H,0.821741878810101,0.13276265911729604,0.045495462072603056,1.22,7.0,15.0,H,1.22,True,21.999999999999996
2018-03-03,2017,D,H,0.48470423324192163,0.24182102017788465,0.27347474658019366,1.85,3.75,4.5,H,1.85,False,-100.0
2018-03-03,2017,H,H,0.38856261043166496,0.2845442641158093,0.32689312545252575,2.5,3.1,3.29,H,2.5,True,150.0
2018-03-04,2017,H,A,0.27812258186939187,0.2691325188720523,0.45274489925855577,4.2,3.79,1.9,A,1.9,False,-100.0
2018-03-04,2017,H,H,0.6811767666376928,0.1966247429176007,0.12219849044470657,1.61,4.2,6.0,H,1.61,True,61.00000000000001
2018-03-05,2017,A,A,0.11794751653502307,0.21274595131798535,0.6693065321469915,7.0,4.0,1.57,A,1.57,True,57.00000000000001
2018-03-10,2017,H,H,0.7417677828968817,0.16764606267083898,0.09058615443227923,1.3,5.75,12.0,H,1.3,True,30.000000000000004
2018-03-10,2017,H,H,0.384161325758311,0.27578751166592186,0.34005116257576706,2.75,3.39,2.75,H,2.75,True,175.0
2018-03-10,2017,D,H,0.3850389240107534,0.2798054127395038,0.3351556632497429,2.54,3.1,3.2,H,2.54,False,-100.0
2018-03-10,2017,H,H,0.42588311422723124,0.2536970158242902,0.32041986994847865,2.2,3.2,3.89,H,2.2,True,120.00000000000001
2018-03-10,2017,A,A,0.3149748932983313,0.23650420202720018,0.4485209046744686,3.0,3.25,2.6,A,2.6,True,160.0
2018-03-10,2017,A,H,0.4214108938474558,0.2557891002050539,0.3228000059474903,2.29,3.2,3.6,H,2.29,False,-100.0
2018-03-10,2017,H,H,0.3911621476936139,0.2902769862334455,0.3185608660729406,2.79,3.2,2.79,H,2.79,True,179.0
2018-03-11,2017,H,H,0.5455985494181764,0.22656406940560642,0.2278373811762171,1.44,5.0,7.5,H,1.44,True,43.99999999999999
2018-03-11,2017,A,A,0.13353123745572473,0.19493892442419108,0.6715298381200843,6.5,4.5,1.55,A,1.55,True,55.00000000000001
2018-03-12,2017,A,A,0.007350769791459241,0.05343156884239902,0.9392176613661416,15.0,6.5,1.25,A,1.25,True,25.0
2018-03-17,2017,H,H,0.5912347425188829,0.22167992806285694,0.18708532941826023,1.83,3.6,5.0,H,1.83,True,83.0
2018-03-17,2017,A,H,0.4283067140728175,0.2819386077495545,0.2897546781776279,3.0,3.1,2.7,H,3.0,False,-100.0
2018-03-17,2017,H,H,0.7995325071167791,0.12618838482600767,0.07427910805721331,1.19,8.0,15.0,H,1.19,True,18.999999999999993
2018-03-17,2017,A,H,0.3831621927791912,0.27175466335372966,0.3450831438670791,2.5,3.29,3.1,H,2.5,False,-100.0
2018-03-31,2017,A,A,0.07132688035380434,0.14943811469380613,0.7792350049523895,9.0,5.0,1.33,A,1.33,True,33.00000000000001
2018-03-31,2017,A,A,0.09247727816801064,0.18129013234970526,0.726232589482284,7.0,4.33,1.44,A,1.44,True,43.99999999999999
2018-03-31,2017,A,A,0.342863840973653,0.2765275534685425,0.3806086055578044,2.5,3.0,3.1,A,3.1,True,210.0
2018-03-31,2017,A,H,0.4461079827553062,0.2765572291601435,0.2773347880845502,2.7,3.2,2.62,H,2.7,False,-100.0
2018-03-31,2017,D,H,0.4538436215843214,0.22488953609703619,0.3212668423186424,2.29,3.29,3.1,H,2.29,False,-100.0
2018-03-31,2017,H,A,0.34728678542379643,0.25450496987569093,0.3982082447005126,2.7,3.25,2.6,A,2.6,False,-100.0
2018-03-31,2017,H,H,0.5485052349013892,0.2536325098549909,0.1978622552436198,1.75,3.39,5.0,H,1.75,True,75.0
2018-03-31,2017,H,H,0.7346403876327107,0.17043053928565577,0.09492907308163348,1.25,6.0,10.0,H,1.25,True,25.0
2018-04-01,2017,A,H,0.3911866709628742,0.29745575531789403,0.3113575737192318,2.29,3.29,3.1,H,2.29,False,-100.0
2018-04-01,2017,H,H,0.7254240687591008,0.1774693159854071,0.097106615255492,1.28,5.5,10.0,H,1.28,True,28.000000000000004
2018-04-07,2017,D,H,0.4353800332940264,0.287262573625021,0.2773573930809526,2.5,3.39,3.0,H,2.5,False,-100.0
2018-04-07,2017,D,H,0.5615884280784286,0.26216325280711084,0.17624831911446057,1.85,3.5,5.0,H,1.85,False,-100.0
2018-04-07,2017,A,H,0.5035329727372682,0.2535962204570231,0.24287080680570866,1.95,3.6,4.2,H,1.95,False,-100.0
2018-04-07,2017,D,A,0.2253511114383356,0.24157693980415218,0.5330719487575122,4.2,3.75,1.9,A,1.9,False,-100.0
2018-04-07,2017,A,A,0.020444227144676936,0.08492521879610264,0.8946305540592204,11.0,5.5,1.33,A,1.33,True,33.00000000000001
2018-04-07,2017,A,H,0.42160188052557795,0.278899697953973,0.29949842152044903,2.39,3.2,3.39,H,2.39,False,-100.0
2018-04-07,2017,D,H,0.3740480262747949,0.27916589739004194,0.3467860763351631,2.37,3.2,3.39,H,2.37,False,-100.0
2018-04-07,2017,A,H,0.5537717711553545,0.2592380929199347,0.18699013592471075,1.89,3.79,4.2,H,1.89,False,-100.0
2018-04-08,2017,H,H,0.6212388657549586,0.21841469914138611,0.16034643510365532,1.57,4.5,6.0,H,1.57,True,57.00000000000001
2018-04-08,2017,D,H,0.7665113248020843,0.15413485878886202,0.07935381640905381,1.28,6.0,12.0,H,1.28,False,-100.0
2018-04-14,2017,H,H,0.4854899947524361,0.25736189197274645,0.2571481132748175,1.9,3.5,4.75,H,1.9,True,89.99999999999999
2018-04-14,2017,D,H,0.37874381608798363,0.2704777548013099,0.35077842911070645,2.54,3.25,3.1,H,2.54,False,-100.0
2018-04-14,2017,A,H,0.47657963938006,0.2514567011772799,0.2719636594426601,2.62,3.6,2.7,H,2.62,False,-100.0
2018-04-14,2017,A,A,0.23933936466612787,0.21935153664319829,0.5413090986906739,4.5,3.75,1.85,A,1.85,True,85.00000000000001
2018-04-14,2017,H,H,0.4808620020024639,0.27059991531517935,0.2485380826823568,2.62,3.2,3.0,H,2.62,True,162.0
2018-04-14,2017,H,H,0.3880675410715217,0.25600502257163255,0.35592743635684576,2.62,3.25,3.0,H,2.62,True,162.0
2018-04-14,2017,H,H,0.7688589382170242,0.13061771802551705,0.10052334375745872,1.25,7.0,12.0,H,1.25,True,25.0
2018-04-15,2017,H,A,0.3138173514252735,0.2782522788296345,0.407930369745092,3.29,3.6,2.25,A,2.25,False,-100.0
2018-04-15,2017,A,H,0.9132276813630388,0.06851741474595112,0.0182549038910101,1.18,8.0,19.0,H,1.18,False,-100.0
2018-04-16,2017,D,H,0.4939546030491104,0.24523703470768332,0.26080836224320647,2.0,3.6,4.0,H,2.0,False,-100.0
2018-04-17,2017,D,A,0.11539029940082283,0.19181005778127655,0.6927996428179006,6.5,4.33,1.55,A,1.55,False,-100.0
2018-04-18,2017,A,A,0.18684364907634857,0.23544068440818047,0.5777156665154709,5.0,3.89,1.75,A,1.75,True,75.0
2018-04-19,2017,A,H,0.38401151254358495,0.2445134136117466,0.37147507384466844,4.0,3.39,1.9,H,4.0,False,-100.0
2018-04-19,2017,D,H,0.5059947961192416,0.25132578676330386,0.24267941711745458,2.25,3.29,3.2,H,2.25,False,-100.0
2018-04-21,2017,D,A,0.30742854086103505,0.23965839590662005,0.45291306323234476,2.89,3.39,2.54,A,2.54,False,-100.0
2018-04-21,2017,D,A,0.08981501570836417,0.17617836665445563,0.7340066176371803,7.5,4.5,1.5,A,1.5,False,-100.0
2018-04-22,2017,H,H,0.9205800008831537,0.06861085789896078,0.010809141217885595,1.14,9.0,23.0,H,1.14,True,13.99999999999999
2018-04-22,2017,D,A,0.34928727383892416,0.28138590943089264,0.36932681673018314,2.29,3.29,3.5,A,3.5,False,-100.0
2018-04-22,2017,H,H,0.6410150709030138,0.2067390553796395,0.15224587371734666,1.55,4.59,6.0,H,1.55,True,55.00000000000001
2018-04-23,2017,H,H,0.4215276358056405,0.2801545131358473,0.2983178510585122,2.29,3.39,3.39,H,2.29,True,129.0
2018-04-28,2017,H,H,0.4858678072929023,0.21120121057498553,0.3029309821321122,1.72,4.0,5.0,H,1.72,True,72.0
2018-04-28,2017,A,H,0.5657088139137939,0.2523567296162526,0.1819344564699534,1.85,3.6,4.75,H,1.85,False,-100.0
2018-04-28,2017,D,H,0.7509438568719641,0.1684542999732139,0.08060184315482205,1.33,5.75,10.0,H,1.33,False,-100.0
2018-04-28,2017,A,A,0.08356294090194413,0.1307894602876587,0.7856475988103971,7.0,4.33,1.53,A,1.53,True,53.0
2018-04-28,2017,H,H,0.4871661638882631,0.27438730980055104,0.2384465263111858,2.04,3.6,3.79,H,2.04,True,104.0
2018-04-28,2017,D,H,0.5394574415316364,0.24662225472586038,0.2139203037425032,2.25,3.2,3.7,H,2.25,False,-100.0
2018-04-28,2017,A,H,0.39110557518035,0.3019439075271999,0.30695051729245004,2.62,3.1,3.1,H,2.62,False,-100.0
2018-04-29,2017,A,A,0.03635683246484222,0.08966878296506446,0.8739743845700931,10.0,5.75,1.33,A,1.33,True,33.00000000000001
2018-04-29,2017,H,H,0.6087729616246828,0.22047974910800047,0.17074728926731672,1.44,4.75,8.0,H,1.44,True,43.99999999999999
2018-04-30,2017,H,H,0.9178770102715984,0.06621752179149981,0.015905467936901684,1.16,8.5,21.0,H,1.16,True,15.999999999999993
2018-05-04,2017,H,A,0.1924633220336756,0.24760443584933559,0.5599322421169889,4.75,3.6,1.85,A,1.85,False,-100.0
2018-05-05,2017,H,A,0.09621486053599732,0.16907383940778006,0.7347113000562225,8.0,4.75,1.44,A,1.44,False,-100.0
2018-05-05,2017,A,A,0.3262599278732624,0.2800254146572194,0.3937146574695181,2.7,3.39,2.79,A,2.79,True,179.0
2018-05-05,2017,H,H,0.38517140811155415,0.2767097278800187,0.3381188640084272,2.37,3.39,3.2,H,2.37,True,137.0
2018-05-05,2017,D,H,0.3918996377321718,0.2670225447557494,0.34107781751207883,2.89,3.29,2.62,H,2.89,False,-100.0
2018-05-05,2017,A,H,0.43021316590728675,0.24089538568716323,0.32889144840555007,2.25,3.5,3.39,H,2.25,False,-100.0
2018-05-05,2017,H,H,0.46962427615447794,0.2511709887166229,0.2792047351288991,2.1,3.6,3.7,H,2.1,True,110.00000000000001
2018-05-06,2017,H,H,0.4515673540274921,0.2834903853618858,0.26494226061062215,2.25,3.6,3.29,H,2.25,True,125.0
2018-05-06,2017,D,H,0.9779272406019774,0.020206664353379346,0.001866095044643256,1.08,13.0,34.0,H,1.08,False,-100.0
2018-05-06,2017,H,H,0.61265614824353,0.2502840612618019,0.1370597904946682,1.57,4.2,6.5,H,1.57,True,57.00000000000001
2018-05-08,2017,A,A,0.30195869641310474,0.28560562223963104,0.4124356813472641,3.1,3.25,2.54,A,2.54,True,154.0
2018-05-09,2017,H,H,0.8313349620053545,0.11448989887344836,0.054175139121197126,1.18,8.5,17.0,H,1.18,True,17.999999999999993
2018-05-09,2017,H,H,0.9488941428564336,0.045531804581171155,0.005574052562395241,1.12,10.0,27.0,H,1.12,True,12.00000000000001
2018-05-09,2017,H,A,0.20910531651126466,0.21296931772098662,0.5779253657677487,3.75,3.79,2.0,A,2.0,False,-100.0
2018-05-09,2017,D,H,0.8836852709945513,0.09429690150277982,0.022017827502668855,1.16,8.5,19.0,H,1.16,False,-100.0
2018-05-10,2017,D,A,0.2144156923314966,0.226138290411815,0.5594460172566884,4.75,3.79,1.8,A,1.8,False,-100.0
2018-05-13,2017,H,H,0.7850493280063006,0.14117690108156045,0.07377377091213906,1.19,8.0,15.0,H,1.19,True,18.999999999999993
2018-05-13,2017,H,H,0.6376833208418493,0.23018332416613352,0.13213335499201717,1.39,5.25,8.5,H,1.39,True,38.99999999999999
2018-05-13,2017,A,H,0.4642311098197451,0.24034243060724886,0.295426459573006,2.14,3.5,3.6,H,2.14,False,-100.0
2018-05-13,2017,H,H,0.5497946630948581,0.25465278323860824,0.19555255366653357,1.8,3.79,4.75,H,1.8,True,80.0
2018-05-13,2017,A,A,0.14923143025936536,0.19233952638632157,0.6584290433543131,6.0,4.33,1.6,A,1.6,True,60.00000000000001
2018-05-13,2017,H,H,0.6736963913358907,0.176659641390648,0.14964396727346135,1.33,6.0,9.0,H,1.33,True,33.00000000000001
2018-05-13,2017,A,A,0.06814355393842952,0.1408863542148718,0.7909700918466985,9.0,5.0,1.39,A,1.39,True,38.99999999999999
2018-05-13,2017,A,H,0.43623972634106367,0.2840793723686911,0.2796809012902453,1.9,3.79,4.2,H,1.9,False,-100.0
2018-05-13,2017,H,H,0.3706581206935581,0.29800040356264274,0.3313414757437992,2.45,3.5,3.0,H,2.45,True,145.00000000000003
2018-05-13,2017,H,A,0.1048852682783511,0.1789684267666302,0.7161463049550187,6.5,4.2,1.6,A,1.6,False,-100.0
2018-08-10,2018,H,H,0.6717675561187438,0.20964615376508394,0.11858629011617215,1.57,3.9,7.5,H,1.57,True,57.00000000000001
2018-08-11,2018,D,H,0.4203877562350846,0.27917254566708394,0.30043969809783155,2.37,3.3,3.3,H,2.37,False,-100.0
2018-08-11,2018,H,H,0.5473054373684205,0.23547205805823904,0.2172225045733404,1.9,3.6,4.5,H,1.9,True,89.99999999999999
2018-08-11,2018,A,A,0.34075909166860513,0.28365337907114085,0.375587529260254,2.5,3.4,3.0,A,3.0,True,200.0
2018-08-11,2018,A,A,0.13971113845761093,0.20858441170534836,0.6517044498370408,6.5,4.0,1.61,A,1.61,True,61.00000000000001
2018-08-11,2018,A,A,0.2375584883165282,0.2710259083528064,0.49141560333066553,3.9,3.5,2.04,A,2.04,True,104.0
2018-08-11,2018,H,H,0.4514550498345726,0.2867731898189278,0.2617717603464997,2.37,3.2,3.4,H,2.37,True,137.0
2018-08-12,2018,A,A,0.28028845341526815,0.2705443529309192,0.4491671936538126,4.0,3.8,1.95,A,1.95,True,95.0
2018-08-12,2018,D,H,0.5881274797700332,0.2474176187706284,0.16445490145933828,1.85,3.5,5.0,H,1.85,False,-100.0
2018-08-12,2018,H,H,0.8079201993349168,0.14216814699319527,0.049911653671888066,1.25,6.5,14.0,H,1.25,True,25.0
2018-08-18,2018,H,H,0.8102208393854016,0.13192374016781308,0.05785542044678536,1.28,6.0,12.0,H,1.28,True,28.000000000000004
2018-08-18,2018,A,H,0.40877634218065156,0.2738602332900534,0.317363424529295,2.1,3.6,3.7,H,2.1,False,-100.0
2018-08-18,2018,H,H,0.46973148247640995,0.259865022814672,0.2704034947089181,2.04,3.5,3.9,H,2.04,True,104.0
2018-08-18,2018,D,A,0.3337700302445251,0.2652568724356788,0.4009730973197961,3.25,3.1,2.54,A,2.54,False,-100.0
2018-08-18,2018,H,H,0.5112542202797871,0.27060785667893783,0.2181379230412751,1.8,4.0,4.5,H,1.8,True,80.0
2018-08-18,2018,H,H,0.5023829896943159,0.2768266250235486,0.22079038528213552,1.9,3.5,4.75,H,1.9,True,89.99999999999999
2018-08-19,2018,H,A,0.16585616076833257,0.23188987034313618,0.6022539688885312,5.5,3.6,1.75,A,1.75,False,-100.0
2018-08-19,2018,A,H,0.4029773112624019,0.30011856122741665,0.2969041275101814,2.45,3.1,3.4,H,2.45,False,-100.0
2018-08-19,2018,H,H,0.9463872599013945,0.04322966446480317,0.010383075633802336,1.1,13.0,26.0,H,1.1,True,10.000000000000009
2018-08-20,2018,A,A,0.16939435744113232,0.21028634278594655,0.620319299772921,7.0,5.0,1.44,A,1.44,True,43.99999999999999
2018-08-25,2018,D,H,0.44738897345893,0.25483018517524647,0.29778084136582356,2.37,3.0,3.7,H,2.37,False,-100.0
2018-08-25,2018,H,H,0.6614777486149417,0.2042679416121845,0.13425430977287378,1.36,5.5,9.0,H,1.36,True,36.00000000000001
2018-08-25,2018,D,H,0.4576742345260769,0.2706544258214187,0.27167133965250434,2.62,3.6,2.75,H,2.62,False,-100.0
2018-08-25,2018,D,A,0.02421007659471673,0.07420278369586654,0.9015871397094167,11.0,6.5,1.28,A,1.28,False,-100.0
2018-08-25,2018,H,H,0.8918609456481327,0.0879229891008797,0.020216065250987722,1.16,8.5,19.0,H,1.16,True,15.999999999999993
2018-08-25,2018,A,H,0.43110119037832084,0.275366095711642,0.29353271391003716,2.45,3.2,3.25,H,2.45,False,-100.0
2018-08-26,2018,H,H,0.4830117020630466,0.26234388927959573,0.25464440865735755,2.0,3.4,4.33,H,2.0,True,100.0
2018-08-26,2018,A,A,0.16238110788264173,0.22972327733688214,0.607895614780476,5.75,4.0,1.66,A,1.66,True,65.99999999999999
2018-08-26,2018,H,H,0.40167715050694897,0.31019026809461714,0.28813258139843384,2.6,3.25,3.0,H,2.6,True,160.0
2018-08-27,2018,A,A,0.3546971301855181,0.2642494459894674,0.38105342382501445,2.62,3.3,2.9,A,2.9,True,190.0
2018-09-01,2018,D,A,0.3738778553299484,0.21742474090905528,0.4086974037609964,2.3,3.4,3.4,A,3.4,False,-100.0
2018-09-01,2018,A,H,0.5230714534862945,0.2672387545682814,0.20968979194542411,2.0,3.5,4.2,H,2.0,False,-100.0
2018-09-01,2018,A,H,0.4024414361975493,0.2750084118170581,0.32255015198539266,2.6,3.4,2.87,H,2.6,False,-100.0
2018-09-01,2018,H,H,0.6952151809093653,0.19877846778479982,0.10600635130583495,1.3,6.0,11.0,H,1.3,True,30.000000000000004
2018-09-01,2018,H,H,0.9471977922629772,0.046622456138837455,0.006179751598185427,1.11,11.0,26.0,H,1.11,True,11.00000000000001
2018-09-01,2018,A,A,0.10599038865456833,0.1881443705632093,0.7058652407822223,7.5,5.0,1.44,A,1.44,True,43.99999999999999
2018-09-01,2018,D,H,0.6779274086436256,0.2017385054806495,0.1203340858757249,1.53,4.2,7.5,H,1.53,False,-100.0
2018-09-02,2018,H,A,0.20151864858318694,0.2234676966293518,0.5750136547874612,5.5,4.2,1.64,A,1.64,False,-100.0
2018-09-02,2018,A,A,0.15444056441141463,0.21061219978446558,0.6349472358041198,6.0,3.75,1.7,A,1.7,True,70.0
2018-09-02,2018,A,A,0.12518591921536393,0.20276878763154535,0.6720452931530908,6.5,4.33,1.57,A,1.57,True,57.00000000000001
2018-09-15,2018,H,H,0.9489706495994755,0.04527774441009313,0.005751605990431314,1.12,10.0,26.0,H,1.12,True,12.00000000000001
2018-09-15,2018,H,H,0.45697064846536867,0.2590869274717111,0.28394242406292025,2.45,3.5,3.0,H,2.45,True,145.00000000000003
2018-09-15,2018,H,H,0.8923810088708988,0.08989420305507763,0.017724788074023657,1.18,8.0,19.0,H,1.18,True,17.999999999999993
2018-09-15,2018,A,A,0.2929133334570273,0.28036055531920745,0.4267261112237652,3.3,3.1,2.5,A,2.5,True,150.0
2018-09-15,2018,A,A,0.21829190230075854,0.2490116543698679,0.5326964433293735,4.2,3.8,1.9,A,1.9,True,89.99999999999999
2018-09-15,2018,A,A,0.34203600715406673,0.2883443844771522,0.369619608368781,3.0,3.6,2.4,A,2.4,True,140.0
2018-09-15,2018,A,A,0.3200164140068774,0.2562220037101571,0.4237615822829654,4.33,3.6,1.95,A,1.95,True,95.0
2018-09-16,2018,A,H,0.5031897401571064,0.23821083631956802,0.2585994235233256,2.0,3.75,3.9,H,2.0,False,-100.0
2018-09-16,2018,H,H,0.597707584881224,0.23328266938313116,0.16900974573564487,1.75,3.6,5.75,H,1.75,True,75.0
2018-09-17,2018,D,H,0.5043477137912948,0.26970593031818696,0.22594635589051812,2.1,3.4,3.9,H,2.1,False,-100.0
2018-09-22,2018,H,A,0.2849398248197606,0.2622229863655618,0.4528371888146776,3.0,3.4,2.5,A,2.5,False,-100.0
2018-09-22,2018,D,H,0.5177487271192702,0.2703343697710044,0.21191690310972533,2.14,3.4,3.75,H,2.14,False,-100.0
2018-09-22,2018,A,A,0.0005657908874664405,0.011813332615249722,0.9876208764972839,23.0,8.0,1.16,A,1.16,True,15.999999999999993
2018-09-22,2018,A,A,0.18582160423709518,0.21742697757651397,0.596751418186391,5.0,4.0,1.75,A,1.75,True,75.0
2018-09-22,2018,D,A,0.35658670399468545,0.28133841256369596,0.3620748834416186,2.54,3.5,2.9,A,2.9,False,-100.0
2018-09-22,2018,H,H,0.6375238446385035,0.2166340451708006,0.1458421101906958,1.61,4.0,6.5,H,1.61,True,61.00000000000001
2018-09-22,2018,H,H,0.8804467055943975,0.09751979586382016,0.022033498541782395,1.2,7.5,17.0,H,1.2,True,19.999999999999996
2018-09-22,2018,D,H,0.6068932437147756,0.2292970009658013,0.16380975531942304,1.57,4.33,6.5,H,1.57,False,-100.0
2018-09-23,2018,H,H,0.6626065148009147,0.19734918825014713,0.1400442969489382,1.44,5.0,7.5,H,1.44,True,43.99999999999999
2018-09-23,2018,D,A,0.10438189706493751,0.1612795643629675,0.7343385385720951,6.0,4.5,1.57,A,1.57,False,-100.0
2018-09-29,2018,A,A,0.06580795122691084,0.14619500238434038,0.7879970463887489,8.5,4.5,1.44,A,1.44,True,43.99999999999999
2018-09-29,2018,H,H,0.6388732634065956,0.2122295377512414,0.14889719884216304,1.44,5.1,7.0,H,1.44,True,43.99999999999999
2018-09-29,2018,D,H,0.39563645013160786,0.3116171150032447,0.29274643486514756,2.8,3.6,2.54,H,2.8,False,-100.0
2018-09-29,2018,H,H,0.49205760063830895,0.23293729110658629,0.2750051082551047,1.75,4.2,4.75,H,1.75,True,75.0
2018-09-29,2018,A,A,0.33242701623467197,0.25464638650334365,0.4129265972619844,2.6,3.3,3.0,A,3.0,True,200.0
2018-09-29,2018,H,H,0.976122830680938,0.022875803462940058,0.001001365856121851,1.1,12.0,34.0,H,1.1,True,10.000000000000009
2018-09-29,2018,H,A,0.22038731910970077,0.2377684664413786,0.5418442144489206,4.5,3.8,1.85,A,1.85,False,-100.0
2018-09-29,2018,H,H,0.589987912969796,0.2482401556002831,0.1617719314299209,1.8,3.6,5.25,H,1.8,True,80.0
2018-09-30,2018,A,H,0.3993345999151167,0.26944606640192886,0.33121933368295453,2.62,3.0,3.2,H,2.62,False,-100.0
2018-10-01,2018,H,H,0.47145506004733106,0.26877635970758795,0.2597685802450809,2.25,3.5,3.4,H,2.25,True,125.0
2018-10-05,2018,H,A,0.3551453663687413,0.27263706624821316,0.3722175673830455,2.7,3.3,2.87,A,2.87,False,-100.0
2018-10-06,2018,A,H,0.4768177253902516,0.23143418571594152,0.29174808889380677,2.14,3.6,3.5,H,2.14,False,-100.0
2018-10-06,2018,H,H,0.8497413621660836,0.1064329753727195,0.0438256624611969,1.22,7.0,15.0,H,1.22,True,21.999999999999996
2018-10-06,2018,A,H,0.5290704711993405,0.2480991473920527,0.22283038140860673,2.2,3.4,3.6,H,2.2,False,-100.0
2018-10-06,2018,D,H,0.49084515673044676,0.28706507203697207,0.22208977123258133,2.14,3.1,4.2,H,2.14,False,-100.0
2018-10-06,2018,A,A,0.30322781326522186,0.30106518403630356,0.39570700269847464,3.0,3.2,2.62,A,2.62,True,162.0
2018-10-06,2018,H,H,0.7265672450053138,0.20295809614118238,0.07047465885350387,1.44,4.5,9.0,H,1.44,True,43.99999999999999
2018-10-07,2018,A,A,0.15201450360404395,0.22145830806527636,0.6265271883306797,6.0,4.1,1.61,A,1.61,True,61.00000000000001
2018-10-07,2018,A,A,0.15450147413316148,0.22204480247512992,0.6234537233917087,5.25,4.33,1.66,A,1.66,True,65.99999999999999
2018-10-07,2018,D,H,0.410596583840137,0.27051006623484125,0.31889334992502183,2.54,3.6,2.8,H,2.54,False,-100.0
2018-10-20,2018,D,H,0.5116972635983454,0.22912156885221374,0.25918116754944076,2.04,3.7,3.75,H,2.04,False,-100.0
2018-10-20,2018,H,A,0.3838334082827848,0.21785192486436444,0.39831466685285066,2.5,3.5,2.95,A,2.95,False,-100.0
2018-10-20,2018,D,H,0.5585712557217414,0.2698569097790793,0.17157183449917932,1.75,3.8,5.25,H,1.75,False,-100.0
2018-10-20,2018,A,A,0.032748724714106295,0.11836717737905202,0.8488840979068416,11.0,5.5,1.33,A,1.33,True,33.00000000000001
2018-10-20,2018,H,H,0.9718895493765334,0.026567751111198308,0.001542699512268292,1.08,13.0,34.0,H,1.08,True,8.000000000000007
2018-10-20,2018,A,H,0.42563214037762853,0.25754917048325704,0.3168186891391145,2.2,3.25,3.8,H,2.2,False,-100.0
2018-10-20,2018,A,A,0.25221919842996154,0.2610459453870505,0.48673485618298784,4.1,3.9,1.9,A,1.9,True,89.99999999999999
2018-10-20,2018,A,H,0.6441943071229302,0.22830100027489938,0.12750469260217034,1.75,3.75,5.25,H,1.75,False,-100.0
2018-10-21,2018,H,H,0.5609583246283582,0.2566976328652448,0.18234404250639707,1.85,3.6,4.75,H,1.85,True,85.00000000000001
2018-10-22,2018,H,H,0.663196999564317,0.20053597772918166,0.13626702270650132,1.53,4.5,6.5,H,1.53,True,53.0
2018-10-27,2018,H,A,0.321976259990907,0.28437913787049085,0.3936446021386021,3.2,3.2,2.5,A,2.5,False,-100.0
2018-10-27,2018,D,H,0.47419640046088385,0.27813734712184246,0.24766625241727377,2.1,3.5,3.8,H,2.1,False,-100.0
2018-10-27,2018,A,A,0.25869157556973693,0.24684547216083144,0.4944629522694317,2.9,3.75,2.4,A,2.4,True,140.0
2018-10-27,2018,H,H,0.9461868837223192,0.04428730891279946,0.009525807364881267,1.11,11.0,26.0,H,1.11,True,11.00000000000001
2018-10-27,2018,D,H,0.4674766078874611,0.2836137358459063,0.24890965626663253,2.1,3.4,3.9,H,2.1,False,-100.0
2018-10-27,2018,H,H,0.5720209685959141,0.23320668653127422,0.19477234487281161,1.75,3.75,5.25,H,1.75,True,75.0
2018-10-28,2018,H,H,0.5571764403359633,0.2269441258057153,0.21587943385832142,1.72,3.9,5.25,H,1.72,True,72.0
2018-10-28,2018,D,A,0.17391609745754452,0.22998484016194853,0.5960990623805069,4.75,4.1,1.75,A,1.75,False,-100.0
2018-10-28,2018,A,A,0.039497213432032455,0.11434597490487962,0.8461568116630879,11.0,5.0,1.36,A,1.36,True,36.00000000000001
2018-10-29,2018,A,A,0.23010249786509465,0.26072096315642435,0.509176538978481,4.75,4.1,1.75,A,1.75,True,75.0
2018-11-03,2018,A,A,0.3467525616400963,0.30114499206415024,0.3521024462957534,3.1,3.4,2.45,A,2.45,True,145.00000000000003
2018-11-03,2018,H,H,0.5369898523667967,0.24921067785672338,0.21379946977647996,1.75,3.75,5.25,H,1.75,True,75.0
2018-11-03,2018,H,A,0.35831112930121434,0.2816331871067943,0.36005568359199136,2.75,3.25,2.8,A,2.8,False,-100.0
2018-11-03,2018,H,H,0.6356139026052589,0.24357734746800788,0.12080874992673325,1.61,4.0,6.5,H,1.61,True,61.00000000000001
2018-11-03,2018,A,A,0.26577028984606726,0.2545888882111186,0.47964082194281404,3.8,3.4,2.14,A,2.14,True,114.00000000000001
2018-11-03,2018,A,A,0.3383974438174808,0.26280898729335267,0.3987935688891666,3.6,3.7,2.1,A,2.1,True,110.00000000000001
2018-11-03,2018,D,A,0.32507160824600445,0.2725474683796687,0.40238092337432696,3.9,3.9,1.95,A,1.95,False,-100.0
2018-11-04,2018,H,H,0.8016677351030239,0.14879115330828338,0.049541111588692635,1.25,6.75,13.0,H,1.25,True,25.0
2018-11-04,2018,H,H,0.9633787100989252,0.033622902805702855,0.00299838709537197,1.11,11.0,29.0,H,1.11,True,11.00000000000001
2018-11-05,2018,H,H,0.44134001568705766,0.2268853158521778,0.3317746684607646,2.3,3.5,3.3,H,2.3,True,129.99999999999997
2018-11-10,2018,D,A,0.3120372499943536,0.28808590512366544,0.399876844881981,3.4,3.25,2.35,A,2.35,False,-100.0
2018-11-10,2018,A,A,0.17521375798792696,0.2505051673564172,0.5742810746556559,4.5,3.75,1.85,A,1.85,True,85.00000000000001
2018-11-10,2018,H,H,0.38455965910599527,0.3120948832191128,0.30334545767489185,2.6,3.1,3.1,H,2.6,True,160.0
2018-11-10,2018,H,A,0.3202803950973567,0.30042631461853425,0.37929329028410913,2.9,3.4,2.6,A,2.6,False,-100.0
2018-11-10,2018,D,H,0.41159355716444684,0.27744165313830027,0.3109647896972528,2.5,3.3,3.1,H,2.5,False,-100.0
2018-11-10,2018,D,H,0.7028318465401502,0.182908363772228,0.11425978968762185,1.5,4.33,8.0,H,1.5,False,-100.0
2018-11-11,2018,D,H,0.5702635604929766,0.2367234342364299,0.19301300527059354,1.66,4.2,5.25,H,1.66,False,-100.0
2018-11-11,2018,D,H,0.6512253457260457,0.22150759422697566,0.1272670600469786,1.4,5.25,8.5,H,1.4,False,-100.0
2018-11-11,2018,H,H,0.9518750838384282,0.03912641160512955,0.008998504556442235,1.11,11.0,26.0,H,1.11,True,11.00000000000001
2018-11-11,2018,H,H,0.6871728860112563,0.20391437005691881,0.10891274393182493,1.4,5.25,8.5,H,1.4,True,39.99999999999999
2018-11-24,2018,H,H,0.3833361555329437,0.26637191672758015,0.3502919277394762,2.8,3.5,2.6,H,2.8,True,179.99999999999997
2018-11-24,2018,A,A,0.019773523440197848,0.08067381436751715,0.8995526621922849,13.0,6.5,1.25,A,1.25,True,25.0
2018-11-24,2018,D,H,0.7191572312497305,0.17531377695418954,0.10552899179607994,1.4,5.25,8.0,H,1.4,False,-100.0
2018-11-24,2018,A,A,0.14936038888136163,0.22424572155846706,0.6263938895601714,6.5,4.33,1.55,A,1.55,True,55.00000000000001
2018-11-24,2018,H,H,0.7050580420073428,0.18773729730707972,0.10720466068557756,1.4,5.0,9.0,H,1.4,True,39.99999999999999
2018-11-24,2018,D,H,0.38603209731633376,0.26385384706742504,0.35011405561624115,2.9,3.4,2.6,H,2.9,False,-100.0
2018-11-24,2018,H,A,0.3256832095902979,0.24847982033562138,0.42583697007408067,2.62,3.5,2.8,A,2.8,False,-100.0
2018-11-25,2018,A,H,0.6257220942287084,0.23537926111490265,0.13889864465638888,1.5,4.33,8.0,H,1.5,False,-100.0
2018-11-25,2018,A,A,0.3332218163112961,0.26201297862875594,0.4047652050599479,3.5,3.75,1.95,A,1.95,True,95.0
2018-11-26,2018,A,A,0.29249651638964125,0.2569364161679002,0.45056706744245845,2.9,3.2,2.75,A,2.75,True,175.0
2018-11-30,2018,H,A,0.33261109712984555,0.27700606448558124,0.3903828383845732,3.8,3.25,2.2,A,2.2,False,-100.0
2018-12-01,2018,H,H,0.6061755037508746,0.21499655641423546,0.17882793983488993,1.61,3.9,6.5,H,1.61,True,61.00000000000001
2018-12-01,2018,A,H,0.4664906768295521,0.30639919786192593,0.22711012530852195,2.5,3.0,3.4,H,2.5,False,-100.0
2018-12-01,2018,H,H,0.4718123678183091,0.2875904559650456,0.24059717621664536,2.25,3.3,3.6,H,2.25,True,125.0
2018-12-01,2018,H,H,0.9465691283578309,0.04707778580469292,0.0063530858374762035,1.11,11.0,26.0,H,1.11,True,11.00000000000001
2018-12-01,2018,A,H,0.46950406604821837,0.27860807798409837,0.2518878559676833,2.5,3.3,3.1,H,2.5,False,-100.0
2018-12-01,2018,D,A,0.2507481320379969,0.2775076149530503,0.4717442530089528,4.33,3.6,1.95,A,1.95,False,-100.0
2018-12-02,2018,H,H,0.698234774787919,0.20669730570114048,0.09506791951094053,1.4,5.0,9.0,H,1.4,True,39.99999999999999
2018-12-02,2018,H,H,0.8559906568204263,0.11003101259399924,0.03397833058557447,1.18,8.0,17.0,H,1.18,True,17.999999999999993
2018-12-02,2018,H,H,0.38294302931949614,0.28470994357256857,0.33234702710793523,2.62,3.6,2.75,H,2.62,True,162.0
2018-12-04,2018,H,H,0.532164694424096,0.25925063325371883,0.20858467232218514,1.66,3.8,6.0,H,1.66,True,65.99999999999999
2018-12-04,2018,H,H,0.38961160069640044,0.2677026758581041,0.3426857234454954,3.0,3.1,2.7,H,3.0,True,200.0
2018-12-04,2018,A,A,0.025447461586765915,0.08546877117935431,0.8890837672338798,11.0,6.0,1.3,A,1.3,True,30.000000000000004
2018-12-04,2018,H,H,0.5984957699038569,0.22454918561037696,0.17695504448576618,1.66,4.0,5.75,H,1.66,True,65.99999999999999
2018-12-05,2018,H,H,0.7178587547109153,0.16555125313290797,0.11658999215617667,1.36,5.25,9.5,H,1.36,True,36.00000000000001
2018-12-05,2018,D,H,0.45430524538802836,0.24629878935841307,0.2993959652535586,2.45,3.5,3.0,H,2.45,False,-100.0
2018-12-05,2018,H,A,0.18612604279168987,0.25575903946628675,0.5581149177420235,5.0,3.75,1.8,A,1.8,False,-100.0
2018-12-05,2018,D,H,0.5816493602259297,0.24376798884026096,0.17458265093380937,1.6,4.0,6.5,H,1.6,False,-100.0
2018-12-05,2018,A,A,0.010324676735132734,0.05983005240813729,0.9298452708567301,14.0,5.75,1.28,A,1.28,True,28.000000000000004
2018-12-05,2018,D,A,0.2883201236532682,0.2757187285790487,0.435961147767683,3.0,3.5,2.45,A,2.45,False,-100.0
2018-12-08,2018,H,H,0.7472875054436755,0.17358033145610652,0.07913216310021796,1.28,6.0,12.0,H,1.28,True,28.000000000000004
2018-12-08,2018,A,A,0.1241922245570734,0.1924369125971574,0.6833708628457691,5.75,4.5,1.6,A,1.6,True,60.00000000000001
2018-12-08,2018,H,A,0.32222666349532886,0.2655077860384543,0.41226555046621677,2.9,3.2,2.75,A,2.75,False,-100.0
2018-12-08,2018,H,H,0.4024173970078818,0.24166210386099232,0.3559204991311259,2.9,3.25,2.7,H,2.9,True,190.0
2018-12-08,2018,H,A,0.23776997135795386,0.2727668327626662,0.48946319587938003,4.0,3.8,1.95,A,1.95,False,-100.0
2018-12-08,2018,H,H,0.7031922260938755,0.181624329622757,0.11518344428336744,1.33,5.75,10.0,H,1.33,True,33.00000000000001
2018-12-08,2018,A,A,0.29198693212551163,0.2537943467519564,0.45421872112253187,3.8,3.75,2.0,A,2.0,True,100.0
2018-12-08,2018,H,H,0.5361052297249035,0.23784230947441007,0.22605246080068647,2.3,3.4,3.4,H,2.3,True,129.99999999999997
2018-12-09,2018,A,H,0.4480246824949813,0.2728814930675054,0.2790938244375133,2.9,3.2,2.7,H,2.9,False,-100.0
2018-12-10,2018,D,H,0.5911731750905718,0.24344508979171806,0.16538173511771018,1.8,3.75,5.0,H,1.8,False,-100.0
2018-12-15,2018,H,H,0.5421787672398114,0.2460297931366658,0.2117914396235229,1.95,3.6,4.33,H,1.95,True,95.0
2018-12-15,2018,H,H,0.41124214367198614,0.31128217430785565,0.27747568202015827,2.62,3.2,3.0,H,2.62,True,162.0
2018-12-15,2018,A,A,0.3225952866270764,0.26116370658031934,0.41624100679260434,2.9,3.6,2.5,A,2.5,True,150.0
2018-12-15,2018,A,H,0.4012831122827513,0.28156543892278846,0.31715144879446033,2.6,3.1,3.1,H,2.6,False,-100.0
2018-12-15,2018,H,H,0.7933428905399222,0.13968032335236416,0.06697678610771354,1.22,7.5,13.0,H,1.22,True,21.999999999999996
2018-12-15,2018,H,H,0.8941291203418688,0.08607732216654045,0.01979355749159081,1.18,8.0,19.0,H,1.18,True,17.999999999999993
2018-12-15,2018,H,H,0.5041059067623708,0.24737740841046005,0.2485166848271692,1.64,3.9,6.0,H,1.64,True,63.99999999999999
2018-12-16,2018,A,A,0.12490976607119503,0.20234473956602622,0.6727454943627788,7.5,4.5,1.5,A,1.5,True,50.0
2018-12-16,2018,H,A,0.23543550018311077,0.24262800930761846,0.5219364905092708,4.1,3.9,1.9,A,1.9,False,-100.0
2018-12-16,2018,H,H,0.6599119105144879,0.21516257554536575,0.12492551394014628,1.57,4.5,6.0,H,1.57,True,57.00000000000001
2018-12-21,2018,A,A,0.11840902007970101,0.21251508353655837,0.6690758963837407,7.0,4.0,1.57,A,1.57,True,57.00000000000001
2018-12-22,2018,H,H,0.8316419395686838,0.13188582285440986,0.036472237576906284,1.25,6.5,15.0,H,1.25,True,25.0
2018-12-22,2018,H,H,0.4406760494822136,0.2529817846751622,0.30634216584262425,1.9,3.7,4.33,H,1.9,True,89.99999999999999
2018-12-22,2018,A,A,0.1518284125321269,0.22343919524723518,0.6247323922206378,6.5,4.2,1.57,A,1.57,True,57.00000000000001
2018-12-22,2018,A,H,0.7258892101744696,0.19775620909871056,0.0763545807268199,1.33,5.5,11.0,H,1.33,False,-100.0
2018-12-22,2018,A,A,0.3592393190238986,0.2663716189028833,0.374389062073218,3.1,3.1,2.6,A,2.6,True,160.0
2018-12-22,2018,A,H,0.907088521485033,0.06885548115766621,0.024055997357300768,1.14,10.0,21.0,H,1.14,False,-100.0
2018-12-22,2018,D,H,0.49907203089259755,0.2471456048673099,0.25378236424009243,2.0,3.6,4.0,H,2.0,False,-100.0
2018-12-22,2018,A,H,0.5310179918992772,0.2246128087828469,0.24436919931787585,2.37,3.5,3.1,H,2.37,False,-100.0
2018-12-23,2018,A,A,0.2979517379163173,0.2706596856867018,0.431388576396981,3.25,3.5,2.3,A,2.3,True,129.99999999999997
2018-12-26,2018,D,A,0.30318520084297607,0.28035700986866574,0.4164577892883582,3.25,3.4,2.37,A,2.37,False,-100.0
2018-12-26,2018,A,A,0.26953411110137393,0.22333451654010436,0.5071313723585218,4.33,3.5,1.95,A,1.95,True,95.0
2018-12-26,2018,D,H,0.5984888417588493,0.22066975438965278,0.18084140385149786,1.66,4.0,5.75,H,1.66,False,-100.0
2018-12-26,2018,H,H,0.9049498368098757,0.07979057019803858,0.015259592992085765,1.16,8.5,19.0,H,1.16,True,15.999999999999993
2018-12-26,2018,D,A,0.19902519133238367,0.2154914944957802,0.5854833141718361,5.25,3.9,1.72,A,1.72,False,-100.0
2018-12-26,2018,H,H,0.8541387498067811,0.11089692761170701,0.034964322581511956,1.25,6.5,15.0,H,1.25,True,25.0
2018-12-26,2018,H,H,0.7365748053237714,0.1633409236412247,0.10008427103500388,1.36,5.5,9.0,H,1.36,True,36.00000000000001
2018-12-26,2018,H,A,0.06589937219105041,0.12924694052179952,0.8048536872871501,9.5,5.25,1.36,A,1.36,False,-100.0
2018-12-26,2018,A,A,0.22050564872242,0.25620356324957544,0.5232907880280044,5.25,3.8,1.75,A,1.75,True,75.0
2018-12-27,2018,A,H,0.39133210090807274,0.29758697830714653,0.3110809207847807,2.3,3.5,3.3,H,2.3,False,-100.0
2018-12-29,2018,A,H,0.7038522744151049,0.19754567211386437,0.09860205347103065,1.33,5.0,8.5,H,1.33,False,-100.0
2018-12-29,2018,H,H,0.6877905783530426,0.20230996018857395,0.10989946145838342,1.5,4.5,5.75,H,1.5,True,50.0
2018-12-29,2018,D,H,0.5156435132781598,0.2709807898871638,0.21337569683467644,1.85,3.6,4.0,H,1.85,False,-100.0
2018-12-29,2018,H,H,0.5085070213117557,0.25523475158940756,0.23625822709883665,2.0,3.4,3.75,H,2.0,True,100.0
2018-12-29,2018,H,A,0.3317329720729274,0.23180527212825236,0.43646175579882024,3.25,3.4,2.14,A,2.14,False,-100.0
2018-12-29,2018,A,H,0.5966519435539231,0.22698610752996146,0.1763619489161154,1.55,4.0,6.0,H,1.55,False,-100.0
2018-12-30,2018,H,A,0.25063786465633825,0.25867550223101127,0.49068663311265054,3.3,3.2,2.25,A,2.25,False,-100.0
2018-12-30,2018,A,A,0.22885867248293476,0.2567112235692216,0.5144301039478437,4.75,4.0,1.66,A,1.66,True,65.99999999999999
2018-12-30,2018,H,H,0.7865854013484834,0.1457609462584711,0.06765365239304535,1.33,4.75,10.0,H,1.33,True,33.00000000000001
2018-12-30,2018,A,A,0.06755509526132372,0.1373017404700662,0.7951431642686102,10.0,5.25,1.3,A,1.3,True,30.000000000000004
2019-01-01,2018,A,H,0.4565060097443343,0.2777941915687775,0.26569979868688826,2.0,3.5,4.2,H,2.0,False,-100.0
2019-01-01,2018,A,A,0.10737925418272724,0.19056000043837587,0.7020607453788968,7.5,4.5,1.5,A,1.5,True,50.0
2019-01-01,2018,H,H,0.6554292485512828,0.19990218258244483,0.14466856886627236,1.33,5.75,9.5,H,1.33,True,33.00000000000001
2019-01-02,2018,D,H,0.545575437292479,0.25258217547633466,0.2018423872311863,1.95,3.75,4.0,H,1.95,False,-100.0
2019-01-02,2018,A,H,0.546184024915807,0.26030346507197416,0.19351251001221884,2.0,3.4,4.33,H,2.0,False,-100.0
2019-01-02,2018,A,A,0.12004527255384694,0.19496841891556527,0.6849863085305877,6.0,4.2,1.61,A,1.61,True,61.00000000000001
2019-01-02,2018,A,H,0.4424438552490456,0.2722419918149976,0.28531415293595674,2.14,3.1,4.2,H,2.14,False,-100.0
2019-01-02,2018,D,H,0.7361674582496438,0.16764785038475832,0.09618469136559799,1.28,6.5,11.0,H,1.28,False,-100.0
2019-01-02,2018,D,A,0.3241174030042976,0.2503141062395864,0.4255684907561162,2.6,3.6,2.75,A,2.75,False,-100.0
2019-01-03,2018,H,H,0.3769566362891462,0.262112407956959,0.3609309557538948,2.04,3.8,3.6,H,2.04,True,104.0
2019-01-12,2018,H,A,0.3283842733902454,0.2421975927591474,0.42941813385060723,3.5,4.0,2.05,A,2.05,False,-100.0
2019-01-12,2018,A,A,0.02825466788335332,0.09005284596014355,0.8816924861565032,11.0,6.0,1.3,A,1.3,True,30.000000000000004
2019-01-12,2018,H,H,0.418410486454221,0.2864461130450073,0.29514340050077176,2.4,3.3,3.25,H,2.4,True,140.0
2019-01-12,2018,D,H,0.4621536754161583,0.2634046898080838,0.27444163477575795,2.25,3.25,3.6,H,2.25,False,-100.0
2019-01-12,2018,H,H,0.826331817244849,0.13189189175936183,0.04177629099578904,1.22,7.0,15.0,H,1.22,True,21.999999999999996
2019-01-12,2018,A,H,0.4578580705036348,0.2744793697371246,0.26766255975924064,2.25,3.4,3.5,H,2.25,False,-100.0
2019-01-12,2018,A,H,0.5190369061459965,0.266318596415462,0.21464449743854153,1.95,3.5,4.33,H,1.95,False,-100.0
2019-01-13,2018,A,H,0.4548190191903362,0.2799720250931247,0.26520895571653924,2.05,3.7,3.75,H,2.05,False,-100.0
2019-01-13,2018,H,H,0.48189765428368453,0.22077001468187157,0.29733233103444395,1.75,4.0,4.8,H,1.75,True,75.0
2019-01-14,2018,H,H,0.846130225021177,0.1120303197851701,0.04183945519365296,1.18,8.0,17.0,H,1.18,True,17.999999999999993
2019-01-19,2018,H,H,0.36638218670008826,0.3013060231725856,0.3323117901273262,2.37,3.2,3.4,H,2.37,True,137.0
2019-01-19,2018,D,H,0.549293541361834,0.23432635309194466,0.21638010554622145,1.65,4.0,5.75,H,1.65,False,-100.0
2019-01-19,2018,H,H,0.4049469898376221,0.24549760246941843,0.34955540769295945,2.75,3.4,2.7,H,2.75,True,175.0
2019-01-19,2018,H,H,0.45246873653712344,0.27862755383901777,0.26890370962385884,1.95,3.4,4.5,H,1.95,True,95.0
2019-01-19,2018,H,H,0.8733640890534409,0.09808743569779095,0.02854847524876826,1.2,7.5,17.0,H,1.2,True,19.999999999999996
2019-01-19,2018,H,H,0.4003978589940303,0.2616042789565596,0.3379978620494101,2.37,3.7,3.0,H,2.37,True,137.0
2019-01-19,2018,H,A,0.33249802746703155,0.2725607711185836,0.3949412014143849,3.1,3.6,2.37,A,2.37,False,-100.0
2019-01-19,2018,H,H,0.8234147024016724,0.13843848750343268,0.03814681009489491,1.3,5.75,12.0,H,1.3,True,30.000000000000004
2019-01-20,2018,A,A,0.1921272661897394,0.24294146750983095,0.5649312663004297,5.25,3.8,1.75,A,1.75,True,75.0
2019-01-20,2018,A,A,0.0012758930052930114,0.015394976753564452,0.9833291302411424,21.0,8.5,1.16,A,1.16,True,15.999999999999993
2019-01-29,2018,H,H,0.814788233289315,0.13542963785493078,0.04978212885575414,1.22,7.0,15.0,H,1.22,True,21.999999999999996
2019-01-29,2018,H,H,0.45136415757712356,0.26163762285752645,0.28699821956534993,2.1,3.5,3.75,H,2.1,True,110.00000000000001
2019-01-29,2018,H,A,0.0024387408575418986,0.02410863274389037,0.9734526263985679,19.0,8.0,1.18,A,1.18,False,-100.0
2019-01-29,2018,D,H,0.8030417490721613,0.14318737238762597,0.053770878540212695,1.28,6.0,12.0,H,1.28,False,-100.0
2019-01-29,2018,H,H,0.44961984663458787,0.2803107176262229,0.2700694357391893,2.37,3.3,3.3,H,2.37,True,137.0
2019-01-29,2018,A,A,0.25466787620130577,0.2654406310446205,0.4798914927540737,4.0,3.3,2.1,A,2.1,True,110.00000000000001
2019-01-30,2018,H,A,0.1975725274169611,0.23663135772299987,0.565796114860039,5.25,4.2,1.66,A,1.66,False,-100.0
2019-01-30,2018,D,H,0.8448049262342157,0.11409765716209769,0.04109741660368654,1.22,7.0,15.0,H,1.22,False,-100.0
2019-01-30,2018,D,H,0.4517723511434263,0.24761644689407253,0.3006112019625013,2.4,3.4,3.2,H,2.4,False,-100.0
2019-01-30,2018,H,H,0.6189403781827382,0.2284077195097544,0.15265190230750747,1.66,4.0,5.75,H,1.66,True,65.99999999999999
2019-02-02,2018,D,H,0.3982683067154804,0.2714372750708941,0.3302944182136255,2.55,3.3,3.0,H,2.55,False,-100.0
2019-02-02,2018,H,A,0.27472420380933554,0.2478062271645142,0.47746956902615023,3.25,3.5,2.3,A,2.3,False,-100.0
2019-02-02,2018,D,H,0.4435279721530028,0.28969453038623755,0.26677749746075957,2.55,3.5,2.87,H,2.55,False,-100.0
2019-02-02,2018,H,H,0.7050031172863306,0.20459326927684712,0.09040361343682221,1.44,4.5,9.0,H,1.44,True,43.99999999999999
2019-02-02,2018,H,H,0.884163030461288,0.09595738383438594,0.019879585704326085,1.2,7.5,19.0,H,1.2,True,19.999999999999996
2019-02-02,2018,A,H,0.4132050308467583,0.27152794832499744,0.31526702082824426,2.37,3.4,3.25,H,2.37,False,-100.0
2019-02-02,2018,H,H,0.45184835474253127,0.24873123025823604,0.2994204149992327,2.05,3.5,4.0,H,2.05,True,104.99999999999999
2019-02-03,2018,A,A,0.25368209037779976,0.2578494511404835,0.4884684584817168,3.6,3.5,2.15,A,2.15,True,114.99999999999999
2019-02-03,2018,H,H,0.6971966766568173,0.17545986637389985,0.12734345696928295,1.33,6.0,9.0,H,1.33,True,33.00000000000001
2019-02-04,2018,D,A,0.06953766095896698,0.14215080684787143,0.7883115321931616,8.0,5.25,1.4,A,1.4,False,-100.0
2019-02-06,2018,A,A,0.037730337494061995,0.10505771033186952,0.8572119521740685,10.0,6.25,1.3,A,1.3,True,30.000000000000004
2019-02-09,2018,H,H,0.4055302265448684,0.2829962449046298,0.3114735285505017,2.35,3.5,3.2,H,2.35,True,135.0
2019-02-09,2018,A,H,0.5734179314522261,0.24122979957188342,0.18535226897589038,1.75,3.9,5.0,H,1.75,False,-100.0
2019-02-09,2018,H,H,0.7700034103103937,0.14492313386430497,0.08507345582530136,1.22,7.5,14.0,H,1.22,True,21.999999999999996
2019-02-09,2018,D,H,0.5188816848072065,0.253437183300641,0.22768113189215244,2.1,3.5,3.75,H,2.1,False,-100.0
2019-02-09,2018,A,A,0.12600646936412885,0.1956511571645592,0.6783423734713119,5.5,4.4,1.61,A,1.61,True,61.00000000000001
2019-02-09,2018,A,H,0.41723024719979557,0.29879534113291323,0.28397441166729115,2.05,3.3,4.2,H,2.05,False,-100.0
2019-02-09,2018,A,A,0.12400529627794055,0.1853628650160519,0.6906318387060075,5.75,4.4,1.6,A,1.6,True,60.00000000000001
2019-02-10,2018,H,H,0.6635998391870193,0.21087545445432626,0.1255247063586545,1.5,4.75,7.0,H,1.5,True,50.0
2019-02-10,2018,H,H,0.6275294718236522,0.23766383794830703,0.1348066902280409,1.7,3.9,5.5,H,1.7,True,70.0
2019-02-11,2018,D,H,0.5816302429367319,0.24821280833901835,0.1701569487242497,1.7,3.75,5.75,H,1.7,False,-100.0
2019-02-22,2018,H,H,0.4626491768866395,0.23230965470893358,0.305041168404427,1.95,3.8,4.0,H,1.95,True,95.0
2019-02-22,2018,A,H,0.35955538248328683,0.28515914195878067,0.35528547555793244,3.1,3.4,2.45,H,3.1,False,-100.0
2019-02-23,2018,D,A,0.35773867630710504,0.2616268450449059,0.380634478647989,2.87,3.4,2.62,A,2.62,False,-100.0
2019-02-23,2018,H,A,0.18460349862286587,0.23343604340045798,0.5819604579766761,5.75,3.8,1.7,A,1.7,False,-100.0
2019-02-23,2018,A,H,0.44063036174528475,0.2605073827190208,0.29886225553569445,2.25,3.4,3.5,H,2.25,False,-100.0
2019-02-23,2018,H,H,0.5801099586911801,0.2428033500624421,0.17708669124637777,1.83,3.5,5.25,H,1.83,True,83.0
2019-02-24,2018,H,H,0.5770884372413133,0.24212095037543457,0.18079061238325217,1.5,4.75,7.0,H,1.5,True,50.0
2019-02-24,2018,D,H,0.4203223160139695,0.2966776037722754,0.28300008021375506,3.1,3.5,2.37,H,3.1,False,-100.0
2019-02-26,2018,H,H,0.5251599898700755,0.2553030097660379,0.21953700036388651,1.9,3.5,4.6,H,1.9,True,89.99999999999999
2019-02-26,2018,H,H,0.49846017427629824,0.29532261616597777,0.20621720955772402,2.15,3.3,3.9,H,2.15,True,114.99999999999999
2019-02-26,2018,H,A,0.14935360557333605,0.2148349477520181,0.6358114466746458,5.0,3.5,1.85,A,1.85,False,-100.0
2019-02-26,2018,A,A,0.34201808565335895,0.2776660334528809,0.38031588089376017,3.75,3.4,2.15,A,2.15,True,114.99999999999999
2019-02-27,2018,H,H,0.8952517679987814,0.08207931325531405,0.02266891874590448,1.16,9.0,19.0,H,1.16,True,15.999999999999993
2019-02-27,2018,H,H,0.7609975277075165,0.17356376088731448,0.06543871140516908,1.28,6.0,12.0,H,1.28,True,28.000000000000004
2019-02-27,2018,H,H,0.5271231008406349,0.22806019902415142,0.24481670013521367,1.9,3.7,4.33,H,1.9,True,89.99999999999999
2019-02-27,2018,H,H,0.4049928654167979,0.2484568320363161,0.346550302546886,2.3,3.5,3.25,H,2.3,True,129.99999999999997
2019-02-27,2018,A,A,0.324661427247728,0.2828128866773213,0.3925256860749507,3.25,3.5,2.3,A,2.3,True,129.99999999999997
2019-02-27,2018,H,H,0.641191380379317,0.21745774776339397,0.141350871857289,1.44,5.0,7.5,H,1.44,True,43.99999999999999
2019-03-02,2018,H,H,0.3891867899011884,0.28348464518074235,0.3273285649180694,2.15,3.5,3.6,H,2.15,True,114.99999999999999
2019-03-02,2018,H,H,0.6784554292723095,0.19888494413511063,0.12265962659257987,1.5,4.33,8.0,H,1.5,True,50.0
2019-03-02,2018,D,H,0.4446005619930062,0.2822323498525904,0.27316708815440344,2.05,3.7,3.75,H,2.05,False,-100.0
2019-03-02,2018,A,H,0.4053265754161612,0.2546336567538847,0.3400397678299541,2.8,3.3,2.75,H,2.8,False,-100.0
2019-03-02,2018,H,H,0.698949721614043,0.21316336933936436,0.08788690904659269,1.45,4.5,8.5,H,1.45,True,44.99999999999999
2019-03-02,2018,H,H,0.5338594090203894,0.26241200530994635,0.20372858566966426,1.85,3.4,5.25,H,1.85,True,85.00000000000001
2019-03-02,2018,A,A,0.011779722874285218,0.04981290265756961,0.9384073744681453,13.0,7.5,1.22,A,1.22,True,21.999999999999996
2019-03-03,2018,D,A,0.15674438791328016,0.24253135439530726,0.6007242576914126,6.0,4.2,1.61,A,1.61,False,-100.0
2019-03-03,2018,A,A,0.1401767180250878,0.17564395768782204,0.6841793242870902,6.5,4.5,1.53,A,1.53,True,53.0
2019-03-03,2018,H,H,0.41067433551490495,0.23070948647820433,0.3586161780068907,2.55,3.3,3.0,H,2.55,True,154.99999999999997
2019-03-09,2018,H,A,0.3038323467818571,0.27512909495322757,0.42103855826491526,3.6,3.5,2.15,A,2.15,False,-100.0
2019-03-09,2018,A,H,0.5876959469348199,0.23496343732375655,0.17734061574142357,1.83,3.6,5.0,H,1.83,False,-100.0
2019-03-09,2018,A,A,0.3582919653217331,0.2556674052074551,0.38604062947081197,3.4,3.3,2.35,A,2.35,True,135.0
2019-03-09,2018,H,H,0.43341600773292344,0.31208685247099915,0.25449713979607747,2.8,3.25,2.8,H,2.8,True,179.99999999999997
2019-03-09,2018,H,A,0.25294232514492887,0.234588601651924,0.5124690732031472,4.5,3.8,1.85,A,1.85,False,-100.0
2019-03-09,2018,H,H,0.5888055466504077,0.23303160844838355,0.17816284490120876,1.57,4.5,6.0,H,1.57,True,57.00000000000001
2019-03-09,2018,H,H,0.8965845829917267,0.08425577745677594,0.01915963955149737,1.16,9.0,19.0,H,1.16,True,15.999999999999993
2019-03-10,2018,H,H,0.38900635586616356,0.28071430324556956,0.33027934088826694,2.4,3.6,3.0,H,2.4,True,140.0
2019-03-10,2018,D,H,0.6177200859730173,0.24505326007237796,0.13722665395460476,1.55,4.2,7.0,H,1.55,False,-100.0
2019-03-10,2018,H,H,0.9036129509968504,0.07887111062364628,0.01751593837950347,1.16,8.5,21.0,H,1.16,True,15.999999999999993
2019-03-16,2018,H,H,0.6273011329052927,0.2309615138140089,0.14173735328069836,1.55,4.2,7.0,H,1.55,True,55.00000000000001
2019-03-16,2018,A,A,0.3445633805974347,0.21189196833528037,0.4435446510672849,3.1,3.4,2.45,A,2.45,True,145.00000000000003
2019-03-16,2018,D,H,0.3849279034668738,0.2475158838170125,0.3675562127161138,2.05,3.6,3.8,H,2.05,False,-100.0
2019-03-17,2018,H,A,0.22638616865080102,0.20786598309804133,0.5657478482511576,4.0,3.8,1.95,A,1.95,False,-100.0
2019-03-17,2018,A,A,0.015444144367344797,0.061780062895207696,0.9227757927374475,12.0,7.0,1.25,A,1.25,True,25.0
2019-03-30,2018,H,H,0.6614543399000701,0.21312120316971797,0.125424456930212,1.44,4.75,8.0,H,1.44,True,43.99999999999999
2019-03-30,2018,H,H,0.5437639279557213,0.2702066659881187,0.18602940605615992,1.85,3.8,4.5,H,1.85,True,85.00000000000001
2019-03-30,2018,A,H,0.4140192640166572,0.2940063963798445,0.29197433960349833,2.55,3.5,2.9,H,2.55,False,-100.0
2019-03-30,2018,A,A,0.00044973069652357717,0.00684117882285514,0.9927090904806214,21.0,11.0,1.12,A,1.12,True,12.00000000000001
2019-03-30,2018,H,A,0.33205176523530666,0.2809023565976465,0.3870458781670468,3.2,3.25,2.45,A,2.45,False,-100.0
2019-03-30,2018,A,H,0.4389803404309274,0.2850899628403172,0.2759296967287554,2.55,3.2,3.1,H,2.55,False,-100.0
2019-03-30,2018,H,H,0.6967399177987782,0.20911143606140936,0.09414864613981244,1.45,4.4,9.0,H,1.45,True,44.99999999999999
2019-03-31,2018,A,A,0.08643167723777026,0.14130327987086247,0.7722650428913671,9.0,4.5,1.44,A,1.44,True,43.99999999999999
2019-03-31,2018,H,H,0.6437378742559056,0.2185377212149447,0.13772440452914989,1.61,4.2,6.0,H,1.61,True,61.00000000000001
2019-04-01,2018,H,H,0.695676861351097,0.18859455290146326,0.11572858574743983,1.36,5.25,9.5,H,1.36,True,36.00000000000001
2019-04-02,2018,H,H,0.5758880476014081,0.22318436022164306,0.2009275921769488,1.72,4.0,5.0,H,1.72,True,72.0
2019-04-02,2018,H,A,0.24336722251373594,0.2481663121361889,0.5084664653500751,4.0,3.6,2.0,A,2.0,False,-100.0
2019-04-03,2018,H,H,0.979825514095043,0.016489558356025797,0.0036849275489311013,1.06,17.0,34.0,H,1.06,True,6.000000000000005
2019-04-03,2018,H,H,0.8186284104776659,0.14253869429549879,0.03883289522683533,1.25,6.5,15.0,H,1.25,True,25.0
2019-04-03,2018,H,H,0.5272743739599853,0.23445106119158077,0.23827456484843385,1.45,5.0,7.5,H,1.45,True,44.99999999999999
2019-04-05,2018,A,A,0.07231461289445065,0.14279820326004627,0.7848871838455032,9.0,5.0,1.4,A,1.4,True,39.99999999999999
2019-04-06,2018,A,H,0.4333282894930203,0.262187212897649,0.3044844976093307,2.6,3.25,3.0,H,2.6,False,-100.0
2019-04-06,2018,A,H,0.46940196332485584,0.2344700036130115,0.29612803306213265,2.1,3.6,3.75,H,2.1,False,-100.0
2019-04-06,2018,A,A,0.17535320549617506,0.21087913003254372,0.6137676644712813,5.0,4.0,1.72,A,1.72,True,72.0
2019-04-07,2018,H,H,0.364666893186259,0.28679333672868285,0.3485397700850581,3.0,3.75,2.35,H,3.0,True,200.0
2019-04-08,2018,H,H,0.7133881072517166,0.1957116947990267,0.09090019794925666,1.33,5.75,9.5,H,1.33,True,33.00000000000001
2019-04-12,2018,A,H,0.6422018231401176,0.2214123814670052,0.13638579539287712,1.66,4.0,5.75,H,1.66,False,-100.0
2019-04-13,2018,A,H,0.4488054902298092,0.27774177247189735,0.27345273729829356,2.3,3.4,3.4,H,2.3,False,-100.0
2019-04-13,2018,H,H,0.5127775050809332,0.25142852120942727,0.23579397370963956,1.9,3.6,4.5,H,1.9,True,89.99999999999999
2019-04-13,2018,H,A,0.1457142961165078,0.22363166776580545,0.6306540361176867,5.0,4.0,1.75,A,1.75,False,-100.0
2019-04-13,2018,H,H,0.6790090869162269,0.1962350817896648,0.12475583129410832,1.4,5.25,8.5,H,1.4,True,39.99999999999999
2019-04-13,2018,H,H,0.44270291246244936,0.28215343921345964,0.275143648324091,2.6,3.25,3.0,H,2.6,True,160.0
2019-04-13,2018,H,H,0.8136998827414328,0.13301619702189027,0.05328392023667677,1.22,7.0,15.0,H,1.22,True,21.999999999999996
2019-04-14,2018,A,A,0.028161764154259507,0.08876412790197208,0.8830741079437684,11.0,6.0,1.3,A,1.3,True,30.000000000000004
2019-04-14,2018,H,H,0.5725014238017048,0.23444946536515857,0.19304911083313664,1.66,4.2,5.25,H,1.66,True,65.99999999999999
2019-04-15,2018,A,A,0.3160880320122824,0.267959767837,0.41595220015071765,3.2,3.75,2.25,A,2.25,True,125.0
2019-04-16,2018,A,H,0.4944324930056754,0.2657930102646864,0.2397744967296381,2.0,3.3,4.5,H,2.0,False,-100.0
2019-04-20,2018,H,H,0.7951552725046891,0.15150548268897737,0.053339244806333494,1.3,6.0,11.0,H,1.3,True,30.000000000000004
2019-04-20,2018,A,A,0.1993018113125082,0.22172071432396143,0.5789774743635304,4.4,3.9,1.85,A,1.85,True,85.00000000000001
2019-04-20,2018,A,H,0.5550926234487916,0.2275564329797625,0.21735094357144594,1.65,4.4,5.25,H,1.65,False,-100.0
2019-04-20,2018,D,A,0.24568343874266926,0.25390445343358425,0.5004121078237465,3.3,3.5,2.3,A,2.3,False,-100.0
2019-04-20,2018,H,H,0.4391476989622796,0.27022476742977575,0.2906275336079445,2.55,3.2,3.1,H,2.55,True,154.99999999999997
2019-04-20,2018,D,H,0.6126280234684119,0.2226754418654381,0.16469653466614995,1.75,3.5,6.0,H,1.75,False,-100.0
2019-04-21,2018,A,H,0.6231138719046309,0.22302200214915127,0.15386412594621782,1.53,4.6,6.5,H,1.53,False,-100.0
2019-04-21,2018,A,A,0.00462253692574301,0.03052734801532002,0.9648501150589369,17.0,7.5,1.2,A,1.2,True,19.999999999999996
2019-04-21,2018,H,H,0.380145107014824,0.26164318479374504,0.3582117081914309,3.25,3.5,2.3,H,3.25,True,225.0
2019-04-22,2018,D,H,0.8097323866603828,0.14851763783886293,0.04174997550075439,1.25,6.25,15.0,H,1.25,False,-100.0
2019-04-23,2018,H,H,0.8107842300834713,0.14220562504434658,0.04701014487218206,1.28,6.0,13.0,H,1.28,True,28.000000000000004
2019-04-23,2018,D,H,0.44967139463904165,0.2551921394061608,0.2951364659547975,2.25,3.5,3.4,H,2.25,False,-100.0
2019-04-24,2018,H,A,0.32629486104303307,0.2828846352354009,0.39082050372156596,2.9,3.5,2.55,A,2.55,False,-100.0
2019-04-24,2018,A,A,0.072185195525444,0.14934919965779123,0.7784656048167646,7.5,5.0,1.44,A,1.44,True,43.99999999999999
2019-04-26,2018,H,H,0.9908407802611199,0.008654872644678138,0.0005043470942020286,1.07,15.0,41.0,H,1.07,True,7.000000000000006
2019-04-27,2018,H,H,0.4487029901004098,0.27059887119137627,0.28069813870821386,2.4,3.6,3.0,H,2.4,True,140.0
2019-04-27,2018,A,H,0.45709530818120714,0.26959312985920153,0.2733115619595914,2.62,3.3,2.9,H,2.62,False,-100.0
2019-04-27,2018,A,H,0.6618047025293471,0.20784174334611316,0.13035355412453967,1.4,5.5,7.5,H,1.4,False,-100.0
2019-04-27,2018,D,A,0.3447028550449844,0.28149403967704617,0.3738031052779695,2.3,3.2,3.6,A,3.6,False,-100.0
2019-04-27,2018,D,A,0.34221889738775396,0.2897331391287744,0.36804796348347146,2.62,3.5,2.8,A,2.8,False,-100.0
2019-04-27,2018,D,H,0.4957698237046159,0.24428184806083528,0.2599483282345488,1.9,3.9,4.1,H,1.9,False,-100.0
2019-04-28,2018,H,H,0.45031333360110115,0.27170223142253513,0.27798443497636377,2.75,3.6,2.6,H,2.75,True,175.0
2019-04-28,2018,A,A,0.0007857218040849868,0.012230193221591735,0.9869840849743233,23.0,9.0,1.14,A,1.14,True,13.99999999999999
2019-04-28,2018,D,A,0.3264323395150609,0.2716411696288489,0.40192649085609017,2.7,3.5,2.7,A,2.7,False,-100.0
2019-05-03,2018,H,H,0.5971920395073391,0.26273419820947425,0.1400737622831867,1.66,4.0,5.75,H,1.66,True,65.99999999999999
2019-05-04,2018,H,H,0.4137804627779269,0.2307164218281673,0.3555031153939058,2.3,3.75,3.1,H,2.3,True,129.99999999999997
2019-05-04,2018,A,A,0.05336328545373029,0.13293497514255329,0.8137017394037165,9.5,5.25,1.36,A,1.36,True,36.00000000000001
2019-05-04,2018,H,H,0.6312137167514302,0.231845325347136,0.1369409579014338,1.53,4.2,7.5,H,1.53,True,53.0
2019-05-04,2018,H,A,0.21977762509480955,0.2414099530198405,0.5388124218853501,4.0,4.0,1.9,A,1.9,False,-100.0
2019-05-04,2018,A,A,0.3592215654948299,0.2664048548940649,0.3743735796111053,2.6,3.75,2.7,A,2.7,True,170.00000000000003
2019-05-05,2018,H,H,0.6427587204505644,0.21708079545823344,0.14016048409120208,1.4,5.25,8.0,H,1.4,True,39.99999999999999
2019-05-05,2018,D,A,0.031208903173209103,0.07839115768673366,0.8903999391400571,11.0,6.0,1.3,A,1.3,False,-100.0
2019-05-05,2018,D,H,0.673369303860979,0.19721321240255577,0.12941748373646528,1.4,5.0,9.0,H,1.4,False,-100.0
2019-05-06,2018,H,H,0.842111339051506,0.12193496371238251,0.0359536972361115,1.12,8.5,17.0,H,1.12,True,12.00000000000001
2019-05-12,2018,A,A,0.0016813995596094854,0.01859182877520318,0.9797267716651874,19.0,8.5,1.16,A,1.16,True,15.999999999999993
2019-05-12,2018,A,A,0.34091121147426184,0.2334272276081858,0.4256615609175523,3.25,3.8,2.2,A,2.2,True,120.00000000000001
2019-05-12,2018,H,H,0.46507953203755764,0.24703317782934608,0.2878872901330963,1.9,4.2,3.8,H,1.9,True,89.99999999999999
2019-05-12,2018,A,H,0.4287042457107325,0.2666953923033944,0.3046003619858731,2.5,3.6,2.9,H,2.5,False,-100.0
2019-05-12,2018,D,H,0.417175242123448,0.27880792629803797,0.3040168315785141,2.4,3.75,2.9,H,2.4,False,-100.0
2019-05-12,2018,H,H,0.7690165123519814,0.15876929675878637,0.07221419088923223,1.3,6.0,11.0,H,1.3,True,30.000000000000004
2019-05-12,2018,A,H,0.6843498314664459,0.1902824033282109,0.1253677652053431,1.28,6.5,11.0,H,1.28,False,-100.0
2019-05-12,2018,D,H,0.7055726846668566,0.17237668019446206,0.1220506351386813,1.44,4.75,8.5,H,1.44,False,-100.0
2019-05-12,2018,A,H,0.38432007640773924,0.27085869257725603,0.3448212310150047,2.25,3.75,3.2,H,2.25,False,-100.0
2019-05-12,2018,D,H,0.41584767158614666,0.3137035287133426,0.27044879970051067,2.2,3.5,3.5,H,2.2,False,-100.0
2019-08-09,2019,H,H,0.9126597770209579,0.06402085699170558,0.023319365987336513,1.14,10.0,19.0,H,1.14,True,13.99999999999999
2019-08-10,2019,A,H,0.5055641900921056,0.2782878813283006,0.21614792857959367,1.9,3.4,4.0,H,1.9,False,-100.0
2019-08-10,2019,D,H,0.382925194840457,0.28779232862214227,0.3292824765374008,3.0,3.25,2.37,H,3.0,False,-100.0
2019-08-10,2019,H,H,0.7240437360581845,0.1854540357574451,0.09050222818437033,1.3,5.25,10.0,H,1.3,True,30.000000000000004
2019-08-10,2019,D,H,0.4980072022362517,0.27565932629601286,0.22633347146773536,1.95,3.6,3.6,H,1.95,False,-100.0
2019-08-10,2019,A,A,0.03457925519631811,0.09090947687525346,0.8745112679284284,12.0,6.5,1.22,A,1.22,True,21.999999999999996
2019-08-10,2019,H,H,0.4026013059026999,0.24993135345029077,0.3474673406470094,2.62,3.2,2.75,H,2.62,True,162.0
2019-08-11,2019,A,A,0.3333788088072748,0.24476130787271047,0.4218598833200147,4.5,3.75,1.72,A,1.72,True,72.0
2019-08-11,2019,D,H,0.4370065417794866,0.2906783062094552,0.27231515201105816,2.2,3.2,3.4,H,2.2,False,-100.0
2019-08-11,2019,H,H,0.41158699898375584,0.29293170531278495,0.29548129570345916,2.1,3.3,3.5,H,2.1,True,110.00000000000001
2019-08-17,2019,H,H,0.39282199990393074,0.28166239131574194,0.32551560878032726,2.25,3.3,3.3,H,2.25,True,125.0
2019-08-17,2019,H,H,0.6285442527662095,0.21198610108780863,0.15946964614598175,1.72,3.8,4.75,H,1.72,True,72.0
2019-08-17,2019,A,A,0.10274609222495719,0.1604795471153417,0.736774360659701,6.5,4.75,1.44,A,1.44,True,43.99999999999999
2019-08-17,2019,A,A,0.3512994645238375,0.23909643151253404,0.40960410396362856,2.3,3.4,3.1,A,3.1,True,210.0
2019-08-17,2019,H,H,0.7218474248025766,0.17721955333620032,0.10093302186122317,1.3,5.5,10.0,H,1.3,True,30.000000000000004
2019-08-17,2019,D,A,0.33942251838843035,0.2559002005790519,0.40467728103251766,2.55,3.25,2.87,A,2.87,False,-100.0
2019-08-17,2019,D,H,0.7159596119582617,0.1854561013892032,0.09858428665253505,1.36,5.25,8.0,H,1.36,False,-100.0
2019-08-18,2019,D,H,0.5445490985317741,0.28389059347976703,0.17156030798845884,1.7,3.75,5.0,H,1.7,False,-100.0
2019-08-18,2019,H,H,0.3947887025697324,0.2592344607065477,0.3459768367237198,2.55,3.1,2.9,H,2.55,True,154.99999999999997
2019-08-19,2019,D,H,0.3675414221529218,0.2774377725332608,0.3550208053138174,3.3,3.3,2.25,H,3.3,False,-100.0
2019-08-23,2019,H,A,0.2521749138912542,0.2551149326435133,0.49271015346523234,3.25,3.5,2.15,A,2.15,False,-100.0
2019-08-24,2019,A,A,0.2673158844875499,0.24139463332493252,0.4912894821875175,4.33,3.75,1.8,A,1.8,True,80.0
2019-08-24,2019,A,H,0.4592721022197502,0.23413561346358275,0.30659228431666713,2.4,3.3,3.0,H,2.4,False,-100.0
2019-08-24,2019,A,H,0.6742119092875223,0.20594880895297296,0.11983928175950471,1.33,5.25,9.0,H,1.33,False,-100.0
2019-08-24,2019,A,H,0.35866057415361424,0.28493588420609073,0.3564035416402951,3.3,3.3,2.25,H,3.3,False,-100.0
2019-08-24,2019,A,A,0.3510774866050736,0.2615191709476922,0.3874033424472342,2.05,3.5,3.5,A,3.5,True,250.0
2019-08-24,2019,H,H,0.6320848215605113,0.2181172398620654,0.1497979385774233,1.5,4.6,6.0,H,1.5,True,50.0
2019-08-25,2019,A,H,0.7935327006392923,0.14698126684619614,0.059486032514511684,1.2,6.5,14.0,H,1.2,False,-100.0
2019-08-25,2019,D,H,0.5432347284849062,0.2596089573302609,0.19715631418483295,1.85,3.4,4.5,H,1.85,False,-100.0
2019-08-25,2019,A,A,0.010524449903895155,0.040943838438075524,0.9485317116580292,15.0,7.5,1.16,A,1.16,True,15.999999999999993
2019-08-31,2019,H,H,0.4758002938911122,0.23999527718658914,0.2842044289222987,1.7,4.0,4.75,H,1.7,True,70.0
2019-08-31,2019,A,A,0.0483432115217487,0.10830818281882651,0.8433486056594249,9.5,5.5,1.3,A,1.3,True,30.000000000000004
2019-08-31,2019,H,H,0.5399583982869643,0.22241273105048673,0.23762887066254892,1.85,3.9,3.9,H,1.85,True,85.00000000000001
2019-08-31,2019,D,H,0.478642041796951,0.2271442622695113,0.2942136959335376,2.5,3.25,2.87,H,2.5,False,-100.0
2019-08-31,2019,H,H,0.9528706904710935,0.04272613770109546,0.004403171827811053,1.08,10.0,26.0,H,1.08,True,8.000000000000007
2019-08-31,2019,D,A,0.2820691689160806,0.2521460414303474,0.465784789653572,3.8,3.3,2.05,A,2.05,False,-100.0
2019-08-31,2019,H,H,0.526828189676549,0.25661771312084786,0.21655409720260313,2.15,3.3,3.5,H,2.15,True,114.99999999999999
2019-08-31,2019,D,H,0.7208448432266843,0.19962491931044168,0.07953023746287398,1.36,4.75,9.0,H,1.36,False,-100.0
2019-09-01,2019,D,H,0.5016741113088871,0.23904908720254386,0.25927680148856913,2.37,3.6,2.8,H,2.37,False,-100.0
2019-09-01,2019,H,H,0.48247757288259174,0.29335747892501707,0.22416494819239122,2.2,3.25,3.5,H,2.2,True,120.00000000000001
2019-09-14,2019,A,A,0.31518267986000265,0.24767091412441725,0.43714640601558014,2.9,3.3,2.5,A,2.5,True,150.0
2019-09-14,2019,H,A,0.005533161240480351,0.02178721562227162,0.972679623137248,15.0,9.0,1.14,A,1.14,False,-100.0
2019-09-14,2019,H,H,0.6109706282165506,0.22254347792412482,0.16648589385932458,1.36,5.25,8.0,H,1.36,True,36.00000000000001
2019-09-14,2019,A,H,0.43514571075025044,0.2555391227842857,0.3093151664654638,2.45,3.2,3.0,H,2.45,False,-100.0
2019-09-14,2019,H,H,0.48709832035286604,0.29450265969129585,0.218399019955838,1.95,3.5,4.0,H,1.95,True,95.0
2019-09-14,2019,D,H,0.4330620465853642,0.25290734476932014,0.3140306086453157,2.15,3.3,3.5,H,2.15,False,-100.0
2019-09-14,2019,H,H,0.8773609200784663,0.09515205652454534,0.0274870233969884,1.14,8.5,17.0,H,1.14,True,13.99999999999999
2019-09-15,2019,D,A,0.2450928796555542,0.23786277030296604,0.5170443500414797,3.6,3.6,2.0,A,2.0,False,-100.0
2019-09-15,2019,H,A,0.34313838452230894,0.2588702143988736,0.3979914010788175,2.9,3.5,2.4,A,2.4,False,-100.0
2019-09-16,2019,D,A,0.3029948668106326,0.2623086014828472,0.43469653170652034,2.62,3.5,2.6,A,2.6,False,-100.0
2019-09-20,2019,A,H,0.45987356826009373,0.25421135381842785,0.28591507792147847,2.05,3.6,3.5,H,2.05,False,-100.0
2019-09-21,2019,D,H,0.4028035952541613,0.26770766851068356,0.32948873623515507,2.5,3.2,3.0,H,2.5,False,-100.0
2019-09-21,2019,H,A,0.3641689873132459,0.25424297392951917,0.3815880387572349,2.87,3.5,2.37,A,2.37,False,-100.0
2019-09-21,2019,H,H,0.43442557204850274,0.24073692060425536,0.3248375073472419,2.0,3.8,3.5,H,2.0,True,100.0
2019-09-21,2019,A,H,0.5838322404528906,0.25362599620884557,0.16254176333826395,1.61,3.75,6.0,H,1.61,False,-100.0
2019-09-21,2019,H,H,0.9299353727778071,0.05065936243251833,0.01940526478967454,1.1,11.0,21.0,H,1.1,True,10.000000000000009
2019-09-22,2019,H,A,0.3645156470339625,0.26498565496550647,0.3704986980005311,3.1,3.6,2.2,A,2.2,False,-100.0
2019-09-22,2019,D,H,0.4685392455168852,0.2545314852888541,0.2769292691942606,2.62,3.1,2.87,H,2.62,False,-100.0
2019-09-22,2019,H,H,0.6661524980994192,0.21388013612787724,0.11996736577270366,1.4,4.75,8.0,H,1.4,True,39.99999999999999
2019-09-22,2019,A,A,0.2846643162058729,0.25809799131391065,0.4572376924802166,3.5,3.75,2.0,A,2.0,True,100.0
2019-09-28,2019,H,H,0.5251014627396763,0.20673590082712942,0.2681626364331943,1.85,3.4,4.5,H,1.85,True,85.00000000000001
2019-09-28,2019,H,H,0.6133004223381485,0.2243925738511807,0.1623070038106708,1.4,4.75,8.0,H,1.4,True,39.99999999999999
2019-09-28,2019,H,H,0.4937894975412853,0.24240220503671225,0.2638082974220023,1.9,3.75,3.75,H,1.9,True,89.99999999999999
2019-09-28,2019,A,A,0.047868798521589935,0.09522641225225568,0.8569047892261543,10.0,5.5,1.3,A,1.3,True,30.000000000000004
2019-09-28,2019,D,H,0.3824390421107983,0.2800670890948575,0.3374938687943441,2.5,3.5,2.75,H,2.5,False,-100.0
2019-09-28,2019,D,H,0.4386580609378123,0.2829623166565373,0.27837962240565045,2.3,3.4,3.1,H,2.3,False,-100.0
2019-09-28,2019,A,A,0.06081893734414947,0.1136373976167256,0.8255436650391249,9.0,5.25,1.33,A,1.33,True,33.00000000000001
2019-09-28,2019,H,H,0.6821056386278929,0.20251222998940327,0.11538213138270384,1.4,4.75,8.0,H,1.4,True,39.99999999999999
2019-09-29,2019,H,H,0.6702878933781191,0.21754648018836192,0.11216562643351892,1.5,4.0,7.5,H,1.5,True,50.0
2019-09-30,2019,D,H,0.39011637668773674,0.25139709990874454,0.3584865234035187,2.37,3.5,2.9,H,2.37,False,-100.0
2019-10-05,2019,D,H,0.4572537724215628,0.2880501675628637,0.25469606001557343,2.05,3.4,3.6,H,2.05,False,-100.0
2019-10-05,2019,A,A,0.35872630365846453,0.2678489883383335,0.37342470800320193,2.37,3.6,2.8,A,2.8,True,179.99999999999997
2019-10-05,2019,A,H,0.5308020032674191,0.25528330192060394,0.2139146948119769,1.95,3.6,3.8,H,1.95,False,-100.0
2019-10-05,2019,H,H,0.398438705224387,0.23952453797437553,0.3620367568012375,2.87,3.3,2.5,H,2.87,True,187.0
2019-10-05,2019,H,A,0.23812307044228878,0.2601762464922441,0.5017006830654671,3.9,3.6,1.9,A,1.9,False,-100.0
2019-10-05,2019,H,H,0.6488039667266084,0.22528155501384173,0.12591447825954982,1.44,4.75,7.0,H,1.44,True,43.99999999999999
2019-10-06,2019,A,H,0.9257495466596246,0.06264472200417412,0.011605731336201233,1.12,9.0,21.0,H,1.12,False,-100.0
2019-10-06,2019,H,A,0.24610760272180618,0.24223489375645615,0.5116575035217377,4.5,3.5,1.85,A,1.85,False,-100.0
2019-10-06,2019,A,A,0.27286161199376674,0.2365426065754361,0.49059578143079724,4.0,3.8,1.85,A,1.85,True,85.00000000000001
2019-10-06,2019,H,H,0.6119080665264955,0.2160033291003171,0.17208860437318724,1.44,4.75,7.0,H,1.44,True,43.99999999999999
2019-10-19,2019,A,A,0.031060839640151897,0.06720686629504725,0.9017322940648008,12.0,7.0,1.22,A,1.22,True,21.999999999999996
2019-10-19,2019,H,H,0.43400332345860937,0.2630960826679895,0.30290059387340107,1.95,3.75,3.75,H,1.95,True,95.0
2019-10-19,2019,H,H,0.4578415990712798,0.2737952504403462,0.26836315048837406,2.35,3.4,3.0,H,2.35,True,135.0
2019-10-19,2019,D,H,0.5380601105959175,0.20053056353051085,0.2614093258735716,1.72,4.2,4.2,H,1.72,False,-100.0
2019-10-19,2019,H,H,0.7539657009374457,0.16801116203749647,0.07802313702505774,1.3,5.5,10.0,H,1.3,True,30.000000000000004
2019-10-19,2019,H,H,0.6093106452780985,0.22728511197734144,0.1634042427445601,1.57,4.0,6.0,H,1.57,True,57.00000000000001
2019-10-19,2019,D,H,0.6635289288693996,0.17645617937883204,0.1600148917517683,1.4,5.0,7.5,H,1.4,False,-100.0
2019-10-19,2019,D,H,0.5172481214981155,0.23183333308957024,0.2509185454123143,1.8,3.6,4.5,H,1.8,False,-100.0
2019-10-20,2019,D,A,0.17767167000336653,0.23931540135002496,0.5830129286466086,5.25,3.8,1.65,A,1.65,False,-100.0
2019-10-21,2019,H,A,0.25804159005147165,0.22358110968449002,0.5183773002640384,3.9,3.75,1.9,A,1.9,False,-100.0
2019-10-25,2019,A,A,0.3450755965002782,0.29175778538485236,0.3631666181148694,3.1,3.4,2.3,A,2.3,True,129.99999999999997
2019-10-26,2019,D,H,0.3993122527495757,0.275922523939544,0.3247652233108804,2.15,3.6,3.25,H,2.15,False,-100.0
2019-10-26,2019,D,H,0.4438275159884956,0.3050602649427641,0.2511122190687402,2.1,3.5,3.5,H,2.1,False,-100.0
2019-10-26,2019,H,H,0.9395864151158436,0.0512578913313474,0.009155693552808875,1.08,11.0,26.0,H,1.08,True,8.000000000000007
2019-10-26,2019,H,H,0.3755608899220002,0.29882266977885397,0.32561644029914594,2.9,3.25,2.5,H,2.9,True,190.0
2019-10-26,2019,A,A,0.2181402885114252,0.2228117907046049,0.5590479207839699,4.5,4.0,1.72,A,1.72,True,72.0
2019-10-27,2019,A,A,0.25083463015575275,0.24552855295709222,0.5036368168871551,4.33,4.0,1.75,A,1.75,True,75.0
2019-10-27,2019,H,H,0.6573108884188472,0.219584255725668,0.12310485585548481,1.5,4.33,6.5,H,1.5,True,50.0
2019-10-27,2019,D,A,0.31997767773840474,0.27934023188618096,0.40068209037541425,3.0,3.1,2.55,A,2.55,False,-100.0
2019-10-27,2019,D,H,0.6152865150787938,0.2011455671800109,0.18356791774119527,1.45,4.75,6.5,H,1.45,False,-100.0
2019-11-02,2019,A,H,0.5413328967269123,0.2445022547486488,0.21416484852443884,1.75,3.8,4.5,H,1.75,False,-100.0
2019-11-02,2019,H,H,0.4518331353168182,0.259778549941161,0.2883883147420208,2.25,3.2,3.4,H,2.25,True,125.0
2019-11-02,2019,H,H,0.9495986296886537,0.03361169648851086,0.016789673822835426,1.07,13.0,23.0,H,1.07,True,7.000000000000006
2019-11-02,2019,A,A,0.14777480460112546,0.18008195220637513,0.6721432431924993,5.0,4.33,1.61,A,1.61,True,61.00000000000001
2019-11-02,2019,A,A,0.09153084327710455,0.16661455677163733,0.741854599951258,9.0,5.0,1.33,A,1.33,True,33.00000000000001
2019-11-02,2019,D,H,0.5586319635669524,0.24354804816724532,0.19781998826580233,1.75,3.75,4.75,H,1.75,False,-100.0
2019-11-02,2019,H,A,0.34791413707613794,0.26329152020609975,0.3887943427177624,3.25,3.6,2.15,A,2.15,False,-100.0
2019-11-02,2019,H,H,0.5448392757322988,0.230589791608673,0.22457093265902817,1.72,4.2,4.33,H,1.72,True,72.0
2019-11-03,2019,A,A,0.2830660941440013,0.2749028266595975,0.44203107919640117,3.5,3.4,2.1,A,2.1,True,110.00000000000001
2019-11-03,2019,D,H,0.4359783659591892,0.24871118014966476,0.31531045389114615,2.7,3.4,2.6,H,2.7,False,-100.0
2019-11-08,2019,A,A,0.34405306476085423,0.2818426271214247,0.374104308117721,2.7,3.5,2.55,A,2.55,True,154.99999999999997
2019-11-09,2019,H,H,0.7942193425678613,0.15504722580770178,0.050733431624436914,1.33,5.0,10.0,H,1.33,True,33.00000000000001
2019-11-09,2019,H,H,0.3767116396290102,0.3036471413194665,0.31964121905152315,2.55,3.25,2.8,H,2.55,True,154.99999999999997
2019-11-09,2019,H,H,0.41952955649427204,0.2492731998493792,0.3311972436563488,2.25,3.5,3.1,H,2.25,True,125.0
2019-11-09,2019,D,H,0.5281737226248063,0.2681061134981154,0.20372016387707825,1.57,4.0,6.0,H,1.57,False,-100.0
2019-11-09,2019,H,H,0.5505273270380419,0.2593599804967882,0.19011269246516999,2.0,3.75,3.5,H,2.0,True,100.0
2019-11-09,2019,A,A,0.31253827588656796,0.2701045237004885,0.41735720041294344,2.9,3.3,2.45,A,2.45,True,145.00000000000003
2019-11-10,2019,H,H,0.5844647372183591,0.23934941719904934,0.17618584558259157,1.6,3.75,6.5,H,1.6,True,60.00000000000001
2019-11-10,2019,H,H,0.48926948326779773,0.2576598973870027,0.25307061934519953,1.9,3.5,4.2,H,1.9,True,89.99999999999999
2019-11-10,2019,H,H,0.4422572680311873,0.26750530836456815,0.2902374236042445,2.5,3.6,2.62,H,2.5,True,150.0
2019-11-23,2019,A,A,0.28351564538676116,0.28868443044128567,0.4277999241719532,3.75,3.5,2.0,A,2.0,True,100.0
2019-11-23,2019,D,H,0.6489989156128914,0.16078587810803158,0.19021520627907706,1.45,4.75,6.5,H,1.45,False,-100.0
2019-11-23,2019,A,H,0.3625758697923462,0.2877938301592721,0.34963030004838175,2.75,3.3,2.6,H,2.75,False,-100.0
2019-11-23,2019,A,A,0.2561093676860024,0.2191983273353971,0.5246923049786004,4.2,4.33,1.7,A,1.7,True,70.0
2019-11-23,2019,A,H,0.7186352844222894,0.162895307533254,0.11846940804445667,1.36,5.1,8.0,H,1.36,False,-100.0
2019-11-23,2019,A,H,0.40640530196803265,0.272026791277011,0.32156790675495633,2.3,3.4,3.1,H,2.3,False,-100.0
2019-11-23,2019,H,H,0.5601870251855436,0.22815589454806506,0.21165708026639132,1.44,5.0,6.5,H,1.44,True,43.99999999999999
2019-11-23,2019,A,A,0.07484253806604833,0.13840658084253316,0.7867508810914184,7.5,4.75,1.4,A,1.4,True,39.99999999999999
2019-11-24,2019,D,A,0.33851699335641283,0.27530906957191975,0.3861739370716674,3.5,3.4,2.1,A,2.1,False,-100.0
2019-11-25,2019,H,H,0.4639502926232039,0.2796209148438914,0.2564287925329048,2.05,3.4,3.7,H,2.05,True,104.99999999999999
2019-11-30,2019,H,H,0.6062793245187557,0.217539634901297,0.1761810405799473,1.36,5.5,7.5,H,1.36,True,36.00000000000001
2019-11-30,2019,H,H,0.8630012787770563,0.10308818113371036,0.03391054008923323,1.18,7.0,15.0,H,1.18,True,17.999999999999993
2019-11-30,2019,H,H,0.42496859046699204,0.26495874560689264,0.31007266392611543,2.1,3.4,3.5,H,2.1,True,110.00000000000001
2019-11-30,2019,A,H,0.5179302005471648,0.24632147574541008,0.2357483237074251,2.25,3.25,3.3,H,2.25,False,-100.0
2019-11-30,2019,A,H,0.7577361076336778,0.15330903904510426,0.08895485332121805,1.28,6.0,9.0,H,1.28,False,-100.0
2019-11-30,2019,D,A,0.016993106414099887,0.04513745350920558,0.9378694400766946,13.0,8.0,1.16,A,1.16,False,-100.0
2019-12-01,2019,D,H,0.6439261052418209,0.2144730817633483,0.14160081299483074,1.45,4.5,7.0,H,1.45,False,-100.0
2019-12-01,2019,H,H,0.6434873431121811,0.23100175453872387,0.12551090234909507,1.61,4.0,5.25,H,1.61,True,61.00000000000001
2019-12-01,2019,D,H,0.511182160644078,0.27998648626584766,0.20883135309007433,1.9,3.5,4.2,H,1.9,False,-100.0
2019-12-01,2019,D,A,0.27383809194460457,0.23445694474292203,0.4917049633124733,4.0,4.33,1.75,A,1.75,False,-100.0
2019-12-03,2019,H,H,0.42367217859948697,0.2589219531393302,0.3174058682611828,2.2,3.4,3.25,H,2.2,True,120.00000000000001
2019-12-03,2019,A,A,0.03580278757387304,0.06250916670248735,0.9016880457236395,11.0,7.0,1.22,A,1.22,True,21.999999999999996
2019-12-04,2019,H,H,0.7559331741407438,0.1716947989602987,0.07237202689895743,1.33,5.5,8.0,H,1.33,True,33.00000000000001
2019-12-04,2019,H,H,0.7566160637281322,0.16580779480706997,0.07757614146479794,1.36,5.0,8.5,H,1.36,True,36.00000000000001
2019-12-04,2019,H,H,0.5921666005707691,0.24174956796478095,0.1660838314644499,1.75,3.7,4.75,H,1.75,True,75.0
2019-12-04,2019,H,H,0.7387076655808162,0.17630487699442263,0.0849874574247611,1.28,5.75,10.0,H,1.28,True,28.000000000000004
2019-12-04,2019,H,H,0.4564702119313384,0.256183272266541,0.28734651580212056,2.75,3.4,2.55,H,2.75,True,175.0
2019-12-04,2019,H,H,0.4803743047534476,0.22755038330785796,0.2920753119386944,1.72,4.0,4.2,H,1.72,True,72.0
2019-12-05,2019,A,H,0.5117765481554377,0.2627812148547813,0.22544223698978097,1.83,3.4,4.6,H,1.83,False,-100.0
2019-12-05,2019,A,H,0.567043372073626,0.2095132352514882,0.2234433926748857,1.57,4.33,5.5,H,1.57,False,-100.0
2019-12-07,2019,A,A,0.09065270818989977,0.1339289256991015,0.7754183661109988,7.0,5.25,1.4,A,1.4,True,39.99999999999999
2019-12-07,2019,H,A,0.26965156129947127,0.2411014966652384,0.48924694203529034,3.5,3.75,2.0,A,2.0,False,-100.0
2019-12-07,2019,H,H,0.6481002928409793,0.2156246738142756,0.1362750333447452,1.4,4.75,8.0,H,1.4,True,39.99999999999999
2019-12-07,2019,A,H,0.7272034090666851,0.1740247147760216,0.09877187615729327,1.3,5.5,10.0,H,1.3,False,-100.0
2019-12-07,2019,D,H,0.3924288430892702,0.2827197533645263,0.3248514035462035,2.37,3.3,3.1,H,2.37,False,-100.0
2019-12-08,2019,A,A,0.1928290350067894,0.23541043523367644,0.5717605297595342,4.33,3.8,1.8,A,1.8,True,80.0
2019-12-08,2019,H,H,0.4678493332081354,0.2731399117918528,0.2590107550000118,2.5,3.2,2.9,H,2.5,True,150.0
2019-12-08,2019,A,A,0.3442900001120997,0.27213084233900603,0.38357915754889427,2.9,3.5,2.37,A,2.37,True,137.0
2019-12-08,2019,D,H,0.36642353198836664,0.281774819166641,0.3518016488449924,2.62,3.1,2.87,H,2.62,False,-100.0
2019-12-09,2019,A,A,0.3168357110181718,0.2346812692746581,0.44848301970716997,3.3,4.0,2.0,A,2.0,True,100.0
2019-12-14,2019,A,H,0.5346863778119979,0.23522080214250274,0.23009282004549933,1.9,3.8,3.8,H,1.9,False,-100.0
2019-12-14,2019,H,H,0.5241418060903255,0.24001619448883527,0.23584199942083925,1.85,3.75,4.2,H,1.85,True,85.00000000000001
2019-12-14,2019,D,H,0.8331085847924167,0.12822253020563149,0.03866888500195193,1.22,6.5,13.0,H,1.22,False,-100.0
2019-12-14,2019,A,H,0.7906640545729926,0.15027429135892834,0.05906165406807909,1.25,6.0,12.0,H,1.25,False,-100.0
2019-12-14,2019,H,H,0.8887994634809331,0.0907602520203323,0.020440284498734713,1.16,7.5,17.0,H,1.16,True,15.999999999999993
2019-12-14,2019,H,H,0.4513816519348222,0.2671173509230795,0.28150099714209836,1.95,3.4,4.0,H,1.95,True,95.0
2019-12-15,2019,A,A,0.1508507436629969,0.14374780537560047,0.7054014509614026,6.0,5.25,1.44,A,1.44,True,43.99999999999999
2019-12-15,2019,A,H,0.38588805832790757,0.2651731047799747,0.3489388368921177,3.25,3.4,2.25,H,3.25,False,-100.0
2019-12-15,2019,D,H,0.5939211740071599,0.21699006758596553,0.18908875840687445,1.8,3.7,4.5,H,1.8,False,-100.0
2019-12-16,2019,D,H,0.4214745796762271,0.248741246166203,0.32978417415757,2.55,3.25,2.87,H,2.55,False,-100.0
2019-12-21,2019,A,A,0.2863782574318712,0.24924095848682626,0.46438078408130257,3.75,3.8,1.9,A,1.9,True,89.99999999999999
2019-12-21,2019,H,H,0.6170034929917387,0.2182562043285846,0.16474030267967665,1.36,5.25,7.5,H,1.36,True,36.00000000000001
2019-12-21,2019,H,H,0.42808297614418045,0.30713139841378634,0.26478562544203316,2.37,3.1,3.25,H,2.37,True,137.0
2019-12-21,2019,A,H,0.45439203661990696,0.2797338233847368,0.26587413999535636,2.2,3.25,3.5,H,2.2,False,-100.0
2019-12-21,2019,A,H,0.3918946725583106,0.24286043618091377,0.36524489126077553,2.4,3.4,2.9,H,2.4,False,-100.0
2019-12-21,2019,A,A,0.37870691330845696,0.24084052735505238,0.38045255933649064,2.4,3.6,2.8,A,2.8,True,179.99999999999997
2019-12-21,2019,D,H,0.41558899037195746,0.2470465063015686,0.33736450332647394,2.3,3.8,2.87,H,2.3,False,-100.0
2019-12-22,2019,H,A,0.18004952682012998,0.19986395052051084,0.6200865226593593,4.33,4.0,1.75,A,1.75,False,-100.0
2019-12-22,2019,A,H,0.4881555845355427,0.24123787231879265,0.27060654314566457,2.37,3.75,2.75,H,2.37,False,-100.0
2019-12-26,2019,H,H,0.43659749004163695,0.27115545115331174,0.2922470588050513,2.3,3.4,3.1,H,2.3,True,129.99999999999997
2019-12-26,2019,H,H,0.5681814002091555,0.24391285834531806,0.18790574144552633,1.53,4.33,6.0,H,1.53,True,53.0
2019-12-26,2019,H,H,0.3961996425169993,0.25000371750928185,0.3537966399737189,2.1,3.75,3.3,H,2.1,True,110.00000000000001
2019-12-26,2019,D,A,0.28334618974620535,0.23491348289449066,0.481740327359304,3.5,3.9,1.95,A,1.95,False,-100.0
2019-12-26,2019,H,H,0.5352774860414197,0.23965770298821315,0.22506481097036724,1.7,3.75,5.0,H,1.7,True,70.0
2019-12-26,2019,D,H,0.5507997207460646,0.26066065635897373,0.1885396228949616,1.83,3.6,4.33,H,1.83,False,-100.0
2019-12-26,2019,H,H,0.6870835757671806,0.21123248803674743,0.101683936196072,1.33,5.25,9.0,H,1.33,True,33.00000000000001
2019-12-26,2019,A,A,0.3102882228809328,0.26153972013631016,0.4281720569827571,3.4,3.75,2.05,A,2.05,True,104.99999999999999
2019-12-26,2019,A,H,0.6595407636998982,0.21156006631198426,0.1288991699881175,1.33,5.25,9.0,H,1.33,False,-100.0
2019-12-27,2019,H,A,0.09173769004765464,0.14407152881613897,0.7641907811362064,8.5,5.0,1.36,A,1.36,False,-100.0
2019-12-28,2019,D,A,0.19544460325182744,0.24137101273032474,0.5631843840178479,5.0,4.0,1.66,A,1.66,False,-100.0
2019-12-28,2019,A,A,0.2797133700535465,0.21858956890814746,0.501697061038306,4.0,3.9,1.83,A,1.83,True,83.0
2019-12-28,2019,D,H,0.5030289931362353,0.2778432533211898,0.21912775354257488,1.95,3.6,3.8,H,1.95,False,-100.0
2019-12-28,2019,H,H,0.46432034217485246,0.23201535115115957,0.30366430667398786,1.95,3.8,3.6,H,1.95,True,95.0
2019-12-28,2019,H,H,0.549674225356389,0.26257314663561754,0.18775262800799344,1.75,3.9,4.33,H,1.75,True,75.0
2019-12-28,2019,A,A,0.1812135986331734,0.20563835482911658,0.6131480465377099,4.33,3.75,1.8,A,1.8,True,80.0
2019-12-28,2019,A,A,0.32349278066731363,0.2604049775022902,0.4161022418303961,3.6,3.4,2.05,A,2.05,True,104.99999999999999
2019-12-29,2019,H,H,0.8394803904935938,0.12278703140075252,0.03773257810565371,1.16,7.5,16.0,H,1.16,True,15.999999999999993
2019-12-29,2019,H,H,0.791571824657774,0.15161419850565544,0.056813976836570475,1.25,5.75,12.0,H,1.25,True,25.0
2019-12-29,2019,A,A,0.32693824176849345,0.24310790212106506,0.4299538561104414,2.87,3.75,2.3,A,2.3,True,129.99999999999997
2020-01-01,2019,H,A,0.3356146775539428,0.2689228149014287,0.3954625075446284,3.3,3.5,2.1,A,2.1,False,-100.0
2020-01-01,2019,H,A,0.2839550936559197,0.2606706666315169,0.45537423971256324,2.55,3.6,2.62,A,2.62,False,-100.0
2020-01-01,2019,H,H,0.4784930198327646,0.25410851379217697,0.2673984663750585,1.9,3.75,3.8,H,1.9,True,89.99999999999999
2020-01-01,2019,D,H,0.3903734753624445,0.2861945815443066,0.3234319430932489,2.5,3.4,2.75,H,2.5,False,-100.0
2020-01-01,2019,H,H,0.6927486556370044,0.1841587155205813,0.12309262884241431,1.25,6.5,10.0,H,1.25,True,25.0
2020-01-01,2019,A,A,0.22269252660826447,0.2270362615860107,0.5502712118057248,5.0,3.8,1.66,A,1.66,True,65.99999999999999
2020-01-01,2019,A,H,0.5052231382016307,0.21029334428164206,0.28448351751672735,1.75,3.8,4.33,H,1.75,False,-100.0
2020-01-01,2019,D,A,0.3392860260949475,0.25740344767759665,0.40331052622745583,3.6,3.6,1.95,A,1.95,False,-100.0
2020-01-01,2019,H,A,0.3629614472660131,0.26480766607330536,0.3722308866606815,3.0,3.4,2.3,A,2.3,False,-100.0
2020-01-02,2019,H,H,0.8156134548471953,0.13884048594765014,0.04554605920515445,1.2,6.5,13.0,H,1.2,True,19.999999999999996
2020-01-10,2019,H,H,0.4709132242682275,0.26197829366009695,0.26710848207167553,1.95,3.4,4.0,H,1.95,True,95.0
2020-01-11,2019,D,H,0.6748990758831549,0.19764889370913763,0.12745203040770747,1.44,4.5,7.5,H,1.44,False,-100.0
2020-01-11,2019,A,A,0.19943354897125287,0.22227539376118854,0.5782910572675586,4.5,4.33,1.66,A,1.66,True,65.99999999999999
2020-01-11,2019,H,H,0.688645407470888,0.2089842095398838,0.10237038298922826,1.33,5.25,8.5,H,1.33,True,33.00000000000001
2020-01-11,2019,D,A,0.3036711124032869,0.25639438039132406,0.43993450720538896,4.1,3.9,1.8,A,1.8,False,-100.0
2020-01-11,2019,H,H,0.490682668130735,0.2702705640384322,0.2390467678308328,1.85,3.8,4.0,H,1.85,True,85.00000000000001
2020-01-11,2019,H,H,0.7398147580804313,0.18444419902125697,0.07574104289831177,1.28,5.5,11.0,H,1.28,True,28.000000000000004
2020-01-11,2019,A,H,0.5340320271193574,0.2603675257517507,0.20560044712889197,1.6,4.0,5.5,H,1.6,False,-100.0
2020-01-12,2019,A,A,0.333764754669084,0.27171172590321807,0.3945235194276978,2.6,3.3,2.7,A,2.7,True,170.00000000000003
2020-01-12,2019,A,A,0.01231661447094186,0.03777328680261668,0.9499100987264414,13.0,8.5,1.16,A,1.16,True,15.999999999999993
2020-01-18,2019,D,H,0.8934022899693453,0.07602110068266661,0.030576609347988042,1.1,11.0,19.0,H,1.1,False,-100.0
2020-01-18,2019,D,H,0.42054590793538454,0.286236228720359,0.2932178633442564,3.25,3.5,2.2,H,3.25,False,-100.0
2020-01-18,2019,D,H,0.4845900750737659,0.28054919462509254,0.23486073030114152,1.83,3.6,4.33,H,1.83,False,-100.0
2020-01-18,2019,D,H,0.5321371993994767,0.22182033029881296,0.24604247030171034,1.66,4.0,5.0,H,1.66,False,-100.0
2020-01-18,2019,H,A,0.1337645107573731,0.1884970022897766,0.6777384869528502,6.0,4.5,1.5,A,1.5,False,-100.0
2020-01-18,2019,A,H,0.5148842059390788,0.25252621094945943,0.2325895831114617,2.4,3.4,3.0,H,2.4,False,-100.0
2020-01-18,2019,D,A,0.34570801727541584,0.2684336166711171,0.385858366053467,2.9,3.5,2.37,A,2.37,False,-100.0
2020-01-18,2019,H,H,0.46926897472183293,0.25564737606609655,0.27508364921207046,2.2,3.5,3.25,H,2.2,True,120.00000000000001
2020-01-19,2019,H,A,0.2141506190725493,0.22641535882989453,0.5594340220975561,4.33,3.75,1.83,A,1.83,False,-100.0
2020-01-19,2019,H,H,0.6791214384815973,0.20281580514217426,0.11806275637622839,1.36,5.25,8.0,H,1.36,True,36.00000000000001
2020-01-21,2019,D,H,0.5377876466451587,0.2602279411881927,0.20198441216664864,1.72,3.9,4.5,H,1.72,False,-100.0
2020-01-21,2019,A,A,0.10161515964681708,0.1403618320544662,0.7580230082987167,7.0,5.0,1.4,A,1.4,True,39.99999999999999
2020-01-21,2019,D,H,0.6572646548837664,0.20883928402689875,0.13389606108933488,1.55,4.1,6.0,H,1.55,False,-100.0
2020-01-21,2019,H,A,0.31026001853135365,0.26348072440585935,0.42625925706278694,2.87,3.4,2.45,A,2.45,False,-100.0
2020-01-21,2019,H,A,0.32539336254047624,0.2694264859131841,0.4051801515463397,2.8,3.5,2.45,A,2.45,False,-100.0
2020-01-21,2019,A,A,0.3521535270851417,0.2805471344199565,0.36729933849490176,2.7,3.25,2.7,A,2.7,True,170.00000000000003
2020-01-22,2019,H,H,0.5918294919160396,0.24045325246168242,0.16771725562227796,1.53,4.33,6.0,H,1.53,True,53.0
2020-01-22,2019,H,H,0.6342909249578396,0.20925740379982943,0.15645167124233103,1.4,5.0,7.5,H,1.4,True,39.99999999999999
2020-01-22,2019,A,H,0.7405831399516621,0.17972569761710452,0.07969116243123335,1.36,4.75,9.0,H,1.36,False,-100.0
2020-01-23,2019,A,A,0.16981406491520365,0.25055013094289647,0.5796358041418997,5.75,3.8,1.61,A,1.61,True,61.00000000000001
2020-01-29,2019,A,A,0.06492885085027662,0.12668636816817544,0.808384780981548,8.5,5.5,1.33,A,1.33,True,33.00000000000001
2020-02-01,2019,D,H,0.39634848311229054,0.2571123690836536,0.34653914780405587,2.6,3.3,2.75,H,2.6,False,-100.0
2020-02-01,2019,D,H,0.453250117883668,0.2691239740716542,0.2776259080446778,2.5,3.6,2.7,H,2.5,False,-100.0
2020-02-01,2019,H,H,0.39374890309506505,0.22502595395074057,0.3812251429541944,2.1,3.6,3.3,H,2.1,True,110.00000000000001
2020-02-01,2019,A,H,0.3578705827601017,0.2905743887031355,0.35155502853676274,3.1,3.1,2.5,H,3.1,False,-100.0
2020-02-01,2019,H,H,0.7846232257847815,0.15653371218271092,0.05884306203250755,1.25,6.0,12.0,H,1.25,True,25.0
2020-02-01,2019,D,H,0.42366666764892563,0.25564027646968923,0.3206930558813852,2.2,3.4,3.3,H,2.2,False,-100.0
2020-02-01,2019,A,H,0.3958257947011362,0.29361164708098114,0.31056255821788264,2.75,3.3,2.62,H,2.75,False,-100.0
2020-02-01,2019,D,H,0.48624158704991,0.27949714917276836,0.2342612637773217,2.25,3.25,3.4,H,2.25,False,-100.0
2020-02-02,2019,H,A,0.15737228619083368,0.19526510811524678,0.6473626056939196,5.5,4.6,1.53,A,1.53,False,-100.0
2020-02-02,2019,D,A,0.3038161177110463,0.26994697300963266,0.42623690927932095,3.6,3.6,2.0,A,2.0,False,-100.0
2020-02-08,2019,D,H,0.4446096414571327,0.27854522252964714,0.2768451360132202,2.1,3.4,3.6,H,2.1,False,-100.0
2020-02-08,2019,H,H,0.6266642728763943,0.23633410888445502,0.1370016182391507,1.61,3.8,6.0,H,1.61,True,61.00000000000001
2020-02-09,2019,H,H,0.5769277180149481,0.23131632777364622,0.19175595421140576,1.66,3.6,5.75,H,1.66,True,65.99999999999999
2020-02-14,2019,D,A,0.36008975188121906,0.2792185067773683,0.3606917413414125,2.5,3.3,2.87,A,2.87,False,-100.0
2020-02-15,2019,A,H,0.5796505028495058,0.2386654581173961,0.18168403903309813,1.75,3.8,4.75,H,1.75,False,-100.0
2020-02-15,2019,A,A,0.030731928009374642,0.0964570470533008,0.8728110249373245,11.0,6.25,1.25,A,1.25,True,25.0
2020-02-16,2019,H,H,0.6423105587659274,0.2197650548388921,0.13792438639518048,1.4,4.75,8.0,H,1.4,True,39.99999999999999
2020-02-16,2019,A,A,0.28863089686274973,0.2683961438340154,0.4429729593032349,4.0,3.8,1.85,A,1.85,True,85.00000000000001
2020-02-17,2019,A,H,0.5475390173701493,0.2539913455021024,0.1984696371277483,1.85,3.5,4.5,H,1.85,False,-100.0
2020-02-19,2019,H,H,0.8832224637577288,0.08333461262601968,0.03344292361625143,1.12,9.5,17.0,H,1.12,True,12.00000000000001
2020-02-22,2019,A,A,0.21611653441048975,0.22532834645344005,0.5585551191360701,4.5,4.2,1.7,A,1.7,True,70.0
2020-02-22,2019,H,H,0.5775730063638724,0.20039994451088625,0.22202704912524127,1.61,4.33,5.0,H,1.61,True,61.00000000000001
2020-02-22,2019,D,H,0.5550081946875703,0.2372909440574512,0.20770086125497847,1.95,3.4,4.2,H,1.95,False,-100.0
2020-02-22,2019,H,H,0.492356508620728,0.24667150370368943,0.2609719876755825,1.72,4.0,4.5,H,1.72,True,72.0
2020-02-22,2019,H,H,0.506508937568373,0.2553088415296332,0.23818222090199376,2.1,3.3,3.7,H,2.1,True,110.00000000000001
2020-02-22,2019,H,H,0.4423290335940052,0.2693616649880002,0.28830930141799477,1.95,3.4,4.2,H,1.95,True,95.0
2020-02-23,2019,H,H,0.4226678280534666,0.2625886153335781,0.31474355661295533,2.0,3.6,3.7,H,2.0,True,100.0
2020-02-23,2019,H,H,0.6050089685840878,0.24499371464909123,0.1499973167668209,1.6,3.9,6.0,H,1.6,True,60.00000000000001
2020-02-23,2019,H,H,0.6156167252482104,0.23121157806936493,0.15317169668242464,1.5,4.2,7.0,H,1.5,True,50.0
2020-02-24,2019,H,H,0.8789478056348512,0.08892861370391902,0.03212358066122975,1.16,8.0,15.0,H,1.16,True,15.999999999999993
2020-02-28,2019,H,A,0.23467057987966866,0.240128927248459,0.5252004928718723,4.33,4.1,1.72,A,1.72,False,-100.0
2020-02-29,2019,H,A,0.0589598352953235,0.13420363438287697,0.8068365303217996,8.0,4.75,1.4,A,1.4,False,-100.0
2020-02-29,2019,H,A,0.3128337125590791,0.2140622672846323,0.47310402015628855,2.65,3.6,2.5,A,2.5,False,-100.0
2020-02-29,2019,A,H,0.47656595674437974,0.2815963309391865,0.2418377123164338,2.05,3.25,3.9,H,2.05,False,-100.0
2020-02-29,2019,D,A,0.2511945282588141,0.23548770879555994,0.513317762945626,4.75,3.8,1.72,A,1.72,False,-100.0
2020-02-29,2019,D,A,0.32611081402407194,0.3029186097724102,0.37097057620351775,2.62,3.1,2.9,A,2.9,False,-100.0
2020-03-01,2019,D,H,0.4272361309946857,0.2898551553375772,0.282908713667737,2.5,3.25,2.9,H,2.5,False,-100.0
2020-03-01,2019,A,H,0.45916256801609173,0.2815190778693527,0.25931835411455556,2.45,3.2,3.0,H,2.45,False,-100.0
2020-03-07,2019,D,H,0.4287555919133713,0.26578037269687244,0.3054640353897562,2.7,3.3,2.62,H,2.7,False,-100.0
2020-03-07,2019,A,H,0.5882843758693143,0.23069564805917783,0.18101997607150785,1.61,4.1,5.25,H,1.61,False,-100.0
2020-03-07,2019,H,H,0.5955763143193948,0.24207570186281552,0.16234798381778973,1.65,3.75,5.75,H,1.65,True,64.99999999999999
2020-03-07,2019,H,H,0.8213717336503084,0.12404151878153638,0.05458674756815518,1.22,6.5,13.0,H,1.22,True,21.999999999999996
2020-03-07,2019,H,H,0.5898284252454582,0.21551825197012137,0.1946533227844204,1.57,4.4,5.5,H,1.57,True,57.00000000000001
2020-03-07,2019,D,H,0.58170023387869,0.24031982408362132,0.1779799420376888,1.61,3.9,5.75,H,1.61,False,-100.0
2020-03-07,2019,H,H,0.4484658195521725,0.26396714854683556,0.2875670319009919,2.55,3.2,2.9,H,2.55,True,154.99999999999997
2020-03-08,2019,H,H,0.4966641314783124,0.23035779509429036,0.27297807342739727,1.8,3.9,4.2,H,1.8,True,80.0
2020-03-08,2019,H,A,0.2358015694090374,0.23911209832246616,0.5250863322684964,5.0,4.33,1.6,A,1.6,False,-100.0
2020-03-09,2019,H,H,0.640686993776293,0.21045107071077848,0.14886193551292856,1.36,5.25,8.0,H,1.36,True,36.00000000000001
2020-06-17,2019,H,H,0.6398635446071443,0.21468083334185356,0.1454556220510021,1.36,5.25,7.5,H,1.36,True,36.00000000000001
2020-06-17,2019,D,A,0.3028049794644401,0.2758820419384313,0.42131297859712863,3.2,3.4,2.25,A,2.25,False,-100.0
2020-06-19,2019,A,H,0.395110663681418,0.24468891395259978,0.36020042236598215,2.8,3.5,2.45,H,2.8,False,-100.0
2020-06-19,2019,D,A,0.32786758206408606,0.29359491329971743,0.3785375046361965,3.0,3.4,2.37,A,2.37,False,-100.0
2020-06-20,2019,D,A,0.2935966939953532,0.26821263656200844,0.4381906694426384,3.6,3.5,2.05,A,2.05,False,-100.0
2020-06-20,2019,H,A,0.33102756512837744,0.30061627875419317,0.36835615611742933,3.1,3.25,2.37,A,2.37,False,-100.0
2020-06-20,2019,A,A,0.3021141147620258,0.26399085165543257,0.4338950335825415,3.6,3.4,2.1,A,2.1,True,110.00000000000001
2020-06-20,2019,A,H,0.37861691414087006,0.2934198251104452,0.32796326074868476,2.45,3.2,3.0,H,2.45,False,-100.0
2020-06-21,2019,A,A,0.1368730377447761,0.16498370594994358,0.6981432563052804,6.0,4.5,1.5,A,1.5,True,50.0
2020-06-21,2019,D,A,0.16843455612021693,0.19957677646218291,0.6319886674176002,6.0,4.2,1.55,A,1.55,False,-100.0
2020-06-21,2019,H,A,0.3421584720292419,0.30196757995088835,0.3558739480198698,3.3,3.1,2.37,A,2.37,False,-100.0
2020-06-22,2019,H,H,0.803713098294911,0.1287729680176026,0.0675139336874864,1.12,9.0,15.0,H,1.12,True,12.00000000000001
2020-06-23,2019,H,H,0.5510527494921912,0.2455637490575964,0.20338350145021247,1.66,4.0,5.0,H,1.66,True,65.99999999999999
2020-06-23,2019,D,H,0.5413541407688697,0.27415236377984126,0.18449349545128907,1.6,4.0,5.75,H,1.6,False,-100.0
2020-06-24,2019,H,H,0.7755101795785917,0.15476796068880144,0.0697218597326069,1.22,6.5,13.0,H,1.22,True,21.999999999999996
2020-06-24,2019,H,H,0.7045560415636062,0.20861839077118313,0.08682556766521073,1.4,4.5,8.5,H,1.4,True,39.99999999999999
2020-06-24,2019,D,H,0.5187815269484272,0.25172664050102866,0.22949183255054417,2.3,3.3,3.2,H,2.3,False,-100.0
2020-06-24,2019,A,A,0.276253496758703,0.2346730115696543,0.48907349167164277,3.9,3.6,1.9,A,1.9,True,89.99999999999999
2020-06-24,2019,H,H,0.6551154499343618,0.21862485596939207,0.12625969409624627,1.55,4.0,6.0,H,1.55,True,55.00000000000001
2020-06-25,2019,H,A,0.29379035222002997,0.26938712495084355,0.4368225228291265,4.0,4.0,1.8,A,1.8,False,-100.0
2020-06-25,2019,H,H,0.4176605333959278,0.2868147816099246,0.29552468499414764,3.0,3.25,2.45,H,3.0,True,200.0
2020-06-25,2019,A,H,0.40869111747733095,0.27276846574653046,0.31854041677613865,2.6,3.5,2.62,H,2.6,False,-100.0
2020-06-27,2019,A,A,0.18919565057410223,0.22542013854434964,0.585384210881548,4.6,3.7,1.75,A,1.75,True,75.0
2020-06-28,2019,A,H,0.3845541302738976,0.267709113151767,0.34773675657433545,2.5,3.3,2.87,H,2.5,False,-100.0
2020-06-29,2019,A,H,0.47842071321104895,0.27189601198268315,0.2496832748062679,2.25,3.2,3.4,H,2.25,False,-100.0
2020-06-30,2019,A,A,0.16546066150786512,0.24697753076790022,0.5875618077242346,6.0,3.8,1.61,A,1.61,True,61.00000000000001
2020-07-01,2019,H,A,0.13614859563605555,0.17969154535389997,0.6841598590100445,5.5,4.33,1.57,A,1.57,False,-100.0
2020-07-01,2019,A,A,0.3468388046156686,0.293842777348004,0.3593184180363273,2.4,3.1,3.2,A,3.2,True,220.00000000000003
2020-07-01,2019,H,H,0.4064949924423203,0.289873124813027,0.3036318827446527,2.5,3.3,2.9,H,2.5,True,150.0
2020-07-01,2019,H,H,0.6429284373636109,0.20477663682539868,0.15229492581099024,1.44,4.75,7.0,H,1.44,True,43.99999999999999
2020-07-02,2019,H,H,0.4795977942242457,0.24905423404467714,0.2713479717310772,2.05,3.9,3.3,H,2.05,True,104.99999999999999
2020-07-02,2019,H,A,0.28784048963501524,0.23957163648838256,0.4725878738766022,4.2,3.4,1.95,A,1.95,False,-100.0
2020-07-04,2019,A,H,0.46719816015849913,0.28514537707057497,0.24765646277092596,2.25,3.4,3.25,H,2.25,False,-100.0
2020-07-04,2019,H,H,0.8950180524040909,0.08363831866448436,0.02134362893142474,1.16,7.5,17.0,H,1.16,True,15.999999999999993
2020-07-04,2019,H,H,0.719214004467879,0.1967422259056194,0.08404376962650165,1.4,4.75,8.0,H,1.4,True,39.99999999999999
2020-07-04,2019,A,A,0.32048026228457877,0.26792012394202724,0.411599613773394,3.3,3.4,2.2,A,2.2,True,120.00000000000001
2020-07-04,2019,H,H,0.5514860347064757,0.2704335344011006,0.17808043089242367,1.66,3.6,5.75,H,1.66,True,65.99999999999999
2020-07-05,2019,H,A,0.07999614443808648,0.13121681104582086,0.7887870445160927,8.5,6.0,1.3,A,1.3,False,-100.0
2020-07-05,2019,H,H,0.685720685647232,0.18789056478632132,0.12638874956644666,1.33,5.5,8.5,H,1.33,True,33.00000000000001
2020-07-05,2019,D,H,0.4898020990581189,0.26837640499158927,0.2418214959502919,2.6,3.3,2.75,H,2.6,False,-100.0
2020-07-05,2019,D,H,0.41301054669466997,0.2964520068912347,0.2905374464140954,2.9,3.0,2.7,H,2.9,False,-100.0
2020-07-06,2019,H,H,0.4333871232906467,0.2691596081635486,0.2974532685458048,2.1,3.5,3.4,H,2.1,True,110.00000000000001
2020-07-07,2019,H,H,0.5374968427548259,0.23321123007741704,0.2292919271677571,1.7,3.75,5.0,H,1.7,True,70.0
2020-07-07,2019,D,H,0.45719477593860014,0.2614945815783246,0.28131064248307536,2.3,3.5,3.0,H,2.3,False,-100.0
2020-07-07,2019,A,A,0.06706570779830279,0.13437642788929263,0.7985578643124045,8.5,4.5,1.4,A,1.4,True,39.99999999999999
2020-07-08,2019,A,H,0.442978655669572,0.2760859290569682,0.28093541527345983,2.0,3.4,3.9,H,2.0,False,-100.0
2020-07-08,2019,A,A,0.1681459557794386,0.20477368783712338,0.6270803563834378,6.0,4.33,1.53,A,1.53,True,53.0
2020-07-08,2019,H,H,0.8863983262663628,0.09369175553203443,0.019909918201602678,1.12,9.0,21.0,H,1.12,True,12.00000000000001
2020-07-08,2019,H,A,0.2813417206364832,0.26984086202309787,0.4488174173404191,3.8,3.2,2.1,A,2.1,False,-100.0
2020-07-09,2019,D,A,0.16926097332792966,0.200949420239832,0.6297896064322382,5.25,3.8,1.66,A,1.66,False,-100.0
2020-07-09,2019,D,H,0.4075764384129179,0.2868113269143961,0.30561223467268606,2.05,3.5,3.6,H,2.05,False,-100.0
2020-07-09,2019,A,A,0.05327732627134189,0.12675901958562436,0.8199636541430338,9.0,5.25,1.33,A,1.33,True,33.00000000000001
2020-07-11,2019,A,A,0.23764362106699258,0.22685025716670706,0.5355061217663002,3.75,3.75,1.95,A,1.95,True,95.0
2020-07-11,2019,H,H,0.45663996760643877,0.24959198971289037,0.29376804268067086,1.8,3.6,4.5,H,1.8,True,80.0
2020-07-11,2019,D,H,0.7613635807462754,0.16012829210834206,0.07850812714538248,1.22,6.5,12.0,H,1.22,False,-100.0
2020-07-11,2019,H,A,0.14568289025549055,0.18036715766620712,0.6739499520783023,6.0,3.8,1.6,A,1.6,False,-100.0
2020-07-11,2019,A,A,0.05292070385976374,0.10802135437188241,0.839057941768354,10.0,5.5,1.28,A,1.28,True,28.000000000000004
2020-07-12,2019,H,H,0.46009800177310295,0.29468490753851495,0.24521709068838213,2.05,3.3,3.8,H,2.05,True,104.99999999999999
2020-07-12,2019,H,H,0.418881263463027,0.2565480695045396,0.32457066703243337,2.25,3.3,3.3,H,2.25,True,125.0
2020-07-12,2019,H,A,0.17614375547234828,0.20585848165233955,0.6179977628753123,5.25,3.8,1.66,A,1.66,False,-100.0
2020-07-12,2019,H,H,0.3565583751881895,0.2915714112127847,0.35187021359902587,2.62,3.4,2.7,H,2.62,True,162.0
2020-07-13,2019,D,H,0.7385790448657901,0.1774407397746983,0.08398021535951165,1.3,5.5,10.0,H,1.3,False,-100.0
2020-07-14,2019,H,H,0.8932729367792558,0.07255737414336064,0.03416968907738365,1.12,9.5,17.0,H,1.12,True,12.00000000000001
2020-07-15,2019,D,A,0.3146034314806184,0.2886257931301749,0.39677077538920663,4.5,3.3,1.9,A,1.9,False,-100.0
2020-07-15,2019,H,H,0.8831672709802643,0.08825803930606993,0.02857468971366595,1.14,8.5,17.0,H,1.14,True,13.99999999999999
2020-07-15,2019,A,A,0.233300767408525,0.24328657343143614,0.5234126591600389,4.6,3.8,1.75,A,1.75,True,75.0
2020-07-15,2019,H,A,0.3309037562354517,0.24116484231073906,0.42793140145380926,3.8,3.8,1.9,A,1.9,False,-100.0
2020-07-16,2019,D,H,0.48642237862953114,0.2631743174213212,0.2504033039491477,2.0,3.5,3.75,H,2.0,False,-100.0
2020-07-16,2019,H,H,0.44159888646662926,0.30825304457749325,0.2501480689558774,2.05,3.25,3.9,H,2.05,True,104.99999999999999
2020-07-16,2019,A,A,0.04403041012346474,0.11809436286535682,0.8378752270111783,9.5,4.75,1.36,A,1.36,True,36.00000000000001
2020-07-16,2019,D,H,0.5337400508143324,0.2444784127639179,0.22178153642174972,2.15,3.3,3.5,H,2.15,False,-100.0
2020-07-17,2019,H,H,0.48281113304701584,0.277836836364613,0.2393520305883713,2.4,3.0,3.3,H,2.4,True,140.0
2020-07-18,2019,A,A,0.24442061334353124,0.2930464980022451,0.46253288865422365,3.2,3.4,2.25,A,2.25,True,125.0
2020-07-19,2019,A,A,0.33259294460315936,0.2617600751149724,0.4056469802818682,2.4,3.6,2.8,A,2.8,True,179.99999999999997
2020-07-19,2019,H,H,0.4725948691935969,0.24907489530614377,0.27833023550025926,2.25,3.3,3.25,H,2.25,True,125.0
2020-07-20,2019,H,H,0.6588380894309169,0.21737891973811346,0.12378299083096955,1.5,4.0,7.5,H,1.5,True,50.0
2020-07-20,2019,A,H,0.5128571906494129,0.2534715328845257,0.23367127646606137,2.2,3.25,3.5,H,2.2,False,-100.0
2020-07-20,2019,D,H,0.4556833856489981,0.23632040806279417,0.30799620628820784,1.9,3.4,4.33,H,1.9,False,-100.0
2020-07-21,2019,A,A,0.06140933864467018,0.12282777773141967,0.81576288362391,8.5,5.5,1.33,A,1.33,True,33.00000000000001
2020-07-21,2019,H,A,0.2704994248509886,0.28925690104041957,0.44024367410859194,3.3,3.6,2.1,A,2.1,False,-100.0
2020-07-22,2019,D,H,0.7553518317845243,0.15416906681963816,0.09047910139583752,1.22,6.5,11.0,H,1.22,False,-100.0
2020-07-22,2019,H,H,0.48154423688026415,0.23055963873815108,0.28789612438158496,2.0,3.75,3.5,H,2.0,True,100.0
2020-07-26,2019,A,H,0.4189056111686591,0.24634739777090497,0.3347469910604359,2.25,3.7,3.0,H,2.25,False,-100.0
2020-07-26,2019,H,H,0.5098105215080144,0.20970384937801845,0.2804856291139671,1.9,3.8,3.8,H,1.9,True,89.99999999999999
2020-07-26,2019,A,H,0.4917475501142286,0.25375607529140043,0.2544963745943709,2.37,3.4,3.0,H,2.37,False,-100.0
2020-07-26,2019,H,H,0.5225993769143188,0.2721325690225623,0.20526805406311896,1.85,3.8,4.0,H,1.85,True,85.00000000000001
2020-07-26,2019,D,A,0.12599515682478568,0.2074072288869508,0.6665976142882635,6.0,4.2,1.55,A,1.55,False,-100.0
2020-07-26,2019,A,A,0.3328806356587618,0.2770421892202934,0.39007717512094486,3.25,3.5,2.2,A,2.2,True,120.00000000000001
2020-07-26,2019,H,H,0.9600720773892759,0.035562526984182864,0.004365395626541199,1.08,11.0,26.0,H,1.08,True,8.000000000000007
2020-07-26,2019,A,A,0.0755131592867254,0.13195065398095582,0.792536186732319,7.5,5.25,1.36,A,1.36,True,36.00000000000001
2020-07-26,2019,H,H,0.5042482336129785,0.28735169296563295,0.20840007342138853,2.15,3.5,3.3,H,2.15,True,114.99999999999999
2020-07-26,2019,D,H,0.4083433806700175,0.2772767567233808,0.3143798626066016,3.0,3.6,2.3,H,3.0,False,-100.0
2020-09-12,2020,A,H,0.5336326575894055,0.24401945624223118,0.22234788616836346,2.15,3.4,3.4,H,2.15,False,-100.0
2020-09-12,2020,H,A,0.2855584191997518,0.2753638723693809,0.43907770843086735,3.1,3.25,2.37,A,2.37,False,-100.0
2020-09-12,2020,A,A,0.22057499440913184,0.22563225472870627,0.5537927508621618,6.0,4.33,1.53,A,1.53,True,53.0
2020-09-12,2020,H,H,0.7661257886542979,0.14310485383127056,0.09076935751443152,1.28,6.0,9.5,H,1.28,True,28.000000000000004
2020-09-13,2020,A,A,0.337316330451157,0.24249056427492524,0.4201931052739177,3.8,3.6,1.95,A,1.95,True,95.0
2020-09-13,2020,A,H,0.5713521390185377,0.2376269168863754,0.19102094409508702,1.83,3.6,4.33,H,1.83,False,-100.0
2020-09-14,2020,A,A,0.18914954387605865,0.17677424827327065,0.6340762078506706,5.0,4.33,1.61,A,1.61,True,61.00000000000001
2020-09-14,2020,A,A,0.3357394467114376,0.28498545817810955,0.3792750951104528,3.25,3.1,2.37,A,2.37,True,137.0
2020-09-19,2020,H,H,0.5514004462720664,0.23326137853329823,0.21533817519463536,1.53,4.5,5.5,H,1.53,True,53.0
2020-09-19,2020,A,H,0.7217755861127023,0.18731353314711727,0.09091088074018043,1.3,5.5,9.5,H,1.3,False,-100.0
2020-09-19,2020,H,H,0.5768429909074854,0.24386980745617245,0.1792872016363423,1.5,4.2,6.5,H,1.5,True,50.0
2020-09-19,2020,H,H,0.5404787884760721,0.2333215861924065,0.22619962533152133,1.61,3.9,5.75,H,1.61,True,61.00000000000001
2020-09-20,2020,A,A,0.33328277168230513,0.24002919934886063,0.4266880289688341,3.1,3.6,2.2,A,2.2,True,120.00000000000001
2020-09-20,2020,A,H,0.38705944701668754,0.2981115085277556,0.314829044455557,3.0,3.3,2.37,H,3.0,False,-100.0
2020-09-20,2020,A,H,0.41551713800133333,0.2641836295700091,0.3202992324286575,2.6,3.1,2.87,H,2.6,False,-100.0
2020-09-20,2020,H,H,0.5632471786629665,0.25346514401814535,0.1832876773188882,1.61,4.0,5.5,H,1.61,True,61.00000000000001
2020-09-21,2020,A,A,0.14163430873684718,0.19264316489244004,0.6657225263707127,6.5,4.33,1.5,A,1.5,True,50.0
2020-09-21,2020,H,H,0.4687270336232853,0.2800775718310046,0.25119539454571016,2.7,3.1,2.75,H,2.7,True,170.00000000000003
2020-09-26,2020,D,A,0.07455082137009314,0.1323782605420145,0.7930709180878922,9.0,4.75,1.36,A,1.36,False,-100.0
2020-09-26,2020,A,A,0.3253208568692021,0.26733667820634494,0.4073424649244529,3.2,3.3,2.3,A,2.3,True,129.99999999999997
2020-09-26,2020,A,A,0.26717389634776806,0.261520504434604,0.47130559921762805,4.75,3.75,1.72,A,1.72,True,72.0
2020-09-26,2020,A,A,0.31173219874925817,0.2686783369424547,0.4195894643082872,3.75,3.25,2.1,A,2.1,True,110.00000000000001
2020-09-27,2020,D,H,0.6667437718373513,0.19702811679678722,0.13622811136586138,1.45,4.5,7.0,H,1.45,False,-100.0
2020-09-27,2020,H,A,0.31111020823401503,0.2744753625388959,0.41441442922708915,3.6,3.5,2.05,A,2.05,False,-100.0
2020-09-27,2020,A,H,0.7523824897697922,0.1697299539852345,0.07788755624497329,1.28,6.0,9.5,H,1.28,False,-100.0
2020-09-27,2020,A,A,0.32545914694673556,0.21112787970800395,0.4634129733452605,2.7,3.3,2.62,A,2.62,True,162.0
2020-09-28,2020,H,H,0.6477502581456064,0.21093202271042058,0.14131771914397295,1.45,4.75,6.5,H,1.45,True,44.99999999999999
2020-09-28,2020,A,A,0.3018111058388438,0.280675988811482,0.41751290534967433,2.9,3.25,2.5,A,2.5,True,150.0
2020-10-03,2020,H,H,0.6438031883884257,0.22217463167409449,0.13402217993747992,1.4,4.75,8.0,H,1.4,True,39.99999999999999
2020-10-03,2020,H,H,0.571166512495414,0.24028872562130318,0.18854476188328284,1.72,3.75,4.8,H,1.72,True,72.0
2020-10-03,2020,D,A,0.10097907366587033,0.13043580676069733,0.7685851195734323,7.5,5.25,1.36,A,1.36,False,-100.0
2020-10-03,2020,H,H,0.40772448737998956,0.25288867827863926,0.3393868343413712,2.4,3.2,3.1,H,2.4,True,140.0
2020-10-04,2020,H,A,0.062341740535193486,0.10555638741192448,0.832101872052882,10.0,5.5,1.3,A,1.3,False,-100.0
2020-10-04,2020,A,H,0.47777974159818737,0.2762539451938749,0.24596631320793766,1.85,3.8,4.0,H,1.85,False,-100.0
2020-10-04,2020,H,H,0.6594010855600777,0.19218600669106006,0.14841290774886232,1.5,4.0,7.5,H,1.5,True,50.0
2020-10-04,2020,H,H,0.6043950472221666,0.2138860569740111,0.1817188958038223,1.72,3.8,4.75,H,1.72,True,72.0
2020-10-04,2020,A,H,0.6083701592930869,0.21651730631613658,0.17511253439077654,1.61,4.2,5.25,H,1.61,False,-100.0
2020-10-04,2020,H,H,0.6399678956030797,0.22179473107682524,0.13823737332009509,1.57,4.0,6.0,H,1.57,True,57.00000000000001
2020-10-17,2020,H,H,0.6169909890556099,0.2319787828435991,0.15103022810079106,1.44,5.0,6.5,H,1.44,True,43.99999999999999
2020-10-17,2020,A,A,0.24649237821827857,0.20021580391383403,0.5532918178678875,4.75,4.0,1.66,A,1.66,True,65.99999999999999
2020-10-17,2020,D,A,0.3128446556923966,0.19879843337198727,0.4883569109356161,3.75,4.2,1.83,A,1.83,False,-100.0
2020-10-17,2020,D,H,0.6054620755919873,0.22622965107941626,0.16830827332859652,1.45,4.75,6.5,H,1.45,False,-100.0
2020-10-18,2020,A,H,0.47174416676418107,0.2498306216959442,0.27842521153987465,1.83,3.8,4.1,H,1.83,False,-100.0
2020-10-18,2020,D,H,0.3997835021670877,0.22817218091567093,0.3720443169172414,2.62,3.3,2.7,H,2.62,False,-100.0
2020-10-18,2020,D,H,0.4580644116336572,0.2186654661618144,0.3232701222045284,2.1,3.3,3.7,H,2.1,False,-100.0
2020-10-18,2020,D,H,0.5815834153081963,0.24298656768309432,0.17543001700870933,1.57,4.33,5.5,H,1.57,False,-100.0
2020-10-19,2020,D,A,0.3500549971111914,0.24710844777137575,0.40283655511743294,2.45,3.3,2.9,A,2.9,False,-100.0
2020-10-19,2020,A,H,0.4868047221996833,0.249232821039078,0.26396245676123875,2.5,3.3,2.87,H,2.5,False,-100.0
2020-10-23,2020,A,H,0.5170043741530863,0.25350012254484056,0.22949550330207313,2.05,3.75,3.3,H,2.05,False,-100.0
2020-10-24,2020,H,H,0.8109604767990188,0.13865925747577673,0.05038026572520442,1.22,6.5,12.0,H,1.22,True,21.999999999999996
2020-10-24,2020,D,H,0.4228376667722645,0.24861681732977703,0.3285455158979584,2.37,3.6,2.8,H,2.37,False,-100.0
2020-10-24,2020,D,A,0.10401412438245151,0.14345857704006737,0.7525272985774811,8.0,5.25,1.36,A,1.36,False,-100.0
2020-10-24,2020,A,H,0.3625540836917271,0.29124941615186606,0.3461965001564069,2.75,3.1,2.7,H,2.75,False,-100.0
2020-10-25,2020,H,A,0.3503023089612748,0.26442685627075657,0.3852708347679686,2.75,3.4,2.55,A,2.55,False,-100.0
2020-10-25,2020,D,H,0.5635037977694437,0.24479335773001945,0.1917028445005369,1.75,3.5,5.25,H,1.75,False,-100.0
2020-10-25,2020,A,H,0.47648407960147254,0.2536729951011238,0.2698429252974038,1.9,3.75,3.8,H,1.9,False,-100.0
2020-10-26,2020,D,H,0.5394440592997989,0.23583326927831927,0.2247226714218819,1.7,4.0,4.75,H,1.7,False,-100.0
2020-10-26,2020,A,A,0.14322176594748076,0.1950407585538606,0.6617374754986587,5.75,4.0,1.6,A,1.6,True,60.00000000000001
2020-10-30,2020,H,H,0.4845674284897597,0.2773367400726954,0.23809583143754495,2.0,3.2,4.33,H,2.0,True,100.0
2020-10-31,2020,A,A,0.05083098946272697,0.09630954412603722,0.8528594664112358,9.5,6.0,1.28,A,1.28,True,28.000000000000004
2020-10-31,2020,A,A,0.15521344244676222,0.1958578607518738,0.648928696801364,6.0,4.5,1.5,A,1.5,True,50.0
2020-10-31,2020,H,H,0.667306976790911,0.19892915300607075,0.1337638702030182,1.36,5.25,7.5,H,1.36,True,36.00000000000001
2020-11-01,2020,A,H,0.4519139042350129,0.26224120753422625,0.2858448882307608,2.45,3.5,2.8,H,2.45,False,-100.0
2020-11-01,2020,H,A,0.26250538510162447,0.2333242487202155,0.50417036617816,3.7,3.4,2.05,A,2.05,False,-100.0
2020-11-01,2020,A,H,0.4941611206124853,0.2668354881932766,0.23900339119423797,2.0,3.6,3.6,H,2.0,False,-100.0
2020-11-01,2020,H,H,0.6349134401672842,0.22045119144496855,0.14463536838774715,1.61,4.0,5.5,H,1.61,True,61.00000000000001
2020-11-02,2020,H,H,0.40061905851106266,0.281085161463069,0.31829578002586845,2.4,3.3,3.0,H,2.4,True,140.0
2020-11-02,2020,A,H,0.47469244942168876,0.2695157743484498,0.2557917762298614,2.5,3.6,2.62,H,2.5,False,-100.0
2020-11-06,2020,D,H,0.5048213708399137,0.2602204364052221,0.23495819275486413,1.85,3.5,4.33,H,1.85,False,-100.0
2020-11-06,2020,H,H,0.5285287193582754,0.25781378321749276,0.21365749742423182,2.0,3.6,3.7,H,2.0,True,100.0
2020-11-07,2020,H,H,0.5183277095748741,0.25580085427650845,0.22587143614861754,1.83,3.75,4.2,H,1.83,True,83.0
2020-11-07,2020,H,H,0.7270502361550003,0.18595831662384987,0.08699144722114975,1.36,5.0,8.5,H,1.36,True,36.00000000000001
2020-11-07,2020,A,A,0.37325147216237614,0.2481885541779098,0.378559973659714,2.9,3.5,2.37,A,2.37,True,137.0
2020-11-07,2020,H,A,0.31559117263369946,0.25076057162600185,0.43364825574029864,2.87,3.4,2.45,A,2.45,False,-100.0
2020-11-08,2020,A,H,0.47606654418886174,0.23570443933121066,0.2882290164799276,1.65,4.1,5.0,H,1.65,False,-100.0
2020-11-08,2020,D,H,0.45080315220921235,0.2183776211227367,0.33081922666805097,1.95,4.2,3.4,H,1.95,False,-100.0
2020-11-08,2020,H,H,0.44764459332517886,0.2641944126438235,0.2881609940309977,2.3,3.2,3.25,H,2.3,True,129.99999999999997
2020-11-08,2020,A,A,0.10552545517224941,0.1719288490643319,0.7225456957634188,7.0,4.33,1.45,A,1.45,True,44.99999999999999
2020-11-21,2020,H,H,0.7175253117276982,0.18948700731802354,0.09298768095427828,1.3,5.5,9.5,H,1.3,True,30.000000000000004
2020-11-21,2020,A,H,0.5530752752176383,0.2393539454804595,0.20757077930190213,2.15,3.6,3.2,H,2.15,False,-100.0
2020-11-21,2020,A,A,0.13263898724504775,0.18282194745331828,0.6845390653016339,6.5,4.75,1.45,A,1.45,True,44.99999999999999
2020-11-21,2020,H,A,0.3354935139693254,0.2764869086959079,0.3880195773347667,4.0,4.0,1.8,A,1.8,False,-100.0
2020-11-22,2020,A,A,0.3099035711106384,0.2523314796743959,0.43776494921496584,3.9,3.9,1.85,A,1.85,True,85.00000000000001
2020-11-22,2020,A,A,0.29473625108939994,0.27141665119684916,0.43384709771375096,3.0,3.25,2.4,A,2.4,True,140.0
2020-11-22,2020,D,H,0.37345411566326436,0.2637314364345186,0.36281444790221706,3.0,3.75,2.2,H,3.0,False,-100.0
2020-11-22,2020,H,H,0.48545239596757156,0.2720757929260051,0.24247181110642332,1.85,4.0,3.8,H,1.85,True,85.00000000000001
2020-11-23,2020,H,A,0.3430970370813911,0.27658096439904695,0.380321998519562,2.75,3.1,2.75,A,2.75,False,-100.0
2020-11-23,2020,D,H,0.4058286686288257,0.2885314238747255,0.3056399074964488,2.3,3.25,3.25,H,2.3,False,-100.0
2020-11-27,2020,A,H,0.5265500657939451,0.25859662256541965,0.21485331164063518,2.05,3.25,3.75,H,2.05,False,-100.0
2020-11-28,2020,H,H,0.4014652776413585,0.2860471585805286,0.3124875637781129,2.6,3.2,2.8,H,2.6,True,160.0
2020-11-28,2020,A,H,0.44758789394083526,0.23207412553339146,0.3203379805257734,1.95,3.8,3.6,H,1.95,False,-100.0
2020-11-28,2020,D,A,0.1654283761951065,0.20926511783830049,0.625306505966593,5.5,4.2,1.57,A,1.57,False,-100.0
2020-11-28,2020,H,H,0.8443072120308385,0.12076744212025757,0.03492534584890392,1.16,7.5,16.0,H,1.16,True,15.999999999999993
2020-11-29,2020,D,H,0.485538026737324,0.275652053570226,0.23880991969245008,2.05,3.5,3.6,H,2.05,False,-100.0
2020-11-29,2020,A,A,0.3085880222749615,0.2790858891708716,0.41232608855416686,4.0,3.5,1.95,A,1.95,True,95.0
2020-11-29,2020,A,H,0.40949945025201606,0.29439726152904505,0.29610328821893883,2.05,3.4,3.75,H,2.05,False,-100.0
2020-11-30,2020,H,H,0.43820165730280536,0.25312958574319067,0.3086687569540039,2.25,3.6,3.0,H,2.25,True,125.0
2020-11-30,2020,A,H,0.6085655116042379,0.22918773779102963,0.16224675060473243,1.5,4.33,6.5,H,1.5,False,-100.0
2020-12-05,2020,A,A,0.32195079902623125,0.2693211931798141,0.4087280077939546,3.6,3.6,2.0,A,2.0,True,100.0
2020-12-05,2020,H,H,0.6063005849861676,0.216629479088072,0.17706993592576045,1.5,4.5,6.0,H,1.5,True,50.0
2020-12-05,2020,D,A,0.2763486273570225,0.24588465276007457,0.4777667198829028,4.0,3.5,1.9,A,1.9,False,-100.0
2020-12-05,2020,H,H,0.8813159427135997,0.07762911582430834,0.04105494146209203,1.1,11.0,19.0,H,1.1,True,10.000000000000009
2020-12-06,2020,H,H,0.6137442369436396,0.24123310123183492,0.14502266182452547,1.5,4.33,6.5,H,1.5,True,50.0
2020-12-06,2020,H,H,0.5447259704700482,0.2604973488446354,0.19477668068531628,1.95,3.6,3.8,H,1.95,True,95.0
2020-12-06,2020,A,A,0.24379701989167535,0.2565986466256828,0.4996043334826417,3.8,3.5,1.95,A,1.95,True,95.0
2020-12-06,2020,A,A,0.35196969254512583,0.2788269924554159,0.3692033149994583,2.87,3.2,2.55,A,2.55,True,154.99999999999997
2020-12-07,2020,A,H,0.3712749154930365,0.2716293706600111,0.3570957138469524,2.45,3.4,2.9,H,2.45,False,-100.0
2020-12-11,2020,A,H,0.395795215575219,0.2725981803877769,0.33160660403700404,2.15,3.7,3.1,H,2.15,False,-100.0
2020-12-12,2020,D,A,0.303323997895453,0.2525641408466766,0.4441118612578703,4.33,4.2,1.72,A,1.72,False,-100.0
2020-12-12,2020,H,A,0.2018201067335983,0.23384868619738924,0.5643312070690124,4.33,4.2,1.7,A,1.7,False,-100.0
2020-12-12,2020,A,H,0.47526094004606484,0.2548602419952356,0.26987881795869967,2.25,3.25,3.25,H,2.25,False,-100.0
2020-12-12,2020,H,H,0.45901760164378624,0.26113064773285566,0.2798517506233581,2.45,3.2,3.0,H,2.45,True,145.00000000000003
2020-12-13,2020,A,H,0.5678586966060829,0.23665727171102954,0.19548403168288755,1.53,4.2,6.25,H,1.53,False,-100.0
2020-12-13,2020,H,H,0.60876111807771,0.2355859335784408,0.15565294834384916,1.7,3.75,5.0,H,1.7,True,70.0
2020-12-13,2020,D,A,0.2515478522686832,0.27172214308162845,0.47673000464968834,4.5,3.9,1.72,A,1.72,False,-100.0
2020-12-13,2020,D,A,0.07531294409667431,0.14625658673559355,0.7784304691677322,9.0,5.5,1.3,A,1.3,False,-100.0
2020-12-13,2020,H,H,0.5159577119202599,0.2659849997719124,0.21805728830782767,2.0,3.5,3.8,H,2.0,True,100.0
2020-12-15,2020,D,H,0.9096499352611385,0.06509548486928023,0.02525457986958129,1.09,11.0,21.0,H,1.09,False,-100.0
2020-12-15,2020,H,A,0.2029574645413857,0.24494409352316987,0.5520984419354444,5.25,3.8,1.66,A,1.66,False,-100.0
2020-12-16,2020,H,H,0.4594692445153655,0.2828548346638552,0.25767592082077934,1.75,4.0,4.33,H,1.75,True,75.0
2020-12-16,2020,A,H,0.45619174430676923,0.27211270428622136,0.27169555140700946,2.15,3.6,3.25,H,2.15,False,-100.0
2020-12-16,2020,D,A,0.3512257061630187,0.2740616871668424,0.3747126066701389,2.25,3.5,3.1,A,3.1,False,-100.0
2020-12-16,2020,H,H,0.5261174739828121,0.2840567597535249,0.18982576626366296,1.75,3.8,4.5,H,1.75,True,75.0
2020-12-16,2020,D,H,0.5186849596687234,0.26762418122653064,0.21369085910474594,2.05,3.4,3.6,H,2.05,False,-100.0
2020-12-16,2020,D,H,0.37706150767904034,0.27133017311545277,0.3516083192055069,2.87,3.3,2.5,H,2.87,False,-100.0
2020-12-17,2020,D,H,0.5579268803306567,0.2426759358554529,0.19939718381389035,1.75,3.8,4.5,H,1.75,False,-100.0
2020-12-17,2020,A,A,0.0907660222028555,0.1453905734036787,0.7638434043934658,7.0,4.6,1.44,A,1.44,True,43.99999999999999
2020-12-19,2020,A,A,0.13832479486990523,0.22324075874023577,0.638434446389859,6.5,4.33,1.5,A,1.5,True,50.0
2020-12-19,2020,A,A,0.15471125010233114,0.19673070710504428,0.6485580427926245,7.0,4.5,1.44,A,1.44,True,43.99999999999999
2020-12-19,2020,H,H,0.515975951965412,0.26724842963504947,0.2167756183995386,2.45,3.5,2.8,H,2.45,True,145.00000000000003
2020-12-19,2020,D,H,0.4184664246066953,0.27527021257212475,0.30626336282117983,2.5,3.25,2.9,H,2.5,False,-100.0
2020-12-20,2020,A,A,0.27640166625262785,0.24857440689467697,0.4750239268526951,3.6,3.8,1.95,A,1.95,True,95.0
2020-12-20,2020,H,H,0.5639780916262009,0.22343462437274056,0.21258728400105845,1.66,4.33,4.5,H,1.66,True,65.99999999999999
2020-12-20,2020,D,H,0.5812129656487677,0.24169466399393616,0.17709237035729622,1.65,3.75,5.5,H,1.65,False,-100.0
2020-12-20,2020,A,H,0.4694887813612994,0.25249506297745383,0.2780161556612469,2.05,3.5,3.6,H,2.05,False,-100.0
2020-12-21,2020,H,H,0.5632334625460184,0.23114256290263996,0.2056239745513417,1.44,5.0,6.25,H,1.44,True,43.99999999999999
2020-12-21,2020,H,A,0.3252085756015586,0.2584419703533379,0.4163494540451036,3.5,3.25,2.2,A,2.2,False,-100.0
2020-12-26,2020,H,A,0.2447484242895593,0.2598888631944694,0.4953627125159713,4.0,3.6,1.9,A,1.9,False,-100.0
2020-12-26,2020,H,H,0.8931042270372546,0.07590733880917666,0.03098843415356875,1.11,10.0,19.0,H,1.11,True,11.00000000000001
2020-12-26,2020,A,A,0.21199995409337855,0.2495802838758484,0.538419762030773,4.2,3.6,1.85,A,1.85,True,85.00000000000001
2020-12-26,2020,D,A,0.35843790668337044,0.274108387441416,0.3674537058752134,3.2,3.3,2.3,A,2.3,False,-100.0
2020-12-26,2020,D,A,0.32478576889601546,0.26181801812916256,0.413396212974822,2.9,3.6,2.3,A,2.3,False,-100.0
2020-12-26,2020,H,H,0.5553029761455278,0.22729665684485328,0.21740036700961893,1.9,3.75,3.8,H,1.9,True,89.99999999999999
2020-12-27,2020,H,H,0.524494733761509,0.25323977049322116,0.22226549574526988,1.72,4.0,4.33,H,1.72,True,72.0
2020-12-27,2020,D,H,0.451309129841376,0.2727100912670621,0.275980778891562,2.3,3.4,3.1,H,2.3,False,-100.0
2020-12-27,2020,D,H,0.9105721644606967,0.06454303009953448,0.024884805439768957,1.11,10.0,19.0,H,1.11,False,-100.0
2020-12-27,2020,D,H,0.35851146509835097,0.2957607433315745,0.3457277915700746,3.6,3.25,2.15,H,3.6,False,-100.0
2020-12-28,2020,D,A,0.28880657996811504,0.25102543149794576,0.46016798853393925,3.75,3.5,2.0,A,2.0,False,-100.0
2020-12-28,2020,D,H,0.4860757189714943,0.265905456719168,0.24801882430933778,1.61,4.2,5.0,H,1.61,False,-100.0
2020-12-29,2020,A,A,0.2514581989973604,0.2031317990259502,0.5454100019766895,3.6,3.6,2.0,A,2.0,True,100.0
2020-12-29,2020,A,A,0.3518405754818501,0.2644843759467402,0.3836750485714097,3.25,3.5,2.2,A,2.2,True,120.00000000000001
2020-12-29,2020,H,H,0.5181207100612412,0.26605824931483885,0.21582104062392,2.37,3.1,3.25,H,2.37,True,137.0
2020-12-29,2020,D,H,0.4849789821336382,0.2412656236381257,0.27375539422823597,2.1,3.6,3.4,H,2.1,False,-100.0
2020-12-29,2020,H,H,0.6512610759675937,0.2212187896354805,0.12752013439692575,1.53,4.2,6.25,H,1.53,True,53.0
2020-12-30,2020,D,A,0.035984807412384225,0.09797258556910571,0.8660426070185101,12.0,6.0,1.25,A,1.25,False,-100.0
2021-01-01,2020,H,H,0.49084239069218466,0.27552094244683095,0.23363666686098444,1.72,4.2,4.2,H,1.72,True,72.0
2021-01-01,2020,A,H,0.53381039376556,0.2547877872145522,0.21140181901988767,2.1,3.5,3.5,H,2.1,False,-100.0
2021-01-02,2020,A,A,0.14862879469999873,0.19964098267406716,0.6517302226259342,5.75,4.0,1.57,A,1.57,True,57.00000000000001
2021-01-02,2020,D,H,0.39013570575830825,0.2859471611446421,0.3239171330970497,2.62,3.25,2.75,H,2.62,False,-100.0
2021-01-02,2020,H,H,0.4414409963936399,0.22746517857479218,0.33109382503156803,1.75,4.1,4.2,H,1.75,True,75.0
2021-01-02,2020,H,H,0.47781519657231647,0.26608297006982956,0.25610183335785397,1.95,3.5,3.9,H,1.95,True,95.0
2021-01-03,2020,A,A,0.21183573334983016,0.21758431131981168,0.5705799553303581,5.25,4.2,1.61,A,1.61,True,61.00000000000001
2021-01-03,2020,A,A,0.31123783720712184,0.28012081435775416,0.40864134843512395,3.0,3.7,2.2,A,2.2,True,120.00000000000001
2021-01-04,2020,H,A,0.20931446872923312,0.2401839694107091,0.5505015618600577,5.0,4.33,1.61,A,1.61,False,-100.0
2021-01-12,2020,H,H,0.42003637162022595,0.2625580405086129,0.3174055878711612,2.45,3.1,3.1,H,2.45,True,145.00000000000003
2021-01-12,2020,A,A,0.13309832138360514,0.1742734095711812,0.6926282690452137,7.0,4.5,1.45,A,1.45,True,44.99999999999999
2021-01-12,2020,A,H,0.39665892582330814,0.29901881524281876,0.30432225893387316,2.45,3.1,3.1,H,2.45,False,-100.0
2021-01-13,2020,D,H,0.6450925130354888,0.23273207755697903,0.1221754094075321,1.36,5.0,8.5,H,1.36,False,-100.0
2021-01-13,2020,H,H,0.8615083669710221,0.09953322221247553,0.03895841081650241,1.14,8.5,16.0,H,1.14,True,13.99999999999999
2021-01-14,2020,D,H,0.6572674753507015,0.2170964873239868,0.12563603732531162,1.53,4.0,6.5,H,1.53,False,-100.0
2021-01-16,2020,A,H,0.6421856711083591,0.21586442576543088,0.14194990312621,1.6,3.5,7.0,H,1.6,False,-100.0
2021-01-16,2020,A,H,0.5409122358299291,0.24399160551643673,0.2150961586536341,2.1,3.5,3.4,H,2.1,False,-100.0
2021-01-16,2020,H,H,0.48709062704059175,0.29092864577341276,0.22198072718599537,1.8,3.5,4.75,H,1.8,True,80.0
2021-01-16,2020,A,A,0.19084162478528474,0.20564972971107523,0.6035086455036399,6.5,4.33,1.5,A,1.5,True,50.0
2021-01-16,2020,H,H,0.49613784331652305,0.3039140179491969,0.19994813873427994,1.8,3.75,4.5,H,1.8,True,80.0
2021-01-17,2020,A,A,0.18398997999307146,0.23272604998940002,0.5832839700175286,6.25,3.75,1.6,A,1.6,True,60.00000000000001
2021-01-17,2020,D,H,0.4365561453088437,0.2613695592545015,0.3020742954366548,1.95,3.8,3.6,H,1.95,False,-100.0
2021-01-17,2020,H,H,0.8925703344987107,0.08013522627528347,0.027294439226005825,1.14,8.5,17.0,H,1.14,True,13.99999999999999
2021-01-18,2020,H,H,0.7001984167457616,0.2144291551993802,0.08537242805485828,1.4,4.5,8.0,H,1.4,True,39.99999999999999
2021-01-19,2020,H,H,0.6009362602427412,0.20704372415424674,0.19202001560301207,1.57,4.2,5.5,H,1.57,True,57.00000000000001
2021-01-19,2020,H,H,0.40638081180986907,0.27896390528499304,0.31465528290513795,2.87,3.4,2.45,H,2.87,True,187.0
2021-01-20,2020,H,H,0.7816336599652947,0.15366519715754962,0.06470114287715568,1.22,6.5,12.0,H,1.22,True,21.999999999999996
2021-01-20,2020,A,A,0.15166091094826223,0.22360133980071123,0.6247377492510267,6.0,4.33,1.53,A,1.53,True,53.0
2021-01-21,2020,A,H,0.810684839158811,0.1362798305339586,0.05303533030723052,1.18,7.5,15.0,H,1.18,False,-100.0
