Date,Season,Actual,Predicted,HomeProb,DrawProb,AwayProb,HomeOdds,DrawOdds,AwayOdds,Bet_Outcome,Bet_Odds,Won,PnL
2006-08-19,2006,H,A,0.22535299,0.27953967,0.49510735,2.0,3.2,3.75,A,3.75,False,-100.0
2006-08-19,2006,H,H,0.5970707,0.105350375,0.29757896,2.3,3.1,3.1,H,2.3,True,129.99999999999997
2006-08-19,2006,D,H,0.9402457,0.053629648,0.006124644,1.28,4.5,13.0,H,1.28,False,-100.0
2006-08-19,2006,H,H,0.47076792,0.23386078,0.29537132,2.62,3.2,2.6,H,2.62,True,162.0
2006-08-19,2006,H,H,0.6782865,0.13068122,0.1910323,1.72,3.5,4.75,H,1.72,True,72.0
2006-08-20,2006,H,H,0.9357965,0.007832567,0.056370888,1.22,5.5,13.0,H,1.22,True,21.999999999999996
2006-08-20,2006,H,H,0.9922174,0.0044826865,0.0032999227,1.22,5.5,13.0,H,1.22,True,21.999999999999996
2006-08-22,2006,H,H,0.70219254,0.2743355,0.023471959,1.5,3.75,7.0,H,1.5,True,50.0
2006-08-22,2006,D,A,0.17055263,0.016104195,0.8133432,2.87,3.2,2.4,A,2.4,False,-100.0
2006-08-23,2006,D,A,0.3218247,0.049139343,0.62903595,2.2,3.1,3.1,A,3.1,False,-100.0
2006-08-23,2006,H,A,0.06460381,0.390293,0.5451032,8.5,3.75,1.44,A,1.44,False,-100.0
2006-08-23,2006,D,H,0.66643673,0.17824318,0.15532006,2.4,3.2,2.87,H,2.4,False,-100.0
2006-08-23,2006,D,A,0.16686593,0.37134346,0.4617906,2.3,3.1,3.1,A,3.1,False,-100.0
2006-08-23,2006,H,A,0.19492522,0.053324185,0.75175065,1.9,3.25,4.0,A,4.0,False,-100.0
2006-08-23,2006,A,A,0.08243626,0.056757435,0.8608063,7.5,3.6,1.5,A,1.5,True,50.0
2006-08-26,2006,H,D,0.38550338,0.60559994,0.008896705,1.9,3.25,4.0,D,3.25,False,-100.0
2006-08-26,2006,A,A,0.021924686,0.33728373,0.64079154,7.5,4.33,1.4,A,1.4,True,39.99999999999999
2006-08-26,2006,A,H,0.7299907,0.2525965,0.01741277,1.72,3.4,5.0,H,1.72,False,-100.0
2006-08-26,2006,H,A,0.33018547,0.0072973794,0.66251713,2.5,3.1,2.8,A,2.8,False,-100.0
2006-08-26,2006,H,H,0.8571358,0.12786525,0.014998907,1.44,4.0,7.5,H,1.44,True,43.99999999999999
2006-08-26,2006,H,H,0.4584893,0.2733228,0.26818794,1.9,3.25,4.0,H,1.9,True,89.99999999999999
2006-08-26,2006,H,A,0.003038293,0.0036528395,0.9933089,5.5,3.6,1.61,A,1.61,False,-100.0
2006-08-27,2006,H,A,0.07565839,0.14661221,0.7777294,2.37,3.1,3.0,A,3.0,False,-100.0
2006-08-27,2006,A,H,0.71195287,0.19020031,0.09784683,6.5,3.6,1.53,H,6.5,False,-100.0
2006-08-28,2006,A,H,0.85085046,0.03328172,0.115867764,2.0,3.2,3.75,H,2.0,False,-100.0
2006-09-09,2006,H,H,0.9626267,0.03241519,0.004958115,1.2,5.5,17.0,H,1.2,True,19.999999999999996
2006-09-09,2006,D,H,0.9809264,0.011557817,0.0075157746,1.33,4.33,10.0,H,1.33,False,-100.0
2006-09-09,2006,H,H,0.60444593,0.29797757,0.097576484,1.66,3.4,5.5,H,1.66,True,65.99999999999999
2006-09-09,2006,H,A,0.10682213,0.11841329,0.77476454,3.75,3.2,2.0,A,2.0,False,-100.0
2006-09-09,2006,H,H,0.6334067,0.28989363,0.076699704,1.83,3.25,4.5,H,1.83,True,83.0
2006-09-09,2006,D,A,0.017671222,0.45755476,0.524774,2.62,3.2,2.62,A,2.62,False,-100.0
2006-09-09,2006,A,H,0.5920878,0.33494014,0.072972074,1.72,3.4,5.0,H,1.72,False,-100.0
2006-09-09,2006,H,H,0.8420482,0.1536723,0.0042794636,1.5,3.75,7.0,H,1.5,True,50.0
2006-09-10,2006,D,H,0.754849,0.075212754,0.16993819,2.1,3.2,3.5,H,2.1,False,-100.0
2006-09-11,2006,H,D,0.25839576,0.6408061,0.10079817,2.3,3.1,3.1,D,3.1,False,-100.0
2006-09-16,2006,D,H,0.68528634,0.2076256,0.10708802,1.72,3.4,5.0,H,1.72,False,-100.0
2006-09-16,2006,D,H,0.8434054,0.05039551,0.10619913,2.0,3.2,3.75,H,2.0,False,-100.0
2006-09-16,2006,A,H,0.64563304,0.16841075,0.18595621,2.3,3.25,3.0,H,2.3,False,-100.0
2006-09-16,2006,A,D,0.03897299,0.8768334,0.08419365,2.5,3.1,2.8,D,3.1,False,-100.0
2006-09-16,2006,D,A,0.15717633,0.028912175,0.8139115,2.75,3.2,2.5,A,2.5,False,-100.0
2006-09-17,2006,H,H,0.8291034,0.08418628,0.08671032,2.0,3.2,3.75,H,2.0,True,100.0
2006-09-17,2006,D,H,0.7699179,0.22732617,0.0027559448,1.61,3.4,6.0,H,1.61,False,-100.0
2006-09-17,2006,H,H,0.6642373,0.13266894,0.2030937,1.83,3.25,4.5,H,1.83,True,83.0
2006-09-17,2006,A,A,0.19238424,0.22611992,0.5814959,2.1,3.2,3.5,A,3.5,True,250.0
2006-09-17,2006,A,H,0.8381803,0.14853005,0.013289626,1.9,3.25,4.0,H,1.9,False,-100.0
2006-09-20,2006,H,H,0.75445527,0.12751834,0.11802641,1.53,3.6,6.5,H,1.53,True,53.0
2006-09-23,2006,A,A,0.1927634,0.09211408,0.7151225,2.1,3.1,3.5,A,3.5,True,250.0
2006-09-23,2006,D,H,0.6448738,0.30502093,0.050105315,1.83,3.3,4.33,H,1.83,False,-100.0
2006-09-23,2006,H,A,0.06123194,0.016406877,0.92236114,2.25,3.2,3.1,A,3.1,False,-100.0
2006-09-23,2006,D,A,0.00594292,0.01817278,0.9758843,7.0,3.75,1.5,A,1.5,False,-100.0
2006-09-23,2006,A,D,0.028432244,0.5198162,0.45175153,7.5,4.33,1.4,D,4.33,False,-100.0
2006-09-23,2006,H,H,0.9538993,0.011550683,0.034549944,1.2,5.5,17.0,H,1.2,True,19.999999999999996
2006-09-23,2006,H,H,0.85101026,0.12809938,0.020890364,1.61,3.75,5.25,H,1.61,True,61.00000000000001
2006-09-23,2006,H,A,0.22102979,0.12786253,0.6511077,1.8,3.4,4.33,A,4.33,False,-100.0
2006-09-24,2006,D,H,0.63614035,0.3431433,0.020716341,2.2,3.2,3.25,H,2.2,False,-100.0
2006-09-25,2006,A,H,0.9622655,0.032388557,0.0053460007,1.9,3.25,4.0,H,1.9,False,-100.0
2006-09-30,2006,H,A,0.20726077,0.04159937,0.7511398,2.6,3.25,2.6,A,2.6,False,-100.0
2006-09-30,2006,D,H,0.989151,0.0074252645,0.0034237453,1.3,5.0,8.5,H,1.3,False,-100.0
2006-09-30,2006,D,D,0.45828405,0.46896785,0.07274813,1.83,3.3,4.33,D,3.3,True,229.99999999999997
2006-09-30,2006,H,A,0.021029297,0.39730087,0.5816698,3.75,3.2,2.0,A,2.0,False,-100.0
2006-09-30,2006,A,A,0.023655428,0.060846955,0.91549766,6.5,3.6,1.53,A,1.53,True,53.0
2006-10-01,2006,H,A,0.11074835,0.084256835,0.8049948,1.9,3.25,4.0,A,4.0,False,-100.0
2006-10-01,2006,H,H,0.9744226,0.021904586,0.003672858,1.3,4.33,13.0,H,1.3,True,30.000000000000004
2006-10-01,2006,H,H,0.70492196,0.19546482,0.099613234,1.8,3.25,4.5,H,1.8,True,80.0
2006-10-01,2006,A,H,0.8192315,0.052511603,0.12825686,1.9,3.25,4.0,H,1.9,False,-100.0
2006-10-02,2006,D,H,0.7782263,0.10631694,0.11545673,2.4,3.2,2.87,H,2.4,False,-100.0
2006-10-14,2006,A,A,0.10674626,0.21046685,0.6827869,6.0,3.8,1.53,A,1.53,True,53.0
2006-10-14,2006,H,H,0.7477556,0.18902867,0.06321577,2.0,3.2,3.75,H,2.0,True,100.0
2006-10-14,2006,H,H,0.5795949,0.21754359,0.20286152,2.6,3.1,2.7,H,2.6,True,160.0
2006-10-14,2006,D,H,0.56977594,0.3700888,0.060135305,1.66,3.6,5.0,H,1.66,False,-100.0
2006-10-14,2006,D,A,0.12759009,0.41543317,0.4569768,2.25,3.1,3.2,A,3.2,False,-100.0
2006-10-14,2006,H,H,0.9592759,0.03411518,0.0066089267,1.16,6.5,15.0,H,1.16,True,15.999999999999993
2006-10-14,2006,A,H,0.42796627,0.2949861,0.27704763,7.5,4.33,1.4,H,7.5,False,-100.0
2006-10-14,2006,D,H,0.9762496,0.019149365,0.004601111,1.44,4.0,7.5,H,1.44,False,-100.0
2006-10-15,2006,A,H,0.7342764,0.25481042,0.010913186,2.25,3.2,3.1,H,2.25,False,-100.0
2006-10-16,2006,H,A,0.109869696,0.4291839,0.46094635,2.1,3.1,3.6,A,3.6,False,-100.0
2006-10-21,2006,H,H,0.6342127,0.2250678,0.14071952,1.57,3.5,6.5,H,1.57,True,57.00000000000001
2006-10-21,2006,D,H,0.8862638,0.035505258,0.078231,1.72,3.4,5.0,H,1.72,False,-100.0
2006-10-21,2006,D,A,0.38787842,0.18458353,0.4275381,1.9,3.25,4.0,A,4.0,False,-100.0
2006-10-21,2006,H,H,0.83770627,0.03471318,0.12758057,1.28,5.0,10.0,H,1.28,True,28.000000000000004
2006-10-21,2006,H,H,0.61610323,0.3491707,0.034726053,2.3,3.1,3.1,H,2.3,True,129.99999999999997
2006-10-22,2006,A,H,0.85409033,0.112159856,0.03374977,2.37,3.1,2.75,H,2.37,False,-100.0
2006-10-22,2006,H,H,0.48375887,0.4804149,0.035826247,1.9,3.25,4.0,H,1.9,True,89.99999999999999
2006-10-22,2006,H,H,0.57702756,0.3037797,0.119192764,2.4,3.1,2.87,H,2.4,True,140.0
2006-10-22,2006,A,A,0.03768403,0.3029644,0.6593516,5.5,3.6,1.61,A,1.61,True,61.00000000000001
2006-10-22,2006,H,H,0.88515913,0.021661906,0.09317891,1.8,3.3,4.5,H,1.8,True,80.0
2006-10-28,2006,D,H,0.7809042,0.2183498,0.00074603804,1.4,4.0,9.0,H,1.4,False,-100.0
2006-10-28,2006,H,D,0.46581998,0.50249505,0.03168494,1.53,3.6,6.5,D,3.6,False,-100.0
2006-10-28,2006,A,A,0.073270164,0.051607363,0.8751225,2.1,3.25,3.4,A,3.4,True,240.0
2006-10-28,2006,A,D,0.2698205,0.6446896,0.08548985,4.33,3.3,1.83,D,3.3,False,-100.0
2006-10-28,2006,A,A,0.02393923,0.076360315,0.8997004,12.0,4.5,1.3,A,1.3,True,30.000000000000004
2006-10-28,2006,H,H,0.76887476,0.2142759,0.016849395,1.8,3.3,4.5,H,1.8,True,80.0
2006-10-28,2006,D,H,0.39809838,0.27941304,0.32248858,3.6,3.3,2.0,H,3.6,False,-100.0
2006-10-28,2006,D,H,0.6053711,0.2896488,0.104980096,1.8,3.3,4.5,H,1.8,False,-100.0
2006-10-29,2006,H,H,0.58136165,0.17348914,0.24514921,2.5,3.2,2.75,H,2.5,True,150.0
2006-10-30,2006,H,A,0.18019013,0.12925668,0.6905532,2.37,3.1,3.0,A,3.0,False,-100.0
2006-11-04,2006,H,H,0.753365,0.109166585,0.13746847,2.6,3.0,2.8,H,2.6,True,160.0
2006-11-04,2006,A,H,0.8188547,0.1370943,0.04405099,1.72,3.4,5.0,H,1.72,False,-100.0
2006-11-04,2006,H,H,0.92573756,0.05250558,0.021756846,1.3,5.0,9.0,H,1.3,True,30.000000000000004
2006-11-04,2006,H,H,0.9762309,0.013244889,0.010524206,1.33,4.5,9.5,H,1.33,True,33.00000000000001
2006-11-04,2006,H,A,0.33418882,0.19529253,0.47051865,2.3,3.1,3.1,A,3.1,False,-100.0
2006-11-04,2006,A,H,0.60587794,0.17190829,0.22221373,1.9,3.25,4.0,H,1.9,False,-100.0
2006-11-04,2006,H,A,0.361401,0.20363605,0.43496293,2.8,3.1,2.5,A,2.5,False,-100.0
2006-11-05,2006,H,A,0.097278,0.16401784,0.7387042,5.0,3.4,1.72,A,1.72,False,-100.0
2006-11-05,2006,H,D,0.19907346,0.496287,0.30463955,5.5,3.6,1.61,D,3.6,False,-100.0
2006-11-05,2006,H,H,0.5725598,0.13415131,0.2932889,2.0,3.2,3.75,H,2.0,True,100.0
2006-11-11,2006,H,H,0.4519156,0.3091872,0.23889719,1.9,3.25,4.0,H,1.9,True,89.99999999999999
2006-11-11,2006,D,H,0.52635413,0.35547093,0.11817498,2.9,3.2,2.37,H,2.9,False,-100.0
2006-11-11,2006,D,H,0.91246974,0.06843069,0.01909962,1.83,3.3,4.33,H,1.83,False,-100.0
2006-11-11,2006,H,A,0.1690231,0.32125005,0.5097269,2.2,3.2,3.25,A,3.25,False,-100.0
2006-11-11,2006,A,H,0.70331585,0.17155305,0.1251311,2.0,3.2,3.75,H,2.0,False,-100.0
2006-11-11,2006,H,H,0.90560186,0.078979276,0.015418878,1.12,7.0,23.0,H,1.12,True,12.00000000000001
2006-11-11,2006,A,A,0.04115587,0.012729075,0.9461151,5.5,3.6,1.61,A,1.61,True,61.00000000000001
2006-11-11,2006,D,H,0.45910174,0.34961134,0.19128692,2.1,3.2,3.5,H,2.1,False,-100.0
2006-11-12,2006,H,H,0.6973519,0.16272354,0.1399246,2.0,3.2,3.75,H,2.0,True,100.0
2006-11-12,2006,H,D,0.14068161,0.50926495,0.35005343,3.1,3.2,2.25,D,3.2,False,-100.0
2006-11-18,2006,D,D,0.4728387,0.52315205,0.004009262,1.25,5.0,13.0,D,5.0,True,400.0
2006-11-18,2006,H,H,0.99595994,0.0035233065,0.00051676494,1.18,5.75,17.0,H,1.18,True,17.999999999999993
2006-11-18,2006,H,D,0.38189563,0.4604716,0.15763277,2.4,3.2,2.87,D,3.2,False,-100.0
2006-11-18,2006,H,H,0.7888255,0.19067006,0.020504428,2.1,3.2,3.5,H,2.1,True,110.00000000000001
2006-11-18,2006,D,H,0.5407276,0.07189062,0.38738176,3.75,3.2,2.0,H,3.75,False,-100.0
2006-11-18,2006,A,A,0.4337108,0.12529093,0.44099826,9.0,4.33,1.36,A,1.36,True,36.00000000000001
2006-11-18,2006,H,H,0.8140892,0.0796075,0.10630329,1.61,3.6,5.5,H,1.61,True,61.00000000000001
2006-11-18,2006,H,A,0.08896553,0.14234433,0.76869017,1.9,3.25,4.0,A,4.0,False,-100.0
2006-11-19,2006,D,H,0.48464158,0.10062157,0.41473687,2.4,3.2,2.87,H,2.4,False,-100.0
2006-11-19,2006,D,A,0.38377014,0.029068824,0.587161,2.37,3.2,2.9,A,2.9,False,-100.0
2006-11-25,2006,H,H,0.83724266,0.12933485,0.033422485,1.44,3.75,8.5,H,1.44,True,43.99999999999999
2006-11-25,2006,H,H,0.68656266,0.056984726,0.25645262,1.8,3.3,4.5,H,1.8,True,80.0
2006-11-25,2006,A,D,0.10556028,0.654367,0.24007267,2.2,3.1,3.3,D,3.1,False,-100.0
2006-11-25,2006,H,H,0.6756473,0.09711852,0.22723415,3.6,3.3,2.0,H,3.6,True,260.0
2006-11-25,2006,D,H,0.7058897,0.09176779,0.2023425,2.7,3.25,2.5,H,2.7,False,-100.0
2006-11-25,2006,D,D,0.098384745,0.6246074,0.27700788,1.8,3.3,4.5,D,3.3,True,229.99999999999997
2006-11-26,2006,H,D,0.22205988,0.4056367,0.3723034,2.3,3.1,3.1,D,3.1,False,-100.0
2006-11-26,2006,H,A,0.31938666,0.16212873,0.5184846,1.8,3.3,4.5,A,4.5,False,-100.0
2006-11-26,2006,D,D,0.34068784,0.5664867,0.09282542,2.5,3.1,2.8,D,3.1,True,210.0
2006-11-28,2006,A,D,0.3673989,0.53686535,0.09573575,2.2,3.1,3.3,D,3.1,False,-100.0
2006-11-29,2006,H,H,0.99541473,0.0042364066,0.00034885653,1.33,4.5,9.5,H,1.33,True,33.00000000000001
2006-11-29,2006,H,A,0.07854877,0.26681232,0.65463895,6.0,3.6,1.57,A,1.57,False,-100.0
2006-11-29,2006,D,H,0.9883946,0.006798746,0.0048066797,1.44,4.0,7.5,H,1.44,False,-100.0
2006-11-29,2006,A,A,0.27644563,0.33328775,0.39026663,1.83,3.3,4.33,A,4.33,True,333.0
2006-11-29,2006,A,A,0.016758459,0.106310934,0.87693065,5.0,3.6,1.66,A,1.66,True,65.99999999999999
2006-12-02,2006,H,A,0.23833682,0.37176654,0.38989663,2.2,3.1,3.3,A,3.3,False,-100.0
2006-12-02,2006,A,A,0.2710517,0.25313127,0.47581705,3.75,3.2,2.0,A,2.0,True,100.0
2006-12-02,2006,H,H,0.6080587,0.36191943,0.030021861,1.66,3.5,5.0,H,1.66,True,65.99999999999999
2006-12-02,2006,H,H,0.8819125,0.06573292,0.05235461,1.9,3.25,4.0,H,1.9,True,89.99999999999999
2006-12-02,2006,A,A,0.10277258,0.017482542,0.8797448,6.0,3.6,1.57,A,1.57,True,57.00000000000001
2006-12-02,2006,D,H,0.68385977,0.09082001,0.2253202,2.2,3.2,3.25,H,2.2,False,-100.0
2006-12-02,2006,H,H,0.46983516,0.16218223,0.36798257,2.4,3.2,2.87,H,2.4,True,140.0
2006-12-03,2006,H,H,0.6497066,0.1570273,0.1932661,1.9,3.25,4.0,H,1.9,True,89.99999999999999
2006-12-04,2006,D,H,0.86751586,0.09351211,0.03897204,1.57,3.6,6.0,H,1.57,False,-100.0
2006-12-05,2006,H,D,0.28827885,0.39881715,0.312904,2.5,3.1,2.8,D,3.1,False,-100.0
2006-12-05,2006,H,H,0.7019844,0.049727924,0.24828762,1.72,3.4,5.0,H,1.72,True,72.0
2006-12-06,2006,H,H,0.81492734,0.036052793,0.14901982,1.9,3.25,4.0,H,1.9,True,89.99999999999999
2006-12-06,2006,A,D,0.39322215,0.45199764,0.15478022,2.0,3.3,3.6,D,3.3,False,-100.0
2006-12-09,2006,D,A,0.24367383,0.13163269,0.6246935,2.6,3.2,2.62,A,2.62,False,-100.0
2006-12-09,2006,H,H,0.55614024,0.41555864,0.028301148,1.53,4.0,6.0,H,1.53,True,53.0
2006-12-09,2006,D,D,0.20578913,0.70549613,0.08871473,2.05,3.2,3.6,D,3.2,True,220.00000000000003
2006-12-09,2006,H,H,0.79306215,0.11238583,0.094552,2.2,3.2,3.25,H,2.2,True,120.00000000000001
2006-12-09,2006,H,H,0.9870493,0.0066052447,0.006345539,1.33,4.5,9.5,H,1.33,True,33.00000000000001
2006-12-09,2006,H,H,0.546459,0.37212542,0.08141553,1.75,3.3,5.0,H,1.75,True,75.0
2006-12-09,2006,A,H,0.57916284,0.24754989,0.17328727,2.15,3.25,3.4,H,2.15,False,-100.0
2006-12-09,2006,H,D,0.19079296,0.8055984,0.0036086235,1.36,4.33,9.0,D,4.33,False,-100.0
2006-12-10,2006,D,D,0.36781612,0.6295349,0.0026490039,1.72,3.4,5.0,D,3.4,True,240.0
2006-12-11,2006,D,D,0.35012978,0.48622796,0.16364226,2.62,3.2,2.6,D,3.2,True,220.00000000000003
2006-12-13,2006,A,A,0.011819816,0.18885055,0.79932964,4.75,3.5,1.72,A,1.72,True,72.0
2006-12-13,2006,H,H,0.948393,0.012072058,0.03953498,1.2,6.0,13.0,H,1.2,True,19.999999999999996
2006-12-16,2006,H,H,0.97786033,0.015319198,0.0068205195,1.72,3.4,5.0,H,1.72,True,72.0
2006-12-16,2006,A,H,0.5018361,0.4195483,0.07861556,2.1,3.25,3.4,H,2.1,False,-100.0
2006-12-16,2006,A,H,0.69254535,0.06282117,0.24463344,1.8,3.4,4.33,H,1.8,False,-100.0
2006-12-16,2006,A,A,0.013650876,0.027281275,0.9590679,6.0,3.8,1.53,A,1.53,True,53.0
2006-12-16,2006,D,H,0.8270568,0.15034887,0.022594286,1.4,4.33,7.5,H,1.4,False,-100.0
2006-12-16,2006,A,A,0.052286617,0.059497826,0.88821554,2.4,3.2,2.87,A,2.87,True,187.0
2006-12-17,2006,A,A,0.0050614816,0.097891726,0.89704674,5.5,3.8,1.57,A,1.57,True,57.00000000000001
2006-12-17,2006,A,D,0.15023911,0.6274434,0.22231753,2.5,3.2,2.75,D,3.2,False,-100.0
2006-12-17,2006,H,A,0.0069548255,0.11197424,0.881071,6.5,4.0,1.44,A,1.44,False,-100.0
2006-12-18,2006,H,D,0.4358722,0.45011017,0.11401755,2.25,3.2,3.1,D,3.2,False,-100.0
2006-12-23,2006,A,A,0.28403243,0.14039004,0.57557756,2.4,3.25,2.87,A,2.87,True,187.0
2006-12-23,2006,H,H,0.6037672,0.35643503,0.03979778,1.33,4.5,9.5,H,1.33,True,33.00000000000001
2006-12-23,2006,A,A,0.008807954,0.042839117,0.9483529,5.5,3.6,1.61,A,1.61,True,61.00000000000001
2006-12-23,2006,D,A,0.27556056,0.17930047,0.54513896,2.37,3.25,2.87,A,2.87,False,-100.0
2006-12-23,2006,H,H,0.9934657,0.0063082012,0.00022607863,1.2,6.0,13.0,H,1.2,True,19.999999999999996
2006-12-23,2006,H,H,0.8698215,0.06603875,0.06413976,1.72,3.4,5.0,H,1.72,True,72.0
2006-12-23,2006,A,H,0.51631606,0.19042872,0.2932552,2.3,3.25,3.0,H,2.3,False,-100.0
2006-12-23,2006,A,A,0.058140654,0.13520777,0.80665153,7.5,4.33,1.4,A,1.4,True,39.99999999999999
2006-12-23,2006,H,H,0.4631724,0.07873878,0.45808885,2.5,3.2,2.75,H,2.5,True,150.0
2006-12-23,2006,H,D,0.31604853,0.6049372,0.07901425,1.66,3.6,5.0,D,3.6,False,-100.0
2006-12-26,2006,H,H,0.99039876,0.0055407174,0.0040605473,1.18,6.0,15.0,H,1.18,True,17.999999999999993
2006-12-26,2006,H,H,0.6178339,0.3280525,0.05411361,1.8,3.2,4.75,H,1.8,True,80.0
2006-12-26,2006,A,H,0.74520797,0.15224883,0.10254315,2.3,3.25,3.0,H,2.3,False,-100.0
2006-12-26,2006,A,A,0.20369431,0.092649385,0.70365626,2.25,3.2,3.1,A,3.1,True,210.0
2006-12-26,2006,D,H,0.7576565,0.1642466,0.07809685,1.18,6.0,15.0,H,1.18,False,-100.0
2006-12-26,2006,H,H,0.7517696,0.074032195,0.1741982,1.9,3.3,4.0,H,1.9,True,89.99999999999999
2006-12-26,2006,H,A,0.14825647,0.14554426,0.7061993,4.2,3.4,1.83,A,1.83,False,-100.0
2006-12-26,2006,A,A,0.12791525,0.074773945,0.79731077,8.0,4.2,1.4,A,1.4,True,39.99999999999999
2006-12-26,2006,D,H,0.6069735,0.12060406,0.2724224,1.83,3.25,4.5,H,1.83,False,-100.0
2006-12-27,2006,D,H,0.56618893,0.14816423,0.28564686,2.5,3.25,2.7,H,2.5,False,-100.0
2006-12-30,2006,A,H,0.39602834,0.29024667,0.313725,2.1,3.2,3.5,H,2.1,False,-100.0
2006-12-30,2006,A,A,0.16323842,0.2526347,0.5841269,2.6,3.2,2.62,A,2.62,True,162.0
2006-12-30,2006,H,A,0.21665256,0.22382723,0.55952024,6.0,4.0,1.5,A,1.5,False,-100.0
2006-12-30,2006,H,H,0.9845205,0.008427384,0.007052133,1.2,6.0,13.0,H,1.2,True,19.999999999999996
2006-12-30,2006,D,H,0.9037831,0.033339217,0.06287777,1.14,6.5,21.0,H,1.14,False,-100.0
2006-12-30,2006,H,H,0.57620335,0.22135603,0.20244065,2.6,3.2,2.62,H,2.6,True,160.0
2006-12-30,2006,H,H,0.7700516,0.15885887,0.071089506,2.0,3.2,3.75,H,2.0,True,100.0
2006-12-30,2006,H,A,0.42246428,0.11975637,0.45777935,2.0,3.2,3.75,A,3.75,False,-100.0
2006-12-30,2006,H,A,0.3286754,0.19245228,0.4788723,2.1,3.25,3.4,A,3.4,False,-100.0
2007-01-01,2006,H,H,0.75985205,0.17101969,0.069128215,1.61,3.4,6.0,H,1.61,True,61.00000000000001
2007-01-01,2006,D,H,0.93287265,0.0471642,0.019963173,1.66,3.4,5.5,H,1.66,False,-100.0
2007-01-01,2006,H,A,0.10913295,0.18389131,0.70697576,2.37,3.2,2.9,A,2.9,False,-100.0
2007-01-01,2006,H,H,0.5522879,0.077006355,0.37070575,1.8,3.4,4.5,H,1.8,True,80.0
2007-01-01,2006,A,A,0.33622098,0.16605632,0.49772274,2.37,3.2,2.9,A,2.9,True,190.0
2007-01-01,2006,H,H,0.69955945,0.19373028,0.106710196,2.1,3.2,3.5,H,2.1,True,110.00000000000001
2007-01-01,2006,D,A,0.005182275,0.049142107,0.9456756,6.5,3.75,1.53,A,1.53,False,-100.0
2007-01-01,2006,D,H,0.5750333,0.053466745,0.37150002,2.4,3.2,2.87,H,2.4,False,-100.0
2007-01-02,2006,H,H,0.9827656,0.003997694,0.013236744,1.22,5.5,13.0,H,1.22,True,21.999999999999996
2007-01-02,2006,D,A,0.0027238755,0.0044617713,0.99281436,6.5,3.75,1.53,A,1.53,False,-100.0
2007-01-13,2006,D,H,0.5786491,0.084397875,0.336953,2.1,3.3,3.4,H,2.1,False,-100.0
2007-01-13,2006,A,A,0.020951455,0.007681893,0.9713667,6.5,3.75,1.53,A,1.53,True,53.0
2007-01-13,2006,D,A,0.21724828,0.24890926,0.5338425,2.6,3.2,2.62,A,2.62,False,-100.0
2007-01-13,2006,H,H,0.89581585,0.102554746,0.0016293821,1.25,5.5,11.0,H,1.25,True,25.0
2007-01-13,2006,A,H,0.5714866,0.17891468,0.2495987,2.5,3.2,2.75,H,2.5,False,-100.0
2007-01-13,2006,D,A,0.26380762,0.09574018,0.64045215,1.8,3.25,4.75,A,4.75,False,-100.0
2007-01-13,2006,A,H,0.68490213,0.24863993,0.06645796,4.2,3.4,1.83,H,4.2,False,-100.0
2007-01-13,2006,H,H,0.7304163,0.16255373,0.10702995,1.2,6.0,13.0,H,1.2,True,19.999999999999996
2007-01-14,2006,A,H,0.6323055,0.24941964,0.11827485,1.8,3.4,4.5,H,1.8,False,-100.0
2007-01-14,2006,D,H,0.44531903,0.22148664,0.33319432,2.0,3.2,3.75,H,2.0,False,-100.0
2007-01-20,2006,D,H,0.950901,0.023588525,0.025510522,1.8,3.4,4.33,H,1.8,False,-100.0
2007-01-20,2006,H,H,0.81116223,0.10932183,0.07951595,1.83,3.3,4.33,H,1.83,True,83.0
2007-01-20,2006,A,A,0.27505878,0.23011611,0.49482507,1.57,3.8,5.5,A,5.5,True,450.0
2007-01-20,2006,H,H,0.7434607,0.18998995,0.066549346,2.5,3.2,2.75,H,2.5,True,150.0
2007-01-20,2006,A,A,0.34018993,0.10660846,0.5532016,2.25,3.2,3.1,A,3.1,True,210.0
2007-01-20,2006,H,H,0.747061,0.16479076,0.0881482,2.87,3.0,2.5,H,2.87,True,187.0
2007-01-20,2006,D,D,0.20989583,0.39808536,0.39201882,2.87,3.2,2.4,D,3.2,True,220.00000000000003
2007-01-20,2006,H,D,0.4760386,0.51820225,0.0057591125,1.57,3.6,6.0,D,3.6,False,-100.0
2007-01-21,2006,H,D,0.13977773,0.68105257,0.17916971,2.5,3.1,2.8,D,3.1,False,-100.0
2007-01-21,2006,A,H,0.5961401,0.20277126,0.20108867,2.5,3.2,2.75,H,2.5,False,-100.0
2007-01-23,2006,H,A,0.2006731,0.14828236,0.65104455,3.4,3.25,2.1,A,2.1,False,-100.0
2007-01-30,2006,H,H,0.813821,0.0077606477,0.17841835,1.8,3.3,4.5,H,1.8,True,80.0
2007-01-30,2006,D,H,0.80171573,0.100008905,0.09827539,1.9,3.3,4.0,H,1.9,False,-100.0
2007-01-30,2006,A,A,0.007452363,0.0048800157,0.9876676,5.0,3.6,1.66,A,1.66,True,65.99999999999999
2007-01-30,2006,H,H,0.47773325,0.33784276,0.18442395,2.4,3.2,2.87,H,2.4,True,140.0
2007-01-31,2006,D,H,0.5216303,0.42414105,0.054228716,1.5,4.0,6.0,H,1.5,False,-100.0
2007-01-31,2006,H,H,0.90311587,0.03936306,0.05752103,1.28,5.0,10.0,H,1.28,True,28.000000000000004
2007-01-31,2006,H,H,0.9888833,0.006777886,0.004338786,1.14,7.0,17.0,H,1.14,True,13.99999999999999
2007-01-31,2006,H,H,0.36162344,0.3122272,0.32614937,2.1,3.2,3.5,H,2.1,True,110.00000000000001
2007-02-03,2006,H,H,0.94542205,0.030285953,0.024292003,1.72,3.5,4.75,H,1.72,True,72.0
2007-02-03,2006,H,H,0.6451898,0.19584988,0.15896025,2.3,3.25,3.0,H,2.3,True,129.99999999999997
2007-02-03,2006,H,H,0.7976289,0.08438599,0.11798513,1.83,3.3,4.33,H,1.83,True,83.0
2007-02-03,2006,D,D,0.31846726,0.46047902,0.22105369,4.33,3.4,1.8,D,3.4,True,240.0
2007-02-03,2006,A,A,0.012843405,0.21336019,0.7737964,8.0,4.5,1.36,A,1.36,True,36.00000000000001
2007-02-03,2006,D,H,0.7036067,0.2886205,0.0077728415,1.57,3.6,6.0,H,1.57,False,-100.0
2007-02-03,2006,A,D,0.2984307,0.5793797,0.122189604,2.2,3.2,3.25,D,3.2,False,-100.0
2007-02-03,2006,H,H,0.48056555,0.33585468,0.18357973,2.6,3.1,2.7,H,2.6,True,160.0
2007-02-03,2006,A,D,0.08898573,0.5493675,0.36164677,3.25,3.2,2.2,D,3.2,False,-100.0
2007-02-04,2006,A,A,0.029026993,0.04538629,0.9255867,4.75,3.5,1.72,A,1.72,True,72.0
2007-02-10,2006,A,H,0.5081565,0.26432222,0.22752129,1.83,3.3,4.33,H,1.83,False,-100.0
2007-02-10,2006,H,A,0.3918112,0.09100018,0.51718867,2.8,3.25,2.4,A,2.4,False,-100.0
2007-02-10,2006,H,H,0.775219,0.14610812,0.07867285,2.1,3.2,3.5,H,2.1,True,110.00000000000001
2007-02-10,2006,H,H,0.7942839,0.144273,0.061443068,1.9,3.25,4.0,H,1.9,True,89.99999999999999
2007-02-10,2006,H,H,0.9932573,0.0042913863,0.002451381,1.14,7.0,19.0,H,1.14,True,13.99999999999999
2007-02-10,2006,H,H,0.65841407,0.17348328,0.16810264,2.1,3.2,3.5,H,2.1,True,110.00000000000001
2007-02-10,2006,H,H,0.9748011,0.024011724,0.001187159,1.28,5.0,10.0,H,1.28,True,28.000000000000004
2007-02-10,2006,H,D,0.07513142,0.730363,0.19450553,3.8,3.4,1.9,D,3.4,False,-100.0
2007-02-11,2006,H,H,0.78876567,0.024533847,0.18670051,1.25,5.0,13.0,H,1.25,True,25.0
2007-02-11,2006,H,H,0.7763242,0.17650832,0.047167454,1.66,3.6,5.0,H,1.66,True,65.99999999999999
2007-02-21,2006,A,H,0.66901296,0.08533632,0.2456507,2.3,3.25,3.0,H,2.3,False,-100.0
2007-02-21,2006,D,A,0.28518093,0.061648943,0.65317017,2.4,3.25,2.8,A,2.8,False,-100.0
2007-02-24,2006,H,H,0.7174088,0.11879744,0.16379377,2.3,3.25,3.0,H,2.3,True,129.99999999999997
2007-02-24,2006,A,A,0.017949611,0.011835456,0.9702149,7.5,4.33,1.4,A,1.4,True,39.99999999999999
2007-02-24,2006,H,H,0.45505136,0.14419925,0.4007494,2.25,3.2,3.1,H,2.25,True,125.0
2007-02-24,2006,H,H,0.9614253,0.03613832,0.002436326,1.3,4.75,8.5,H,1.3,True,30.000000000000004
2007-02-24,2006,A,D,0.19015136,0.43025196,0.37959668,3.1,3.2,2.25,D,3.2,False,-100.0
2007-02-25,2006,H,A,0.15331586,0.34935844,0.49732575,2.3,3.1,3.1,A,3.1,False,-100.0
2007-02-25,2006,H,H,0.6742351,0.18703048,0.1387344,2.1,3.25,3.4,H,2.1,True,110.00000000000001
2007-02-25,2006,H,D,0.34806138,0.40492445,0.24701416,2.5,3.25,2.7,D,3.25,False,-100.0
2007-03-03,2006,H,H,0.7689206,0.21094827,0.020131133,1.5,3.75,7.0,H,1.5,True,50.0
2007-03-03,2006,D,H,0.47938874,0.3350644,0.18554688,2.37,3.2,2.9,H,2.37,False,-100.0
2007-03-03,2006,A,D,0.10934659,0.830834,0.05981943,2.6,3.1,2.7,D,3.1,False,-100.0
2007-03-03,2006,A,A,0.27988234,0.049668178,0.67044944,2.0,3.2,3.75,A,3.75,True,275.0
2007-03-03,2006,D,A,0.16979043,0.34406114,0.48614845,2.0,3.2,3.75,A,3.75,False,-100.0
2007-03-03,2006,A,A,0.0074924557,0.0045591374,0.9879484,6.0,3.75,1.5,A,1.5,True,50.0
2007-03-03,2006,D,H,0.4086745,0.25140864,0.33991686,2.6,3.2,2.62,H,2.6,False,-100.0
2007-03-03,2006,D,H,0.4945736,0.16235976,0.34306663,2.5,3.1,2.8,H,2.5,False,-100.0
2007-03-04,2006,A,A,0.16478443,0.1413724,0.6938431,2.0,3.2,3.75,A,3.75,True,275.0
2007-03-04,2006,A,D,0.29258078,0.43123874,0.27618042,3.2,3.25,2.2,D,3.25,False,-100.0
2007-03-14,2006,A,A,0.014398633,0.058371145,0.9272302,7.0,3.75,1.5,A,1.5,True,50.0
2007-03-14,2006,A,A,0.1516374,0.26198494,0.5863776,3.6,3.3,2.0,A,2.0,True,100.0
2007-03-17,2006,H,H,0.80332094,0.18834275,0.008336312,1.4,4.0,7.0,H,1.4,True,39.99999999999999
2007-03-17,2006,D,H,0.7051082,0.12989311,0.16499862,2.1,3.25,3.4,H,2.1,False,-100.0
2007-03-17,2006,D,H,0.683069,0.184927,0.13200398,2.0,3.3,3.6,H,2.0,False,-100.0
2007-03-17,2006,A,H,0.5890661,0.34621015,0.064723745,1.72,3.5,4.75,H,1.72,False,-100.0
2007-03-17,2006,H,D,0.28952718,0.6870062,0.023466608,1.3,5.0,9.0,D,5.0,False,-100.0
2007-03-17,2006,A,H,0.8946679,0.055988517,0.049343497,1.95,3.3,3.8,H,1.95,False,-100.0
2007-03-17,2006,H,H,0.9830635,0.008302865,0.00863354,1.16,6.5,15.0,H,1.16,True,15.999999999999993
2007-03-18,2006,D,H,0.7045308,0.02807191,0.2673973,4.0,3.25,1.9,H,4.0,False,-100.0
2007-03-18,2006,H,H,0.74763507,0.09727966,0.15508528,2.4,3.25,2.8,H,2.4,True,140.0
2007-03-18,2006,H,D,0.25211012,0.45901936,0.28887057,3.1,3.3,2.2,D,3.3,False,-100.0
2007-03-31,2006,A,A,0.025344087,0.05275746,0.9218985,9.5,4.5,1.33,A,1.33,True,33.00000000000001
2007-03-31,2006,D,H,0.43256202,0.16201018,0.40542784,2.3,3.25,3.0,H,2.3,False,-100.0
2007-03-31,2006,A,D,0.2999068,0.4078434,0.29224977,1.9,3.3,4.0,D,3.3,False,-100.0
2007-03-31,2006,H,H,0.92085594,0.055586006,0.023558063,1.61,3.6,5.5,H,1.61,True,61.00000000000001
2007-03-31,2006,H,H,0.7122684,0.10076598,0.18696561,2.2,3.2,3.25,H,2.2,True,120.00000000000001
2007-03-31,2006,H,D,0.2560897,0.58814704,0.15576328,2.1,3.25,3.4,D,3.25,False,-100.0
2007-03-31,2006,H,H,0.97220886,0.022050384,0.005740771,1.33,4.5,9.5,H,1.33,True,33.00000000000001
2007-03-31,2006,H,H,0.9243925,0.042272206,0.03333525,2.2,3.2,3.25,H,2.2,True,120.00000000000001
2007-04-01,2006,H,H,0.7693249,0.16791882,0.0627563,1.72,3.4,5.0,H,1.72,True,72.0
2007-04-02,2006,D,H,0.6004213,0.07505089,0.32452777,2.37,3.2,2.9,H,2.37,False,-100.0
2007-04-06,2006,D,H,0.4576794,0.1877032,0.35461745,2.1,3.2,3.5,H,2.1,False,-100.0
2007-04-06,2006,H,D,0.13999346,0.7710219,0.08898467,1.66,3.4,5.5,D,3.4,False,-100.0
2007-04-07,2006,A,H,0.5063717,0.24537773,0.24825062,2.5,3.25,2.7,H,2.5,False,-100.0
2007-04-07,2006,A,D,0.12595457,0.50260556,0.3714399,2.37,3.25,2.87,D,3.25,False,-100.0
2007-04-07,2006,A,A,0.13057725,0.15100932,0.7184135,3.8,3.4,1.9,A,1.9,True,89.99999999999999
2007-04-07,2006,H,A,0.004802465,0.011654141,0.9835434,6.0,4.0,1.5,A,1.5,False,-100.0
2007-04-07,2006,H,H,0.87811786,0.0876151,0.034267057,1.44,4.0,7.5,H,1.44,True,43.99999999999999
2007-04-07,2006,A,A,0.141135,0.2618365,0.59702843,2.0,3.2,3.75,A,3.75,True,275.0
2007-04-07,2006,A,H,0.55792564,0.14160502,0.30046934,1.4,4.33,7.5,H,1.4,False,-100.0
2007-04-07,2006,H,H,0.8331327,0.15090363,0.015963743,1.61,3.6,5.5,H,1.61,True,61.00000000000001
2007-04-09,2006,D,H,0.59174895,0.17444594,0.23380515,1.9,3.25,4.0,H,1.9,False,-100.0
2007-04-09,2006,D,H,0.43677932,0.16152993,0.4016908,2.1,3.2,3.4,H,2.1,False,-100.0
2007-04-09,2006,D,A,0.3218666,0.19734304,0.4807903,2.25,3.25,3.1,A,3.1,False,-100.0
2007-04-09,2006,A,H,0.700586,0.25004414,0.049369864,2.2,3.25,3.2,H,2.2,False,-100.0
2007-04-09,2006,D,H,0.41558936,0.22106981,0.36334082,3.2,3.25,2.2,H,3.2,False,-100.0
2007-04-09,2006,H,D,0.34117678,0.36925253,0.2895707,3.0,3.25,2.3,D,3.25,False,-100.0
2007-04-14,2006,A,D,0.2798953,0.49999666,0.22010797,2.1,3.25,3.4,D,3.25,False,-100.0
2007-04-14,2006,D,D,0.20052537,0.5863227,0.21315193,4.0,3.5,1.83,D,3.5,True,250.0
2007-04-14,2006,H,D,0.34055325,0.6375227,0.02192402,1.66,3.6,5.0,D,3.6,False,-100.0
2007-04-14,2006,H,A,0.3188184,0.2365973,0.44458437,2.1,3.25,3.4,A,3.4,False,-100.0
2007-04-14,2006,H,A,0.19414769,0.14865902,0.65719324,2.4,3.25,2.8,A,2.8,False,-100.0
2007-04-14,2006,H,H,0.38387737,0.3165303,0.29959232,1.9,3.25,4.0,H,1.9,True,89.99999999999999
2007-04-15,2006,D,H,0.65465045,0.08245467,0.26289496,3.0,3.3,2.25,H,3.0,False,-100.0
2007-04-15,2006,H,H,0.849394,0.14251497,0.008090942,1.72,3.5,4.75,H,1.72,True,72.0
2007-04-17,2006,H,H,0.5301258,0.4648666,0.0050075925,1.4,4.33,7.5,H,1.4,True,39.99999999999999
2007-04-17,2006,H,H,0.93845373,0.024443643,0.03710267,1.14,7.0,17.0,H,1.14,True,13.99999999999999
2007-04-18,2006,A,D,0.069121115,0.8497025,0.08117635,7.0,4.2,1.44,D,4.2,False,-100.0
2007-04-18,2006,H,H,0.79913425,0.18335272,0.017513053,1.61,3.6,5.5,H,1.61,True,61.00000000000001
2007-04-18,2006,H,H,0.9748571,0.013292199,0.011850705,1.36,4.5,8.0,H,1.36,True,36.00000000000001
2007-04-21,2006,D,A,0.1294413,0.31121966,0.559339,2.62,3.25,2.6,A,2.6,False,-100.0
2007-04-21,2006,D,D,0.1166289,0.73614806,0.14722307,2.7,3.25,2.5,D,3.25,True,225.0
2007-04-21,2006,D,H,0.97152305,0.02059515,0.007881792,1.2,6.0,13.0,H,1.2,False,-100.0
2007-04-21,2006,A,A,0.30802965,0.21552512,0.47644517,1.83,3.3,4.33,A,4.33,True,333.0
2007-04-21,2006,D,A,0.34464592,0.1521001,0.503254,2.25,3.2,3.1,A,3.1,False,-100.0
2007-04-21,2006,D,A,0.020350289,0.08160657,0.8980431,2.05,3.25,3.6,A,3.6,False,-100.0
2007-04-21,2006,H,H,0.70582634,0.120343305,0.17383033,2.4,3.4,2.75,H,2.4,True,140.0
2007-04-21,2006,H,H,0.9480267,0.04656109,0.0054121404,1.36,4.5,8.0,H,1.36,True,36.00000000000001
2007-04-22,2006,D,H,0.6885587,0.22074886,0.09069242,2.2,2.5,3.2,H,2.2,False,-100.0
2007-04-22,2006,D,A,0.01949887,0.04170052,0.93880063,6.0,3.8,1.53,A,1.53,False,-100.0
2007-04-28,2006,H,H,0.7734023,0.21550441,0.011093318,2.1,3.25,3.4,H,2.1,True,110.00000000000001
2007-04-28,2006,D,H,0.8602225,0.12252268,0.017254796,1.28,5.0,10.0,H,1.28,False,-100.0
2007-04-28,2006,A,D,0.01778712,0.6000732,0.38213965,5.0,3.6,1.66,D,3.6,False,-100.0
2007-04-28,2006,A,D,0.23760663,0.6464897,0.11590375,2.3,3.25,3.0,D,3.25,False,-100.0
2007-04-28,2006,A,H,0.47681212,0.4305677,0.09262016,2.7,3.25,2.5,H,2.7,False,-100.0
2007-04-28,2006,H,D,0.11849499,0.6925203,0.18898469,3.2,3.25,2.2,D,3.25,False,-100.0
2007-04-28,2006,H,H,0.6403892,0.26077628,0.09883452,1.57,3.8,5.5,H,1.57,True,57.00000000000001
2007-04-28,2006,A,A,0.21962707,0.016556043,0.76381683,2.1,3.25,3.4,A,3.4,True,240.0
2007-04-29,2006,H,H,0.931595,0.04760389,0.020801062,1.33,4.5,9.5,H,1.33,True,33.00000000000001
2007-04-30,2006,H,H,0.6026908,0.25573367,0.14157553,2.0,3.3,3.6,H,2.0,True,100.0
2007-05-05,2006,A,H,0.5501241,0.39959517,0.050280694,2.1,3.25,3.4,H,2.1,False,-100.0
2007-05-05,2006,H,D,0.2832767,0.46872342,0.2479999,2.15,3.25,3.3,D,3.25,False,-100.0
2007-05-05,2006,A,H,0.53054065,0.2291416,0.24031776,2.25,3.3,3.0,H,2.25,False,-100.0
2007-05-05,2006,A,H,0.9953323,0.004092154,0.0005754907,1.4,4.33,7.5,H,1.4,False,-100.0
2007-05-05,2006,H,H,0.45065784,0.24733385,0.3020083,3.2,3.25,2.2,H,3.2,True,220.00000000000003
2007-05-05,2006,H,H,0.59176874,0.09406695,0.31416434,1.95,3.3,3.8,H,1.95,True,95.0
2007-05-05,2006,H,H,0.7168856,0.12664896,0.1564654,1.9,3.4,4.0,H,1.9,True,89.99999999999999
2007-05-05,2006,A,A,0.11422408,0.03418352,0.8515924,6.0,4.0,1.5,A,1.5,True,50.0
2007-05-06,2006,D,H,0.48334506,0.3990618,0.11759313,2.7,3.25,2.5,H,2.7,False,-100.0
2007-05-07,2006,A,A,0.24118437,0.33051598,0.42829967,2.87,3.25,2.37,A,2.37,True,137.0
2007-05-09,2006,D,A,0.41561556,0.120523244,0.4638612,2.1,3.2,3.2,A,3.2,False,-100.0
2007-05-10,2006,D,A,0.4270421,0.073660806,0.49929705,1.8,3.4,4.33,A,4.33,False,-100.0
2007-05-13,2006,D,H,0.43824285,0.24926916,0.31248796,2.8,3.3,2.37,H,2.8,False,-100.0
2007-05-13,2006,H,H,0.9660739,0.022316856,0.0116092935,1.5,3.75,7.0,H,1.5,True,50.0
2007-05-13,2006,D,H,0.51435,0.3520966,0.1335534,2.7,3.5,2.37,H,2.7,False,-100.0
2007-05-13,2006,H,H,0.77301556,0.13384603,0.09313842,1.9,3.25,4.0,H,1.9,True,89.99999999999999
2007-05-13,2006,A,H,0.7762097,0.046638686,0.17715158,2.3,3.4,2.87,H,2.3,False,-100.0
2007-05-13,2006,D,H,0.9943901,0.0040903473,0.0015195772,1.36,4.5,8.0,H,1.36,False,-100.0
2007-05-13,2006,D,D,0.41536185,0.47624704,0.1083911,1.72,3.5,4.75,D,3.5,True,250.0
2007-05-13,2006,D,H,0.5055086,0.047337905,0.4471535,1.86,3.4,4.0,H,1.86,False,-100.0
2007-05-13,2006,D,D,0.1013543,0.8805073,0.018138422,2.0,3.4,3.5,D,3.4,True,240.0
2007-05-13,2006,A,H,0.5175468,0.31413284,0.16832042,1.57,3.6,6.0,H,1.57,False,-100.0
2007-08-11,2007,D,D,0.1136695,0.679672,0.2066585,2.8,3.25,2.4,D,3.25,True,225.0
2007-08-11,2007,A,A,0.31971073,0.12857078,0.55171853,2.5,3.2,2.75,A,2.75,True,175.0
2007-08-11,2007,A,H,0.6315105,0.15717898,0.21131048,2.37,3.25,2.87,H,2.37,False,-100.0
2007-08-11,2007,A,H,0.5752557,0.08166723,0.34307706,4.0,3.25,1.9,H,4.0,False,-100.0
2007-08-11,2007,H,A,0.40006948,0.027996913,0.5719336,3.4,3.25,2.1,A,2.1,False,-100.0
2007-08-11,2007,A,D,0.37510693,0.4619529,0.16294016,2.0,3.2,3.75,D,3.2,False,-100.0
2007-08-11,2007,H,H,0.69256175,0.16536301,0.14207524,1.66,3.4,5.5,H,1.66,True,65.99999999999999
2007-08-12,2007,H,H,0.96877843,0.019315064,0.011906482,1.33,4.5,10.0,H,1.33,True,33.00000000000001
2007-08-12,2007,H,H,0.9799841,0.00876613,0.011249746,1.2,6.0,13.0,H,1.2,True,19.999999999999996
2007-08-12,2007,D,H,0.8157458,0.104923405,0.079330854,1.22,5.5,13.0,H,1.22,False,-100.0
2007-08-14,2007,A,H,0.40825957,0.39170212,0.20003834,1.8,3.4,4.33,H,1.8,False,-100.0
2007-08-15,2007,H,H,0.8664921,0.12596156,0.0075463275,1.61,3.6,5.5,H,1.61,True,61.00000000000001
2007-08-15,2007,H,H,0.7360619,0.072357714,0.19158041,2.2,3.25,3.2,H,2.2,True,120.00000000000001
2007-08-15,2007,D,A,0.28796902,0.15500604,0.55702496,2.3,3.25,3.0,A,3.0,False,-100.0
2007-08-15,2007,H,D,0.21714163,0.58821714,0.19464126,2.3,3.25,3.0,D,3.25,False,-100.0
2007-08-15,2007,A,A,0.041206066,0.4680209,0.4907731,6.5,3.75,1.53,A,1.53,True,53.0
2007-08-15,2007,D,A,0.07302218,0.087695666,0.8392821,5.5,3.6,1.61,A,1.61,False,-100.0
2007-08-18,2007,H,A,0.33224964,0.1555577,0.5121926,2.2,3.25,3.2,A,3.2,False,-100.0
2007-08-18,2007,A,A,0.28297827,0.14456767,0.57245404,2.37,3.25,2.87,A,2.87,True,187.0
2007-08-18,2007,A,A,0.20783213,0.29662666,0.49554116,2.1,3.25,3.4,A,3.4,True,240.0
2007-08-18,2007,D,H,0.54403216,0.2259681,0.22999977,1.83,3.3,4.33,H,1.83,False,-100.0
2007-08-18,2007,H,H,0.79019177,0.10035783,0.10945042,1.83,3.3,4.33,H,1.83,True,83.0
2007-08-18,2007,H,H,0.685003,0.1021794,0.21281762,2.5,3.25,2.7,H,2.5,True,150.0
2007-08-18,2007,H,H,0.9000467,0.08865911,0.01129424,1.44,4.0,7.5,H,1.44,True,43.99999999999999
2007-08-19,2007,H,A,0.25109634,0.029826801,0.7190769,4.5,3.25,1.83,A,1.83,False,-100.0
2007-08-19,2007,D,H,0.52168715,0.30026984,0.17804304,2.62,3.1,3.1,H,2.62,False,-100.0
2007-08-19,2007,D,H,0.741804,0.07311356,0.1850825,3.1,3.2,2.25,H,3.1,False,-100.0
2007-08-25,2007,D,H,0.8066634,0.039099973,0.15423667,1.9,3.25,4.0,H,1.9,False,-100.0
2007-08-25,2007,A,A,0.010238235,0.11127491,0.8784869,6.0,3.6,1.57,A,1.57,True,57.00000000000001
2007-08-25,2007,D,D,0.42196733,0.48845294,0.08957968,2.1,3.2,3.5,D,3.2,True,220.00000000000003
2007-08-25,2007,A,A,0.41050783,0.13799715,0.451495,2.37,3.25,2.87,A,2.87,True,187.0
2007-08-25,2007,H,H,0.90996957,0.074407294,0.01562316,1.53,3.8,6.0,H,1.53,True,53.0
2007-08-25,2007,H,H,0.4866758,0.12624557,0.38707864,2.25,3.2,3.0,H,2.25,True,125.0
2007-08-25,2007,H,H,0.40867677,0.3727416,0.21858165,1.8,3.4,4.5,H,1.8,True,80.0
2007-08-25,2007,H,D,0.42219225,0.5725271,0.0052806223,1.28,5.0,10.0,D,5.0,False,-100.0
2007-08-26,2007,D,H,0.7270084,0.1588215,0.11417011,2.6,3.2,2.62,H,2.6,False,-100.0
2007-08-26,2007,H,H,0.9477336,0.049516823,0.0027495765,1.5,4.0,6.0,H,1.5,True,50.0
2007-09-01,2007,H,H,0.7608828,0.08199867,0.15711856,2.0,3.2,3.75,H,2.0,True,100.0
2007-09-01,2007,A,A,0.42509276,0.061487462,0.5134198,2.2,3.2,3.25,A,3.25,True,225.0
2007-09-01,2007,H,H,0.9941381,0.0033969863,0.0024648448,1.16,6.0,19.0,H,1.16,True,15.999999999999993
2007-09-01,2007,H,A,0.4667572,0.02978859,0.5034542,1.72,3.5,4.75,A,4.75,False,-100.0
2007-09-01,2007,D,H,0.47427633,0.2501518,0.27557188,3.1,3.2,2.25,H,3.1,False,-100.0
2007-09-01,2007,A,H,0.43884912,0.2278935,0.33325732,2.4,3.2,2.87,H,2.4,False,-100.0
2007-09-01,2007,H,H,0.9749234,0.017273216,0.007803459,1.16,6.0,19.0,H,1.16,True,15.999999999999993
2007-09-02,2007,H,H,0.38903025,0.264178,0.34679174,2.2,3.2,3.25,H,2.2,True,120.00000000000001
2007-09-02,2007,H,H,0.8706021,0.11314817,0.016249739,1.5,3.75,7.0,H,1.5,True,50.0
2007-09-02,2007,H,A,0.28878152,0.1193647,0.5918538,5.5,3.6,1.61,A,1.61,False,-100.0
2007-09-15,2007,D,A,0.14672361,0.31427696,0.53899944,2.1,3.25,3.6,A,3.6,False,-100.0
2007-09-15,2007,H,D,0.08986953,0.5161318,0.39399868,2.37,3.25,3.0,D,3.25,False,-100.0
2007-09-15,2007,D,H,0.9021486,0.081186675,0.0166647,1.36,4.33,10.0,H,1.36,False,-100.0
2007-09-15,2007,A,A,0.013101629,0.24289678,0.7440016,4.5,3.5,1.8,A,1.8,True,80.0
2007-09-15,2007,D,A,0.3972007,0.041307162,0.56149215,5.0,3.5,1.72,A,1.72,False,-100.0
2007-09-15,2007,H,H,0.6800807,0.092475325,0.22744392,2.25,3.25,3.2,H,2.25,True,125.0
2007-09-15,2007,A,A,0.0769505,0.45605403,0.46699542,2.8,3.2,2.5,A,2.5,True,150.0
2007-09-15,2007,H,A,0.3409131,0.23336609,0.4257208,2.0,3.4,3.75,A,3.75,False,-100.0
2007-09-16,2007,H,D,0.37515038,0.5946368,0.030212823,2.37,3.25,3.0,D,3.25,False,-100.0
2007-09-17,2007,H,D,0.10659561,0.71675634,0.17664805,4.33,3.25,1.9,D,3.25,False,-100.0
2007-09-22,2007,H,H,0.93339825,0.06354403,0.003057742,1.14,7.0,23.0,H,1.14,True,13.99999999999999
2007-09-22,2007,D,D,0.16075921,0.5952546,0.24398614,2.5,3.25,2.8,D,3.25,True,225.0
2007-09-22,2007,D,H,0.9471818,0.04157962,0.011238595,1.22,5.25,17.0,H,1.22,False,-100.0
2007-09-22,2007,D,A,0.294058,0.23862664,0.46731538,2.1,3.2,3.6,A,3.6,False,-100.0
2007-09-22,2007,H,H,0.52692515,0.17730556,0.29576933,2.1,3.2,3.6,H,2.1,True,110.00000000000001
2007-09-23,2007,H,D,0.42233703,0.49516967,0.082493365,2.0,3.4,3.75,D,3.4,False,-100.0
2007-09-23,2007,H,D,0.37345904,0.46785894,0.15868196,2.1,3.25,4.0,D,3.25,False,-100.0
2007-09-23,2007,A,H,0.6777133,0.1965893,0.12569746,1.9,3.3,4.2,H,1.9,False,-100.0
2007-09-23,2007,H,A,0.26279202,0.35195762,0.38525036,2.25,3.2,3.25,A,3.25,False,-100.0
2007-09-23,2007,D,D,0.033954587,0.81252635,0.15351905,2.8,3.25,2.5,D,3.25,True,225.0
2007-09-29,2007,H,D,0.18253991,0.70472085,0.11273928,2.25,3.25,3.3,D,3.25,False,-100.0
2007-09-29,2007,A,A,0.046647754,0.03198679,0.9213655,4.5,3.5,1.83,A,1.83,True,83.0
2007-09-29,2007,A,A,0.07796282,0.22620533,0.69583184,6.5,3.8,1.57,A,1.57,True,57.00000000000001
2007-09-29,2007,H,H,0.6045155,0.28975892,0.105725564,1.72,3.4,5.5,H,1.72,True,72.0
2007-09-29,2007,A,D,0.29364255,0.5393425,0.16701496,2.75,3.25,2.62,D,3.25,False,-100.0
2007-09-29,2007,D,D,0.40006888,0.5453154,0.054615747,2.7,3.25,2.62,D,3.25,True,225.0
2007-09-29,2007,A,A,0.024704138,0.37018132,0.6051146,6.5,4.0,1.53,A,1.53,True,53.0
2007-09-29,2007,D,H,0.5834952,0.3671579,0.04934689,1.3,5.0,12.0,H,1.3,False,-100.0
2007-09-30,2007,H,H,0.7739107,0.1145575,0.11153179,1.8,3.5,4.75,H,1.8,True,80.0
2007-10-01,2007,D,H,0.84491366,0.1171304,0.037955903,1.9,3.25,4.33,H,1.9,False,-100.0
2007-10-06,2007,H,H,0.69600934,0.2821636,0.02182704,1.83,3.6,4.33,H,1.83,True,83.0
2007-10-06,2007,H,H,0.9767694,0.008764547,0.01446602,1.16,6.5,21.0,H,1.16,True,15.999999999999993
2007-10-07,2007,H,H,0.99224585,0.0065680365,0.001186145,1.16,6.5,23.0,H,1.16,True,15.999999999999993
2007-10-07,2007,D,H,0.77267385,0.17968997,0.047636174,1.53,4.0,6.5,H,1.53,False,-100.0
2007-10-07,2007,A,D,0.3091594,0.57685894,0.11398172,2.62,3.25,2.75,D,3.25,False,-100.0
2007-10-07,2007,H,H,0.4685983,0.40378192,0.12761973,1.66,3.75,5.5,H,1.66,True,65.99999999999999
2007-10-07,2007,H,H,0.6459822,0.26300234,0.09101549,1.66,3.6,5.5,H,1.66,True,65.99999999999999
2007-10-07,2007,H,H,0.46924487,0.30882245,0.22193271,1.72,3.6,5.0,H,1.72,True,72.0
2007-10-07,2007,H,A,0.2896074,0.2941266,0.41626593,2.1,3.3,3.6,A,3.6,False,-100.0
2007-10-07,2007,A,H,0.37283295,0.33563572,0.2915313,5.0,3.6,1.72,H,5.0,False,-100.0
2007-10-20,2007,H,H,0.87426966,0.12376635,0.0019639388,1.25,5.25,15.0,H,1.25,True,25.0
2007-10-20,2007,A,D,0.022131376,0.66741234,0.31045628,4.5,3.6,1.8,D,3.6,False,-100.0
2007-10-20,2007,H,H,0.5272612,0.17665924,0.2960795,1.7,3.5,5.5,H,1.7,True,70.0
2007-10-20,2007,A,A,0.11192416,0.10226958,0.7858063,3.6,3.3,2.1,A,2.1,True,110.00000000000001
2007-10-20,2007,D,H,0.93008,0.034801498,0.03511858,1.72,3.5,5.25,H,1.72,False,-100.0
2007-10-20,2007,H,H,0.7990257,0.122732736,0.078241594,1.57,3.6,7.0,H,1.57,True,57.00000000000001
2007-10-20,2007,A,D,0.2708548,0.4434809,0.28566423,6.0,3.75,1.61,D,3.75,False,-100.0
2007-10-20,2007,A,H,0.64132524,0.119881675,0.23879306,3.1,3.25,2.37,H,3.1,False,-100.0
2007-10-21,2007,H,H,0.57249737,0.35038236,0.07712027,1.9,3.25,4.5,H,1.9,True,89.99999999999999
2007-10-22,2007,H,A,0.049599744,0.029458618,0.92094165,2.37,3.3,3.0,A,3.0,False,-100.0
2007-10-27,2007,H,H,0.97425675,0.02546016,0.00028304762,1.18,6.5,19.0,H,1.18,True,17.999999999999993
2007-10-27,2007,H,H,0.91191864,0.08317156,0.0049098213,1.5,4.0,7.0,H,1.5,True,50.0
2007-10-27,2007,H,D,0.375754,0.5526275,0.071618505,2.1,3.3,3.6,D,3.3,False,-100.0
2007-10-27,2007,H,D,0.28119695,0.5581671,0.16063596,2.75,3.25,2.5,D,3.25,False,-100.0
2007-10-27,2007,D,D,0.41733196,0.43967262,0.14299543,2.1,3.3,3.6,D,3.3,True,229.99999999999997
2007-10-27,2007,D,A,0.36826736,0.1628284,0.46890426,1.8,3.5,4.75,A,4.75,False,-100.0
2007-10-28,2007,D,D,0.10328273,0.7859297,0.11078756,2.7,3.3,2.62,D,3.3,True,229.99999999999997
2007-10-28,2007,A,A,0.15695417,0.30949488,0.5335509,3.6,3.3,2.1,A,2.1,True,110.00000000000001
2007-10-28,2007,D,D,0.2098236,0.65983546,0.13034096,2.5,3.25,2.8,D,3.25,True,225.0
2007-10-28,2007,A,H,0.6752331,0.27794588,0.04682101,2.2,3.4,3.25,H,2.2,False,-100.0
2007-11-03,2007,A,A,0.234461,0.08418517,0.68135387,9.0,4.33,1.4,A,1.4,True,39.99999999999999
2007-11-03,2007,H,H,0.7310239,0.1130919,0.1558842,2.2,3.25,3.4,H,2.2,True,120.00000000000001
2007-11-03,2007,A,D,0.13022566,0.8519743,0.017800022,2.1,3.3,3.6,D,3.3,False,-100.0
2007-11-03,2007,D,A,0.40439695,0.14816485,0.4474382,3.0,3.3,2.37,A,2.37,False,-100.0
2007-11-03,2007,H,H,0.8406553,0.119876236,0.039468452,1.4,4.33,9.0,H,1.4,True,39.99999999999999
2007-11-03,2007,D,D,0.11724093,0.74353975,0.13921931,2.5,3.1,3.0,D,3.1,True,210.0
2007-11-03,2007,H,D,0.36676857,0.4839854,0.149246,1.66,3.5,5.75,D,3.5,False,-100.0
2007-11-03,2007,D,D,0.41466942,0.5182483,0.06708226,3.0,3.25,2.4,D,3.25,True,225.0
2007-11-04,2007,D,H,0.45811126,0.32301545,0.21887334,1.9,3.3,4.33,H,1.9,False,-100.0
2007-11-05,2007,H,H,0.8971021,0.08305277,0.01984513,1.61,3.75,6.0,H,1.61,True,61.00000000000001
2007-11-10,2007,D,D,0.14285077,0.62385035,0.23329891,2.87,3.25,2.5,D,3.25,True,225.0
2007-11-10,2007,H,H,0.6341517,0.33488807,0.030960275,1.22,5.0,13.0,H,1.22,True,21.999999999999996
2007-11-10,2007,A,H,0.5323635,0.35899898,0.10863751,3.25,3.4,2.2,H,3.25,False,-100.0
2007-11-11,2007,H,H,0.8280488,0.16648522,0.005466029,1.44,4.2,8.0,H,1.44,True,43.99999999999999
2007-11-11,2007,A,D,0.31296664,0.5043273,0.18270604,2.7,3.2,2.7,D,3.2,False,-100.0
2007-11-11,2007,D,H,0.791203,0.0701783,0.13861868,2.1,3.4,3.5,H,2.1,False,-100.0
2007-11-11,2007,D,H,0.8216271,0.029120736,0.14925216,1.33,5.0,10.0,H,1.33,False,-100.0
2007-11-11,2007,H,H,0.8969541,0.08326017,0.019785747,1.33,4.5,8.5,H,1.33,True,33.00000000000001
2007-11-11,2007,D,H,0.46986368,0.44043776,0.0896985,2.0,3.4,3.8,H,2.0,False,-100.0
2007-11-12,2007,A,A,0.028908772,0.1114133,0.8596779,7.0,4.0,1.5,A,1.5,True,50.0
2007-11-24,2007,A,H,0.62719744,0.2592572,0.113545336,2.75,3.25,2.6,H,2.75,False,-100.0
2007-11-24,2007,H,H,0.61318487,0.19229665,0.19451845,1.57,3.75,6.5,H,1.57,True,57.00000000000001
2007-11-24,2007,A,A,0.23604827,0.32742837,0.43652338,3.8,3.3,2.0,A,2.0,True,100.0
2007-11-24,2007,H,H,0.805058,0.15910815,0.035833854,1.61,3.6,6.5,H,1.61,True,61.00000000000001
2007-11-24,2007,H,A,0.34363663,0.07308156,0.5832818,9.0,4.33,1.4,A,1.4,False,-100.0
2007-11-24,2007,A,H,0.7611006,0.16217797,0.07672141,3.2,3.3,2.3,H,3.2,False,-100.0
2007-11-24,2007,H,H,0.994827,0.0038747522,0.0012982718,1.16,7.0,17.0,H,1.16,True,15.999999999999993
2007-11-24,2007,A,A,0.20550747,0.019808883,0.77468365,15.0,6.0,1.22,A,1.22,True,21.999999999999996
2007-11-25,2007,D,D,0.32062176,0.46558186,0.21379636,2.75,3.25,2.6,D,3.25,True,225.0
2007-11-25,2007,D,A,0.2522729,0.36389235,0.38383478,2.87,3.25,2.5,A,2.5,False,-100.0
2007-11-28,2007,A,D,0.31108895,0.38622007,0.30269098,2.2,3.25,3.4,D,3.25,False,-100.0
2007-12-01,2007,D,H,0.47961137,0.17772841,0.34266022,2.0,3.3,4.0,H,2.0,False,-100.0
2007-12-01,2007,D,H,0.63485324,0.17637643,0.18877028,2.2,3.25,3.4,H,2.2,False,-100.0
2007-12-01,2007,H,H,0.56573504,0.3407168,0.09354821,1.66,3.6,5.5,H,1.66,True,65.99999999999999
2007-12-01,2007,H,D,0.46129405,0.5062352,0.03247078,1.9,3.4,4.2,D,3.4,False,-100.0
2007-12-01,2007,A,H,0.46133462,0.32898667,0.20967866,4.0,3.3,2.0,H,4.0,False,-100.0
2007-12-01,2007,H,D,0.41942725,0.5511449,0.02942784,1.25,5.5,13.0,D,5.5,False,-100.0
2007-12-01,2007,D,A,0.1383874,0.026689583,0.83492297,3.0,3.25,2.4,A,2.4,False,-100.0
2007-12-02,2007,H,D,0.29239655,0.7052881,0.0023153543,1.28,5.0,13.0,D,5.0,False,-100.0
2007-12-02,2007,A,H,0.7724559,0.1973702,0.030173985,1.44,4.2,8.0,H,1.44,False,-100.0
2007-12-03,2007,H,H,0.9925271,0.004492237,0.0029806667,1.2,6.0,17.0,H,1.2,True,19.999999999999996
2007-12-05,2007,D,A,0.029657224,0.12019959,0.8501432,6.0,3.75,1.61,A,1.61,False,-100.0
2007-12-08,2007,H,A,0.04013691,0.018448729,0.94141436,5.5,3.6,1.66,A,1.66,False,-100.0
2007-12-08,2007,A,H,0.44514957,0.1826631,0.37218735,2.1,3.3,3.6,H,2.1,False,-100.0
2007-12-08,2007,H,H,0.9269781,0.04923679,0.023785027,1.16,6.5,21.0,H,1.16,True,15.999999999999993
2007-12-08,2007,H,H,0.6681553,0.059763975,0.27208072,1.57,3.75,6.5,H,1.57,True,57.00000000000001
2007-12-08,2007,H,H,0.9819109,0.017804917,0.0002841654,1.11,8.5,26.0,H,1.11,True,11.00000000000001
2007-12-08,2007,H,H,0.54448473,0.1645272,0.2909881,1.8,3.5,4.75,H,1.8,True,80.0
2007-12-09,2007,A,H,0.51175195,0.34864503,0.13960302,1.83,3.5,4.5,H,1.83,False,-100.0
2007-12-09,2007,H,H,0.6409992,0.2431876,0.11581318,2.0,3.4,3.8,H,2.0,True,100.0
2007-12-09,2007,H,A,0.2659103,0.0422278,0.69186187,7.0,3.8,1.53,A,1.53,False,-100.0
2007-12-09,2007,H,H,0.5507453,0.43431786,0.014936864,2.0,3.3,3.75,H,2.0,True,100.0
2007-12-15,2007,H,D,0.1566612,0.77029556,0.07304323,1.83,3.25,5.0,D,3.25,False,-100.0
2007-12-15,2007,D,A,0.3936204,0.10813603,0.49824363,2.2,3.25,3.4,A,3.4,False,-100.0
2007-12-15,2007,A,A,0.4114153,0.16114882,0.42743587,2.5,3.25,2.87,A,2.87,True,187.0
2007-12-15,2007,A,D,0.19656447,0.4725908,0.33084473,3.1,3.25,2.37,D,3.25,False,-100.0
2007-12-15,2007,A,A,0.19750091,0.24054602,0.56195307,2.5,3.25,2.87,A,2.87,True,187.0
2007-12-15,2007,H,H,0.68219453,0.111433595,0.20637189,3.25,3.25,2.3,H,3.25,True,225.0
2007-12-15,2007,D,H,0.64780545,0.23799619,0.11419835,3.25,3.25,2.3,H,3.25,False,-100.0
2007-12-15,2007,A,H,0.47210968,0.41551983,0.11237051,2.2,3.25,3.4,H,2.2,False,-100.0
2007-12-16,2007,H,H,0.777258,0.05079562,0.1719464,2.5,3.0,3.1,H,2.5,True,150.0
2007-12-16,2007,A,D,0.3450732,0.61330396,0.041622855,2.62,3.1,2.87,D,3.1,False,-100.0
2007-12-22,2007,H,H,0.6674728,0.17346554,0.15906173,1.9,3.3,4.33,H,1.9,True,89.99999999999999
2007-12-22,2007,A,A,0.3354209,0.18325877,0.4813203,2.3,3.3,3.2,A,3.2,True,220.00000000000003
2007-12-22,2007,H,H,0.94099456,0.057712663,0.001292811,1.5,4.0,7.0,H,1.5,True,50.0
2007-12-22,2007,D,H,0.90426934,0.038089223,0.057641447,2.1,3.3,3.6,H,2.1,False,-100.0
2007-12-22,2007,D,H,0.5445868,0.27628896,0.17912427,2.1,3.3,3.6,H,2.1,False,-100.0
2007-12-22,2007,H,H,0.8423753,0.11044858,0.04717613,1.5,4.0,7.5,H,1.5,True,50.0
2007-12-22,2007,H,H,0.6550546,0.17742364,0.16752174,1.9,3.3,4.33,H,1.9,True,89.99999999999999
2007-12-23,2007,H,H,0.97105163,0.024420919,0.004527452,1.36,4.75,9.0,H,1.36,True,36.00000000000001
2007-12-23,2007,D,H,0.9848695,0.010436945,0.0046936115,1.33,4.75,11.0,H,1.33,False,-100.0
2007-12-23,2007,A,H,0.63356626,0.14760508,0.21882863,4.2,3.4,1.9,H,4.2,False,-100.0
2007-12-26,2007,H,H,0.9196417,0.06428982,0.016068544,1.44,4.2,8.0,H,1.44,True,43.99999999999999
2007-12-26,2007,H,A,0.34952137,0.23275258,0.41772607,2.7,3.3,2.6,A,2.6,False,-100.0
2007-12-26,2007,D,H,0.40837702,0.22416341,0.3674595,1.9,3.3,4.33,H,1.9,False,-100.0
2007-12-26,2007,A,A,0.09054992,0.05347549,0.85597456,8.5,4.5,1.4,A,1.4,True,39.99999999999999
2007-12-26,2007,D,A,0.03448988,0.28245375,0.68305635,4.5,3.5,1.83,A,1.83,False,-100.0
2007-12-26,2007,H,H,0.9160233,0.07163308,0.01234358,1.7,3.5,5.5,H,1.7,True,70.0
2007-12-26,2007,A,A,0.054124475,0.032276202,0.9135994,13.0,5.0,1.28,A,1.28,True,28.000000000000004
2007-12-26,2007,D,H,0.7483455,0.123266555,0.12838796,1.4,4.33,9.0,H,1.4,False,-100.0
2007-12-26,2007,H,A,0.28397137,0.07695552,0.6390731,2.25,3.3,3.25,A,3.25,False,-100.0
2007-12-27,2007,D,A,0.2971945,0.07851503,0.62429047,2.1,3.3,3.6,A,3.6,False,-100.0
2007-12-29,2007,D,H,0.65722233,0.123540446,0.21923722,1.9,3.4,4.2,H,1.9,False,-100.0
2007-12-29,2007,A,H,0.8864032,0.09656103,0.017035775,1.66,3.6,5.5,H,1.66,False,-100.0
2007-12-29,2007,H,H,0.9548118,0.037801757,0.0073864507,1.4,4.33,9.0,H,1.4,True,39.99999999999999
2007-12-29,2007,A,D,0.23955339,0.40616888,0.35427776,3.5,3.4,2.1,D,3.4,False,-100.0
2007-12-29,2007,H,H,0.57173806,0.31990653,0.10835541,2.5,3.25,2.87,H,2.5,True,150.0
2007-12-29,2007,H,H,0.65042704,0.2901241,0.05944889,1.5,4.0,7.0,H,1.5,True,50.0
2007-12-29,2007,H,A,0.01940598,0.30582163,0.6747724,7.0,4.0,1.5,A,1.5,False,-100.0
2007-12-29,2007,A,A,0.04418578,0.20212263,0.7536916,3.25,3.3,2.25,A,2.25,True,125.0
2007-12-30,2007,A,A,0.022965705,0.032071,0.9449633,4.0,3.5,1.9,A,1.9,True,89.99999999999999
2007-12-30,2007,D,H,0.5738309,0.2191946,0.20697449,3.6,3.3,2.1,H,3.6,False,-100.0
2008-01-01,2007,A,A,0.2162654,0.32540855,0.458326,2.87,3.3,2.5,A,2.5,True,150.0
2008-01-01,2007,A,H,0.4502366,0.30776578,0.24199766,3.0,3.25,2.4,H,3.0,False,-100.0
2008-01-01,2007,H,H,0.73878473,0.24842964,0.012785663,1.16,7.0,19.0,H,1.16,True,15.999999999999993
2008-01-01,2007,H,H,0.7275707,0.17139082,0.101038426,2.37,3.3,3.0,H,2.37,True,137.0
2008-01-01,2007,H,H,0.8699566,0.1040386,0.02600481,1.33,5.0,10.0,H,1.33,True,33.00000000000001
2008-01-01,2007,A,A,0.008763388,0.017508313,0.9737283,7.0,4.0,1.5,A,1.5,True,50.0
2008-01-02,2007,A,D,0.24508654,0.5894026,0.16551082,2.25,3.3,3.25,D,3.3,False,-100.0
2008-01-02,2007,D,H,0.8530854,0.107231334,0.03968324,1.2,5.5,12.0,H,1.2,False,-100.0
2008-01-02,2007,H,H,0.88884866,0.0922009,0.018950434,1.57,4.0,6.0,H,1.57,True,57.00000000000001
2008-01-02,2007,H,H,0.73387814,0.19532563,0.070796266,1.53,4.0,6.5,H,1.53,True,53.0
2008-01-12,2007,H,H,0.9579377,0.02727521,0.014787015,1.75,3.5,5.0,H,1.75,True,75.0
2008-01-12,2007,H,H,0.77855283,0.1850489,0.03639826,1.72,3.6,5.0,H,1.72,True,72.0
2008-01-12,2007,D,A,0.03095438,0.020116078,0.9489295,5.0,3.6,1.72,A,1.72,False,-100.0
2008-01-12,2007,H,H,0.95191324,0.04077921,0.007307528,1.25,5.5,13.0,H,1.25,True,25.0
2008-01-12,2007,H,A,0.22238506,0.100158826,0.67745614,1.61,3.75,6.0,A,6.0,False,-100.0
2008-01-12,2007,A,H,0.39776045,0.35871446,0.2435251,2.87,3.25,2.5,H,2.87,False,-100.0
2008-01-12,2007,D,H,0.91991425,0.06647464,0.013611063,1.2,6.0,17.0,H,1.2,False,-100.0
2008-01-12,2007,H,D,0.27627715,0.5219656,0.20175724,2.1,3.3,3.6,D,3.3,False,-100.0
2008-01-13,2007,A,A,0.3492051,0.207775,0.44301987,2.4,3.25,3.0,A,3.0,True,200.0
2008-01-13,2007,H,A,0.2083128,0.19910772,0.5925794,2.75,3.25,2.62,A,2.62,False,-100.0
2008-01-19,2007,A,A,0.05387488,0.112577066,0.833548,5.5,3.6,1.66,A,1.66,True,65.99999999999999
2008-01-19,2007,A,A,0.020627944,0.006534038,0.972838,7.0,3.8,1.53,A,1.53,True,53.0
2008-01-19,2007,D,H,0.59302515,0.38874346,0.018231401,1.72,3.6,5.0,H,1.72,False,-100.0
2008-01-19,2007,H,H,0.88113064,0.07761167,0.04125763,1.44,4.2,8.0,H,1.44,True,43.99999999999999
2008-01-19,2007,D,H,0.8878464,0.11004788,0.002105755,1.72,3.6,5.0,H,1.72,False,-100.0
2008-01-19,2007,A,A,0.14115019,0.013946144,0.8449037,8.0,4.5,1.4,A,1.4,True,39.99999999999999
2008-01-19,2007,H,H,0.9698589,0.026756667,0.003384515,1.44,4.2,8.0,H,1.44,True,43.99999999999999
2008-01-20,2007,D,A,0.21025796,0.15387386,0.63586813,2.0,3.4,3.8,A,3.8,False,-100.0
2008-01-20,2007,A,A,0.12293427,0.31862974,0.558436,3.25,3.25,2.25,A,2.25,True,125.0
2008-01-21,2007,D,H,0.72517025,0.19519144,0.07963831,1.61,3.75,6.0,H,1.61,False,-100.0
2008-01-26,2007,D,H,0.53911644,0.39565197,0.0652316,1.9,3.4,4.2,H,1.9,False,-100.0
2008-01-29,2007,H,H,0.57996035,0.1704096,0.24963005,2.3,3.25,3.2,H,2.3,True,129.99999999999997
2008-01-29,2007,H,H,0.6152509,0.16806218,0.21668692,1.9,3.3,4.33,H,1.9,True,89.99999999999999
2008-01-29,2007,H,H,0.548045,0.45013565,0.0018193343,1.28,5.0,13.0,H,1.28,True,28.000000000000004
2008-01-29,2007,D,H,0.83445853,0.120801166,0.044740316,1.9,3.4,4.2,H,1.9,False,-100.0
2008-01-30,2007,H,A,0.30217487,0.1270515,0.5707736,4.0,3.5,1.9,A,1.9,False,-100.0
2008-01-30,2007,D,A,0.24223267,0.1649062,0.5928611,2.37,3.25,3.1,A,3.1,False,-100.0
2008-01-30,2007,H,H,0.8216914,0.17561783,0.0026908058,1.25,5.5,13.0,H,1.25,True,25.0
2008-01-30,2007,H,H,0.8496455,0.13958748,0.010766964,1.22,6.0,15.0,H,1.22,True,21.999999999999996
2008-01-30,2007,D,A,0.042105056,0.17919756,0.7786974,5.0,3.6,1.72,A,1.72,False,-100.0
2008-02-02,2007,A,A,0.10394941,0.16207048,0.7339801,2.15,3.25,3.5,A,3.5,True,250.0
2008-02-02,2007,H,H,0.6814392,0.2249088,0.09365199,2.62,3.25,2.7,H,2.62,True,162.0
2008-02-02,2007,D,A,0.09135268,0.034637026,0.8740103,4.5,3.5,1.83,A,1.83,False,-100.0
2008-02-02,2007,A,A,0.033248115,0.028239997,0.9385119,4.5,3.6,1.8,A,1.8,True,80.0
2008-02-02,2007,D,H,0.7636299,0.14965229,0.08671786,2.37,3.2,3.1,H,2.37,False,-100.0
2008-02-02,2007,H,D,0.4717997,0.5129394,0.015260903,1.3,5.0,12.0,D,5.0,False,-100.0
2008-02-02,2007,D,D,0.38941416,0.44665638,0.16392949,1.61,3.5,6.5,D,3.5,True,250.0
2008-02-02,2007,D,A,0.098789096,0.027305987,0.8739049,5.25,3.5,1.72,A,1.72,False,-100.0
2008-02-03,2007,H,A,0.38438538,0.22956035,0.38605425,3.25,3.25,2.25,A,2.25,False,-100.0
2008-02-03,2007,D,H,0.5362757,0.057716284,0.40600803,2.0,3.25,4.0,H,2.0,False,-100.0
2008-02-09,2007,D,H,0.64707386,0.30184415,0.051081996,1.8,3.6,4.5,H,1.8,False,-100.0
2008-02-09,2007,H,A,0.29684344,0.18239008,0.52076644,2.1,3.3,3.6,A,3.6,False,-100.0
2008-02-09,2007,H,H,0.8332266,0.04109492,0.1256785,1.53,4.0,6.5,H,1.53,True,53.0
2008-02-09,2007,H,H,0.75007665,0.097774565,0.1521488,1.9,3.4,4.2,H,1.9,True,89.99999999999999
2008-02-09,2007,A,D,0.32886866,0.46778625,0.20334506,2.5,3.25,2.87,D,3.25,False,-100.0
2008-02-09,2007,A,A,0.123610266,0.030976329,0.84541345,6.5,4.0,1.53,A,1.53,True,53.0
2008-02-09,2007,H,A,0.3614786,0.120011464,0.51851,1.83,3.5,4.5,A,4.5,False,-100.0
2008-02-10,2007,D,H,0.9347007,0.03896598,0.026333304,1.9,3.2,4.5,H,1.9,False,-100.0
2008-02-10,2007,A,H,0.9599886,0.03702735,0.0029840537,1.28,5.0,13.0,H,1.28,False,-100.0
2008-02-11,2007,H,H,0.75503325,0.23742324,0.0075434945,1.33,4.75,11.0,H,1.33,True,33.00000000000001
2008-02-23,2007,A,A,0.0038212705,0.025992358,0.9701864,7.0,4.0,1.5,A,1.5,True,50.0
2008-02-23,2007,H,H,0.9086455,0.0763594,0.014995132,1.61,3.75,6.0,H,1.61,True,61.00000000000001
2008-02-23,2007,H,H,0.6038431,0.36174482,0.0344121,1.4,4.2,9.5,H,1.4,True,39.99999999999999
2008-02-23,2007,H,H,0.5522023,0.34018093,0.10761678,1.61,3.75,6.0,H,1.61,True,61.00000000000001
2008-02-23,2007,D,A,0.2214733,0.16866514,0.60986155,7.0,4.0,1.5,A,1.5,False,-100.0
2008-02-23,2007,A,H,0.69900894,0.1683281,0.13266298,2.7,3.25,2.62,H,2.7,False,-100.0
2008-02-24,2007,H,H,0.5032032,0.27593914,0.22085762,1.83,3.5,4.5,H,1.83,True,83.0
2008-02-24,2007,A,A,0.31009036,0.034415923,0.65549374,3.1,3.25,2.37,A,2.37,True,137.0
2008-02-25,2007,A,A,0.110878214,0.15038875,0.738733,2.4,3.25,3.0,A,3.0,True,200.0
2008-03-01,2007,A,H,0.8525779,0.12205681,0.025365306,1.83,3.5,4.5,H,1.83,False,-100.0
2008-03-01,2007,A,A,0.3160955,0.21419457,0.46970993,2.6,3.3,2.75,A,2.75,True,175.0
2008-03-01,2007,A,A,0.08734706,0.11903808,0.7936148,4.5,3.5,1.83,A,1.83,True,83.0
2008-03-01,2007,D,H,0.5580776,0.2332321,0.20869032,1.8,3.5,4.75,H,1.8,False,-100.0
2008-03-01,2007,D,H,0.6765439,0.30383787,0.019618208,1.57,3.8,6.5,H,1.57,False,-100.0
2008-03-01,2007,D,H,0.42829752,0.30010736,0.27159515,3.25,3.3,2.25,H,3.25,False,-100.0
2008-03-01,2007,H,D,0.05560276,0.7838438,0.16055344,3.75,3.5,2.0,D,3.5,False,-100.0
2008-03-01,2007,A,A,0.10800742,0.12778577,0.7642068,10.0,5.0,1.33,A,1.33,True,33.00000000000001
2008-03-02,2007,A,A,0.14968367,0.12289665,0.7274197,4.5,3.6,1.8,A,1.8,True,80.0
2008-03-02,2007,H,H,0.86018556,0.090433106,0.049381275,1.83,3.5,4.5,H,1.83,True,83.0
2008-03-05,2007,H,H,0.80213344,0.18644018,0.011426345,1.44,4.33,7.5,H,1.44,True,43.99999999999999
2008-03-08,2007,H,A,0.35599095,0.14996189,0.4940472,2.5,3.25,2.87,A,2.87,False,-100.0
2008-03-08,2007,D,H,0.8799091,0.050987262,0.06910361,1.53,4.0,6.5,H,1.53,False,-100.0
2008-03-08,2007,H,D,0.23404124,0.758127,0.007831785,1.36,4.5,10.0,D,4.5,False,-100.0
2008-03-09,2007,D,D,0.16539258,0.42187208,0.4127353,6.5,3.8,1.57,D,3.8,True,280.0
2008-03-09,2007,A,A,0.04276533,0.28289333,0.6743413,3.5,3.4,2.1,A,2.1,True,110.00000000000001
2008-03-09,2007,H,H,0.5927782,0.31926274,0.08795908,1.8,3.6,4.5,H,1.8,True,80.0
2008-03-12,2007,D,H,0.5159411,0.4131258,0.07093304,1.61,3.75,6.0,H,1.61,False,-100.0
2008-03-12,2007,H,H,0.9529482,0.010896163,0.03615559,1.1,9.0,26.0,H,1.1,True,10.000000000000009
2008-03-12,2007,H,H,0.4974154,0.44448543,0.058099132,1.83,3.5,4.5,H,1.83,True,83.0
2008-03-15,2007,D,H,0.9473627,0.04969569,0.0029416268,1.25,5.5,13.0,H,1.25,False,-100.0
2008-03-15,2007,A,A,0.34590375,0.013110956,0.6409853,17.0,7.0,1.16,A,1.16,True,15.999999999999993
2008-03-15,2007,H,H,0.55952555,0.4315641,0.008910352,1.25,5.5,13.0,H,1.25,True,25.0
2008-03-15,2007,H,D,0.2485203,0.6270595,0.12442017,2.37,3.25,3.1,D,3.25,False,-100.0
2008-03-15,2007,A,H,0.68343914,0.038664535,0.27789629,8.0,4.2,1.44,H,8.0,False,-100.0
2008-03-15,2007,H,A,0.43590662,0.056375116,0.50771827,2.5,3.3,2.87,A,2.87,False,-100.0
2008-03-16,2007,H,D,0.2651091,0.4771735,0.2577174,3.5,3.4,2.1,D,3.4,False,-100.0
2008-03-16,2007,H,H,0.43818122,0.23098888,0.33082992,2.25,3.3,3.25,H,2.25,True,125.0
2008-03-16,2007,H,H,0.50970495,0.2513515,0.23894355,2.6,3.3,2.7,H,2.6,True,160.0
2008-03-17,2007,D,H,0.5527984,0.095458165,0.3517435,2.2,3.25,3.4,H,2.2,False,-100.0
2008-03-19,2007,D,A,0.16208343,0.22110213,0.61681443,3.6,3.3,2.1,A,2.1,False,-100.0
2008-03-19,2007,H,H,0.9716247,0.019652685,0.008722603,1.16,7.0,17.0,H,1.16,True,15.999999999999993
2008-03-22,2007,A,H,0.5892729,0.17387348,0.23685363,1.57,3.8,6.5,H,1.57,False,-100.0
2008-03-22,2007,H,H,0.8157579,0.064622104,0.11962002,1.72,3.6,5.0,H,1.72,True,72.0
2008-03-22,2007,D,D,0.35062462,0.44584057,0.20353478,2.37,3.3,3.0,D,3.3,True,229.99999999999997
2008-03-22,2007,D,H,0.7913392,0.17435628,0.034304548,1.72,3.6,5.0,H,1.72,False,-100.0
2008-03-22,2007,H,H,0.8220789,0.15455721,0.023363886,1.44,4.2,8.0,H,1.44,True,43.99999999999999
2008-03-22,2007,H,D,0.19989784,0.53087646,0.2692257,1.8,3.5,4.75,D,3.5,False,-100.0
2008-03-22,2007,H,H,0.45940632,0.3840047,0.15658899,2.0,3.5,3.75,H,2.0,True,100.0
2008-03-22,2007,H,H,0.72033894,0.22872709,0.05093398,1.9,3.5,4.0,H,1.9,True,89.99999999999999
2008-03-23,2007,H,H,0.54704696,0.2290236,0.22392942,2.2,3.2,3.5,H,2.2,True,120.00000000000001
2008-03-23,2007,H,D,0.23601532,0.54819745,0.21578728,2.0,3.3,4.0,D,3.3,False,-100.0
2008-03-29,2007,H,A,0.31281054,0.05936197,0.62782747,2.4,3.3,3.0,A,3.0,False,-100.0
2008-03-29,2007,D,H,0.43343046,0.30063504,0.26593453,3.0,3.3,2.4,H,3.0,False,-100.0
2008-03-29,2007,A,A,0.28533396,0.18088359,0.5337825,5.0,3.6,1.72,A,1.72,True,72.0
2008-03-29,2007,H,H,0.7004263,0.28778186,0.011791839,1.3,5.0,12.0,H,1.3,True,30.000000000000004
2008-03-29,2007,D,H,0.6182184,0.2477358,0.13404578,2.4,3.3,3.0,H,2.4,False,-100.0
2008-03-29,2007,H,H,0.73429996,0.08603814,0.17966196,2.25,3.3,3.25,H,2.25,True,125.0
2008-03-29,2007,H,H,0.501658,0.35798755,0.14035441,1.8,3.6,4.5,H,1.8,True,80.0
2008-03-30,2007,H,H,0.9527918,0.04308397,0.0041242135,1.3,5.0,12.0,H,1.3,True,30.000000000000004
2008-03-30,2007,H,H,0.7989445,0.1958189,0.005236586,1.72,3.6,5.0,H,1.72,True,72.0
2008-03-30,2007,A,H,0.637347,0.33227772,0.030375283,1.66,3.6,5.5,H,1.66,False,-100.0
2008-04-05,2007,H,D,0.34357983,0.5047212,0.15169893,2.1,3.3,3.6,D,3.3,False,-100.0
2008-04-05,2007,H,H,0.75661963,0.22058193,0.022798412,1.8,3.6,4.5,H,1.8,True,80.0
2008-04-05,2007,A,A,0.055251114,0.1048399,0.839909,5.0,3.6,1.72,A,1.72,True,72.0
2008-04-05,2007,A,H,0.37440372,0.254431,0.37116525,2.3,3.3,3.2,H,2.3,False,-100.0
2008-04-05,2007,H,D,0.4256145,0.46301073,0.11137479,1.66,3.6,5.5,D,3.6,False,-100.0
2008-04-05,2007,D,H,0.49026456,0.120460376,0.389275,2.1,3.2,3.75,H,2.1,False,-100.0
2008-04-05,2007,D,A,0.20190744,0.1613986,0.63669395,2.4,3.4,2.87,A,2.87,False,-100.0
2008-04-06,2007,H,H,0.9744776,0.020228429,0.0052939956,1.25,5.5,13.0,H,1.25,True,25.0
2008-04-06,2007,D,A,0.09120358,0.020680519,0.8881159,8.5,4.5,1.4,A,1.4,False,-100.0
2008-04-08,2007,A,A,0.113530196,0.26499873,0.6214711,2.25,3.3,3.25,A,3.25,True,225.0
2008-04-12,2007,A,H,0.63598263,0.07058268,0.2934347,1.9,3.4,4.33,H,1.9,False,-100.0
2008-04-12,2007,A,D,0.29906663,0.57661545,0.124317914,2.2,3.3,3.4,D,3.3,False,-100.0
2008-04-12,2007,D,D,0.32033744,0.5684393,0.11122322,2.2,3.3,3.4,D,3.3,True,229.99999999999997
2008-04-12,2007,D,H,0.7246512,0.1654577,0.10989109,1.66,3.6,5.5,H,1.66,False,-100.0
2008-04-12,2007,H,D,0.3064286,0.63077617,0.06279523,2.1,3.4,3.5,D,3.4,False,-100.0
2008-04-12,2007,D,A,0.2424966,0.24915697,0.50834644,3.0,3.3,2.4,A,2.4,False,-100.0
2008-04-12,2007,A,A,0.023777414,0.3485614,0.62766117,6.0,4.0,1.57,A,1.57,True,57.00000000000001
2008-04-13,2007,H,H,0.8247023,0.11516121,0.060136497,1.5,4.0,7.0,H,1.5,True,50.0
2008-04-13,2007,H,H,0.82279426,0.17234774,0.0048580403,1.83,3.5,4.5,H,1.83,True,83.0
2008-04-14,2007,D,H,0.9149297,0.0699805,0.015089769,1.22,6.0,15.0,H,1.22,False,-100.0
2008-04-17,2007,A,D,0.29848558,0.6110142,0.09050025,3.8,3.4,2.0,D,3.4,False,-100.0
2008-04-19,2007,H,H,0.9577855,0.02987929,0.012335191,1.33,5.0,10.0,H,1.33,True,33.00000000000001
2008-04-19,2007,A,H,0.5831083,0.31049332,0.10639837,3.4,3.25,2.2,H,3.4,False,-100.0
2008-04-19,2007,D,A,0.05066056,0.061241157,0.8880983,6.0,4.0,1.57,A,1.57,False,-100.0
2008-04-19,2007,H,H,0.7960387,0.19030218,0.013659081,1.36,5.0,8.5,H,1.36,True,36.00000000000001
2008-04-19,2007,D,A,0.16219212,0.2233657,0.61444217,2.62,3.3,2.7,A,2.7,False,-100.0
2008-04-19,2007,A,D,0.18804955,0.6104953,0.20145515,2.1,3.3,3.6,D,3.3,False,-100.0
2008-04-20,2007,H,H,0.6754278,0.21011584,0.11445633,1.8,3.3,5.0,H,1.8,True,80.0
2008-04-20,2007,H,D,0.30046734,0.42097884,0.2785538,2.37,3.3,3.0,D,3.3,False,-100.0
2008-04-20,2007,H,D,0.42105737,0.44135717,0.13758543,1.83,3.5,4.5,D,3.5,False,-100.0
2008-04-26,2007,D,H,0.89972216,0.03608238,0.06419551,2.1,3.2,3.75,H,2.1,False,-100.0
2008-04-26,2007,D,D,0.38453177,0.5186655,0.09680275,2.5,3.3,2.87,D,3.3,True,229.99999999999997
2008-04-26,2007,H,H,0.53588146,0.10032228,0.36379626,2.3,3.1,3.4,H,2.3,True,129.99999999999997
2008-04-26,2007,D,H,0.4148626,0.3923306,0.1928068,1.9,3.5,4.0,H,1.9,False,-100.0
2008-04-26,2007,H,D,0.08552282,0.75183815,0.16263902,2.5,3.1,3.0,D,3.1,False,-100.0
2008-04-26,2007,D,D,0.3379878,0.4279056,0.23410662,2.75,3.25,2.6,D,3.25,True,225.0
2008-04-26,2007,A,H,0.52931404,0.3523621,0.118323855,1.83,3.5,4.5,H,1.83,False,-100.0
2008-04-27,2007,D,H,0.5924111,0.19723773,0.2103512,2.25,3.3,3.25,H,2.25,False,-100.0
2008-04-27,2007,A,D,0.1691645,0.81354445,0.017291028,2.1,3.3,3.6,D,3.3,False,-100.0
2008-04-28,2007,A,A,0.015888898,0.021716835,0.9623943,13.0,5.5,1.25,A,1.25,True,25.0
2008-05-03,2007,A,A,0.0058568814,0.016355852,0.97778726,2.2,3.4,3.25,A,3.25,True,225.0
2008-05-03,2007,H,A,0.18176462,0.29992405,0.5183113,2.0,3.5,3.75,A,3.75,False,-100.0
2008-05-03,2007,H,H,0.5822027,0.23216112,0.1856362,2.2,3.4,3.25,H,2.2,True,120.00000000000001
2008-05-03,2007,H,H,0.94406164,0.03516537,0.020772971,1.16,7.0,17.0,H,1.16,True,15.999999999999993
2008-05-03,2007,H,H,0.9294949,0.032517735,0.03798732,1.25,5.5,13.0,H,1.25,True,25.0
2008-05-03,2007,A,H,0.692468,0.07877794,0.22875404,1.53,3.8,7.0,H,1.53,False,-100.0
2008-05-03,2007,H,H,0.61264586,0.28456053,0.10279362,1.57,4.0,6.0,H,1.57,True,57.00000000000001
2008-05-04,2007,H,H,0.7230967,0.26847076,0.008432559,1.66,3.6,5.5,H,1.66,True,65.99999999999999
2008-05-04,2007,H,D,0.2583319,0.43805033,0.3036178,1.66,3.6,5.5,D,3.6,False,-100.0
2008-05-05,2007,A,H,0.39332506,0.21766794,0.38900703,6.0,4.2,1.53,H,6.0,False,-100.0
2008-05-11,2007,H,D,0.3078166,0.5699321,0.12225132,2.1,3.3,3.6,D,3.3,False,-100.0
2008-05-11,2007,H,A,0.36352333,0.15475951,0.4817172,2.0,3.6,3.6,A,3.6,False,-100.0
2008-05-11,2007,D,H,0.96035963,0.038886487,0.00075389014,1.14,8.0,17.0,H,1.14,False,-100.0
2008-05-11,2007,A,D,0.06834015,0.6047165,0.32694334,5.5,4.2,1.57,D,4.2,False,-100.0
2008-05-11,2007,H,H,0.6513267,0.1992598,0.14941345,1.8,3.5,4.75,H,1.8,True,80.0
2008-05-11,2007,A,A,0.12220411,0.079680294,0.79811555,4.33,3.75,1.8,A,1.8,True,80.0
2008-05-11,2007,A,H,0.49726075,0.42259786,0.08014133,3.3,3.6,2.1,H,3.3,False,-100.0
2008-05-11,2007,A,H,0.4692073,0.28938466,0.24140805,2.62,3.4,2.62,H,2.62,False,-100.0
2008-05-11,2007,D,D,0.19980353,0.5116965,0.28849995,3.2,3.5,2.2,D,3.5,True,250.0
2008-05-11,2007,A,A,0.054231547,0.12568317,0.8200853,12.0,6.5,1.22,A,1.22,True,21.999999999999996
2008-08-16,2008,H,H,0.93850213,0.060259793,0.0012380178,1.2,6.5,15.0,H,1.2,True,19.999999999999996
2008-08-16,2008,A,D,0.34349737,0.3638524,0.29265022,2.0,3.3,4.0,D,3.3,False,-100.0
2008-08-16,2008,H,A,0.24270524,0.29258797,0.46470678,3.2,3.4,2.25,A,2.25,False,-100.0
2008-08-16,2008,A,A,0.21835122,0.20448767,0.57716113,5.5,3.6,1.67,A,1.67,True,67.0
2008-08-16,2008,H,H,0.6479652,0.27449787,0.077536926,1.91,3.4,4.2,H,1.91,True,90.99999999999999
2008-08-17,2008,H,H,0.865652,0.12802093,0.0063270396,1.33,5.0,10.0,H,1.33,True,33.00000000000001
2008-08-17,2008,D,H,0.90025884,0.08733191,0.012409266,1.29,5.5,11.0,H,1.29,False,-100.0
2008-08-17,2008,H,D,0.3544322,0.40816474,0.23740314,1.91,3.4,4.33,D,3.4,False,-100.0
2008-08-23,2008,A,D,0.0984813,0.7959234,0.105595306,2.88,3.25,2.5,D,3.25,False,-100.0
2008-08-23,2008,A,H,0.8508978,0.11945862,0.02964361,1.5,4.0,7.0,H,1.5,False,-100.0
2008-08-23,2008,H,H,0.67918664,0.03271972,0.2880936,1.8,3.5,4.75,H,1.8,True,80.0
2008-08-23,2008,H,A,0.010162825,0.18487307,0.80496407,5.0,3.6,1.73,A,1.73,False,-100.0
2008-08-23,2008,H,D,0.026983298,0.90069014,0.07232656,6.5,3.75,1.57,D,3.75,False,-100.0
2008-08-23,2008,D,H,0.92126954,0.062029563,0.016700907,1.57,3.75,7.0,H,1.57,False,-100.0
2008-08-23,2008,H,H,0.83537495,0.15009977,0.014525287,1.36,4.5,10.0,H,1.36,True,36.00000000000001
2008-08-24,2008,H,H,0.4724994,0.22546543,0.30203518,2.3,3.25,3.2,H,2.3,True,129.99999999999997
2008-08-24,2008,A,H,0.42192194,0.22346951,0.35460857,8.5,4.5,1.4,H,8.5,False,-100.0
2008-08-25,2008,A,A,0.0283321,0.15596843,0.8156995,4.8,3.4,1.8,A,1.8,True,80.0
2008-08-30,2008,A,H,0.8111909,0.10448958,0.08431955,2.5,3.25,2.88,H,2.5,False,-100.0
2008-08-30,2008,H,H,0.7745008,0.1396442,0.08585504,1.57,3.6,7.0,H,1.57,True,57.00000000000001
2008-08-30,2008,H,H,0.68749434,0.082745984,0.22975966,2.5,3.25,2.88,H,2.5,True,150.0
2008-08-30,2008,A,A,0.3906909,0.1532887,0.45602044,2.1,3.3,3.75,A,3.75,True,275.0
2008-08-30,2008,D,H,0.51079607,0.39799407,0.091209844,1.83,3.5,4.5,H,1.83,False,-100.0
2008-08-30,2008,H,H,0.9406813,0.055951454,0.003367286,1.44,4.0,9.0,H,1.44,True,43.99999999999999
2008-08-31,2008,D,D,0.061426345,0.6764061,0.26216754,3.0,3.25,2.4,D,3.25,True,225.0
2008-08-31,2008,D,H,0.7115209,0.2827734,0.005705694,1.4,4.33,9.0,H,1.4,False,-100.0
2008-08-31,2008,A,H,0.7686814,0.12756434,0.10375423,2.2,3.3,3.4,H,2.2,False,-100.0
2008-09-13,2008,A,A,0.025749214,0.07358355,0.9006673,4.5,3.5,1.83,A,1.83,True,83.0
2008-09-13,2008,A,A,0.07558599,0.06451104,0.859903,4.33,3.3,1.91,A,1.91,True,90.99999999999999
2008-09-13,2008,H,A,0.29436615,0.2373288,0.46830505,2.25,3.3,3.3,A,3.3,False,-100.0
2008-09-13,2008,H,H,0.5389191,0.3133399,0.14774103,3.0,3.0,2.6,H,3.0,True,200.0
2008-09-13,2008,A,H,0.6741102,0.31925374,0.0066360743,1.62,3.75,5.75,H,1.62,False,-100.0
2008-09-13,2008,H,H,0.5264494,0.3431012,0.13044941,2.0,3.5,3.75,H,2.0,True,100.0
2008-09-13,2008,H,A,0.36455593,0.05174014,0.58370394,2.4,3.25,3.0,A,3.0,False,-100.0
2008-09-13,2008,D,H,0.56391716,0.42571002,0.010372815,2.05,3.3,4.0,H,2.05,False,-100.0
2008-09-14,2008,A,A,0.026861103,0.40031257,0.5728264,3.4,3.4,2.2,A,2.2,True,120.00000000000001
2008-09-15,2008,A,H,0.4243482,0.28359094,0.29206085,2.1,3.3,3.6,H,2.1,False,-100.0
2008-09-20,2008,H,A,0.37100825,0.12512617,0.5038656,2.38,3.1,3.2,A,3.2,False,-100.0
2008-09-20,2008,H,H,0.4371287,0.3619245,0.20094681,2.1,3.3,3.6,H,2.1,True,110.00000000000001
2008-09-20,2008,A,A,0.068607084,0.11974052,0.8116524,6.5,3.75,1.57,A,1.57,True,57.00000000000001
2008-09-20,2008,D,H,0.9827915,0.010820753,0.006387697,1.2,6.5,15.0,H,1.2,False,-100.0
2008-09-20,2008,H,H,0.7486486,0.19487785,0.056473594,2.1,3.3,3.6,H,2.1,True,110.00000000000001
2008-09-21,2008,H,A,0.07672897,0.041994996,0.881276,2.0,3.3,4.0,A,4.0,False,-100.0
2008-09-21,2008,D,A,0.097276375,0.265933,0.63679063,3.1,3.4,2.3,A,2.3,False,-100.0
2008-09-21,2008,A,D,0.07085794,0.5431067,0.3860354,3.25,3.3,2.25,D,3.3,False,-100.0
2008-09-21,2008,D,H,0.9499487,0.043799024,0.0062522055,1.73,3.6,5.0,H,1.73,False,-100.0
2008-09-21,2008,D,H,0.6441366,0.2688634,0.08699998,2.2,3.1,3.6,H,2.2,False,-100.0
2008-09-27,2008,H,H,0.85401493,0.10132397,0.044661082,1.57,3.75,6.5,H,1.57,True,57.00000000000001
2008-09-27,2008,A,H,0.4105275,0.32457304,0.26489946,2.3,3.25,3.2,H,2.3,False,-100.0
2008-09-27,2008,A,H,0.98544353,0.009517099,0.005039313,1.2,6.0,17.0,H,1.2,False,-100.0
2008-09-27,2008,A,A,0.020682454,0.15302648,0.8262911,3.75,3.25,2.1,A,2.1,True,110.00000000000001
2008-09-27,2008,A,A,0.17567618,0.27622965,0.5480942,9.0,4.75,1.36,A,1.36,True,36.00000000000001
2008-09-27,2008,H,H,0.84102845,0.14372468,0.015246858,1.22,6.0,15.0,H,1.22,True,21.999999999999996
2008-09-27,2008,A,H,0.57954943,0.34971544,0.07073508,1.8,3.4,5.0,H,1.8,False,-100.0
2008-09-27,2008,A,H,0.5979875,0.17077573,0.23123682,2.6,3.3,2.75,H,2.6,False,-100.0
2008-09-28,2008,H,H,0.85093945,0.08994964,0.05911087,2.5,3.25,3.0,H,2.5,True,150.0
2008-09-28,2008,H,D,0.32276455,0.543876,0.13335943,3.0,3.3,2.38,D,3.3,False,-100.0
2008-10-04,2008,A,A,0.103927135,0.21689337,0.6791795,6.0,3.75,1.62,A,1.62,True,62.000000000000014
2008-10-04,2008,D,D,0.009046843,0.66079676,0.33015642,6.0,3.75,1.62,D,3.75,True,275.0
2008-10-04,2008,H,A,0.10144801,0.09580145,0.8027506,2.25,3.25,3.25,A,3.25,False,-100.0
2008-10-04,2008,A,A,0.29001936,0.10318575,0.6067949,2.1,3.3,3.6,A,3.6,True,260.0
2008-10-05,2008,H,D,0.40436307,0.5849878,0.010649106,1.5,4.0,7.0,D,4.0,False,-100.0
2008-10-05,2008,A,H,0.8497697,0.10914558,0.041084673,1.73,3.75,4.75,H,1.73,False,-100.0
2008-10-05,2008,D,H,0.80607545,0.17565416,0.018270379,1.73,3.6,5.0,H,1.73,False,-100.0
2008-10-05,2008,A,D,0.33961222,0.6182023,0.042185474,1.83,3.4,4.75,D,3.4,False,-100.0
2008-10-05,2008,A,A,0.04231452,0.33914596,0.6185396,3.2,3.3,2.25,A,2.25,True,125.0
2008-10-05,2008,H,H,0.66532856,0.04913337,0.28553805,1.67,3.4,6.0,H,1.67,True,67.0
2008-10-18,2008,H,H,0.49266788,0.48222122,0.025110897,1.4,4.33,9.0,H,1.4,True,39.99999999999999
2008-10-18,2008,H,H,0.73758805,0.25481316,0.0075988113,1.2,6.5,15.0,H,1.2,True,19.999999999999996
2008-10-18,2008,D,H,0.7382469,0.20017804,0.061575085,2.25,3.25,3.3,H,2.25,False,-100.0
2008-10-18,2008,A,A,0.13801834,0.04374867,0.81823295,6.0,3.7,1.62,A,1.62,True,62.000000000000014
2008-10-18,2008,D,H,0.74581164,0.2366805,0.017507855,1.83,3.25,5.0,H,1.83,False,-100.0
2008-10-18,2008,H,H,0.98770845,0.010040718,0.0022507918,1.36,4.5,10.0,H,1.36,True,36.00000000000001
2008-10-18,2008,D,H,0.72059447,0.18516085,0.09424473,2.4,3.25,3.0,H,2.4,False,-100.0
2008-10-19,2008,H,A,0.36147115,0.26941997,0.36910895,2.62,3.25,2.75,A,2.75,False,-100.0
2008-10-19,2008,H,H,0.9179303,0.012977121,0.06909254,3.25,3.3,2.25,H,3.25,True,225.0
2008-10-20,2008,D,D,0.15638956,0.70248467,0.14112578,3.0,3.25,2.4,D,3.25,True,225.0
2008-10-25,2008,A,H,0.8134647,0.13438562,0.05214974,2.2,3.3,3.4,H,2.2,False,-100.0
2008-10-25,2008,H,H,0.7102803,0.2494722,0.040247515,2.2,3.3,3.4,H,2.2,True,120.00000000000001
2008-10-25,2008,D,A,0.27188936,0.23514926,0.4929614,2.1,3.25,3.75,A,3.75,False,-100.0
2008-10-25,2008,D,A,0.037813514,0.067453,0.8947335,7.5,4.0,1.5,A,1.5,False,-100.0
2008-10-26,2008,A,D,0.3529971,0.39452097,0.25248194,2.6,3.3,2.75,D,3.3,False,-100.0
2008-10-26,2008,A,A,0.026875429,0.07088656,0.90223795,6.0,3.75,1.62,A,1.62,True,62.000000000000014
2008-10-26,2008,H,D,0.058670525,0.93652135,0.0048080985,2.05,3.3,4.0,D,3.3,False,-100.0
2008-10-26,2008,A,H,0.80972177,0.18028778,0.009990493,1.91,3.25,4.5,H,1.91,False,-100.0
2008-10-26,2008,H,H,0.9067332,0.076102294,0.017164495,1.44,4.33,7.5,H,1.44,True,43.99999999999999
2008-10-26,2008,D,D,0.3270212,0.56672984,0.10624892,1.83,3.5,4.5,D,3.5,True,250.0
2008-10-28,2008,H,A,0.4151645,0.07603437,0.5088011,1.83,3.5,4.5,A,4.5,False,-100.0
2008-10-29,2008,H,H,0.9622669,0.028028203,0.009704935,1.67,3.75,5.5,H,1.67,True,67.0
2008-10-29,2008,H,H,0.36755133,0.3449838,0.28746495,2.38,3.3,3.0,H,2.38,True,138.0
2008-10-29,2008,D,H,0.9944154,0.0026937572,0.0028907857,1.44,4.5,7.5,H,1.44,False,-100.0
2008-10-29,2008,A,A,0.35512388,0.27734768,0.3675284,2.6,3.3,2.75,A,2.75,True,175.0
2008-10-29,2008,H,H,0.4468778,0.37885773,0.17426448,2.88,3.3,2.5,H,2.88,True,188.0
2008-10-29,2008,A,A,0.03644929,0.051383678,0.912167,8.0,4.33,1.44,A,1.44,True,43.99999999999999
2008-10-29,2008,H,H,0.995008,0.0031871682,0.0018048006,1.2,6.0,19.0,H,1.2,True,19.999999999999996
2008-10-29,2008,H,D,0.20968656,0.5011851,0.28912836,2.6,3.3,2.75,D,3.3,False,-100.0
2008-10-29,2008,H,H,0.5265524,0.18256648,0.2908811,1.33,5.0,10.0,H,1.33,True,33.00000000000001
2008-11-01,2008,H,H,0.90235275,0.07233461,0.02531261,1.17,6.5,21.0,H,1.17,True,16.999999999999993
2008-11-01,2008,H,H,0.8888761,0.044548806,0.06657507,1.67,3.75,5.5,H,1.67,True,67.0
2008-11-01,2008,H,H,0.99708956,0.00079514727,0.002115293,1.17,7.0,17.0,H,1.17,True,16.999999999999993
2008-11-01,2008,D,A,0.29985917,0.25400895,0.44613194,2.0,3.3,4.0,A,4.0,False,-100.0
2008-11-01,2008,A,A,0.12083622,0.076492764,0.802671,1.91,3.4,4.2,A,4.2,True,320.0
2008-11-01,2008,H,A,0.005738423,0.36004865,0.6342129,8.0,4.5,1.4,A,1.4,False,-100.0
2008-11-01,2008,H,H,0.5744609,0.3586235,0.066915564,3.5,3.3,2.1,H,3.5,True,250.0
2008-11-01,2008,D,H,0.8404522,0.056900103,0.10264773,2.5,3.3,2.88,H,2.5,False,-100.0
2008-11-02,2008,H,D,0.13837974,0.606831,0.25478926,3.0,3.3,2.38,D,3.3,False,-100.0
2008-11-03,2008,H,A,0.21739529,0.30750498,0.47509968,3.0,3.3,2.38,A,2.38,False,-100.0
2008-11-08,2008,H,H,0.81469893,0.16684884,0.018452186,1.2,6.0,19.0,H,1.2,True,19.999999999999996
2008-11-08,2008,H,D,0.10976737,0.70842016,0.18181247,3.25,3.25,2.3,D,3.25,False,-100.0
2008-11-08,2008,A,H,0.5898588,0.35393775,0.056203503,2.25,3.25,3.4,H,2.25,False,-100.0
2008-11-08,2008,A,H,0.7849372,0.13448796,0.08057484,2.38,3.3,3.0,H,2.38,False,-100.0
2008-11-08,2008,D,H,0.8951879,0.044402625,0.06040948,1.8,3.4,5.0,H,1.8,False,-100.0
2008-11-08,2008,A,H,0.69437253,0.17674235,0.12888514,2.6,3.25,2.8,H,2.6,False,-100.0
2008-11-09,2008,A,H,0.9458451,0.045973107,0.008181791,1.7,3.8,5.0,H,1.7,False,-100.0
2008-11-09,2008,A,H,0.49717864,0.10919287,0.39362848,8.0,4.33,1.44,H,8.0,False,-100.0
2008-11-09,2008,H,H,0.69302,0.06063944,0.24634059,2.38,3.25,3.1,H,2.38,True,138.0
2008-11-09,2008,A,H,0.45899147,0.34541252,0.19559601,2.25,3.3,3.3,H,2.25,False,-100.0
2008-11-15,2008,D,H,0.7597057,0.16202877,0.078265496,2.5,3.25,2.88,H,2.5,False,-100.0
2008-11-15,2008,H,D,0.07584671,0.7131762,0.21097709,3.3,3.3,2.25,D,3.3,False,-100.0
2008-11-15,2008,A,H,0.8684825,0.114448294,0.017069193,1.5,4.0,7.0,H,1.5,False,-100.0
2008-11-15,2008,A,H,0.6664324,0.07049987,0.26306775,2.0,3.4,3.8,H,2.0,False,-100.0
2008-11-15,2008,D,H,0.57008284,0.2697919,0.16012529,2.1,3.3,3.6,H,2.1,False,-100.0
2008-11-15,2008,H,H,0.97502047,0.022210142,0.002769424,1.14,7.5,23.0,H,1.14,True,13.99999999999999
2008-11-15,2008,A,A,0.042266816,0.013575572,0.9441576,12.0,5.0,1.3,A,1.3,True,30.000000000000004
2008-11-15,2008,A,A,0.27040705,0.30222985,0.42736307,6.0,3.75,1.62,A,1.62,True,62.000000000000014
2008-11-16,2008,D,D,0.17786713,0.52604324,0.29608965,2.88,3.25,2.5,D,3.25,True,225.0
2008-11-16,2008,D,H,0.77923584,0.12302026,0.09774392,1.83,3.5,4.5,H,1.83,False,-100.0
2008-11-22,2008,D,A,0.11904741,0.40137768,0.4795749,5.0,3.6,1.73,A,1.73,False,-100.0
2008-11-22,2008,A,D,0.41663638,0.51647156,0.066892065,1.91,3.4,4.33,D,3.4,False,-100.0
2008-11-22,2008,H,A,0.042478845,0.3488618,0.6086594,3.25,3.4,2.2,A,2.2,False,-100.0
2008-11-22,2008,D,H,0.98538035,0.011193985,0.0034256533,1.2,6.0,19.0,H,1.2,False,-100.0
2008-11-22,2008,D,D,0.12479259,0.6216299,0.25357756,1.8,3.6,4.5,D,3.6,True,260.0
2008-11-22,2008,H,H,0.5884078,0.22230116,0.189291,2.2,3.3,3.4,H,2.2,True,120.00000000000001
2008-11-22,2008,D,H,0.6541166,0.331037,0.014846392,1.25,5.5,15.0,H,1.25,False,-100.0
2008-11-23,2008,A,H,0.7181083,0.12150703,0.1603847,2.1,3.4,3.5,H,2.1,False,-100.0
2008-11-23,2008,H,H,0.8061196,0.17001949,0.023860913,1.73,3.75,4.75,H,1.73,True,73.0
2008-11-24,2008,H,A,0.27567935,0.24707589,0.4772448,2.5,3.3,2.88,A,2.88,False,-100.0
2008-11-29,2008,A,A,0.35963693,0.18661717,0.45374593,2.25,3.3,3.3,A,3.3,True,229.99999999999997
2008-11-29,2008,D,A,0.23702991,0.19074208,0.572228,2.4,3.4,2.88,A,2.88,False,-100.0
2008-11-29,2008,H,D,0.20670877,0.4760183,0.31727296,1.73,3.6,5.0,D,3.6,False,-100.0
2008-11-29,2008,D,H,0.5174611,0.42910865,0.053430244,1.57,3.8,6.5,H,1.57,False,-100.0
2008-11-29,2008,D,D,0.29576337,0.38275817,0.3214785,2.2,3.3,3.4,D,3.3,True,229.99999999999997
2008-11-30,2008,A,H,0.45455137,0.36528862,0.18015999,1.91,3.5,4.0,H,1.91,False,-100.0
2008-11-30,2008,A,H,0.91496503,0.06850984,0.01652511,1.8,3.4,5.0,H,1.8,False,-100.0
2008-11-30,2008,A,A,0.011782654,0.085575916,0.9026414,4.33,3.6,1.83,A,1.83,True,83.0
2008-11-30,2008,H,D,0.30030125,0.5510375,0.14866129,2.1,3.3,3.6,D,3.3,False,-100.0
2008-12-01,2008,D,H,0.84953403,0.13066798,0.01979796,1.3,5.0,12.0,H,1.3,False,-100.0
2008-12-06,2008,H,H,0.8703469,0.1245346,0.005118501,1.14,7.5,23.0,H,1.14,True,13.99999999999999
2008-12-06,2008,D,H,0.6206194,0.25148433,0.12789625,1.8,3.5,4.75,H,1.8,False,-100.0
2008-12-06,2008,H,H,0.7001808,0.25619352,0.04362568,2.38,3.25,3.1,H,2.38,True,138.0
2008-12-06,2008,A,A,0.071116544,0.12977053,0.7991129,7.0,3.8,1.53,A,1.53,True,53.0
2008-12-06,2008,D,A,0.053896092,0.082060374,0.86404353,2.6,3.2,2.8,A,2.8,False,-100.0
2008-12-06,2008,A,H,0.43793088,0.262455,0.29961416,5.5,3.5,1.73,H,5.5,False,-100.0
2008-12-06,2008,H,H,0.86802685,0.030823668,0.10114954,1.33,4.75,11.0,H,1.33,True,33.00000000000001
2008-12-07,2008,A,H,0.4516759,0.28266007,0.26566398,2.62,3.25,2.75,H,2.62,False,-100.0
2008-12-07,2008,D,H,0.7080835,0.20141546,0.09050104,2.62,3.25,2.75,H,2.62,False,-100.0
2008-12-08,2008,A,A,0.21114716,0.2892399,0.49961287,2.75,3.25,2.62,A,2.62,True,162.0
2008-12-13,2008,H,H,0.6075789,0.3483559,0.044065233,2.1,3.3,3.6,H,2.1,True,110.00000000000001
2008-12-13,2008,D,A,0.14162205,0.16837178,0.6900062,4.5,3.5,1.83,A,1.83,False,-100.0
2008-12-13,2008,H,D,0.3929684,0.47994477,0.12708686,2.0,3.4,3.8,D,3.4,False,-100.0
2008-12-13,2008,D,A,0.27828795,0.013199897,0.7085122,2.5,3.25,2.88,A,2.88,False,-100.0
2008-12-13,2008,A,H,0.8288077,0.12391576,0.047276568,2.0,3.4,3.8,H,2.0,False,-100.0
2008-12-13,2008,D,H,0.6728323,0.30685624,0.020311425,1.33,5.0,10.0,H,1.33,False,-100.0
2008-12-13,2008,H,H,0.5676037,0.31179667,0.1205997,1.67,3.6,5.5,H,1.67,True,67.0
2008-12-13,2008,D,A,0.022764573,0.17082252,0.80641294,4.5,3.6,1.8,A,1.8,False,-100.0
2008-12-14,2008,D,H,0.87137187,0.12347309,0.0051550935,1.25,5.5,15.0,H,1.25,False,-100.0
2008-12-14,2008,A,H,0.64062446,0.3340265,0.025349053,2.05,3.2,3.4,H,2.05,False,-100.0
2008-12-20,2008,A,A,0.13979816,0.15622719,0.70397466,3.0,3.4,2.37,A,2.37,True,137.0
2008-12-20,2008,H,H,0.5192536,0.32504988,0.15569653,2.2,3.25,3.5,H,2.2,True,120.00000000000001
2008-12-20,2008,A,H,0.6250944,0.11308001,0.2618256,2.1,3.25,3.75,H,2.1,False,-100.0
2008-12-20,2008,H,H,0.79000163,0.011647224,0.1983511,1.83,3.5,4.5,H,1.83,True,83.0
2008-12-20,2008,H,H,0.5940186,0.23951717,0.16646422,2.2,3.25,3.4,H,2.2,True,120.00000000000001
2008-12-21,2008,H,D,0.34891468,0.5363171,0.114768185,3.25,3.3,2.25,D,3.3,False,-100.0
2008-12-21,2008,D,A,0.26620615,0.14717226,0.5866216,2.4,3.25,3.0,A,3.0,False,-100.0
2008-12-21,2008,H,A,0.24058479,0.33909595,0.42031926,2.37,3.4,3.0,A,3.0,False,-100.0
2008-12-22,2008,D,D,0.40293387,0.4762762,0.12078992,5.0,3.6,1.73,D,3.6,True,260.0
2008-12-26,2008,A,H,0.5389554,0.111399375,0.3496452,2.2,3.25,3.4,H,2.2,False,-100.0
2008-12-26,2008,D,H,0.65386367,0.17458674,0.17154959,2.5,3.3,2.87,H,2.5,False,-100.0
2008-12-26,2008,H,H,0.6270531,0.3519202,0.021026704,1.14,7.5,21.0,H,1.14,True,13.99999999999999
2008-12-26,2008,H,H,0.93836,0.039448176,0.022191837,1.33,4.5,12.0,H,1.33,True,33.00000000000001
2008-12-26,2008,H,H,0.8112284,0.12434709,0.06442452,1.8,3.6,4.5,H,1.8,True,80.0
2008-12-26,2008,A,D,0.16850519,0.5822129,0.24928182,12.0,5.0,1.3,D,5.0,False,-100.0
2008-12-26,2008,A,H,0.61733824,0.11500124,0.26766056,2.5,3.3,2.87,H,2.5,False,-100.0
2008-12-26,2008,D,H,0.51152474,0.41420388,0.07427136,2.25,3.25,3.3,H,2.25,False,-100.0
2008-12-26,2008,D,D,0.335277,0.6056963,0.059026696,1.72,3.6,5.0,D,3.6,True,260.0
2008-12-26,2008,H,H,0.6793169,0.21820313,0.10248006,2.25,3.3,3.25,H,2.25,True,125.0
2008-12-28,2008,H,H,0.8699706,0.09347607,0.03655329,1.4,4.5,10.0,H,1.4,True,39.99999999999999
2008-12-28,2008,D,H,0.4624247,0.30119404,0.2363812,2.62,3.3,2.87,H,2.62,False,-100.0
2008-12-28,2008,A,H,0.3779426,0.24940015,0.3726572,2.3,3.25,3.4,H,2.3,False,-100.0
2008-12-28,2008,D,D,0.015347779,0.73235786,0.25229433,6.5,3.75,1.61,D,3.75,True,275.0
2008-12-28,2008,A,D,0.028752984,0.67481977,0.29642725,5.0,3.6,1.8,D,3.6,False,-100.0
2008-12-28,2008,H,H,0.87054676,0.07158065,0.05787257,1.8,3.6,5.0,H,1.8,True,80.0
2008-12-28,2008,H,A,0.11358793,0.38590595,0.50050616,3.5,3.4,2.2,A,2.2,False,-100.0
2008-12-28,2008,H,H,0.83051234,0.15556307,0.013924561,1.72,3.6,5.5,H,1.72,True,72.0
2008-12-29,2008,H,H,0.9969619,0.0026935341,0.00034455705,1.2,6.5,19.0,H,1.2,True,19.999999999999996
2008-12-30,2008,A,A,0.06690295,0.08201351,0.8510836,4.33,3.6,1.91,A,1.91,True,90.99999999999999
2009-01-10,2008,H,H,0.79391867,0.06436324,0.14171807,1.62,3.75,6.0,H,1.62,True,62.000000000000014
2009-01-10,2008,H,H,0.724039,0.18015027,0.09581074,1.36,4.33,11.0,H,1.36,True,36.00000000000001
2009-01-10,2008,H,H,0.8853045,0.07874905,0.035946477,1.4,4.33,9.0,H,1.4,True,39.99999999999999
2009-01-10,2008,D,A,0.26797128,0.17752339,0.5545053,2.2,3.3,3.4,A,3.4,False,-100.0
2009-01-10,2008,D,A,0.07712049,0.075949326,0.8469302,10.0,4.5,1.36,A,1.36,False,-100.0
2009-01-10,2008,D,A,0.25140017,0.13463666,0.6139631,2.25,3.2,3.4,A,3.4,False,-100.0
2009-01-11,2008,H,H,0.42316064,0.35352054,0.22331885,2.2,3.2,3.5,H,2.2,True,120.00000000000001
2009-01-11,2008,H,A,0.45497853,0.080022134,0.46499932,2.5,3.25,2.88,A,2.88,False,-100.0
2009-01-14,2008,H,H,0.9912868,0.006908378,0.0018047577,1.2,6.0,15.0,H,1.2,True,19.999999999999996
2009-01-17,2008,A,D,0.08923909,0.56716347,0.34359744,8.0,3.8,1.5,D,3.8,False,-100.0
2009-01-17,2008,H,H,0.9374412,0.06047893,0.002079926,1.2,6.5,15.0,H,1.2,True,19.999999999999996
2009-01-17,2008,H,H,0.4911145,0.19504088,0.31384465,2.0,3.4,3.8,H,2.0,True,100.0
2009-01-17,2008,H,D,0.38269445,0.55226654,0.065038994,2.0,3.4,3.75,D,3.4,False,-100.0
2009-01-17,2008,H,H,0.7641144,0.08643788,0.14944775,2.38,3.3,3.0,H,2.38,True,138.0
2009-01-17,2008,A,D,0.09407268,0.6609542,0.2449731,3.25,3.25,2.25,D,3.25,False,-100.0
2009-01-17,2008,A,A,0.10903422,0.13269193,0.7582738,5.5,4.0,1.62,A,1.62,True,62.000000000000014
2009-01-18,2008,D,H,0.8531254,0.10918941,0.037685223,1.73,3.6,5.0,H,1.73,False,-100.0
2009-01-18,2008,H,A,0.113739766,0.29797354,0.5882867,2.1,3.3,3.6,A,3.6,False,-100.0
2009-01-19,2008,D,D,0.26326883,0.7286082,0.008123,1.62,3.75,6.0,D,3.75,True,275.0
2009-01-27,2008,A,D,0.3232422,0.65647334,0.02028451,3.25,3.4,2.3,D,3.4,False,-100.0
2009-01-27,2008,H,H,0.6859707,0.15650499,0.15752427,2.25,3.3,3.5,H,2.25,True,125.0
2009-01-27,2008,H,H,0.6058722,0.29628327,0.09784455,1.61,3.8,6.5,H,1.61,True,61.00000000000001
2009-01-27,2008,A,A,0.010328664,0.45064905,0.5390223,10.0,5.0,1.36,A,1.36,True,36.00000000000001
2009-01-28,2008,H,H,0.9429629,0.04595809,0.011079064,1.25,6.0,15.0,H,1.25,True,25.0
2009-01-28,2008,D,A,0.27430508,0.35358435,0.37211058,2.0,3.25,4.5,A,4.5,False,-100.0
2009-01-28,2008,D,A,0.24323224,0.34454328,0.41222447,5.0,3.5,1.83,A,1.83,False,-100.0
2009-01-28,2008,D,D,0.17541629,0.6755994,0.14898434,3.0,3.3,2.5,D,3.3,True,229.99999999999997
2009-01-28,2008,H,H,0.6217104,0.30325952,0.07503007,1.75,3.75,5.0,H,1.75,True,75.0
2009-01-28,2008,H,H,0.964468,0.03189683,0.0036351131,1.83,3.6,4.75,H,1.83,True,83.0
2009-01-31,2008,D,H,0.9447525,0.05015544,0.005092034,1.5,4.2,7.0,H,1.5,False,-100.0
2009-01-31,2008,D,D,0.20969304,0.7346526,0.055654332,1.61,3.7,6.0,D,3.7,True,270.0
2009-01-31,2008,H,D,0.3145856,0.5031552,0.18225922,2.0,3.3,4.0,D,3.3,False,-100.0
2009-01-31,2008,H,H,0.6963075,0.21961969,0.08407282,2.75,3.3,2.62,H,2.75,True,175.0
2009-01-31,2008,D,A,0.18438901,0.10905571,0.7065553,2.5,3.3,2.87,A,2.87,False,-100.0
2009-01-31,2008,D,A,0.31090268,0.13666154,0.55243576,2.2,3.2,3.5,A,3.5,False,-100.0
2009-01-31,2008,H,H,0.82996935,0.16309585,0.0069347983,1.36,4.5,10.0,H,1.36,True,36.00000000000001
2009-01-31,2008,H,H,0.8138242,0.09867072,0.0875051,3.25,3.3,2.25,H,3.25,True,225.0
2009-02-01,2008,H,A,0.21493909,0.21273811,0.57232285,2.5,3.1,3.1,A,3.1,False,-100.0
2009-02-01,2008,D,A,0.3934819,0.17621352,0.4303046,2.6,3.2,2.8,A,2.8,False,-100.0
2009-02-07,2008,H,H,0.518723,0.4639741,0.017302923,1.83,3.5,4.5,H,1.83,True,83.0
2009-02-07,2008,A,H,0.4775991,0.41602543,0.10637547,2.87,3.3,2.5,H,2.87,False,-100.0
2009-02-07,2008,D,H,0.8977261,0.100497514,0.0017763851,1.2,6.0,19.0,H,1.2,False,-100.0
2009-02-07,2008,H,H,0.62031686,0.33404604,0.04563716,1.72,3.4,5.5,H,1.72,True,72.0
2009-02-07,2008,H,H,0.86948663,0.100768425,0.029744921,1.61,3.75,6.0,H,1.61,True,61.00000000000001
2009-02-07,2008,A,H,0.46646184,0.07649827,0.4570399,5.0,3.3,1.8,H,5.0,False,-100.0
2009-02-07,2008,A,D,0.26753458,0.5046164,0.22784902,2.25,3.3,3.25,D,3.3,False,-100.0
2009-02-07,2008,D,H,0.7935441,0.13877553,0.06768038,2.0,3.4,3.8,H,2.0,False,-100.0
2009-02-08,2008,A,A,0.02061706,0.12183421,0.8575488,6.5,3.75,1.57,A,1.57,True,57.00000000000001
2009-02-08,2008,D,D,0.005662978,0.9043513,0.089985766,3.0,3.3,2.4,D,3.3,True,229.99999999999997
2009-02-14,2008,H,H,0.48912072,0.3886688,0.122210525,2.87,3.25,2.5,H,2.87,True,187.0
2009-02-18,2008,H,H,0.9912424,0.007614084,0.0011435376,1.25,5.5,13.0,H,1.25,True,25.0
2009-02-21,2008,D,D,0.11045215,0.73082715,0.15872069,2.4,3.25,3.0,D,3.25,True,225.0
2009-02-21,2008,D,D,0.03615903,0.5945798,0.36926118,2.5,3.25,2.87,D,3.25,True,225.0
2009-02-21,2008,H,H,0.9820664,0.01273212,0.005201444,1.25,5.5,13.0,H,1.25,True,25.0
2009-02-21,2008,A,H,0.7216152,0.1320644,0.1463204,3.3,3.3,2.25,H,3.3,False,-100.0
2009-02-21,2008,D,H,0.8754976,0.092983074,0.031519324,1.4,4.33,9.0,H,1.4,False,-100.0
2009-02-21,2008,H,H,0.65262544,0.034066442,0.31330806,2.3,3.3,3.1,H,2.3,True,129.99999999999997
2009-02-22,2008,H,H,0.8541072,0.088586986,0.057305787,1.8,3.5,4.75,H,1.8,True,80.0
2009-02-22,2008,D,H,0.890552,0.07236019,0.037087847,1.57,3.75,7.0,H,1.57,False,-100.0
2009-02-22,2008,D,A,0.23873347,0.31981954,0.44144696,2.87,3.25,2.5,A,2.5,False,-100.0
2009-02-23,2008,A,H,0.5331848,0.14663152,0.32018366,3.0,3.3,2.37,H,3.0,False,-100.0
2009-02-28,2008,H,H,0.6516543,0.06678595,0.2815597,5.5,3.5,1.72,H,5.5,True,450.0
2009-02-28,2008,H,H,0.77583355,0.05060028,0.17356618,1.5,4.0,7.5,H,1.5,True,50.0
2009-02-28,2008,D,H,0.7497235,0.23494524,0.015331307,1.4,4.33,9.0,H,1.4,False,-100.0
2009-02-28,2008,H,H,0.9076314,0.017842475,0.074526146,1.28,5.0,13.0,H,1.28,True,28.000000000000004
2009-03-01,2008,H,H,0.8726368,0.06449524,0.06286791,2.5,3.25,2.87,H,2.5,True,150.0
2009-03-01,2008,D,H,0.95575565,0.036587417,0.0076569538,1.4,4.0,10.0,H,1.4,False,-100.0
2009-03-01,2008,H,H,0.56711084,0.11487566,0.31801346,2.0,3.3,4.0,H,2.0,True,100.0
2009-03-01,2008,A,A,0.2671351,0.11138278,0.62148213,2.87,3.25,2.5,A,2.5,True,150.0
2009-03-03,2008,A,A,0.031978335,0.036143437,0.93187815,6.5,3.75,1.57,A,1.57,True,57.00000000000001
2009-03-03,2008,A,A,0.13009116,0.19946064,0.6704482,6.5,3.75,1.57,A,1.57,True,57.00000000000001
2009-03-03,2008,H,H,0.57131016,0.3386382,0.09005164,1.4,4.33,9.5,H,1.4,True,39.99999999999999
2009-03-04,2008,D,H,0.42513838,0.21500467,0.3598569,2.5,3.25,2.9,H,2.5,False,-100.0
2009-03-04,2008,A,H,0.7109494,0.2482889,0.040761672,1.66,3.6,5.75,H,1.66,False,-100.0
2009-03-04,2008,H,H,0.82477665,0.13520913,0.040014192,2.5,3.3,2.87,H,2.5,True,150.0
2009-03-04,2008,H,H,0.93377835,0.023199322,0.043022335,1.83,3.5,4.5,H,1.83,True,83.0
2009-03-04,2008,H,A,0.0197048,0.16099739,0.8192978,2.5,3.25,2.9,A,2.9,False,-100.0
2009-03-04,2008,A,A,0.082880154,0.14058965,0.7765302,2.2,3.3,3.4,A,3.4,True,240.0
2009-03-04,2008,A,D,0.08544578,0.5753593,0.33919492,7.5,4.0,1.5,D,4.0,False,-100.0
2009-03-07,2008,D,D,0.09878272,0.70378286,0.19743446,2.87,3.3,2.5,D,3.3,True,229.99999999999997
2009-03-11,2008,A,A,0.3283454,0.14473683,0.52691776,2.25,3.2,3.4,A,3.4,True,240.0
2009-03-14,2008,A,H,0.5233471,0.20749436,0.26915857,2.2,3.2,3.5,H,2.2,False,-100.0
2009-03-14,2008,D,D,0.405236,0.49481714,0.09994687,2.2,3.2,3.5,D,3.2,True,220.00000000000003
2009-03-14,2008,A,H,0.5878166,0.3961781,0.016005382,1.91,3.3,4.5,H,1.91,False,-100.0
2009-03-14,2008,D,D,0.3156789,0.34640962,0.33791152,2.62,3.25,2.75,D,3.25,True,225.0
2009-03-14,2008,A,H,0.43484446,0.3885284,0.17662717,2.1,3.25,3.75,H,2.1,False,-100.0
2009-03-14,2008,H,H,0.48981562,0.40979004,0.100394286,1.44,4.33,8.0,H,1.44,True,43.99999999999999
2009-03-14,2008,H,H,0.8455116,0.082739145,0.071749285,1.5,4.0,7.5,H,1.5,True,50.0
2009-03-15,2008,H,H,0.7423019,0.24655537,0.011142766,1.4,4.5,9.0,H,1.4,True,39.99999999999999
2009-03-15,2008,A,D,0.35656333,0.48543853,0.15799816,2.0,3.3,4.0,D,3.3,False,-100.0
2009-03-16,2008,D,H,0.8939456,0.06743172,0.0386227,1.67,3.6,5.75,H,1.67,False,-100.0
2009-03-21,2008,D,H,0.40800038,0.25619513,0.33580446,1.9,3.4,4.33,H,1.9,False,-100.0
2009-03-21,2008,H,H,0.8224832,0.022317296,0.1551995,8.0,4.2,1.44,H,8.0,True,700.0
2009-03-21,2008,A,D,0.18903014,0.62064433,0.19032547,5.0,3.6,1.72,D,3.6,False,-100.0
2009-03-21,2008,D,H,0.4943537,0.38134018,0.12430614,2.4,3.3,3.0,H,2.4,False,-100.0
2009-03-21,2008,H,A,0.26976046,0.10073366,0.6295059,2.25,3.3,3.3,A,3.3,False,-100.0
2009-03-21,2008,H,A,0.026401473,0.01710768,0.9564908,4.5,3.5,1.83,A,1.83,False,-100.0
2009-03-21,2008,H,D,0.17412844,0.5776628,0.2482087,2.75,3.2,2.62,D,3.2,False,-100.0
2009-03-22,2008,H,H,0.5288836,0.40464708,0.06646934,1.44,4.2,8.0,H,1.44,True,43.99999999999999
2009-03-22,2008,H,H,0.886543,0.090257645,0.023199333,1.66,3.6,5.5,H,1.66,True,65.99999999999999
2009-03-22,2008,H,H,0.89234746,0.06825068,0.039401814,1.72,3.6,5.0,H,1.72,True,72.0
2009-04-04,2008,A,A,0.24834885,0.1016746,0.64997655,6.0,3.75,1.61,A,1.61,True,61.00000000000001
2009-04-04,2008,A,A,0.42935255,0.1300095,0.440638,2.2,3.25,3.4,A,3.4,True,240.0
2009-04-04,2008,A,A,0.26838675,0.2517723,0.47984093,5.0,3.6,1.72,A,1.72,True,72.0
2009-04-04,2008,D,H,0.73188996,0.16949098,0.09861908,2.62,3.25,2.75,H,2.62,False,-100.0
2009-04-04,2008,H,A,0.30068037,0.24255209,0.45676753,2.1,3.2,3.75,A,3.75,False,-100.0
2009-04-04,2008,H,D,0.2566517,0.40584847,0.33749983,2.1,3.3,3.6,D,3.3,False,-100.0
2009-04-04,2008,H,D,0.2681261,0.4926391,0.23923482,2.62,3.25,2.75,D,3.25,False,-100.0
2009-04-04,2008,H,H,0.82008976,0.17691845,0.0029917466,1.53,3.75,7.5,H,1.53,True,53.0
2009-04-05,2008,H,H,0.64681387,0.3483312,0.004854938,1.4,4.33,9.0,H,1.4,True,39.99999999999999
2009-04-05,2008,H,H,0.6831398,0.21194054,0.10491968,1.72,3.4,5.5,H,1.72,True,72.0
2009-04-11,2008,A,D,0.17074591,0.46354607,0.36570802,5.25,3.5,1.73,D,3.5,False,-100.0
2009-04-11,2008,H,H,0.79451185,0.17749496,0.027993139,1.73,3.5,5.5,H,1.73,True,73.0
2009-04-11,2008,A,A,0.0056581395,0.08229621,0.9120456,7.5,4.0,1.5,A,1.5,True,50.0
2009-04-11,2008,D,D,0.34982646,0.46373135,0.1864422,2.5,3.25,2.88,D,3.25,True,225.0
2009-04-11,2008,H,H,0.89577436,0.054409586,0.049816035,2.1,3.3,3.75,H,2.1,True,110.00000000000001
2009-04-11,2008,H,H,0.74925387,0.24372303,0.007023093,1.33,4.75,11.0,H,1.33,True,33.00000000000001
2009-04-11,2008,H,H,0.96395266,0.028627591,0.00741978,1.25,5.5,15.0,H,1.25,True,25.0
2009-04-11,2008,D,H,0.9244409,0.030059922,0.04549919,1.73,3.5,5.5,H,1.73,False,-100.0
2009-04-12,2008,D,A,0.21342656,0.1775875,0.6089859,2.2,3.25,3.5,A,3.5,False,-100.0
2009-04-12,2008,A,H,0.3666985,0.34234992,0.29095158,1.91,3.4,4.33,H,1.91,False,-100.0
2009-04-18,2008,H,H,0.64745235,0.1465693,0.20597832,1.91,3.4,4.2,H,1.91,True,90.99999999999999
2009-04-18,2008,H,H,0.46177152,0.26137468,0.27685377,2.1,3.3,3.6,H,2.1,True,110.00000000000001
2009-04-18,2008,H,D,0.33562502,0.44915214,0.21522285,2.4,3.25,3.0,D,3.25,False,-100.0
2009-04-18,2008,D,D,0.43724313,0.4984556,0.0643012,1.67,3.6,5.5,D,3.6,True,260.0
2009-04-18,2008,D,H,0.5023689,0.42623365,0.07139741,2.25,3.25,3.3,H,2.25,False,-100.0
2009-04-19,2008,H,H,0.7817867,0.18940727,0.028806048,1.67,3.6,5.5,H,1.67,True,67.0
2009-04-19,2008,H,H,0.69826573,0.17219648,0.12953773,1.57,3.8,6.5,H,1.57,True,57.00000000000001
2009-04-21,2008,D,H,0.79694545,0.18107975,0.02197483,1.72,3.6,5.0,H,1.72,False,-100.0
2009-04-22,2008,D,H,0.90722513,0.064724475,0.028050393,1.44,4.2,8.5,H,1.44,False,-100.0
2009-04-22,2008,H,H,0.5729302,0.41765532,0.009414464,1.25,5.5,13.0,H,1.25,True,25.0
2009-04-25,2008,A,A,0.3356875,0.07989023,0.5844223,10.0,4.5,1.36,A,1.36,True,36.00000000000001
2009-04-25,2008,A,A,0.08988492,0.03889415,0.8712209,4.75,3.3,1.85,A,1.85,True,85.00000000000001
2009-04-25,2008,D,D,0.34792015,0.45189634,0.20018354,3.1,3.3,2.37,D,3.3,True,229.99999999999997
2009-04-25,2008,A,D,0.31993118,0.35369727,0.32637152,1.83,3.5,4.5,D,3.5,False,-100.0
2009-04-25,2008,H,H,0.74298733,0.13781656,0.11919605,1.75,3.5,5.0,H,1.75,True,75.0
2009-04-25,2008,H,H,0.769481,0.22857784,0.001941177,1.44,4.0,9.0,H,1.44,True,43.99999999999999
2009-04-25,2008,H,H,0.72906584,0.1288076,0.14212653,2.5,3.3,2.87,H,2.5,True,150.0
2009-04-26,2008,H,H,0.6786301,0.226272,0.095097885,1.9,3.4,4.2,H,1.9,True,89.99999999999999
2009-04-26,2008,H,H,0.90976065,0.079878114,0.0103613045,1.5,4.2,7.5,H,1.5,True,50.0
2009-04-27,2008,D,H,0.63131136,0.09759788,0.27109072,2.0,3.5,3.75,H,2.0,False,-100.0
2009-05-02,2008,A,H,0.5766436,0.12610726,0.29724917,2.37,3.25,3.1,H,2.37,False,-100.0
2009-05-02,2008,H,H,0.9722801,0.01656098,0.011158924,1.5,4.0,7.0,H,1.5,True,50.0
2009-05-02,2008,A,D,0.11531992,0.67916805,0.20551208,3.2,3.3,2.3,D,3.3,False,-100.0
2009-05-02,2008,D,H,0.7257813,0.16124338,0.11297531,2.1,3.25,3.75,H,2.1,False,-100.0
2009-05-02,2008,H,H,0.49370107,0.40548122,0.100817755,2.0,3.3,4.0,H,2.0,True,100.0
2009-05-02,2008,A,H,0.50660497,0.20486447,0.28853056,6.5,3.8,1.57,H,6.5,False,-100.0
2009-05-02,2008,H,H,0.881458,0.06702203,0.051520023,1.53,3.8,7.0,H,1.53,True,53.0
2009-05-03,2008,H,H,0.9396151,0.05657072,0.0038142444,1.25,5.5,13.0,H,1.25,True,25.0
2009-05-03,2008,A,H,0.6113512,0.1161177,0.2725311,2.5,3.25,2.9,H,2.5,False,-100.0
2009-05-04,2008,H,H,0.87223196,0.101261765,0.026506292,1.53,3.8,7.0,H,1.53,True,53.0
2009-05-09,2008,D,A,0.16169105,0.32854086,0.50976807,2.3,3.3,3.2,A,3.2,False,-100.0
2009-05-09,2008,H,H,0.5322691,0.22706269,0.24066822,2.0,3.25,4.0,H,2.0,True,100.0
2009-05-09,2008,H,H,0.45385504,0.43091106,0.1152339,2.62,3.25,2.75,H,2.62,True,162.0
2009-05-09,2008,D,H,0.49986878,0.2995963,0.20053491,2.2,3.25,3.5,H,2.2,False,-100.0
2009-05-09,2008,A,H,0.49257618,0.25835356,0.24907023,2.1,3.3,3.6,H,2.1,False,-100.0
2009-05-09,2008,A,A,0.14027393,0.24725951,0.6124666,6.5,3.8,1.57,A,1.57,True,57.00000000000001
2009-05-09,2008,H,H,0.8076957,0.08206537,0.11023895,2.4,3.4,2.9,H,2.4,True,140.0
2009-05-10,2008,A,A,0.14528449,0.3394509,0.5152646,2.6,3.25,2.8,A,2.8,True,179.99999999999997
2009-05-10,2008,H,H,0.88706523,0.094095595,0.018839123,1.36,4.75,9.5,H,1.36,True,36.00000000000001
2009-05-11,2008,H,H,0.61018234,0.2625448,0.12727286,2.0,3.4,3.8,H,2.0,True,100.0
2009-05-13,2008,A,A,0.10400605,0.009221677,0.88677233,12.0,5.0,1.3,A,1.3,True,30.000000000000004
2009-05-16,2008,H,H,0.52149487,0.31386676,0.16463834,2.2,3.25,3.4,H,2.2,True,120.00000000000001
2009-05-16,2008,A,H,0.6679559,0.178036,0.15400814,1.91,3.5,4.0,H,1.91,False,-100.0
2009-05-16,2008,H,H,0.59874547,0.1630763,0.23817824,1.83,3.5,4.5,H,1.83,True,83.0
2009-05-16,2008,D,H,0.9639325,0.03479762,0.0012698991,1.67,3.5,6.0,H,1.67,False,-100.0
2009-05-16,2008,H,H,0.84357375,0.13090941,0.025516775,1.73,3.6,5.0,H,1.73,True,73.0
2009-05-16,2008,D,A,0.43428344,0.06091201,0.5048046,2.2,3.3,3.4,A,3.4,False,-100.0
2009-05-16,2008,D,D,0.27711162,0.6706796,0.05220871,2.5,3.4,2.75,D,3.4,True,240.0
2009-05-17,2008,A,A,0.29799634,0.08658355,0.6154201,7.0,5.0,1.4,A,1.4,True,39.99999999999999
2009-05-17,2008,H,H,0.8620226,0.099172875,0.038804546,1.3,5.0,11.0,H,1.3,True,30.000000000000004
2009-05-18,2008,H,H,0.70053285,0.09202017,0.20744695,2.1,3.2,3.75,H,2.1,True,110.00000000000001
2009-05-24,2008,H,H,0.61436737,0.26071805,0.12491462,2.1,3.4,3.5,H,2.1,True,110.00000000000001
2009-05-24,2008,H,H,0.7242187,0.057403512,0.2183778,2.25,3.4,3.2,H,2.25,True,125.0
2009-05-24,2008,A,D,0.034518864,0.5221905,0.44329062,4.0,3.6,1.91,D,3.6,False,-100.0
2009-05-24,2008,H,H,0.86947256,0.09598022,0.03454718,1.73,3.6,5.0,H,1.73,True,73.0
2009-05-24,2008,H,H,0.88769877,0.09720836,0.015092865,1.53,4.0,6.5,H,1.53,True,53.0
2009-05-24,2008,A,H,0.7088326,0.080619924,0.21054746,2.1,3.3,3.6,H,2.1,False,-100.0
2009-05-24,2008,D,H,0.73141783,0.102670126,0.165912,1.83,3.5,4.5,H,1.83,False,-100.0
2009-05-24,2008,H,D,0.113243476,0.70319533,0.18356119,2.3,3.4,3.1,D,3.4,False,-100.0
2009-05-24,2008,H,H,0.69060564,0.22438174,0.0850126,1.33,5.0,10.0,H,1.33,True,33.00000000000001
2009-05-24,2008,A,D,0.010571062,0.97260815,0.016820833,3.0,3.5,2.3,D,3.5,False,-100.0
2009-08-15,2009,A,H,0.5515975,0.28058654,0.167816,2.25,3.25,3.25,H,2.25,False,-100.0
2009-08-15,2009,A,A,0.18528298,0.09474256,0.7199745,3.6,3.25,2.1,A,2.1,True,110.00000000000001
2009-08-15,2009,A,H,0.808369,0.111386314,0.08024469,1.67,3.6,5.5,H,1.67,False,-100.0
2009-08-15,2009,H,H,0.85137665,0.13996747,0.00865592,1.17,6.5,21.0,H,1.17,True,16.999999999999993
2009-08-15,2009,A,D,0.12979402,0.7121424,0.1580636,2.63,3.3,2.7,D,3.3,False,-100.0
2009-08-15,2009,A,A,0.22074014,0.3369558,0.4423041,2.63,3.2,2.75,A,2.75,True,175.0
2009-08-15,2009,A,D,0.14966509,0.47861126,0.3717236,3.2,3.25,2.3,D,3.25,False,-100.0
2009-08-16,2009,H,D,0.4914004,0.50062376,0.007975831,1.2,6.0,17.0,D,6.0,False,-100.0
2009-08-16,2009,H,H,0.6621801,0.15703653,0.18078333,3.2,3.25,2.3,H,3.2,True,220.00000000000003
2009-08-18,2009,A,A,0.17519103,0.018792422,0.8060165,6.5,4.0,1.53,A,1.53,True,53.0
2009-08-18,2009,A,H,0.89801246,0.059580628,0.042406965,1.73,3.6,5.25,H,1.73,False,-100.0
2009-08-19,2009,H,D,0.3381225,0.36878216,0.2930953,2.0,3.3,4.0,D,3.3,False,-100.0
2009-08-19,2009,H,A,0.006766094,0.011054634,0.98217934,9.5,5.0,1.33,A,1.33,False,-100.0
2009-08-19,2009,A,A,0.29985964,0.23405772,0.4660826,3.75,3.5,2.0,A,2.0,True,100.0
2009-08-19,2009,H,H,0.5916707,0.38879198,0.01953732,1.25,5.5,13.0,H,1.25,True,25.0
2009-08-22,2009,D,D,0.097049974,0.5181405,0.38480952,2.3,3.2,3.25,D,3.2,True,220.00000000000003
2009-08-22,2009,H,H,0.9882537,0.0048554004,0.0068909093,1.17,7.0,19.0,H,1.17,True,16.999999999999993
2009-08-22,2009,H,D,0.08932683,0.6447689,0.26590434,2.6,3.25,2.8,D,3.25,False,-100.0
2009-08-22,2009,H,H,0.5423658,0.2605149,0.19711933,2.1,3.25,3.75,H,2.1,True,110.00000000000001
2009-08-22,2009,A,A,0.16589367,0.03858997,0.7955164,6.5,4.0,1.53,A,1.53,True,53.0
2009-08-22,2009,H,H,0.8949333,0.037375633,0.06769108,1.33,4.5,12.0,H,1.33,True,33.00000000000001
2009-08-23,2009,H,A,0.20483418,0.11828967,0.6768761,3.4,3.3,2.2,A,2.2,False,-100.0
2009-08-23,2009,A,D,0.18982306,0.58386624,0.22631073,6.5,3.8,1.57,D,3.8,False,-100.0
2009-08-23,2009,A,A,0.082781024,0.4164146,0.50080436,3.1,3.25,2.38,A,2.38,True,138.0
2009-08-24,2009,A,D,0.39853302,0.59397066,0.0074963253,1.44,4.2,8.0,D,4.2,False,-100.0
2009-08-29,2009,H,H,0.85078496,0.12973726,0.019477762,1.14,8.0,21.0,H,1.14,True,13.99999999999999
2009-08-29,2009,D,H,0.4444336,0.3203497,0.23521674,2.2,3.3,3.5,H,2.2,False,-100.0
2009-08-29,2009,A,A,0.011642608,0.022028144,0.9663293,7.0,4.0,1.53,A,1.53,True,53.0
2009-08-29,2009,H,D,0.21181911,0.4882782,0.29990268,2.2,3.3,3.5,D,3.3,False,-100.0
2009-08-29,2009,H,H,0.75928295,0.22083756,0.0198795,1.36,4.75,9.0,H,1.36,True,36.00000000000001
2009-08-29,2009,H,H,0.5245386,0.19875148,0.27670994,2.38,3.25,3.2,H,2.38,True,138.0
2009-08-29,2009,D,D,0.2860554,0.38044325,0.3335013,2.1,3.3,3.6,D,3.3,True,229.99999999999997
2009-08-30,2009,A,D,0.048787493,0.6575483,0.29366425,6.5,3.8,1.57,D,3.8,False,-100.0
2009-08-30,2009,H,H,0.6730927,0.24235135,0.08455596,1.73,3.6,5.25,H,1.73,True,73.0
2009-08-30,2009,H,H,0.7654876,0.18630499,0.04820745,1.73,3.6,5.25,H,1.73,True,73.0
2009-09-12,2009,A,A,0.1105933,0.16208102,0.7273257,3.1,3.4,2.3,A,2.3,True,129.99999999999997
2009-09-12,2009,H,H,0.63953215,0.29118994,0.06927788,2.3,3.25,3.25,H,2.3,True,129.99999999999997
2009-09-12,2009,A,D,0.17962952,0.58270025,0.2376702,9.0,4.5,1.4,D,4.5,False,-100.0
2009-09-12,2009,H,H,0.7240079,0.16310038,0.11289174,1.75,3.5,5.0,H,1.75,True,75.0
2009-09-12,2009,H,A,0.064020686,0.12184117,0.8141382,2.88,3.25,2.5,A,2.5,False,-100.0
2009-09-12,2009,H,H,0.6092288,0.18638928,0.20438193,1.83,3.5,4.5,H,1.83,True,83.0
2009-09-12,2009,A,D,0.22872627,0.46403357,0.30724016,2.6,3.2,2.8,D,3.2,False,-100.0
2009-09-12,2009,H,H,0.9843556,0.012780068,0.0028642244,1.2,6.5,15.0,H,1.2,True,19.999999999999996
2009-09-13,2009,A,A,0.13090749,0.2557655,0.61332697,3.4,3.25,2.25,A,2.25,True,125.0
2009-09-13,2009,H,A,0.09095236,0.26715735,0.6418903,2.6,3.2,2.8,A,2.8,False,-100.0
2009-09-19,2009,D,H,0.74838537,0.11656516,0.13504945,2.1,3.25,3.75,H,2.1,False,-100.0
2009-09-19,2009,H,H,0.9964149,0.0028684312,0.00071661244,1.25,5.5,13.0,H,1.25,True,25.0
2009-09-19,2009,H,H,0.9545429,0.009995207,0.035461903,1.4,4.2,10.0,H,1.4,True,39.99999999999999
2009-09-19,2009,A,A,0.2805459,0.13245559,0.5869985,2.4,3.25,3.0,A,3.0,True,200.0
2009-09-19,2009,A,A,0.095405586,0.22242181,0.68217266,6.5,4.0,1.53,A,1.53,True,53.0
2009-09-19,2009,H,D,0.123719014,0.44362777,0.43265322,2.88,3.25,2.5,D,3.25,False,-100.0
2009-09-20,2009,H,H,0.38127956,0.3798662,0.23885417,1.5,4.0,7.0,H,1.5,True,50.0
2009-09-20,2009,H,H,0.5933819,0.06013152,0.34648654,1.8,3.3,5.0,H,1.8,True,80.0
2009-09-20,2009,H,H,0.81319404,0.15584148,0.0309645,1.57,4.0,6.0,H,1.57,True,57.00000000000001
2009-09-20,2009,H,H,0.63757676,0.23717563,0.12524761,2.5,3.25,2.88,H,2.5,True,150.0
2009-09-26,2009,H,H,0.97156096,0.009102106,0.019336961,1.14,7.5,23.0,H,1.14,True,13.99999999999999
2009-09-26,2009,A,D,0.11293581,0.5018712,0.385193,8.5,4.5,1.4,D,4.5,False,-100.0
2009-09-26,2009,A,H,0.5317984,0.08364074,0.38456085,4.2,3.4,1.91,H,4.2,False,-100.0
2009-09-26,2009,H,A,0.04405919,0.011704431,0.94423634,10.0,5.0,1.33,A,1.33,False,-100.0
2009-09-26,2009,A,A,0.19205993,0.38902372,0.4189164,6.5,4.0,1.53,A,1.53,True,53.0
2009-09-26,2009,A,A,0.32285964,0.14474927,0.5323911,2.2,3.25,3.4,A,3.4,True,240.0
2009-09-26,2009,H,H,0.9863673,0.010172646,0.0034601178,1.33,5.0,10.0,H,1.33,True,33.00000000000001
2009-09-26,2009,H,H,0.9333273,0.025017386,0.04165522,3.1,3.25,2.38,H,3.1,True,210.0
2009-09-27,2009,H,H,0.71148866,0.16832,0.12019135,1.73,3.6,5.0,H,1.73,True,73.0
2009-09-28,2009,H,H,0.8898521,0.06809001,0.042057954,1.44,4.33,7.5,H,1.44,True,43.99999999999999
2009-10-03,2009,A,H,0.7501758,0.15061387,0.09921036,2.0,3.4,3.8,H,2.0,False,-100.0
2009-10-03,2009,H,D,0.09658534,0.61267203,0.2907426,2.88,3.3,2.5,D,3.3,False,-100.0
2009-10-03,2009,D,H,0.9294634,0.06823998,0.002296611,1.2,6.5,15.0,H,1.2,False,-100.0
2009-10-03,2009,D,A,0.046824828,0.3270397,0.6261355,3.8,3.6,1.95,A,1.95,False,-100.0
2009-10-03,2009,H,H,0.635826,0.15681973,0.20735429,2.3,3.25,3.2,H,2.3,True,129.99999999999997
2009-10-04,2009,H,H,0.9494088,0.040567834,0.010023347,1.2,6.5,15.0,H,1.2,True,19.999999999999996
2009-10-04,2009,H,H,0.775574,0.0059134318,0.2185125,2.1,3.3,3.6,H,2.1,True,110.00000000000001
2009-10-04,2009,D,H,0.94423413,0.042351842,0.01341404,1.57,4.0,6.0,H,1.57,False,-100.0
2009-10-04,2009,D,D,0.25327477,0.68526196,0.061463267,2.2,3.25,3.4,D,3.25,True,225.0
2009-10-05,2009,D,H,0.427002,0.35123938,0.22175862,2.75,3.25,2.63,H,2.75,False,-100.0
2009-10-17,2009,D,H,0.96276265,0.009248724,0.027988581,1.44,4.2,6.5,H,1.44,False,-100.0
2009-10-17,2009,H,D,0.1750905,0.7471562,0.077753305,4.5,3.6,1.8,D,3.6,False,-100.0
2009-10-17,2009,H,H,0.9726174,0.014923488,0.012459139,1.2,5.5,13.0,H,1.2,True,19.999999999999996
2009-10-17,2009,H,H,0.88302356,0.10621315,0.010763349,1.17,7.0,19.0,H,1.17,True,16.999999999999993
2009-10-17,2009,H,H,0.530128,0.14109354,0.32877848,2.1,3.3,3.6,H,2.1,True,110.00000000000001
2009-10-17,2009,A,H,0.46350715,0.09905579,0.43743712,4.5,3.5,1.83,H,4.5,False,-100.0
2009-10-17,2009,H,A,0.37491223,0.07939426,0.5456935,4.2,3.4,1.91,A,1.91,False,-100.0
2009-10-18,2009,H,H,0.6332177,0.3422623,0.024520064,1.73,3.6,5.0,H,1.73,True,73.0
2009-10-18,2009,D,A,0.05026171,0.20497087,0.7447674,5.0,3.6,1.73,A,1.73,False,-100.0
2009-10-19,2009,H,H,0.9047453,0.084736064,0.0105186645,1.67,3.6,5.5,H,1.67,True,67.0
2009-10-24,2009,A,H,0.92050195,0.074682064,0.004815995,1.44,4.33,7.5,H,1.44,False,-100.0
2009-10-24,2009,D,H,0.502559,0.27409494,0.22334611,2.6,3.2,2.8,H,2.6,False,-100.0
2009-10-24,2009,D,H,0.5387349,0.06834457,0.3929205,3.5,3.2,2.2,H,3.5,False,-100.0
2009-10-24,2009,A,H,0.5181891,0.25888363,0.22292729,2.5,3.3,2.88,H,2.5,False,-100.0
2009-10-24,2009,H,A,0.1250435,0.20155528,0.67340124,2.9,3.25,2.5,A,2.5,False,-100.0
2009-10-24,2009,H,H,0.7928911,0.19083071,0.016278224,1.2,6.5,15.0,H,1.2,True,19.999999999999996
2009-10-25,2009,D,A,0.020927291,0.0062707476,0.9728019,7.0,4.2,1.5,A,1.5,False,-100.0
2009-10-25,2009,D,H,0.7392593,0.06352786,0.19721282,1.44,4.2,8.0,H,1.44,False,-100.0
2009-10-25,2009,H,A,0.18302913,0.026395278,0.7905756,3.0,3.25,2.4,A,2.4,False,-100.0
2009-10-25,2009,H,D,0.29474077,0.5545505,0.15070868,2.63,3.25,2.75,D,3.25,False,-100.0
2009-10-31,2009,H,D,0.45748132,0.5176139,0.0249048,1.17,7.0,19.0,D,7.0,False,-100.0
2009-10-31,2009,D,H,0.8834834,0.040561065,0.0759555,2.0,3.3,4.0,H,2.0,False,-100.0
2009-10-31,2009,D,A,0.036700368,0.101877846,0.86142176,1.91,3.4,4.2,A,4.2,False,-100.0
2009-10-31,2009,H,D,0.14685255,0.5194731,0.33367434,2.38,3.3,3.0,D,3.3,False,-100.0
2009-10-31,2009,H,A,0.21305178,0.38331184,0.40363643,4.2,3.4,1.91,A,1.91,False,-100.0
2009-10-31,2009,D,A,0.4341992,0.12442514,0.44137564,2.5,3.25,2.88,A,2.88,False,-100.0
2009-10-31,2009,H,H,0.5161287,0.38907164,0.094799615,1.91,3.4,4.2,H,1.91,True,90.99999999999999
2009-10-31,2009,A,A,0.045594115,0.22902174,0.7253841,9.0,4.33,1.4,A,1.4,True,39.99999999999999
2009-10-31,2009,H,H,0.9890599,0.007360001,0.0035800748,1.57,4.0,6.0,H,1.57,True,57.00000000000001
2009-11-01,2009,D,A,0.046214454,0.26480258,0.68898296,4.33,3.6,1.83,A,1.83,False,-100.0
2009-11-04,2009,H,D,0.26310363,0.534744,0.20215231,2.75,3.3,2.63,D,3.3,False,-100.0
2009-11-07,2009,D,H,0.8808163,0.06674121,0.052442476,1.33,4.75,11.0,H,1.33,False,-100.0
2009-11-07,2009,H,H,0.5494382,0.14523686,0.30532494,1.8,3.5,4.75,H,1.8,True,80.0
2009-11-07,2009,H,A,0.056151785,0.069233105,0.8746151,2.1,3.4,3.6,A,3.6,False,-100.0
2009-11-07,2009,A,A,0.08210775,0.005971551,0.91192067,9.0,4.75,1.36,A,1.36,True,36.00000000000001
2009-11-07,2009,H,H,0.532463,0.3617057,0.1058313,1.57,3.75,6.5,H,1.57,True,57.00000000000001
2009-11-08,2009,H,H,0.61953247,0.033899713,0.3465678,2.0,3.25,4.0,H,2.0,True,100.0
2009-11-08,2009,H,D,0.29007235,0.5594175,0.15051022,2.75,3.3,2.6,D,3.3,False,-100.0
2009-11-08,2009,A,H,0.7540468,0.03480062,0.21115257,2.4,3.3,3.0,H,2.4,False,-100.0
2009-11-08,2009,D,A,0.24552314,0.36716792,0.38730893,2.25,3.2,3.4,A,3.4,False,-100.0
2009-11-09,2009,D,H,0.945658,0.0509652,0.0033767354,1.36,4.5,10.0,H,1.36,False,-100.0
2009-11-21,2009,D,A,0.3137426,0.19224745,0.49400988,3.4,3.3,2.2,A,2.2,False,-100.0
2009-11-21,2009,H,A,0.23672186,0.09604468,0.66723347,2.5,3.2,2.9,A,2.9,False,-100.0
2009-11-21,2009,H,H,0.91867584,0.064958505,0.01636566,1.17,7.0,19.0,H,1.17,True,16.999999999999993
2009-11-21,2009,H,A,0.043638032,0.049349315,0.90701264,6.0,3.75,1.62,A,1.62,False,-100.0
2009-11-21,2009,H,H,0.8658949,0.12863934,0.0054658013,1.4,4.5,9.0,H,1.4,True,39.99999999999999
2009-11-21,2009,D,D,0.24561067,0.6341886,0.120200746,1.91,3.4,4.2,D,3.4,True,240.0
2009-11-21,2009,D,D,0.37703738,0.48403606,0.1389265,2.88,3.25,2.5,D,3.25,True,225.0
2009-11-22,2009,A,H,0.5479685,0.19097425,0.2610572,2.25,3.2,3.4,H,2.25,False,-100.0
2009-11-22,2009,H,H,0.4733457,0.23737182,0.28928253,2.1,3.4,3.5,H,2.1,True,110.00000000000001
2009-11-22,2009,H,A,0.39050293,0.15608913,0.45340788,1.44,4.33,8.0,A,8.0,False,-100.0
2009-11-25,2009,H,D,0.23702931,0.49987164,0.26309898,2.1,3.3,3.6,D,3.3,False,-100.0
2009-11-25,2009,H,A,0.11884363,0.19375081,0.6874056,3.5,3.3,2.15,A,2.15,False,-100.0
2009-11-28,2009,H,H,0.39733225,0.30626065,0.29640713,2.4,3.4,2.9,H,2.4,True,140.0
2009-11-28,2009,H,H,0.61207294,0.28141832,0.106508724,1.8,3.6,4.5,H,1.8,True,80.0
2009-11-28,2009,A,A,0.11722044,0.078374,0.8044055,10.0,4.5,1.36,A,1.36,True,36.00000000000001
2009-11-28,2009,D,H,0.4943892,0.277267,0.22834387,1.91,3.5,4.2,H,1.91,False,-100.0
2009-11-28,2009,D,A,0.31307593,0.30197856,0.38494548,1.91,3.4,4.2,A,4.2,False,-100.0
2009-11-28,2009,D,H,0.6840784,0.19910456,0.11681703,2.5,3.25,2.88,H,2.5,False,-100.0
2009-11-28,2009,D,H,0.8031656,0.18391527,0.0129190795,1.29,5.5,11.0,H,1.29,False,-100.0
2009-11-29,2009,A,H,0.51245725,0.35337162,0.13417114,2.4,3.2,3.1,H,2.4,False,-100.0
2009-11-29,2009,A,A,0.10761322,0.037590217,0.8547966,2.7,3.2,2.7,A,2.7,True,170.00000000000003
2009-11-29,2009,A,A,0.28572935,0.21747367,0.49679694,3.5,3.4,2.1,A,2.1,True,110.00000000000001
2009-12-05,2009,A,A,0.01567721,0.025238961,0.95908386,8.0,4.2,1.44,A,1.44,True,43.99999999999999
2009-12-05,2009,A,H,0.533151,0.33686835,0.1299807,2.1,3.3,3.6,H,2.1,False,-100.0
2009-12-05,2009,H,H,0.52985334,0.03758131,0.43256536,2.38,3.25,3.1,H,2.38,True,138.0
2009-12-05,2009,H,H,0.41178596,0.22755784,0.3606562,1.91,3.4,4.2,H,1.91,True,90.99999999999999
2009-12-05,2009,H,H,0.5808932,0.072738506,0.3463683,1.44,4.33,7.5,H,1.44,True,43.99999999999999
2009-12-05,2009,D,A,0.019923018,0.10026085,0.8798162,5.25,3.8,1.67,A,1.67,False,-100.0
2009-12-05,2009,H,H,0.82761025,0.16571105,0.0066786855,1.29,5.0,13.0,H,1.29,True,29.000000000000004
2009-12-05,2009,H,A,0.32101426,0.021880228,0.65710557,4.2,3.4,1.91,A,1.91,False,-100.0
2009-12-06,2009,D,H,0.72415775,0.13350508,0.14233717,2.88,3.25,2.5,H,2.88,False,-100.0
2009-12-06,2009,H,A,0.25373408,0.3235832,0.4226827,2.1,3.3,3.6,A,3.6,False,-100.0
2009-12-12,2009,H,A,0.40303677,0.120244265,0.47671902,2.1,3.3,3.6,A,3.6,False,-100.0
2009-12-12,2009,D,A,0.10649333,0.22514017,0.6683665,4.5,3.6,1.8,A,1.8,False,-100.0
2009-12-12,2009,D,A,0.4034314,0.15212837,0.44444025,2.63,3.25,2.75,A,2.75,False,-100.0
2009-12-12,2009,D,D,0.3683639,0.62647235,0.0051637436,1.25,5.5,15.0,D,5.5,True,450.0
2009-12-12,2009,D,D,0.17647682,0.5663889,0.2571343,2.8,3.25,2.6,D,3.25,True,225.0
2009-12-12,2009,D,H,0.79428536,0.078137286,0.12757733,1.8,3.5,4.75,H,1.8,False,-100.0
2009-12-12,2009,A,H,0.9514776,0.024960417,0.023562038,1.25,5.75,13.0,H,1.25,False,-100.0
2009-12-12,2009,D,H,0.77533853,0.10337303,0.12128841,2.1,3.3,3.6,H,2.1,False,-100.0
2009-12-12,2009,A,H,0.47665,0.38299507,0.14035493,1.5,4.2,7.0,H,1.5,False,-100.0
2009-12-13,2009,A,H,0.44380465,0.19870596,0.35748944,2.2,3.3,3.4,H,2.2,False,-100.0
2009-12-15,2009,A,D,0.28230286,0.5271778,0.1905193,2.88,3.3,2.5,D,3.3,False,-100.0
2009-12-15,2009,H,H,0.96218604,0.02437563,0.01343835,1.17,7.0,19.0,H,1.17,True,16.999999999999993
2009-12-15,2009,H,A,0.27317965,0.14982168,0.57699865,2.2,3.25,3.4,A,3.4,False,-100.0
2009-12-15,2009,H,A,0.28415683,0.14027992,0.57556325,2.25,3.3,3.25,A,3.25,False,-100.0
2009-12-16,2009,H,H,0.8728869,0.09434216,0.032770943,1.33,4.75,11.0,H,1.33,True,33.00000000000001
2009-12-16,2009,H,A,0.43458945,0.05955076,0.5058598,2.25,3.3,3.25,A,3.25,False,-100.0
2009-12-16,2009,D,H,0.45337313,0.30229232,0.24433452,7.0,4.2,1.5,H,7.0,False,-100.0
2009-12-16,2009,H,H,0.57305145,0.36646727,0.060481258,1.14,8.0,19.0,H,1.14,True,13.99999999999999
2009-12-19,2009,H,A,0.04232821,0.33452523,0.6231466,5.5,4.0,1.62,A,1.62,False,-100.0
2009-12-19,2009,H,H,0.7451928,0.18521528,0.0695919,1.53,4.0,7.0,H,1.53,True,53.0
2009-12-19,2009,H,A,0.35749203,0.19338892,0.449119,6.5,4.0,1.57,A,1.57,False,-100.0
2009-12-19,2009,H,H,0.903051,0.095751606,0.0011973657,1.4,4.33,9.0,H,1.4,True,39.99999999999999
2009-12-19,2009,H,H,0.9101686,0.07653545,0.013295904,1.22,6.0,15.0,H,1.22,True,21.999999999999996
2009-12-19,2009,A,H,0.76252174,0.15073858,0.08673965,3.3,3.4,2.2,H,3.3,False,-100.0
2009-12-20,2009,D,A,0.43514487,0.02367993,0.5411752,1.83,3.5,4.5,A,4.5,False,-100.0
2009-12-20,2009,D,A,0.016612755,0.021920642,0.96146667,8.5,4.5,1.4,A,1.4,False,-100.0
2009-12-20,2009,H,A,0.25826707,0.35566625,0.38606668,2.1,3.3,3.6,A,3.6,False,-100.0
2009-12-26,2009,D,H,0.5373873,0.08449949,0.3781132,2.38,3.3,3.0,H,2.38,False,-100.0
2009-12-26,2009,H,H,0.8732419,0.12171127,0.0050468417,1.29,5.5,11.0,H,1.29,True,29.000000000000004
2009-12-26,2009,D,A,0.011122136,0.20362261,0.78525525,6.5,3.8,1.57,A,1.57,False,-100.0
2009-12-26,2009,D,A,0.08169186,0.40567154,0.5126366,2.8,3.4,2.5,A,2.5,False,-100.0
2009-12-26,2009,D,D,0.14722708,0.7701785,0.08259441,2.3,3.25,3.2,D,3.25,True,225.0
2009-12-26,2009,H,H,0.97035474,0.018596157,0.011049132,1.44,4.33,7.5,H,1.44,True,43.99999999999999
2009-12-26,2009,H,H,0.41981393,0.16862394,0.41156211,2.1,3.3,3.6,H,2.1,True,110.00000000000001
2009-12-26,2009,D,H,0.4114017,0.40489042,0.18370794,2.38,3.3,3.0,H,2.38,False,-100.0
2009-12-27,2009,H,H,0.7770642,0.18842873,0.034507066,1.73,3.5,5.0,H,1.73,True,73.0
2009-12-27,2009,A,H,0.5737937,0.0016833929,0.4245229,8.0,4.2,1.4,H,8.0,False,-100.0
2009-12-28,2009,A,A,0.06523412,0.15144525,0.7833206,4.5,3.6,1.8,A,1.8,True,80.0
2009-12-28,2009,H,H,0.5082851,0.09386641,0.3978485,1.44,4.2,8.0,H,1.44,True,43.99999999999999
2009-12-28,2009,A,A,0.21352684,0.15209348,0.6343797,2.4,3.25,3.0,A,3.0,True,200.0
2009-12-28,2009,H,H,0.92352605,0.0686495,0.0078244135,1.36,4.5,10.0,H,1.36,True,36.00000000000001
2009-12-28,2009,D,H,0.7337942,0.15561634,0.11058941,2.1,3.3,3.6,H,2.1,False,-100.0
2009-12-28,2009,H,H,0.834128,0.124456994,0.041414972,1.57,3.8,6.5,H,1.57,True,57.00000000000001
2009-12-29,2009,A,H,0.7375855,0.18550424,0.076910235,2.8,3.25,2.6,H,2.8,False,-100.0
2009-12-29,2009,D,H,0.88355845,0.102154925,0.014286678,1.8,3.6,4.75,H,1.8,False,-100.0
2009-12-30,2009,H,H,0.97156346,0.022696242,0.005740293,1.2,6.5,15.0,H,1.2,True,19.999999999999996
2009-12-30,2009,A,D,0.18534751,0.6216796,0.19297288,6.5,4.0,1.53,D,4.0,False,-100.0
2010-01-05,2009,H,D,0.3324184,0.3446648,0.3229168,2.63,3.25,2.75,D,3.25,False,-100.0
2010-01-09,2009,D,D,0.011501632,0.8457007,0.1427977,6.5,3.6,1.62,D,3.6,True,260.0
2010-01-09,2009,D,H,0.92283756,0.072955996,0.004206499,1.4,4.5,8.5,H,1.4,False,-100.0
2010-01-11,2009,H,H,0.6716863,0.1419146,0.18639913,1.44,4.33,8.0,H,1.44,True,43.99999999999999
2010-01-16,2009,D,H,0.5478437,0.30436036,0.14779596,1.25,6.0,11.0,H,1.25,False,-100.0
2010-01-16,2009,D,H,0.44299456,0.13690266,0.42010275,3.5,3.2,2.2,H,3.5,False,-100.0
2010-01-16,2009,A,H,0.8250179,0.046697717,0.1282844,2.3,3.25,3.2,H,2.3,False,-100.0
2010-01-16,2009,H,D,0.3032027,0.58844995,0.108347364,2.88,3.25,2.5,D,3.25,False,-100.0
2010-01-16,2009,H,H,0.9845804,0.007833859,0.0075857583,1.22,6.0,15.0,H,1.22,True,21.999999999999996
2010-01-16,2009,H,H,0.8711202,0.12298399,0.00589575,1.17,7.0,17.0,H,1.17,True,16.999999999999993
2010-01-17,2009,D,H,0.7399463,0.1924814,0.06757231,1.53,3.8,7.0,H,1.53,False,-100.0
2010-01-17,2009,H,H,0.46547103,0.13218898,0.40233997,2.4,3.25,3.0,H,2.4,True,140.0
2010-01-17,2009,A,A,0.117363125,0.10176677,0.7808701,6.5,4.0,1.53,A,1.53,True,53.0
2010-01-20,2009,H,H,0.9561271,0.039744567,0.0041283383,1.22,5.5,17.0,H,1.22,True,21.999999999999996
2010-01-20,2009,H,A,0.11205799,0.2086541,0.6792879,2.4,3.25,3.0,A,3.0,False,-100.0
2010-01-23,2009,H,H,0.96382403,0.03006377,0.006112123,1.14,6.5,15.0,H,1.14,True,13.99999999999999
2010-01-26,2009,H,H,0.57586217,0.20591818,0.21821962,1.8,3.6,4.5,H,1.8,True,80.0
2010-01-26,2009,H,H,0.6578306,0.27927133,0.06289802,1.57,3.75,6.5,H,1.57,True,57.00000000000001
2010-01-26,2009,D,A,0.083923705,0.18879513,0.72728115,5.5,3.6,1.67,A,1.67,False,-100.0
2010-01-26,2009,D,H,0.42016214,0.33228812,0.24754973,2.5,3.25,2.88,H,2.5,False,-100.0
2010-01-27,2009,D,A,0.030760309,0.40097737,0.56826234,3.2,3.25,2.3,A,2.3,False,-100.0
2010-01-27,2009,H,A,0.2735067,0.08696247,0.63953084,1.95,3.4,4.0,A,4.0,False,-100.0
2010-01-27,2009,H,H,0.9629183,0.024970649,0.012111091,1.22,6.0,15.0,H,1.22,True,21.999999999999996
2010-01-27,2009,H,H,0.5308113,0.41199327,0.057195377,1.67,3.6,5.5,H,1.67,True,67.0
2010-01-30,2009,A,D,0.14359747,0.5302592,0.32614332,3.0,3.3,2.38,D,3.3,False,-100.0
2010-01-30,2009,D,A,0.17615537,0.16708075,0.65676385,2.1,3.3,3.6,A,3.6,False,-100.0
2010-01-30,2009,H,H,0.56509787,0.0889043,0.34599787,1.44,4.33,7.5,H,1.44,True,43.99999999999999
2010-01-30,2009,D,H,0.45843485,0.1953489,0.34621626,2.25,3.25,3.25,H,2.25,False,-100.0
2010-01-30,2009,A,A,0.03082569,0.008293255,0.96088105,13.0,5.0,1.29,A,1.29,True,29.000000000000004
2010-01-30,2009,D,H,0.7787893,0.08544493,0.13576579,3.1,3.25,2.38,H,3.1,False,-100.0
2010-01-30,2009,A,A,0.25130895,0.36857828,0.3801128,2.7,3.2,2.7,A,2.7,True,170.00000000000003
2010-01-31,2009,A,A,0.35976493,0.19327995,0.44695505,2.6,3.25,2.8,A,2.8,True,179.99999999999997
2010-01-31,2009,H,H,0.8637313,0.0913368,0.044931885,1.29,5.0,13.0,H,1.29,True,29.000000000000004
2010-02-01,2009,D,D,0.20818956,0.6074833,0.18432708,2.0,3.4,3.8,D,3.4,True,240.0
2010-02-02,2009,D,A,0.037053574,0.107680164,0.8552663,13.0,5.0,1.29,A,1.29,False,-100.0
2010-02-03,2009,H,H,0.595258,0.33486205,0.069879934,1.67,3.5,6.0,H,1.67,True,67.0
2010-02-06,2009,D,H,0.83900166,0.061940406,0.0990579,2.0,3.4,3.8,H,2.0,False,-100.0
2010-02-06,2009,H,H,0.54394513,0.1488885,0.30716637,2.3,3.1,3.4,H,2.3,True,129.99999999999997
2010-02-06,2009,D,H,0.5649245,0.3379371,0.09713843,2.1,3.3,3.6,H,2.1,False,-100.0
2010-02-06,2009,H,H,0.9582959,0.0146835875,0.027020518,1.13,8.5,23.0,H,1.13,True,12.99999999999999
2010-02-06,2009,H,D,0.33086434,0.49921653,0.16991909,1.83,3.5,4.33,D,3.5,False,-100.0
2010-02-06,2009,H,A,0.1723942,0.065642856,0.76196295,5.5,3.4,1.73,A,1.73,False,-100.0
2010-02-06,2009,H,H,0.4141902,0.36866927,0.21714051,2.6,3.25,2.8,H,2.6,True,160.0
2010-02-06,2009,D,H,0.48573965,0.1999,0.31436038,2.25,3.3,3.25,H,2.25,False,-100.0
2010-02-07,2009,H,H,0.9665913,0.009986937,0.02342174,1.8,3.6,4.5,H,1.8,True,80.0
2010-02-07,2009,H,H,0.859398,0.08450686,0.056095105,1.8,3.4,5.0,H,1.8,True,80.0
2010-02-09,2009,D,H,0.49839655,0.33326054,0.16834296,2.2,3.3,3.4,H,2.2,False,-100.0
2010-02-09,2009,D,H,0.47642395,0.32484058,0.19873546,2.4,3.25,3.0,H,2.4,False,-100.0
2010-02-09,2009,H,H,0.78357506,0.14079523,0.07562972,1.73,3.5,5.25,H,1.73,True,73.0
2010-02-09,2009,H,H,0.8052182,0.1867486,0.008033171,1.44,4.2,8.0,H,1.44,True,43.99999999999999
2010-02-10,2009,H,D,0.33294985,0.6360954,0.030954711,2.1,3.3,3.6,D,3.3,False,-100.0
2010-02-10,2009,D,A,0.37386772,0.15491812,0.4712142,4.2,3.5,1.91,A,1.91,False,-100.0
2010-02-10,2009,H,H,0.6697021,0.15350522,0.17679264,1.83,3.5,4.5,H,1.83,True,83.0
2010-02-10,2009,H,D,0.09772569,0.53548294,0.3667914,5.0,3.6,1.73,D,3.6,False,-100.0
2010-02-10,2009,H,H,0.70792276,0.111382976,0.18069427,2.25,3.3,3.25,H,2.25,True,125.0
2010-02-10,2009,H,A,0.18111874,0.25449973,0.56438154,4.2,3.4,1.91,A,1.91,False,-100.0
2010-02-16,2009,D,A,0.28005606,0.13450398,0.5854399,3.1,3.2,2.38,A,2.38,False,-100.0
2010-02-17,2009,D,H,0.6325424,0.2950221,0.07243552,2.3,3.25,3.2,H,2.3,False,-100.0
2010-02-20,2009,H,D,0.2992549,0.39045516,0.31028998,4.5,3.6,1.8,D,3.6,False,-100.0
2010-02-20,2009,A,A,0.042882312,0.19153693,0.7655807,12.0,5.0,1.3,A,1.3,True,30.000000000000004
2010-02-20,2009,H,H,0.78558135,0.08414149,0.1302772,1.75,3.6,4.75,H,1.75,True,75.0
2010-02-20,2009,H,H,0.64554256,0.32355487,0.03090254,1.22,6.0,15.0,H,1.22,True,21.999999999999996
2010-02-20,2009,A,H,0.458917,0.16932012,0.37176287,2.38,3.25,3.1,H,2.38,False,-100.0
2010-02-21,2009,D,A,0.35783637,0.2744695,0.36769414,2.4,3.3,3.0,A,3.0,False,-100.0
2010-02-21,2009,H,D,0.36382458,0.42448878,0.21168669,1.95,3.25,4.33,D,3.25,False,-100.0
2010-02-21,2009,H,H,0.5953269,0.36765337,0.037019756,2.1,3.25,3.75,H,2.1,True,110.00000000000001
2010-02-21,2009,A,H,0.5768035,0.25479394,0.16840255,3.75,3.5,2.0,H,3.75,False,-100.0
2010-02-21,2009,H,H,0.88258654,0.116480164,0.0009333228,1.36,4.5,10.0,H,1.36,True,36.00000000000001
2010-02-23,2009,H,H,0.9371966,0.061783537,0.0010198302,1.2,6.5,15.0,H,1.2,True,19.999999999999996
2010-02-27,2009,H,A,0.34883794,0.13911073,0.51205134,2.0,3.3,4.0,A,4.0,False,-100.0
2010-02-27,2009,A,H,0.7484722,0.23797274,0.013555032,1.44,4.33,7.5,H,1.44,False,-100.0
2010-02-27,2009,A,D,0.43665475,0.4858936,0.07745171,2.0,3.4,3.8,D,3.4,False,-100.0
2010-02-27,2009,A,A,0.12500426,0.4248988,0.4500969,5.0,3.6,1.73,A,1.73,True,73.0
2010-02-27,2009,H,D,0.17910066,0.4782529,0.3426465,1.91,3.3,4.33,D,3.3,False,-100.0
2010-02-28,2009,H,H,0.8217954,0.09481692,0.08338771,2.0,3.4,4.0,H,2.0,True,100.0
2010-02-28,2009,H,D,0.35798427,0.4591502,0.18286549,1.36,4.75,9.0,D,4.75,False,-100.0
2010-02-28,2009,D,H,0.521882,0.16946237,0.30865562,2.2,3.2,3.5,H,2.2,False,-100.0
2010-03-06,2009,A,D,0.06130661,0.53628236,0.402411,10.0,5.0,1.33,D,5.0,False,-100.0
2010-03-06,2009,H,H,0.7725452,0.21349664,0.013958175,1.14,7.5,21.0,H,1.14,True,13.99999999999999
2010-03-06,2009,A,D,0.22713797,0.55767405,0.215188,1.8,3.5,4.5,D,3.5,False,-100.0
2010-03-07,2009,H,H,0.5506691,0.40863875,0.04069219,1.36,4.5,10.0,H,1.36,True,36.00000000000001
2010-03-08,2009,H,A,0.09118913,0.117764294,0.79104656,6.5,3.8,1.57,A,1.57,False,-100.0
2010-03-09,2009,A,H,0.5126272,0.1045536,0.3828192,2.38,3.25,3.1,H,2.38,False,-100.0
2010-03-09,2009,H,A,0.32430717,0.29013786,0.38555497,2.1,3.25,3.75,A,3.75,False,-100.0
2010-03-10,2009,D,H,0.5142096,0.2997559,0.1860345,2.5,3.3,2.88,H,2.5,False,-100.0
2010-03-13,2009,D,D,0.21528608,0.6143327,0.1703813,3.0,3.25,2.4,D,3.25,True,225.0
2010-03-13,2009,H,A,0.3477014,0.18584833,0.46645027,2.1,3.3,3.6,A,3.6,False,-100.0
2010-03-13,2009,A,A,0.20599692,0.3687907,0.42521235,2.25,3.3,3.3,A,3.3,True,229.99999999999997
2010-03-13,2009,H,H,0.91253704,0.026965713,0.06049724,1.22,6.0,15.0,H,1.22,True,21.999999999999996
2010-03-13,2009,A,A,0.35578108,0.008859886,0.63535905,7.5,4.5,1.4,A,1.4,True,39.99999999999999
2010-03-13,2009,D,A,0.1968129,0.13705274,0.66613436,3.3,3.25,2.25,A,2.25,False,-100.0
2010-03-13,2009,H,H,0.64883953,0.2984614,0.052699104,1.44,4.33,7.5,H,1.44,True,43.99999999999999
2010-03-14,2009,D,A,0.1699187,0.26030552,0.56977576,3.6,3.4,2.1,A,2.1,False,-100.0
2010-03-14,2009,H,H,0.689312,0.30464795,0.0060401238,1.22,6.0,15.0,H,1.22,True,21.999999999999996
2010-03-15,2009,H,H,0.85158294,0.1241589,0.024258154,1.25,5.5,13.0,H,1.25,True,25.0
2010-03-16,2009,A,A,0.33012956,0.27016264,0.39970776,3.6,3.3,2.1,A,2.1,True,110.00000000000001
2010-03-20,2009,H,H,0.90997607,0.0886048,0.0014190869,1.25,5.75,13.0,H,1.25,True,25.0
2010-03-20,2009,D,H,0.54347515,0.43629676,0.020228058,1.4,4.33,9.0,H,1.4,False,-100.0
2010-03-20,2009,H,H,0.4775728,0.10126629,0.42116097,1.53,3.8,7.0,H,1.53,True,53.0
2010-03-20,2009,H,A,0.34914201,0.21857037,0.43228757,2.2,3.2,3.5,A,3.5,False,-100.0
2010-03-20,2009,A,A,0.1276404,0.18028839,0.69207126,3.6,3.3,2.1,A,2.1,True,110.00000000000001
2010-03-20,2009,H,A,0.25427327,0.35325414,0.39247257,2.2,3.2,3.5,A,3.5,False,-100.0
2010-03-20,2009,H,H,0.78440344,0.1600593,0.05553727,1.73,3.6,5.0,H,1.73,True,73.0
2010-03-21,2009,D,A,0.047523964,0.04091137,0.91156465,7.5,4.33,1.44,A,1.44,False,-100.0
2010-03-21,2009,A,D,0.08542118,0.76526487,0.14931391,3.1,3.25,2.38,D,3.25,False,-100.0
2010-03-21,2009,H,H,0.56002414,0.43719515,0.0027807406,1.67,3.75,5.5,H,1.67,True,67.0
2010-03-23,2009,A,H,0.7400558,0.22547671,0.034467522,1.8,3.6,4.5,H,1.8,False,-100.0
2010-03-24,2009,A,A,0.03894056,0.005228746,0.9558307,12.0,5.0,1.3,A,1.3,True,30.000000000000004
2010-03-24,2009,A,D,0.3306253,0.6117376,0.057637136,1.83,3.5,4.33,D,3.5,False,-100.0
2010-03-24,2009,H,A,0.3585903,0.27209422,0.36931553,2.0,3.25,4.0,A,4.0,False,-100.0
2010-03-24,2009,D,H,0.9029683,0.051820084,0.045211643,1.53,3.8,7.0,H,1.53,False,-100.0
2010-03-27,2009,H,H,0.7914142,0.18164133,0.026944503,1.2,6.0,17.0,H,1.2,True,19.999999999999996
2010-03-27,2009,H,A,0.25500914,0.10902457,0.63596624,2.4,3.25,3.0,A,3.0,False,-100.0
2010-03-27,2009,A,A,0.20942609,0.082456686,0.70811725,2.1,3.3,3.6,A,3.6,True,260.0
2010-03-27,2009,A,A,0.117443904,0.36987308,0.51268303,8.5,4.5,1.4,A,1.4,True,39.99999999999999
2010-03-27,2009,D,A,0.13679628,0.026482588,0.8367211,7.0,4.2,1.5,A,1.5,False,-100.0
2010-03-27,2009,H,H,0.7895034,0.116471946,0.0940246,1.4,4.75,8.0,H,1.4,True,39.99999999999999
2010-03-27,2009,D,D,0.3219788,0.35998198,0.31803918,3.8,3.4,2.0,D,3.4,True,240.0
2010-03-28,2009,H,H,0.85238457,0.09967409,0.04794137,1.3,5.25,11.0,H,1.3,True,30.000000000000004
2010-03-28,2009,A,H,0.49116167,0.44937202,0.059466325,2.5,3.25,2.88,H,2.5,False,-100.0
2010-03-29,2009,H,H,0.9036746,0.041210208,0.055115145,1.33,4.75,11.0,H,1.33,True,33.00000000000001
2010-04-03,2009,H,H,0.5122937,0.22027381,0.26743248,3.6,3.3,2.1,H,3.6,True,260.0
2010-04-03,2009,H,H,0.8440394,0.12275329,0.033207353,1.8,3.5,4.5,H,1.8,True,80.0
2010-04-03,2009,D,H,0.48274264,0.2536241,0.26363328,3.3,3.3,2.25,H,3.3,False,-100.0
2010-04-03,2009,A,D,0.27392533,0.6930146,0.03306,2.63,3.2,2.75,D,3.2,False,-100.0
2010-04-03,2009,A,A,0.00860004,0.3629847,0.6284153,5.0,3.8,1.7,A,1.7,True,70.0
2010-04-03,2009,A,A,0.08591672,0.43908274,0.47500053,2.88,3.25,2.5,A,2.5,True,150.0
2010-04-03,2009,H,H,0.51541555,0.46817833,0.016406097,1.22,6.0,15.0,H,1.22,True,21.999999999999996
2010-04-04,2009,D,A,0.105170496,0.06738321,0.8274463,4.5,3.5,1.83,A,1.83,False,-100.0
2010-04-04,2009,D,H,0.932958,0.019231115,0.047810834,1.44,4.33,7.5,H,1.44,False,-100.0
2010-04-04,2009,H,H,0.48709932,0.21155977,0.30134094,2.0,3.4,3.8,H,2.0,True,100.0
2010-04-10,2009,A,H,0.78588396,0.064681865,0.14943418,1.73,3.6,5.0,H,1.73,False,-100.0
2010-04-10,2009,H,H,0.47659674,0.3351107,0.18829261,2.0,3.4,3.8,H,2.0,True,100.0
2010-04-11,2009,H,H,0.72046065,0.26989758,0.009641756,1.4,4.5,8.5,H,1.4,True,39.99999999999999
2010-04-11,2009,D,A,0.3090091,0.27368087,0.41731006,2.3,3.25,3.2,A,3.2,False,-100.0
2010-04-11,2009,D,A,0.06311354,0.43159783,0.50528866,6.5,4.0,1.53,A,1.53,False,-100.0
2010-04-11,2009,D,H,0.68567157,0.30646634,0.007862106,1.29,5.0,13.0,H,1.29,False,-100.0
2010-04-13,2009,H,H,0.96523696,0.03299101,0.0017720498,1.14,8.0,19.0,H,1.14,True,13.99999999999999
2010-04-14,2009,D,H,0.8203632,0.13463457,0.045002144,1.57,3.8,6.5,H,1.57,False,-100.0
2010-04-14,2009,D,D,0.09645365,0.56139207,0.34215426,2.25,3.3,3.3,D,3.3,True,229.99999999999997
2010-04-14,2009,H,A,0.17120658,0.26365173,0.5651417,3.25,3.3,2.25,A,2.25,False,-100.0
2010-04-17,2009,H,D,0.12554733,0.5637495,0.31070322,4.0,3.6,1.91,D,3.6,False,-100.0
2010-04-17,2009,H,H,0.4545544,0.2930525,0.2523931,1.62,3.75,6.0,H,1.62,True,62.000000000000014
2010-04-17,2009,A,H,0.6546164,0.1968406,0.14854299,2.1,3.25,3.75,H,2.1,False,-100.0
2010-04-17,2009,A,D,0.06658073,0.6288797,0.30453953,2.88,3.5,2.4,D,3.5,False,-100.0
2010-04-17,2009,A,D,0.15411946,0.503605,0.3422755,2.8,3.25,2.6,D,3.25,False,-100.0
2010-04-17,2009,D,H,0.74623156,0.11450608,0.13926238,1.73,3.6,5.0,H,1.73,False,-100.0
2010-04-17,2009,D,H,0.5636995,0.27860895,0.15769158,2.1,3.25,3.75,H,2.1,False,-100.0
2010-04-18,2009,A,A,0.0118588945,0.14472938,0.84341174,5.5,3.75,1.67,A,1.67,True,67.0
2010-04-18,2009,H,A,0.12107874,0.02946175,0.8494595,6.5,4.0,1.53,A,1.53,False,-100.0
2010-04-19,2009,H,H,0.89437056,0.10314754,0.002481882,1.33,5.0,10.0,H,1.33,True,33.00000000000001
2010-04-21,2009,A,A,0.0670288,0.091223255,0.841748,3.5,3.4,2.1,A,2.1,True,110.00000000000001
2010-04-24,2009,D,H,0.5973276,0.21653636,0.18613607,2.0,3.5,3.75,H,2.0,False,-100.0
2010-04-24,2009,D,H,0.95669335,0.026851004,0.016455576,1.53,4.0,6.5,H,1.53,False,-100.0
2010-04-24,2009,A,A,0.4200171,0.14317946,0.43680346,2.38,3.4,3.0,A,3.0,True,200.0
2010-04-24,2009,H,H,0.8490535,0.03511858,0.11582789,1.83,3.6,4.33,H,1.83,True,83.0
2010-04-24,2009,D,H,0.41869268,0.23408641,0.34722096,2.2,3.25,3.4,H,2.2,False,-100.0
2010-04-24,2009,H,H,0.6563366,0.25429034,0.089373045,1.5,4.2,7.0,H,1.5,True,50.0
2010-04-25,2009,H,H,0.90165055,0.07624206,0.022107352,1.62,3.75,6.0,H,1.62,True,62.000000000000014
2010-04-25,2009,A,A,0.13895908,0.1555278,0.7055132,5.5,4.0,1.62,A,1.62,True,62.000000000000014
2010-04-25,2009,H,H,0.8231984,0.16214302,0.01465862,1.14,8.0,21.0,H,1.14,True,13.99999999999999
2010-04-25,2009,H,H,0.869918,0.11932257,0.010759473,1.36,4.5,10.0,H,1.36,True,36.00000000000001
2010-05-01,2009,D,D,0.30852205,0.57766336,0.11381454,3.6,3.3,2.1,D,3.3,True,229.99999999999997
2010-05-01,2009,H,H,0.6320219,0.09145272,0.27652538,2.38,3.25,3.1,H,2.38,True,138.0
2010-05-01,2009,H,H,0.7678543,0.1251021,0.10704368,1.29,5.5,10.0,H,1.29,True,29.000000000000004
2010-05-01,2009,H,H,0.7211758,0.14703037,0.13179387,1.5,4.2,7.0,H,1.5,True,50.0
2010-05-01,2009,H,H,0.8300639,0.12528506,0.04465106,1.83,3.6,4.33,H,1.83,True,83.0
2010-05-02,2009,A,A,0.0465337,0.23703468,0.7164317,9.5,4.75,1.36,A,1.36,True,36.00000000000001
2010-05-02,2009,H,H,0.43819597,0.17154706,0.390257,2.38,3.25,3.1,H,2.38,True,138.0
2010-05-02,2009,A,H,0.41681004,0.3769737,0.20621628,4.0,3.8,1.83,H,4.0,False,-100.0
2010-05-03,2009,H,A,0.087448336,0.039551064,0.8730006,3.5,3.4,2.1,A,2.1,False,-100.0
2010-05-03,2009,D,D,0.06720607,0.88056874,0.052225213,1.8,3.6,4.5,D,3.6,True,260.0
2010-05-05,2009,A,D,0.22234021,0.4310908,0.34656894,2.1,3.3,3.6,D,3.3,False,-100.0
2010-05-05,2009,A,H,0.53177243,0.20160584,0.26662168,2.0,3.4,3.8,H,2.0,False,-100.0
2010-05-09,2009,H,H,0.693889,0.09110929,0.21500172,2.25,3.3,3.3,H,2.25,True,125.0
2010-05-09,2009,H,H,0.93653595,0.05569479,0.0077691884,1.2,7.0,13.0,H,1.2,True,19.999999999999996
2010-05-09,2009,H,H,0.9649285,0.03297017,0.0021013578,1.1,10.0,23.0,H,1.1,True,10.000000000000009
2010-05-09,2009,A,H,0.7146284,0.15441178,0.13095982,1.57,4.0,6.0,H,1.57,False,-100.0
2010-05-09,2009,H,A,0.1064047,0.086463,0.80713236,7.0,4.2,1.5,A,1.5,False,-100.0
2010-05-09,2009,H,H,0.47333106,0.32081985,0.20584904,2.25,3.4,3.25,H,2.25,True,125.0
2010-05-09,2009,H,H,0.95478106,0.019734368,0.025484536,1.13,8.0,23.0,H,1.13,True,12.99999999999999
2010-05-09,2009,D,A,0.047612797,0.16803859,0.78434867,4.0,3.6,1.91,A,1.91,False,-100.0
2010-05-09,2009,D,A,0.06295172,0.121004894,0.81604344,6.5,3.8,1.57,A,1.57,False,-100.0
2010-05-09,2009,H,H,0.7750498,0.15559058,0.06935965,1.29,5.5,11.0,H,1.29,True,29.000000000000004
2010-08-14,2010,D,H,0.42160872,0.41829956,0.16009168,2.4,3.3,3.0,H,2.4,False,-100.0
2010-08-14,2010,D,H,0.6050737,0.27734706,0.117579214,2.1,3.3,3.6,H,2.1,False,-100.0
2010-08-14,2010,H,H,0.615335,0.33322883,0.051436163,2.3,3.25,3.2,H,2.3,True,129.99999999999997
2010-08-14,2010,D,H,0.67848796,0.20573412,0.115777925,2.2,3.3,3.4,H,2.2,False,-100.0
2010-08-14,2010,H,D,0.14414673,0.80149627,0.054357044,2.88,3.25,2.5,D,3.25,False,-100.0
2010-08-14,2010,H,H,0.5875217,0.27380636,0.13867195,2.0,3.3,4.0,H,2.0,True,100.0
2010-08-14,2010,H,D,0.39381617,0.5892433,0.01694059,1.17,7.0,17.0,D,7.0,False,-100.0
2010-08-15,2010,D,H,0.40639493,0.39786726,0.19573787,2.5,3.25,2.88,H,2.5,False,-100.0
2010-08-16,2010,H,D,0.4314501,0.5619462,0.006603699,1.25,5.5,15.0,D,5.5,False,-100.0
2010-08-21,2010,A,H,0.7177757,0.043697268,0.23852703,3.4,3.3,2.2,H,3.4,False,-100.0
2010-08-21,2010,H,H,0.95144206,0.035736457,0.012821416,1.17,7.0,19.0,H,1.17,True,16.999999999999993
2010-08-21,2010,H,A,0.20622624,0.36274743,0.43102634,2.2,3.25,3.4,A,3.4,False,-100.0
2010-08-21,2010,D,H,0.66128683,0.3337363,0.0049769073,1.5,4.0,7.0,H,1.5,False,-100.0
2010-08-21,2010,A,A,0.043772954,0.20558637,0.75064063,15.0,6.0,1.22,A,1.22,True,21.999999999999996
2010-08-21,2010,H,D,0.2727303,0.4180641,0.30920565,2.5,3.25,2.88,D,3.25,False,-100.0
2010-08-21,2010,A,D,0.33871594,0.38964823,0.27163586,2.25,3.3,3.25,D,3.3,False,-100.0
2010-08-22,2010,D,A,0.11177073,0.034188077,0.8540412,6.0,4.0,1.57,A,1.57,False,-100.0
2010-08-22,2010,H,H,0.41070303,0.30062217,0.28867483,3.2,3.25,2.3,H,3.2,True,220.00000000000003
2010-08-23,2010,H,H,0.46390563,0.2557029,0.28039142,2.38,3.25,3.1,H,2.38,True,138.0
2010-08-28,2010,D,A,0.32243818,0.10589632,0.5716655,2.4,3.2,3.1,A,3.1,False,-100.0
2010-08-28,2010,A,D,0.13712886,0.8593425,0.003528556,1.25,5.75,13.0,D,5.75,False,-100.0
2010-08-28,2010,H,H,0.9083865,0.08967988,0.0019336126,1.14,8.0,19.0,H,1.14,True,13.99999999999999
2010-08-28,2010,D,A,0.055231504,0.34519672,0.59957176,3.2,3.25,2.3,A,2.3,False,-100.0
2010-08-28,2010,A,D,0.049896322,0.58409166,0.36601204,6.0,4.0,1.57,D,4.0,False,-100.0
2010-08-28,2010,H,H,0.69727457,0.118655875,0.18406951,1.11,9.0,23.0,H,1.11,True,11.00000000000001
2010-08-29,2010,H,H,0.94248325,0.03850273,0.019013962,1.22,6.0,15.0,H,1.22,True,21.999999999999996
2010-08-29,2010,H,A,0.11779402,0.26114625,0.6210597,4.5,3.5,1.83,A,1.83,False,-100.0
2010-08-29,2010,H,A,0.26159728,0.33649322,0.40190956,2.5,3.25,2.88,A,2.88,False,-100.0
2010-08-29,2010,D,H,0.52923465,0.21537234,0.25539303,2.1,3.3,3.6,H,2.1,False,-100.0
2010-09-11,2010,D,A,0.20725426,0.27329707,0.51944864,3.75,3.25,2.1,A,2.1,False,-100.0
2010-09-11,2010,D,A,0.11996976,0.22771955,0.65231067,2.5,3.25,2.88,A,2.88,False,-100.0
2010-09-11,2010,A,A,0.067328125,0.061759576,0.8709123,10.0,5.0,1.33,A,1.33,True,33.00000000000001
2010-09-11,2010,A,H,0.77328414,0.1860167,0.0406992,1.57,4.0,6.0,H,1.57,False,-100.0
2010-09-11,2010,D,H,0.95576656,0.03878533,0.005448188,1.33,5.0,10.0,H,1.33,False,-100.0
2010-09-11,2010,H,H,0.7354965,0.12607302,0.13843042,1.83,3.5,4.5,H,1.83,True,83.0
2010-09-11,2010,D,H,0.5262318,0.07687879,0.39688942,4.2,3.4,1.91,H,4.2,False,-100.0
2010-09-11,2010,H,H,0.89958173,0.09428524,0.0061330204,1.25,5.5,13.0,H,1.25,True,25.0
2010-09-12,2010,D,A,0.12677363,0.3704772,0.50274915,3.1,3.2,2.4,A,2.4,False,-100.0
2010-09-13,2010,H,D,0.40322936,0.40718699,0.18958366,2.5,3.25,2.88,D,3.25,False,-100.0
2010-09-18,2010,A,H,0.9011067,0.08283092,0.016062401,1.62,3.75,6.0,H,1.62,False,-100.0
2010-09-18,2010,D,H,0.7238881,0.059440218,0.21667168,1.8,3.6,4.5,H,1.8,False,-100.0
2010-09-18,2010,D,D,0.3008123,0.48440433,0.2147833,2.0,3.3,4.0,D,3.3,True,229.99999999999997
2010-09-18,2010,D,H,0.5504916,0.3744853,0.07502313,1.91,3.4,4.2,H,1.91,False,-100.0
2010-09-18,2010,H,H,0.9354857,0.053082436,0.011431865,1.4,4.5,8.5,H,1.4,True,39.99999999999999
2010-09-18,2010,H,H,0.48312613,0.26051298,0.25636083,2.25,3.3,3.25,H,2.25,True,125.0
2010-09-18,2010,D,A,0.15835519,0.20897347,0.6326713,5.5,3.7,1.67,A,1.67,False,-100.0
2010-09-19,2010,H,H,0.858133,0.13399202,0.007874964,1.1,9.0,26.0,H,1.1,True,10.000000000000009
2010-09-19,2010,H,H,0.7671428,0.22817457,0.0046826946,1.7,3.5,5.5,H,1.7,True,70.0
2010-09-19,2010,A,D,0.20014147,0.6248701,0.17498842,5.0,3.6,1.73,D,3.6,False,-100.0
2010-09-25,2010,A,H,0.95977676,0.03863635,0.0015868812,1.22,6.0,15.0,H,1.22,False,-100.0
2010-09-25,2010,D,H,0.7160305,0.11127047,0.17269905,1.83,3.5,4.5,H,1.83,False,-100.0
2010-09-25,2010,A,A,0.19744551,0.2522302,0.55032426,3.2,3.25,2.3,A,2.3,True,129.99999999999997
2010-09-25,2010,H,A,0.37114224,0.21069142,0.41816637,3.5,3.4,2.1,A,2.1,False,-100.0
2010-09-25,2010,D,H,0.8402101,0.051174413,0.1086155,1.44,4.33,7.5,H,1.44,False,-100.0
2010-09-25,2010,H,A,0.10204532,0.37415305,0.5238016,3.6,3.3,2.1,A,2.1,False,-100.0
2010-09-25,2010,D,H,0.7014712,0.1182199,0.18030894,2.75,3.2,2.63,H,2.75,False,-100.0
2010-09-26,2010,D,D,0.08492218,0.5870412,0.3280366,7.5,4.0,1.5,D,4.0,True,300.0
2010-09-26,2010,A,H,0.44940865,0.3026047,0.24798664,1.91,3.4,4.2,H,1.91,False,-100.0
2010-09-26,2010,A,D,0.3374341,0.35713863,0.3054272,2.88,3.25,2.5,D,3.25,False,-100.0
2010-10-02,2010,D,D,0.032706767,0.6088593,0.35843393,5.0,3.5,1.75,D,3.5,True,250.0
2010-10-02,2010,A,A,0.26623526,0.10381346,0.62995124,2.88,3.1,2.63,A,2.63,True,163.0
2010-10-02,2010,H,H,0.35852486,0.33350024,0.30797487,2.25,3.2,3.4,H,2.25,True,125.0
2010-10-02,2010,H,H,0.48223278,0.42464048,0.09312671,2.25,3.25,3.3,H,2.25,True,125.0
2010-10-02,2010,H,H,0.48619065,0.40179458,0.11201479,1.91,3.5,4.0,H,1.91,True,90.99999999999999
2010-10-02,2010,D,A,0.36764815,0.16783613,0.46451575,2.1,3.25,3.75,A,3.75,False,-100.0
2010-10-02,2010,D,H,0.53320193,0.36888003,0.097918,2.25,3.25,3.3,H,2.25,False,-100.0
2010-10-03,2010,H,H,0.79710805,0.18691926,0.015972665,1.44,4.0,8.5,H,1.44,True,43.99999999999999
2010-10-03,2010,A,H,0.94381785,0.04538306,0.010799028,1.33,5.0,10.0,H,1.33,False,-100.0
2010-10-03,2010,H,H,0.6876418,0.022200936,0.29015723,1.73,3.6,5.0,H,1.73,True,73.0
2010-10-16,2010,A,D,0.19236058,0.44113496,0.3665045,2.88,3.25,2.5,D,3.25,False,-100.0
2010-10-16,2010,H,H,0.87555814,0.120720446,0.003721427,1.29,5.5,11.0,H,1.29,True,29.000000000000004
2010-10-16,2010,H,H,0.49413297,0.3036222,0.20224486,2.2,3.2,3.5,H,2.2,True,120.00000000000001
2010-10-16,2010,D,H,0.5633654,0.06600537,0.37062925,1.83,3.5,4.5,H,1.83,False,-100.0
2010-10-16,2010,D,H,0.81310654,0.05732601,0.12956747,1.25,5.75,12.0,H,1.25,False,-100.0
2010-10-16,2010,D,D,0.41900688,0.42296144,0.15803169,2.25,3.2,3.4,D,3.2,True,220.00000000000003
2010-10-16,2010,D,A,0.13000576,0.16552857,0.7044657,5.0,3.6,1.73,A,1.73,False,-100.0
2010-10-17,2010,A,A,0.05533786,0.22937894,0.71528316,5.5,4.0,1.62,A,1.62,True,62.000000000000014
2010-10-17,2010,H,H,0.6324153,0.14605385,0.22153082,2.4,3.25,3.0,H,2.4,True,140.0
2010-10-18,2010,D,H,0.6866242,0.103657566,0.2097182,2.1,3.3,3.6,H,2.1,False,-100.0
2010-10-23,2010,H,A,0.2691276,0.11029559,0.62057674,2.4,3.25,3.0,A,3.0,False,-100.0
2010-10-23,2010,D,D,0.2933039,0.5982041,0.10849202,2.38,3.25,3.1,D,3.25,True,225.0
2010-10-23,2010,H,A,0.18095975,0.24414285,0.57489735,2.2,3.25,3.4,A,3.4,False,-100.0
2010-10-23,2010,D,H,0.762457,0.19919433,0.03834865,2.1,3.25,3.75,H,2.1,False,-100.0
2010-10-23,2010,A,A,0.26146072,0.17235367,0.56618565,2.38,3.25,3.1,A,3.1,True,210.0
2010-10-23,2010,H,H,0.98010945,0.019258315,0.00063223403,1.13,8.5,19.0,H,1.13,True,12.99999999999999
2010-10-23,2010,H,H,0.7963139,0.055162627,0.14852343,1.83,3.6,4.33,H,1.83,True,83.0
2010-10-24,2010,A,H,0.6055224,0.3064644,0.088013224,2.5,3.2,2.9,H,2.5,False,-100.0
2010-10-24,2010,A,A,0.01932071,0.30237296,0.6783063,5.5,3.75,1.67,A,1.67,True,67.0
2010-10-24,2010,H,H,0.56355286,0.3295409,0.10690621,1.67,3.6,5.5,H,1.67,True,67.0
2010-10-30,2010,H,H,0.8159908,0.12980017,0.054209035,1.57,4.0,6.0,H,1.57,True,57.00000000000001
2010-10-30,2010,H,H,0.5805252,0.051721815,0.36775297,1.91,3.4,4.2,H,1.91,True,90.99999999999999
2010-10-30,2010,H,H,0.7945828,0.12508118,0.080336064,1.57,3.75,6.5,H,1.57,True,57.00000000000001
2010-10-30,2010,H,H,0.9913476,0.006863767,0.001788587,1.17,7.0,17.0,H,1.17,True,16.999999999999993
2010-10-30,2010,H,A,0.13748232,0.032143105,0.83037454,5.5,3.4,1.73,A,1.73,False,-100.0
2010-10-30,2010,A,A,0.03650712,0.058646828,0.9048461,7.5,4.33,1.44,A,1.44,True,43.99999999999999
2010-10-31,2010,A,H,0.47189602,0.12363809,0.40446585,3.4,3.25,2.2,H,3.4,False,-100.0
2010-10-31,2010,H,A,0.41004124,0.13733888,0.45261988,2.2,3.2,3.5,A,3.5,False,-100.0
2010-10-31,2010,D,H,0.75779176,0.15334132,0.088866845,1.8,3.6,4.5,H,1.8,False,-100.0
2010-11-01,2010,H,H,0.50034463,0.370689,0.12896638,2.9,3.25,2.5,H,2.9,True,190.0
2010-11-06,2010,H,H,0.8096546,0.07478846,0.115556896,2.1,3.2,3.75,H,2.1,True,110.00000000000001
2010-11-06,2010,H,H,0.95607305,0.034800954,0.009126036,1.22,6.0,15.0,H,1.22,True,21.999999999999996
2010-11-06,2010,H,A,0.13255751,0.2369151,0.63052744,3.0,3.3,2.4,A,2.4,False,-100.0
2010-11-06,2010,D,H,0.56415147,0.19551209,0.24033646,2.2,3.25,3.4,H,2.2,False,-100.0
2010-11-06,2010,H,H,0.71710736,0.14162481,0.14126784,1.8,3.6,4.5,H,1.8,True,80.0
2010-11-06,2010,D,H,0.4425044,0.3076652,0.24983044,1.91,3.4,4.2,H,1.91,False,-100.0
2010-11-06,2010,D,A,0.042361535,0.15326695,0.80437154,4.5,3.6,1.8,A,1.8,False,-100.0
2010-11-07,2010,H,D,0.36492425,0.5058121,0.12926364,3.8,3.4,2.0,D,3.4,False,-100.0
2010-11-07,2010,A,H,0.874205,0.122566074,0.0032289831,1.29,5.5,11.0,H,1.29,False,-100.0
2010-11-07,2010,A,A,0.13851139,0.2691183,0.59237033,3.6,3.3,2.1,A,2.1,True,110.00000000000001
2010-11-09,2010,D,H,0.8132917,0.13795751,0.048750803,1.53,4.0,6.5,H,1.53,False,-100.0
2010-11-09,2010,H,H,0.45465598,0.104654096,0.44068995,2.1,3.2,3.75,H,2.1,True,110.00000000000001
2010-11-10,2010,D,H,0.4894023,0.21618325,0.29441446,2.3,3.25,3.2,H,2.3,False,-100.0
2010-11-10,2010,A,A,0.077015616,0.11220506,0.8107793,5.5,3.6,1.67,A,1.67,True,67.0
2010-11-10,2010,D,H,0.38457993,0.3434653,0.27195475,4.75,3.6,1.75,H,4.75,False,-100.0
2010-11-10,2010,A,H,0.52756965,0.15789866,0.31453165,1.91,3.4,4.2,H,1.91,False,-100.0
2010-11-10,2010,H,H,0.94883806,0.037423495,0.013738424,1.2,6.5,15.0,H,1.2,True,19.999999999999996
2010-11-10,2010,D,H,0.71666884,0.25379646,0.029534707,1.62,3.75,6.0,H,1.62,False,-100.0
2010-11-10,2010,H,H,0.576656,0.09043257,0.3329114,1.62,3.75,6.0,H,1.62,True,62.000000000000014
2010-11-10,2010,D,D,0.15871806,0.47859225,0.36268967,2.63,3.25,2.75,D,3.25,True,225.0
2010-11-13,2010,H,H,0.92942715,0.039546486,0.031026347,1.57,3.8,6.5,H,1.57,True,57.00000000000001
2010-11-13,2010,D,H,0.7405322,0.14692725,0.112540506,1.91,3.6,4.0,H,1.91,False,-100.0
2010-11-13,2010,H,A,0.29776,0.1693214,0.5329186,3.75,3.25,2.1,A,2.1,False,-100.0
2010-11-13,2010,H,H,0.63944167,0.18457723,0.17598103,2.5,3.25,2.88,H,2.5,True,150.0
2010-11-13,2010,D,H,0.8130265,0.17751987,0.00945369,1.4,4.5,8.5,H,1.4,False,-100.0
2010-11-13,2010,D,A,0.035670906,0.12432963,0.83999944,4.5,3.6,1.8,A,1.8,False,-100.0
2010-11-13,2010,D,H,0.43861628,0.3307096,0.23067407,1.91,3.4,4.2,H,1.91,False,-100.0
2010-11-13,2010,A,A,0.12584649,0.15493208,0.7192215,2.4,3.1,3.2,A,3.2,True,220.00000000000003
2010-11-14,2010,A,H,0.7000984,0.24844,0.051461577,1.22,5.75,15.0,H,1.22,False,-100.0
2010-11-14,2010,A,A,0.33971387,0.15441293,0.5058732,3.4,3.3,2.2,A,2.2,True,120.00000000000001
2010-11-20,2010,A,H,0.5951452,0.26241708,0.14243765,1.62,4.0,5.5,H,1.62,False,-100.0
2010-11-20,2010,H,H,0.44377115,0.40228128,0.15394755,2.5,3.3,2.88,H,2.5,True,150.0
2010-11-20,2010,H,A,0.10966202,0.26236334,0.6279746,5.0,3.6,1.73,A,1.73,False,-100.0
2010-11-20,2010,H,H,0.83934385,0.08778259,0.07287361,1.57,3.8,6.5,H,1.57,True,57.00000000000001
2010-11-20,2010,H,D,0.3446599,0.52454966,0.13079049,2.1,3.3,3.6,D,3.3,False,-100.0
2010-11-20,2010,H,H,0.81405467,0.1643342,0.021611111,1.22,6.0,15.0,H,1.22,True,21.999999999999996
2010-11-20,2010,A,H,0.7794409,0.12266993,0.09788913,2.2,3.2,3.5,H,2.2,False,-100.0
2010-11-21,2010,H,A,0.25744522,0.2980941,0.4444607,2.3,3.25,3.25,A,3.25,False,-100.0
2010-11-21,2010,A,A,0.23576379,0.0704054,0.6938308,3.2,3.1,2.4,A,2.4,True,140.0
2010-11-22,2010,D,H,0.4337839,0.32420415,0.24201196,2.6,3.2,2.8,H,2.6,False,-100.0
2010-11-27,2010,D,A,0.21670648,0.14923947,0.63405406,2.0,3.3,4.0,A,4.0,False,-100.0
2010-11-27,2010,A,A,0.2706673,0.1560256,0.5733071,3.4,3.3,2.2,A,2.2,True,120.00000000000001
2010-11-27,2010,D,H,0.8582028,0.0596559,0.08214128,1.57,4.2,5.5,H,1.57,False,-100.0
2010-11-27,2010,A,H,0.8575685,0.13262452,0.009806954,1.57,3.8,6.5,H,1.57,False,-100.0
2010-11-27,2010,H,D,0.3348638,0.39599553,0.2691406,2.6,3.2,2.8,D,3.2,False,-100.0
2010-11-27,2010,H,H,0.7425683,0.2507559,0.0066757826,1.25,5.5,13.0,H,1.25,True,25.0
2010-11-27,2010,D,D,0.15143153,0.4306446,0.41792387,3.4,3.25,2.2,D,3.25,True,225.0
2010-11-27,2010,H,H,0.4500383,0.26942778,0.28053385,2.0,3.5,3.75,H,2.0,True,100.0
2010-11-28,2010,D,A,0.193864,0.27093458,0.53520143,5.0,3.6,1.73,A,1.73,False,-100.0
2010-11-28,2010,H,H,0.5394719,0.28318527,0.1773428,2.0,3.4,3.8,H,2.0,True,100.0
2010-12-04,2010,D,A,0.1987676,0.08607678,0.7151556,3.5,3.4,2.1,A,2.1,False,-100.0
2010-12-04,2010,H,H,0.73890036,0.2379444,0.023155227,1.29,5.25,12.0,H,1.29,True,29.000000000000004
2010-12-04,2010,H,H,0.49781004,0.110422336,0.39176762,1.73,3.6,5.0,H,1.73,True,73.0
2010-12-04,2010,D,A,0.3405392,0.18214399,0.47731686,2.75,3.2,2.63,A,2.63,False,-100.0
2010-12-04,2010,H,H,0.6328044,0.20857403,0.15862161,1.53,4.0,6.5,H,1.53,True,53.0
2010-12-04,2010,D,H,0.8390218,0.12111663,0.039861582,1.36,4.75,9.0,H,1.36,False,-100.0
2010-12-05,2010,H,H,0.639574,0.26560712,0.0948189,1.83,3.5,4.5,H,1.83,True,83.0
2010-12-05,2010,H,H,0.8156562,0.07233715,0.112006634,2.25,3.3,3.25,H,2.25,True,125.0
2010-12-06,2010,H,H,0.7089365,0.19418608,0.09687747,1.62,3.75,6.0,H,1.62,True,62.000000000000014
2010-12-11,2010,A,A,0.09348738,0.35097462,0.555538,4.5,3.6,1.8,A,1.8,True,80.0
2010-12-11,2010,H,D,0.35791406,0.36891377,0.2731721,3.8,3.4,2.0,D,3.4,False,-100.0
2010-12-11,2010,A,H,0.6128795,0.3338049,0.053315587,1.62,4.0,5.5,H,1.62,False,-100.0
2010-12-11,2010,D,H,0.83668315,0.15777998,0.0055368342,1.4,4.5,9.0,H,1.4,False,-100.0
2010-12-11,2010,H,H,0.6842874,0.18389796,0.13181458,2.1,3.3,3.6,H,2.1,True,110.00000000000001
2010-12-11,2010,D,A,0.25591397,0.23132879,0.5127573,2.2,3.25,3.4,A,3.4,False,-100.0
2010-12-12,2010,D,H,0.5267644,0.31867743,0.15455817,2.8,3.25,2.6,H,2.8,False,-100.0
2010-12-12,2010,H,H,0.5821585,0.27995226,0.1378892,2.0,3.3,4.0,H,2.0,True,100.0
2010-12-12,2010,H,H,0.79218024,0.18099089,0.026828902,2.4,3.25,3.0,H,2.4,True,140.0
2010-12-13,2010,H,D,0.47229484,0.48252398,0.04518116,2.0,3.4,3.8,D,3.4,False,-100.0
2010-12-18,2010,D,H,0.5521278,0.12928836,0.31858385,1.8,3.6,4.5,H,1.8,False,-100.0
2010-12-18,2010,H,D,0.21819368,0.5278482,0.25395808,2.2,3.2,3.5,D,3.2,False,-100.0
2010-12-20,2010,A,H,0.65453136,0.30693612,0.038532525,1.73,3.6,5.0,H,1.73,False,-100.0
2010-12-26,2010,A,A,0.41366822,0.10665333,0.4796785,3.2,3.3,2.3,A,2.3,True,129.99999999999997
2010-12-26,2010,A,D,0.3295558,0.33714837,0.33329582,2.3,3.2,3.2,D,3.2,False,-100.0
2010-12-26,2010,A,A,0.29141834,0.04700192,0.6615797,3.25,3.25,2.25,A,2.25,True,125.0
2010-12-26,2010,H,H,0.56878144,0.3877017,0.04351689,2.1,3.25,3.75,H,2.1,True,110.00000000000001
2010-12-26,2010,H,H,0.91518027,0.07858495,0.006234767,1.29,5.5,11.0,H,1.29,True,29.000000000000004
2010-12-26,2010,A,H,0.57665914,0.30003816,0.12330266,2.1,3.3,3.6,H,2.1,False,-100.0
2010-12-26,2010,A,H,0.81633437,0.13812196,0.0455437,1.91,3.4,4.2,H,1.91,False,-100.0
2010-12-27,2010,H,A,0.28852466,0.2071428,0.50433254,2.63,3.2,2.75,A,2.75,False,-100.0
2010-12-28,2010,A,H,0.5369986,0.17913985,0.28386155,1.83,3.4,4.75,H,1.83,False,-100.0
2010-12-28,2010,D,A,0.07596038,0.443587,0.4804526,3.4,3.2,2.25,A,2.25,False,-100.0
2010-12-28,2010,A,H,0.61205214,0.16798839,0.21995947,1.83,3.5,4.5,H,1.83,False,-100.0
2010-12-28,2010,A,H,0.6610164,0.2686927,0.07029093,1.62,3.75,6.0,H,1.62,False,-100.0
2010-12-28,2010,H,H,0.7694714,0.12552392,0.1050047,1.53,4.0,6.5,H,1.53,True,53.0
2010-12-28,2010,H,H,0.673783,0.30712566,0.019091336,1.44,4.2,8.0,H,1.44,True,43.99999999999999
2010-12-28,2010,D,A,0.004107837,0.038133502,0.95775867,6.5,4.33,1.5,A,1.5,False,-100.0
2010-12-29,2010,D,A,0.047030065,0.21458347,0.7383864,6.5,4.2,1.5,A,1.5,False,-100.0
2010-12-29,2010,H,H,0.9670573,0.024657255,0.008285471,1.29,5.5,11.0,H,1.29,True,29.000000000000004
2010-12-29,2010,A,H,0.6657261,0.2856881,0.04858573,1.33,5.0,10.0,H,1.33,False,-100.0
2011-01-01,2010,H,H,0.83226824,0.10271134,0.0650204,1.7,3.75,5.0,H,1.7,True,70.0
2011-01-01,2010,A,A,0.07581105,0.034851436,0.88933754,6.0,4.2,1.53,A,1.53,True,53.0
2011-01-01,2010,H,A,0.3287951,0.1562888,0.5149161,2.0,3.4,3.8,A,3.8,False,-100.0
2011-01-01,2010,H,D,0.46490377,0.49473324,0.04036296,1.83,3.5,4.5,D,3.5,False,-100.0
2011-01-01,2010,H,H,0.88429564,0.11193409,0.00377025,1.4,4.5,8.5,H,1.4,True,39.99999999999999
2011-01-01,2010,H,H,0.84269124,0.14567243,0.011636299,1.29,5.5,10.0,H,1.29,True,29.000000000000004
2011-01-01,2010,A,A,0.056514215,0.14463016,0.7988556,5.5,3.6,1.67,A,1.67,True,67.0
2011-01-01,2010,H,H,0.79006124,0.10871333,0.10122545,2.63,3.2,2.75,H,2.63,True,163.0
2011-01-02,2010,D,H,0.8262881,0.15884377,0.014868164,1.25,5.5,13.0,H,1.25,False,-100.0
2011-01-02,2010,A,A,0.30069155,0.17831539,0.52099305,2.5,3.2,2.9,A,2.9,True,190.0
2011-01-04,2010,A,H,0.524173,0.25293368,0.2228933,2.3,3.25,3.25,H,2.3,False,-100.0
2011-01-04,2010,H,H,0.6878198,0.1447026,0.1674776,2.2,3.25,3.4,H,2.2,True,120.00000000000001
2011-01-04,2010,H,H,0.83426327,0.15286937,0.012867405,1.25,5.75,12.0,H,1.25,True,25.0
2011-01-05,2010,H,H,0.48919132,0.24434088,0.26646784,2.63,3.25,2.75,H,2.63,True,163.0
2011-01-05,2010,H,A,0.023019174,0.045313437,0.9316673,8.0,4.2,1.44,A,1.44,False,-100.0
2011-01-05,2010,D,H,0.70563453,0.22690849,0.06745698,1.73,3.6,5.0,H,1.73,False,-100.0
2011-01-05,2010,H,D,0.24301341,0.4292802,0.3277064,3.4,3.25,2.2,D,3.25,False,-100.0
2011-01-05,2010,A,D,0.15163665,0.43821537,0.41014796,2.2,3.25,3.4,D,3.25,False,-100.0
2011-01-05,2010,D,D,0.39829892,0.53694475,0.06475635,1.91,3.6,4.0,D,3.6,True,260.0
2011-01-05,2010,H,H,0.5477765,0.2793606,0.17286286,1.83,3.6,4.33,H,1.83,True,83.0
2011-01-12,2010,H,A,0.044810012,0.08900965,0.86618036,3.8,3.75,1.91,A,1.91,False,-100.0
2011-01-15,2010,D,A,0.41845858,0.15366027,0.42788118,2.5,3.25,2.88,A,2.88,False,-100.0
2011-01-15,2010,H,H,0.5281808,0.42283824,0.048981026,1.8,3.6,4.5,H,1.8,True,80.0
2011-01-15,2010,A,D,0.032273997,0.6995522,0.2681738,6.0,4.0,1.57,D,4.0,False,-100.0
2011-01-15,2010,H,H,0.87517524,0.110611945,0.014212821,1.33,5.0,10.0,H,1.33,True,33.00000000000001
2011-01-15,2010,H,D,0.29880413,0.63959616,0.061599746,1.29,5.5,11.0,D,5.5,False,-100.0
2011-01-15,2010,H,H,0.5653066,0.20539723,0.2292962,2.1,3.25,3.75,H,2.1,True,110.00000000000001
2011-01-16,2010,D,H,0.6024481,0.1613144,0.23623751,2.4,3.2,3.1,H,2.4,False,-100.0
2011-01-16,2010,D,D,0.22998273,0.40281826,0.36719897,2.2,3.2,3.5,D,3.2,True,220.00000000000003
2011-01-16,2010,D,D,0.07894879,0.72224665,0.19880456,2.2,3.25,3.4,D,3.25,True,225.0
2011-01-16,2010,D,D,0.09002479,0.5012731,0.40870214,2.88,3.3,2.5,D,3.3,True,229.99999999999997
2011-01-22,2010,H,H,0.96380025,0.034805875,0.0013938338,1.2,6.5,15.0,H,1.2,True,19.999999999999996
2011-01-22,2010,D,H,0.41222528,0.22765759,0.36011708,1.5,4.0,7.5,H,1.5,False,-100.0
2011-01-22,2010,H,A,0.31210726,0.22114336,0.4667494,3.5,3.4,2.1,A,2.1,False,-100.0
2011-01-22,2010,A,H,0.5709799,0.17394018,0.25507987,2.5,3.25,2.88,H,2.5,False,-100.0
2011-01-22,2010,A,A,0.14371467,0.046421036,0.8098643,3.4,3.2,2.25,A,2.25,True,125.0
2011-01-22,2010,H,H,0.9898398,0.008335,0.0018252251,1.2,6.5,15.0,H,1.2,True,19.999999999999996
2011-01-22,2010,D,A,0.34145728,0.22396351,0.43457916,3.5,3.4,2.1,A,2.1,False,-100.0
2011-01-22,2010,H,H,0.5864571,0.267743,0.14579993,2.2,3.2,3.5,H,2.2,True,120.00000000000001
2011-01-23,2010,H,A,0.35856482,0.20542155,0.43601367,2.25,3.3,3.25,A,3.25,False,-100.0
2011-01-24,2010,A,A,0.040420327,0.40883288,0.5507468,6.0,3.75,1.62,A,1.62,True,62.000000000000014
2011-01-25,2010,A,A,0.14048871,0.0359547,0.82355654,8.0,5.0,1.36,A,1.36,True,36.00000000000001
2011-01-25,2010,A,A,0.38651204,0.16624676,0.4472412,3.2,3.25,2.3,A,2.3,True,129.99999999999997
2011-01-26,2010,H,D,0.44776672,0.49668446,0.055548873,1.53,3.8,7.0,D,3.8,False,-100.0
2011-02-01,2010,H,H,0.83940756,0.15579736,0.004795049,1.4,4.5,8.5,H,1.4,True,39.99999999999999
2011-02-01,2010,H,H,0.75659543,0.2200503,0.02335426,1.33,5.0,9.5,H,1.33,True,33.00000000000001
2011-02-01,2010,A,A,0.02225036,0.06802179,0.9097279,5.5,3.6,1.67,A,1.67,True,67.0
2011-02-01,2010,D,H,0.51743317,0.4483686,0.034198284,1.73,3.6,5.0,H,1.73,False,-100.0
2011-02-02,2010,A,A,0.20740464,0.30416536,0.48843002,3.25,3.4,2.2,A,2.2,True,120.00000000000001
2011-02-02,2010,H,H,0.6511392,0.26138997,0.08747082,1.83,3.5,4.5,H,1.83,True,83.0
2011-02-02,2010,D,A,0.2698694,0.16469108,0.5654395,4.5,3.5,1.83,A,1.83,False,-100.0
2011-02-02,2010,H,H,0.6802156,0.28759104,0.0321934,1.62,3.75,6.0,H,1.62,True,62.000000000000014
2011-02-02,2010,H,H,0.4649592,0.34787282,0.18716799,2.1,3.3,3.6,H,2.1,True,110.00000000000001
2011-02-02,2010,A,D,0.31626153,0.522731,0.16100748,2.38,3.3,3.0,D,3.3,False,-100.0
2011-02-05,2010,H,H,0.8125199,0.079602994,0.107877165,1.44,4.5,7.0,H,1.44,True,43.99999999999999
2011-02-05,2010,D,H,0.47729883,0.3687391,0.15396206,1.91,3.4,4.2,H,1.91,False,-100.0
2011-02-05,2010,H,H,0.8728057,0.08339513,0.04379914,1.4,4.5,8.5,H,1.4,True,39.99999999999999
2011-02-05,2010,D,D,0.2723007,0.40140295,0.3262964,5.0,4.0,1.67,D,4.0,True,300.0
2011-02-05,2010,H,A,0.123232,0.2727294,0.6040386,2.1,3.2,3.75,A,3.75,False,-100.0
2011-02-05,2010,H,A,0.25526053,0.051498424,0.69324106,8.5,4.5,1.4,A,1.4,False,-100.0
2011-02-05,2010,H,H,0.43493763,0.3079935,0.25706887,1.57,4.0,6.0,H,1.57,True,57.00000000000001
2011-02-05,2010,H,D,0.33505732,0.42219943,0.24274322,2.5,3.25,2.9,D,3.25,False,-100.0
2011-02-06,2010,A,H,0.9745224,0.02096385,0.0045137517,1.62,4.0,5.5,H,1.62,False,-100.0
2011-02-06,2010,A,H,0.6595917,0.15892535,0.18148294,2.0,3.5,3.75,H,2.0,False,-100.0
2011-02-12,2010,D,A,0.27729124,0.22137545,0.5013333,3.25,3.4,2.2,A,2.2,False,-100.0
2011-02-12,2010,D,H,0.6054729,0.20191032,0.19261678,2.1,3.4,3.5,H,2.1,False,-100.0
2011-02-12,2010,H,H,0.8862972,0.061820697,0.051882125,1.22,6.0,15.0,H,1.22,True,21.999999999999996
2011-02-12,2010,H,A,0.09368763,0.06547803,0.8408343,2.5,3.2,2.9,A,2.9,False,-100.0
2011-02-12,2010,A,D,0.34411013,0.50565386,0.15023601,2.75,3.25,2.6,D,3.25,False,-100.0
2011-02-12,2010,D,H,0.5147176,0.38149697,0.10378549,1.91,3.6,4.0,H,1.91,False,-100.0
2011-02-12,2010,H,H,0.7304656,0.25623173,0.013302608,1.73,3.6,5.0,H,1.73,True,73.0
2011-02-12,2010,D,H,0.87372106,0.10780974,0.018469207,1.36,4.75,9.0,H,1.36,False,-100.0
2011-02-13,2010,H,D,0.3858395,0.4061754,0.2079851,2.75,3.25,2.6,D,3.25,False,-100.0
2011-02-14,2010,D,D,0.30417234,0.47156078,0.22426684,5.0,3.6,1.73,D,3.6,True,260.0
2011-02-15,2010,A,D,0.26911992,0.45638707,0.274493,2.6,3.2,2.8,D,3.2,False,-100.0
2011-02-20,2010,D,H,0.8575859,0.019125868,0.1232882,1.85,3.4,4.5,H,1.85,False,-100.0
2011-02-22,2010,H,D,0.16858579,0.51215893,0.31925526,4.0,3.6,1.91,D,3.6,False,-100.0
2011-02-23,2010,H,H,0.90590364,0.089879535,0.0042168186,1.3,5.25,10.0,H,1.3,True,30.000000000000004
2011-02-26,2010,H,H,0.7752697,0.20331609,0.021414202,1.73,3.6,5.0,H,1.73,True,73.0
2011-02-26,2010,H,H,0.46612448,0.44921112,0.08466439,1.73,3.6,5.0,H,1.73,True,73.0
2011-02-26,2010,A,A,0.110490166,0.119708076,0.76980174,6.5,4.0,1.53,A,1.53,True,53.0
2011-02-26,2010,D,H,0.4875486,0.19360329,0.31884813,2.1,3.25,3.75,H,2.1,False,-100.0
2011-02-26,2010,H,H,0.75809824,0.089940704,0.15196106,1.83,3.6,4.33,H,1.83,True,83.0
2011-02-27,2010,D,H,0.7564693,0.11293897,0.13059174,1.5,4.0,7.5,H,1.5,False,-100.0
2011-02-27,2010,H,H,0.6024567,0.14044142,0.2571019,3.4,3.3,2.2,H,3.4,True,240.0
2011-02-28,2010,D,H,0.8740777,0.12077587,0.005146495,1.91,3.4,4.2,H,1.91,False,-100.0
2011-03-01,2010,H,H,0.8921888,0.073359676,0.034451578,2.2,3.2,3.6,H,2.2,True,120.00000000000001
2011-03-05,2010,D,H,0.7571895,0.2317272,0.011083296,1.44,4.33,7.5,H,1.44,False,-100.0
2011-03-05,2010,A,H,0.5841819,0.2641929,0.15162514,2.38,3.2,3.1,H,2.38,False,-100.0
2011-03-05,2010,H,A,0.3839105,0.20022097,0.4158685,2.25,3.4,3.2,A,3.2,False,-100.0
2011-03-05,2010,H,H,0.88596874,0.09019407,0.023837226,1.73,3.6,5.0,H,1.73,True,73.0
2011-03-05,2010,H,H,0.80233055,0.15847911,0.039190393,1.36,4.75,9.0,H,1.36,True,36.00000000000001
2011-03-05,2010,A,A,0.13489555,0.35620627,0.5088982,2.6,3.2,2.8,A,2.8,True,179.99999999999997
2011-03-05,2010,H,H,0.54043174,0.2860801,0.1734882,2.25,3.3,3.25,H,2.25,True,125.0
2011-03-06,2010,D,A,0.19217181,0.3384828,0.46934536,3.0,3.3,2.38,A,2.38,False,-100.0
2011-03-06,2010,H,A,0.09549135,0.38671774,0.5177909,2.8,3.2,2.6,A,2.6,False,-100.0
2011-03-07,2010,A,A,0.013717345,0.15845218,0.82783043,10.0,5.5,1.3,A,1.3,True,30.000000000000004
2011-03-09,2010,D,H,0.5197553,0.41489112,0.065353565,1.53,4.0,6.5,H,1.53,False,-100.0
2011-03-19,2010,D,A,0.04922056,0.23894733,0.71183217,5.0,3.6,1.73,A,1.73,False,-100.0
2011-03-19,2010,D,H,0.82922274,0.102420926,0.06835636,1.57,4.0,6.0,H,1.57,False,-100.0
2011-03-19,2010,H,H,0.64756095,0.09978016,0.2526589,2.1,3.3,3.6,H,2.1,True,110.00000000000001
2011-03-19,2010,H,A,0.3101118,0.33054256,0.35934567,2.2,3.25,3.4,A,3.4,False,-100.0
2011-03-19,2010,H,H,0.5962532,0.3535206,0.05022618,2.0,3.25,4.0,H,2.0,True,100.0
2011-03-19,2010,D,H,0.8085037,0.14483073,0.04666556,1.8,3.6,4.5,H,1.8,False,-100.0
2011-03-19,2010,A,H,0.7401172,0.18922764,0.07065521,1.83,3.5,4.5,H,1.83,False,-100.0
2011-03-19,2010,H,H,0.9254653,0.06611729,0.0084174005,1.36,4.75,9.0,H,1.36,True,36.00000000000001
2011-03-20,2010,H,H,0.8005775,0.17436442,0.025058044,1.62,3.75,6.0,H,1.62,True,62.000000000000014
2011-03-20,2010,A,D,0.22469631,0.54987323,0.22543047,2.63,3.2,2.75,D,3.2,False,-100.0
2011-04-02,2010,H,H,0.69573057,0.19918527,0.10508415,1.95,3.4,4.0,H,1.95,True,95.0
2011-04-02,2010,D,D,0.34632903,0.64735246,0.006318514,1.25,6.0,11.0,D,6.0,True,500.0
2011-04-02,2010,H,H,0.54111344,0.17575824,0.28312832,2.5,3.25,2.88,H,2.5,True,150.0
2011-04-02,2010,D,H,0.5496601,0.37264085,0.07769909,1.83,3.6,4.33,H,1.83,False,-100.0
2011-04-02,2010,D,A,0.09439673,0.17190562,0.73369765,5.5,3.6,1.67,A,1.67,False,-100.0
2011-04-02,2010,H,A,0.1949815,0.17783602,0.6271825,3.0,3.3,2.38,A,2.38,False,-100.0
2011-04-02,2010,A,A,0.018002719,0.24626479,0.7357325,4.5,3.6,1.8,A,1.8,True,80.0
2011-04-02,2010,D,D,0.051861662,0.79575413,0.15238415,3.0,3.25,2.4,D,3.25,True,225.0
2011-04-03,2010,H,H,0.8429736,0.12929104,0.027735334,1.53,4.2,6.0,H,1.53,True,53.0
2011-04-03,2010,H,H,0.6391078,0.33970198,0.021190178,1.5,4.0,7.0,H,1.5,True,50.0
2011-04-09,2010,A,D,0.15484297,0.5954483,0.24970867,2.6,3.25,2.8,D,3.25,False,-100.0
2011-04-09,2010,A,A,0.36069602,0.13441846,0.5048855,2.2,3.2,3.5,A,3.5,True,250.0
2011-04-09,2010,H,H,0.6314479,0.17503408,0.19351801,1.44,4.33,7.5,H,1.44,True,43.99999999999999
2011-04-09,2010,H,H,0.7724912,0.18511066,0.04239811,1.73,3.6,5.0,H,1.73,True,73.0
2011-04-09,2010,H,H,0.4070842,0.2875755,0.3053403,2.2,3.25,3.4,H,2.2,True,120.00000000000001
2011-04-09,2010,D,H,0.49432212,0.38048834,0.12518954,2.0,3.3,4.0,H,2.0,False,-100.0
2011-04-09,2010,H,H,0.99479586,0.003371258,0.001832908,1.2,6.0,17.0,H,1.2,True,19.999999999999996
2011-04-10,2010,A,A,0.016569946,0.009955821,0.97347426,8.5,5.0,1.36,A,1.36,True,36.00000000000001
2011-04-10,2010,H,H,0.5226353,0.13676156,0.34060317,1.83,3.6,4.33,H,1.83,True,83.0
2011-04-11,2010,H,H,0.57679874,0.29905564,0.12414565,2.6,3.2,2.8,H,2.6,True,160.0
2011-04-16,2010,H,H,0.4231714,0.39388832,0.18294021,2.25,3.2,3.4,H,2.25,True,125.0
2011-04-16,2010,A,D,0.2663452,0.54074794,0.19290689,2.3,3.5,3.0,D,3.5,False,-100.0
2011-04-16,2010,H,H,0.4765152,0.4424947,0.08099012,1.67,3.75,5.5,H,1.67,True,67.0
2011-04-16,2010,A,H,0.6078377,0.06559748,0.32656485,5.5,3.6,1.7,H,5.5,False,-100.0
2011-04-16,2010,A,A,0.26184964,0.3614817,0.37666866,2.25,3.3,3.25,A,3.25,True,225.0
2011-04-17,2010,D,D,0.39591366,0.5349204,0.06916598,1.73,3.6,5.0,D,3.6,True,260.0
2011-04-19,2010,D,A,0.12212849,0.4007897,0.47708184,5.5,3.6,1.67,A,1.67,False,-100.0
2011-04-20,2010,D,D,0.14206125,0.7311398,0.126799,2.88,3.4,2.4,D,3.4,True,240.0
2011-04-20,2010,H,H,0.9784531,0.004155515,0.017391426,1.2,6.5,15.0,H,1.2,True,19.999999999999996
2011-04-23,2010,H,H,0.73014414,0.16487914,0.10497666,1.44,4.33,7.5,H,1.44,True,43.99999999999999
2011-04-23,2010,H,H,0.969348,0.027815273,0.00283674,1.2,6.5,15.0,H,1.2,True,19.999999999999996
2011-04-23,2010,D,A,0.25768113,0.34238428,0.39993456,1.8,3.6,4.5,A,4.5,False,-100.0
2011-04-23,2010,D,D,0.42606327,0.4993363,0.07460044,2.88,3.5,2.38,D,3.5,True,250.0
2011-04-23,2010,H,H,0.7509937,0.23880605,0.010200241,1.44,4.33,7.5,H,1.44,True,43.99999999999999
2011-04-23,2010,D,H,0.62025887,0.36466533,0.0150757795,1.57,4.0,6.0,H,1.57,False,-100.0
2011-04-23,2010,D,D,0.32709986,0.39088377,0.2820163,2.5,3.25,2.88,D,3.25,True,225.0
2011-04-23,2010,H,H,0.6167169,0.13514987,0.2481332,2.1,3.25,3.75,H,2.1,True,110.00000000000001
2011-04-24,2010,H,H,0.6004497,0.2144684,0.18508193,4.5,3.8,1.75,H,4.5,True,350.0
2011-04-25,2010,A,A,0.3344131,0.304678,0.36090896,3.6,3.3,2.1,A,2.1,True,110.00000000000001
2011-04-26,2010,H,H,0.75582176,0.09036892,0.15380931,1.8,3.4,5.0,H,1.8,True,80.0
2011-04-27,2010,H,H,0.5383463,0.141033,0.3206207,1.8,3.5,4.75,H,1.8,True,80.0
2011-04-30,2010,D,D,0.15142225,0.536875,0.31170267,2.8,3.25,2.6,D,3.25,True,225.0
2011-04-30,2010,A,H,0.709511,0.16191128,0.12857775,2.6,3.2,2.8,H,2.6,False,-100.0
2011-04-30,2010,H,H,0.5752672,0.23521948,0.18951334,2.38,3.3,3.0,H,2.38,True,138.0
2011-04-30,2010,D,A,0.33114722,0.21025407,0.45859873,2.63,3.4,2.63,A,2.63,False,-100.0
2011-04-30,2010,H,H,0.66869766,0.098889284,0.23241307,1.91,3.5,4.0,H,1.91,True,90.99999999999999
2011-04-30,2010,H,H,0.87754035,0.109843574,0.012616085,1.44,4.33,7.5,H,1.44,True,43.99999999999999
2011-05-01,2010,H,A,0.08504849,0.11046414,0.8044874,2.5,3.25,2.88,A,2.88,False,-100.0
2011-05-01,2010,D,D,0.29246905,0.6103953,0.0971356,2.1,3.3,3.6,D,3.3,True,229.99999999999997
2011-05-01,2010,H,H,0.959775,0.03353698,0.006688045,1.4,4.5,9.0,H,1.4,True,39.99999999999999
2011-05-01,2010,H,H,0.6752014,0.28802943,0.036769122,1.44,4.33,7.5,H,1.44,True,43.99999999999999
2011-05-07,2010,D,H,0.5039799,0.24563399,0.2503861,1.8,3.6,4.5,H,1.8,False,-100.0
2011-05-07,2010,A,H,0.54729575,0.25648203,0.1962222,1.83,3.5,4.5,H,1.83,False,-100.0
2011-05-07,2010,H,D,0.3820527,0.44257206,0.17537522,2.7,3.2,2.7,D,3.2,False,-100.0
2011-05-07,2010,H,H,0.6134074,0.31211528,0.07447735,1.91,3.4,4.2,H,1.91,True,90.99999999999999
2011-05-07,2010,D,H,0.9004573,0.07695933,0.02258337,1.3,5.5,10.0,H,1.3,False,-100.0
2011-05-07,2010,D,A,0.17428963,0.24317484,0.58253556,1.95,3.6,3.8,A,3.8,False,-100.0
2011-05-08,2010,H,H,0.76094556,0.16546758,0.07358686,2.1,3.4,3.5,H,2.1,True,110.00000000000001
2011-05-08,2010,H,A,0.048540857,0.28376952,0.6676896,5.5,3.75,1.67,A,1.67,False,-100.0
2011-05-08,2010,H,D,0.36810052,0.3724055,0.25949398,2.38,3.25,3.1,D,3.25,False,-100.0
2011-05-09,2010,A,A,0.0643448,0.35563213,0.58002305,2.88,3.25,2.5,A,2.5,True,150.0
2011-05-10,2010,H,H,0.47672263,0.21547906,0.30779833,1.91,3.4,4.2,H,1.91,True,90.99999999999999
2011-05-14,2010,D,A,0.051741816,0.26281983,0.68543833,5.0,3.6,1.73,A,1.73,False,-100.0
2011-05-14,2010,H,H,0.68921566,0.18846181,0.12232253,2.2,3.4,3.25,H,2.2,True,120.00000000000001
2011-05-14,2010,A,A,0.21387601,0.33141515,0.4547088,2.5,3.25,2.88,A,2.88,True,188.0
2011-05-14,2010,H,D,0.1852772,0.6681959,0.14652695,2.63,3.25,2.75,D,3.25,False,-100.0
2011-05-15,2010,H,H,0.7146798,0.13730387,0.1480164,2.1,3.4,3.5,H,2.1,True,110.00000000000001
2011-05-15,2010,D,H,0.7793167,0.20882589,0.011857441,1.25,6.0,11.0,H,1.25,False,-100.0
2011-05-15,2010,A,H,0.73658276,0.2083809,0.055036362,1.73,3.8,4.75,H,1.73,False,-100.0
2011-05-15,2010,A,H,0.84218293,0.11600671,0.04181029,1.36,5.0,8.5,H,1.36,False,-100.0
2011-05-15,2010,A,A,0.3396324,0.11269513,0.5476725,2.2,3.25,3.4,A,3.4,True,240.0
2011-05-17,2010,H,H,0.9270053,0.061355453,0.01163921,1.36,4.75,9.0,H,1.36,True,36.00000000000001
2011-05-22,2010,H,H,0.9219682,0.056110024,0.021921806,1.53,4.0,6.5,H,1.53,True,53.0
2011-05-22,2010,A,D,0.23717628,0.5328295,0.22999422,2.75,3.6,2.4,D,3.6,False,-100.0
2011-05-22,2010,A,H,0.65652776,0.09002141,0.2534508,2.2,3.0,3.75,H,2.2,False,-100.0
2011-05-22,2010,A,D,0.16005877,0.78896123,0.050979983,2.0,3.5,3.75,D,3.5,False,-100.0
2011-05-22,2010,D,H,0.57233113,0.30449507,0.123173796,2.0,3.5,3.75,H,2.0,False,-100.0
2011-05-22,2010,D,A,0.2640707,0.1124044,0.6235249,3.75,3.6,1.95,A,1.95,False,-100.0
2011-05-22,2010,H,A,0.06664498,0.18761979,0.7457352,3.1,3.25,2.38,A,2.38,False,-100.0
2011-05-22,2010,A,A,0.046214353,0.28013682,0.67364883,5.0,3.75,1.7,A,1.7,True,70.0
2011-05-22,2010,H,D,0.20283183,0.46991444,0.32725376,3.2,3.4,2.25,D,3.4,False,-100.0
2011-05-22,2010,H,H,0.5996182,0.1780956,0.2222862,1.6,4.0,5.5,H,1.6,True,60.00000000000001
2011-08-13,2011,D,A,0.3025149,0.037271522,0.6602136,3.75,3.25,2.1,A,2.1,False,-100.0
2011-08-13,2011,D,H,0.75142634,0.19212784,0.056445822,1.57,3.6,7.0,H,1.57,False,-100.0
2011-08-13,2011,D,D,0.33998647,0.45575052,0.20426297,2.2,3.2,3.5,D,3.2,True,220.00000000000003
2011-08-13,2011,A,A,0.09451703,0.34415498,0.561328,2.2,3.2,3.5,A,3.5,True,250.0
2011-08-13,2011,D,H,0.655599,0.2621804,0.0822206,2.2,3.2,3.5,H,2.2,False,-100.0
2011-08-14,2011,A,A,0.036380563,0.33253005,0.6310894,6.5,4.0,1.53,A,1.53,True,53.0
2011-08-14,2011,D,D,0.06480621,0.67044926,0.26474455,5.5,3.5,1.7,D,3.5,True,250.0
2011-08-20,2011,A,A,0.28608137,0.30987138,0.40404722,2.2,3.25,3.4,A,3.4,True,240.0
2011-08-20,2011,A,H,0.6837158,0.29955196,0.016732182,1.53,3.8,7.0,H,1.53,False,-100.0
2011-08-20,2011,D,D,0.25335366,0.4349972,0.31164908,2.1,3.3,3.6,D,3.3,True,229.99999999999997
2011-08-20,2011,H,H,0.4989639,0.2904345,0.21060158,1.73,3.4,5.5,H,1.73,True,73.0
2011-08-20,2011,A,H,0.6117569,0.24404936,0.1441937,2.5,3.25,2.9,H,2.5,False,-100.0
2011-08-20,2011,H,H,0.67458004,0.25219342,0.07322652,1.3,5.5,10.0,H,1.3,True,30.000000000000004
2011-08-21,2011,A,A,0.38088366,0.06381454,0.5553018,4.75,3.5,1.8,A,1.8,True,80.0
2011-08-21,2011,D,H,0.505152,0.17162783,0.3232202,2.6,3.3,2.75,H,2.6,False,-100.0
2011-08-21,2011,H,D,0.268172,0.5616263,0.17020172,2.38,3.25,3.1,D,3.25,False,-100.0
2011-08-22,2011,H,H,0.71167725,0.22098152,0.06734127,1.67,3.75,5.5,H,1.67,True,67.0
2011-08-27,2011,D,H,0.7516715,0.15415215,0.09417639,2.1,3.25,3.75,H,2.1,False,-100.0
2011-08-27,2011,H,H,0.5925006,0.38991225,0.01758711,2.25,3.3,3.25,H,2.25,True,125.0
2011-08-27,2011,D,H,0.38205078,0.26466927,0.35327992,2.38,3.3,3.0,H,2.38,False,-100.0
2011-08-27,2011,H,H,0.717097,0.23050922,0.05239376,1.4,4.5,8.5,H,1.4,True,39.99999999999999
2011-08-27,2011,A,D,0.19588785,0.4203625,0.38374966,3.3,3.25,2.25,D,3.25,False,-100.0
2011-08-27,2011,H,H,0.82601464,0.12894925,0.045036096,1.2,6.5,15.0,H,1.2,True,19.999999999999996
2011-08-28,2011,A,H,0.73629916,0.17966004,0.08404078,2.1,3.25,3.75,H,2.1,False,-100.0
2011-08-28,2011,A,A,0.22274674,0.31203485,0.46521845,2.88,3.3,2.5,A,2.5,True,150.0
2011-08-28,2011,H,H,0.5230497,0.34008598,0.13686429,2.1,3.25,3.75,H,2.1,True,110.00000000000001
2011-08-28,2011,H,H,0.5629569,0.39304608,0.043997016,1.5,4.33,6.5,H,1.5,True,50.0
2011-09-10,2011,A,D,0.20641033,0.6072144,0.18637528,3.0,3.25,2.4,D,3.25,False,-100.0
2011-09-10,2011,A,A,0.05516177,0.051049564,0.8937887,5.0,3.75,1.7,A,1.7,True,70.0
2011-09-10,2011,H,H,0.99038386,0.00583371,0.0037824113,1.17,7.0,17.0,H,1.17,True,16.999999999999993
2011-09-10,2011,H,A,0.25018233,0.10357005,0.6462476,3.25,3.3,2.25,A,2.25,False,-100.0
2011-09-10,2011,A,A,0.20105359,0.07369365,0.7252528,9.0,4.5,1.4,A,1.4,True,39.99999999999999
2011-09-10,2011,H,D,0.24762365,0.7203125,0.032063905,1.36,4.75,9.0,D,4.75,False,-100.0
2011-09-10,2011,D,H,0.4881549,0.45083782,0.061007228,2.0,3.4,3.8,H,2.0,False,-100.0
2011-09-11,2011,D,H,0.73307157,0.17258042,0.09434802,1.67,3.6,5.5,H,1.67,False,-100.0
2011-09-11,2011,A,H,0.4729511,0.3446744,0.18237449,2.5,3.25,2.88,H,2.5,False,-100.0
2011-09-12,2011,D,H,0.41307136,0.25623372,0.33069494,2.4,3.25,3.0,H,2.4,False,-100.0
2011-09-17,2011,H,D,0.25426534,0.72139597,0.024338698,1.5,4.0,7.0,D,4.0,False,-100.0
2011-09-17,2011,A,H,0.57912254,0.3341893,0.08668815,1.8,3.6,4.6,H,1.8,False,-100.0
2011-09-17,2011,H,A,0.28852814,0.14777759,0.56369424,2.63,3.2,2.75,A,2.75,False,-100.0
2011-09-17,2011,D,D,0.32644033,0.43719044,0.2363692,1.91,3.4,4.2,D,3.4,True,240.0
2011-09-17,2011,A,H,0.3690792,0.3516915,0.2792293,1.91,3.4,4.2,H,1.91,False,-100.0
2011-09-17,2011,H,A,0.30090904,0.16288795,0.536203,4.2,3.4,1.91,A,1.91,False,-100.0
2011-09-18,2011,H,H,0.5616989,0.12843733,0.30986375,2.4,3.2,3.1,H,2.4,True,140.0
2011-09-18,2011,H,D,0.45143998,0.5164188,0.03214118,2.63,3.4,2.63,D,3.4,False,-100.0
2011-09-18,2011,D,A,0.13519698,0.011835356,0.8529677,6.5,3.8,1.57,A,1.57,False,-100.0
2011-09-18,2011,H,H,0.9143858,0.018258965,0.06735529,1.83,3.5,4.5,H,1.83,True,83.0
2011-09-24,2011,H,D,0.043808598,0.9339936,0.022197803,1.44,4.5,7.0,D,4.5,False,-100.0
2011-09-24,2011,H,H,0.95184726,0.030114058,0.01803872,1.2,6.5,15.0,H,1.2,True,19.999999999999996
2011-09-24,2011,H,H,0.75165635,0.22620139,0.022142323,1.36,4.5,10.0,H,1.36,True,36.00000000000001
2011-09-24,2011,H,H,0.9567189,0.0107246395,0.0325564,1.44,4.33,7.5,H,1.44,True,43.99999999999999
2011-09-24,2011,A,A,0.37870714,0.08244358,0.5388493,4.0,3.5,1.91,A,1.91,True,90.99999999999999
2011-09-24,2011,D,A,0.05844596,0.32041022,0.6211438,6.5,4.0,1.53,A,1.53,False,-100.0
2011-09-24,2011,D,D,0.37892124,0.39527267,0.22580607,2.3,3.25,3.25,D,3.25,True,225.0
2011-09-24,2011,H,H,0.6301705,0.15380447,0.21602502,1.83,3.5,4.5,H,1.83,True,83.0
2011-09-25,2011,D,H,0.4536928,0.10719173,0.43911552,2.3,3.25,3.2,H,2.3,False,-100.0
2011-09-26,2011,H,H,0.5314432,0.28565586,0.182901,2.5,3.4,2.8,H,2.5,True,150.0
2011-10-01,2011,D,A,0.26063365,0.32408366,0.41528273,2.25,3.4,3.2,A,3.2,False,-100.0
2011-10-01,2011,H,H,0.9638328,0.034074042,0.0020931396,1.17,7.0,17.0,H,1.17,True,16.999999999999993
2011-10-01,2011,A,H,0.4063274,0.20220284,0.3914698,2.5,3.25,2.88,H,2.5,False,-100.0
2011-10-01,2011,A,A,0.042333625,0.33270162,0.6249648,6.5,3.75,1.57,A,1.57,True,57.00000000000001
2011-10-01,2011,A,A,0.11603185,0.3353495,0.5486186,3.1,3.2,2.4,A,2.4,True,140.0
2011-10-01,2011,H,H,0.8617299,0.08341251,0.05485761,1.62,3.75,6.0,H,1.62,True,62.000000000000014
2011-10-02,2011,H,H,0.812184,0.03954565,0.14827035,2.1,3.4,3.5,H,2.1,True,110.00000000000001
2011-10-02,2011,H,H,0.57121474,0.1419998,0.28678545,2.63,3.25,2.75,H,2.63,True,163.0
2011-10-02,2011,A,A,0.24551249,0.11739215,0.6370954,6.5,4.0,1.53,A,1.53,True,53.0
2011-10-02,2011,H,H,0.5319476,0.16327101,0.30478138,2.0,3.3,4.0,H,2.0,True,100.0
2011-10-15,2011,H,H,0.4086911,0.22419411,0.36711478,2.2,3.3,3.4,H,2.2,True,120.00000000000001
2011-10-15,2011,A,H,0.6485497,0.059598688,0.29185164,2.3,3.3,3.2,H,2.3,False,-100.0
2011-10-15,2011,H,A,0.3227715,0.2698657,0.40736276,2.2,3.2,3.5,A,3.5,False,-100.0
2011-10-15,2011,D,H,0.90999216,0.042907313,0.04710051,1.83,3.5,4.5,H,1.83,False,-100.0
2011-10-15,2011,H,H,0.9746372,0.008316023,0.017046757,1.33,5.0,10.0,H,1.33,True,33.00000000000001
2011-10-15,2011,D,H,0.56640434,0.1629453,0.2706504,3.0,3.3,2.4,H,3.0,False,-100.0
2011-10-15,2011,H,H,0.78694266,0.20376864,0.009288678,1.36,4.5,10.0,H,1.36,True,36.00000000000001
2011-10-16,2011,H,H,0.45202228,0.42062977,0.12734798,1.44,4.33,7.5,H,1.44,True,43.99999999999999
2011-10-16,2011,D,A,0.25692108,0.22582628,0.5172526,3.0,3.3,2.4,A,2.4,False,-100.0
2011-10-16,2011,H,H,0.5601613,0.3346848,0.10515395,2.0,3.3,4.0,H,2.0,True,100.0
2011-10-22,2011,A,D,0.1420926,0.7862332,0.07167417,2.2,3.2,3.5,D,3.2,False,-100.0
2011-10-22,2011,A,H,0.57628673,0.17675374,0.24695951,2.0,3.3,4.0,H,2.0,False,-100.0
2011-10-22,2011,D,H,0.7367948,0.074384525,0.18882062,1.29,5.5,11.0,H,1.29,False,-100.0
2011-10-22,2011,D,H,0.55388165,0.28417197,0.1619464,2.0,3.4,3.8,H,2.0,False,-100.0
2011-10-22,2011,H,H,0.7909502,0.19278598,0.016263805,1.57,3.8,6.5,H,1.57,True,57.00000000000001
2011-10-23,2011,H,H,0.81028366,0.031585455,0.15813091,1.53,4.0,6.5,H,1.53,True,53.0
2011-10-23,2011,A,A,0.13303314,0.16681392,0.70015293,4.0,3.5,1.91,A,1.91,True,90.99999999999999
2011-10-23,2011,A,A,0.23377934,0.06837876,0.6978419,2.25,3.25,3.3,A,3.3,True,229.99999999999997
2011-10-23,2011,A,H,0.54310846,0.27607718,0.1808144,2.0,3.4,3.8,H,2.0,False,-100.0
2011-10-23,2011,H,A,0.10348681,0.044763397,0.85174984,9.5,5.0,1.33,A,1.33,False,-100.0
2011-10-29,2011,D,H,0.69003534,0.23925713,0.07070752,1.91,3.6,4.0,H,1.91,False,-100.0
2011-10-29,2011,A,A,0.2192206,0.11102677,0.66975266,1.62,4.0,5.5,A,5.5,True,450.0
2011-10-29,2011,A,A,0.05802837,0.45430574,0.48766592,4.5,3.6,1.8,A,1.8,True,80.0
2011-10-29,2011,H,H,0.9758698,0.020993834,0.0031363224,1.17,7.0,19.0,H,1.17,True,16.999999999999993
2011-10-29,2011,D,H,0.5294536,0.14408375,0.32646266,2.1,3.3,3.6,H,2.1,False,-100.0
2011-10-29,2011,H,H,0.36192578,0.30961645,0.3284578,2.1,3.3,3.6,H,2.1,True,110.00000000000001
2011-10-29,2011,A,A,0.2814165,0.1972349,0.52134866,2.88,3.25,2.5,A,2.5,True,150.0
2011-10-29,2011,A,H,0.44330916,0.17030193,0.3863889,4.0,3.3,2.0,H,4.0,False,-100.0
2011-10-30,2011,H,H,0.7709736,0.2242112,0.0048151743,1.36,4.75,9.0,H,1.36,True,36.00000000000001
2011-10-31,2011,A,A,0.2227958,0.09438835,0.68281585,2.1,3.2,3.8,A,3.8,True,280.0
2011-11-05,2011,H,H,0.55172414,0.3052574,0.14301842,1.83,3.5,4.5,H,1.83,True,83.0
2011-11-05,2011,D,H,0.78348005,0.06670864,0.1498113,1.29,5.5,10.0,H,1.29,False,-100.0
2011-11-05,2011,A,A,0.078684,0.24690808,0.6744079,7.5,4.33,1.44,A,1.44,True,43.99999999999999
2011-11-05,2011,H,H,0.84618044,0.13650167,0.017317856,1.4,4.5,8.5,H,1.4,True,39.99999999999999
2011-11-05,2011,H,A,0.22849685,0.3301198,0.4413833,2.25,3.25,3.3,A,3.3,False,-100.0
2011-11-05,2011,A,A,0.04019724,0.008992888,0.9508099,10.0,5.0,1.33,A,1.33,True,33.00000000000001
2011-11-05,2011,H,H,0.87552994,0.07451431,0.049955793,1.25,5.5,13.0,H,1.25,True,25.0
2011-11-06,2011,H,D,0.30354467,0.35236236,0.34409294,1.91,3.3,4.33,D,3.3,False,-100.0
2011-11-06,2011,H,A,0.22410463,0.37674817,0.39914718,2.4,3.3,3.0,A,3.0,False,-100.0
2011-11-06,2011,A,H,0.72170395,0.060309693,0.2179864,3.25,3.3,2.25,H,3.25,False,-100.0
2011-11-19,2011,H,H,0.66564053,0.16516085,0.1691986,2.0,3.4,3.8,H,2.0,True,100.0
2011-11-19,2011,A,A,0.19225052,0.3679526,0.43979692,6.5,4.2,1.5,A,1.5,True,50.0
2011-11-19,2011,D,A,0.19472325,0.387947,0.41732982,2.5,3.25,2.88,A,2.88,False,-100.0
2011-11-19,2011,D,H,0.69454354,0.25564364,0.049812816,2.3,3.25,3.2,H,2.3,False,-100.0
2011-11-19,2011,A,H,0.64901304,0.31638232,0.034604605,1.83,3.5,4.5,H,1.83,False,-100.0
2011-11-19,2011,A,A,0.09046026,0.21855116,0.6909886,5.5,3.6,1.67,A,1.67,True,67.0
2011-11-19,2011,H,H,0.7006775,0.1370365,0.16228597,1.3,5.5,10.0,H,1.3,True,30.000000000000004
2011-11-19,2011,H,H,0.89859825,0.09455394,0.0068478086,1.57,3.75,6.5,H,1.57,True,57.00000000000001
2011-11-20,2011,A,A,0.3582394,0.23245291,0.4093077,1.83,3.5,4.5,A,4.5,True,350.0
2011-11-21,2011,H,D,0.38431516,0.5695681,0.046116747,1.57,4.0,6.0,D,4.0,False,-100.0
2011-11-26,2011,A,H,0.5482341,0.33305022,0.118715666,4.0,3.6,1.91,H,4.0,False,-100.0
2011-11-26,2011,A,H,0.7536295,0.107836634,0.13853386,1.67,3.6,5.5,H,1.67,False,-100.0
2011-11-26,2011,H,D,0.37805164,0.3983673,0.2235811,1.83,3.5,4.5,D,3.5,False,-100.0
2011-11-26,2011,H,H,0.67741627,0.2324458,0.09013793,2.1,3.4,3.5,H,2.1,True,110.00000000000001
2011-11-26,2011,D,H,0.8523466,0.11938618,0.02826719,1.4,4.5,8.5,H,1.4,False,-100.0
2011-11-26,2011,H,H,0.8775742,0.095978506,0.026447337,1.22,6.0,15.0,H,1.22,True,21.999999999999996
2011-11-26,2011,A,A,0.069042936,0.35091585,0.58004117,3.1,3.25,2.38,A,2.38,True,138.0
2011-11-26,2011,D,H,0.9594385,0.037648235,0.002913255,1.44,4.2,8.0,H,1.44,False,-100.0
2011-11-27,2011,D,H,0.7167763,0.21798263,0.06524107,2.2,3.25,3.4,H,2.2,False,-100.0
2011-11-27,2011,D,H,0.57976353,0.092920505,0.32731596,2.75,3.2,2.63,H,2.75,False,-100.0
2011-12-03,2011,A,A,0.073366545,0.040283863,0.8863496,6.0,4.0,1.57,A,1.57,True,57.00000000000001
2011-12-03,2011,H,H,0.9193727,0.06363388,0.01699347,1.3,5.0,12.0,H,1.3,True,30.000000000000004
2011-12-03,2011,D,H,0.54036987,0.36611378,0.093516394,2.25,3.3,3.25,H,2.25,False,-100.0
2011-12-03,2011,A,A,0.12911616,0.25293502,0.61794883,3.5,3.4,2.1,A,2.1,True,110.00000000000001
2011-12-03,2011,H,H,0.85386324,0.144425,0.0017117652,1.17,7.0,17.0,H,1.17,True,16.999999999999993
2011-12-03,2011,H,H,0.54881674,0.333564,0.11761926,2.1,3.4,3.5,H,2.1,True,110.00000000000001
2011-12-03,2011,A,H,0.48835087,0.36129886,0.1503503,5.0,3.6,1.73,H,5.0,False,-100.0
2011-12-04,2011,A,H,0.6454923,0.3090123,0.045495372,1.67,3.6,5.5,H,1.67,False,-100.0
2011-12-04,2011,H,H,0.58974314,0.2775197,0.13273714,2.4,3.3,3.0,H,2.4,True,140.0
2011-12-05,2011,H,A,0.38244525,0.082547426,0.53500736,3.5,3.4,2.1,A,2.1,False,-100.0
2011-12-10,2011,A,H,0.6837073,0.19947809,0.116814576,2.5,3.3,2.88,H,2.5,False,-100.0
2011-12-10,2011,H,H,0.7144611,0.1905154,0.0950235,1.33,5.0,10.0,H,1.33,True,33.00000000000001
2011-12-10,2011,H,H,0.606618,0.32479045,0.06859158,1.53,4.0,6.5,H,1.53,True,53.0
2011-12-10,2011,H,A,0.22899434,0.19446841,0.57653725,2.4,3.4,2.88,A,2.88,False,-100.0
2011-12-10,2011,H,A,0.3411812,0.2792304,0.37958848,2.63,3.25,2.75,A,2.75,False,-100.0
2011-12-10,2011,A,H,0.7189127,0.024876086,0.2562112,1.67,3.8,5.25,H,1.67,False,-100.0
2011-12-10,2011,H,H,0.84677875,0.13785784,0.015363407,1.22,6.0,15.0,H,1.22,True,21.999999999999996
2011-12-11,2011,H,H,0.45972654,0.19790433,0.34236917,3.75,3.5,2.0,H,3.75,True,275.0
2011-12-11,2011,H,D,0.29563403,0.6055732,0.09879277,1.83,3.5,4.5,D,3.5,False,-100.0
2011-12-12,2011,H,D,0.300664,0.5330718,0.16626415,2.4,3.3,3.0,D,3.3,False,-100.0
2011-12-17,2011,A,A,0.40932292,0.15467648,0.43600062,2.5,3.25,2.88,A,2.88,True,188.0
2011-12-17,2011,D,H,0.5277421,0.4296646,0.04259325,1.8,3.6,4.5,H,1.8,False,-100.0
2011-12-17,2011,D,A,0.01678994,0.008270707,0.97493935,9.0,4.75,1.36,A,1.36,False,-100.0
2011-12-17,2011,D,H,0.82924813,0.0861289,0.08462298,1.62,3.75,6.0,H,1.62,False,-100.0
2011-12-17,2011,A,A,0.29836026,0.099645704,0.60199404,2.38,3.3,3.0,A,3.0,True,200.0
2011-12-17,2011,H,H,0.48884058,0.17943092,0.33172852,1.62,3.75,6.0,H,1.62,True,62.000000000000014
2011-12-18,2011,H,H,0.8780122,0.09415734,0.027830496,1.36,4.75,9.0,H,1.36,True,36.00000000000001
2011-12-18,2011,A,A,0.10483491,0.10775162,0.7874135,7.5,4.33,1.44,A,1.44,True,43.99999999999999
2011-12-18,2011,A,H,0.5002998,0.27285916,0.22684105,4.2,3.4,1.91,H,4.2,False,-100.0
2011-12-18,2011,H,A,0.33871666,0.21644327,0.44484007,1.73,3.75,4.5,A,4.5,False,-100.0
2011-12-20,2011,A,A,0.27436066,0.061117318,0.664522,2.1,3.4,3.5,A,3.5,True,250.0
2011-12-20,2011,D,A,0.39338693,0.20954104,0.39707208,2.0,3.5,3.75,A,3.75,False,-100.0
2011-12-21,2011,A,A,0.33088648,0.22379427,0.4453193,2.5,3.3,2.88,A,2.88,True,188.0
2011-12-21,2011,D,A,0.085336365,0.3846944,0.5299692,7.0,4.0,1.5,A,1.5,False,-100.0
2011-12-21,2011,A,H,0.34841627,0.32749838,0.3240854,2.0,3.5,3.75,H,2.0,False,-100.0
2011-12-21,2011,A,D,0.20169505,0.42080936,0.37749562,5.0,3.6,1.73,D,3.6,False,-100.0
2011-12-21,2011,A,A,0.15181623,0.10947762,0.7387061,5.0,3.6,1.73,A,1.73,True,73.0
2011-12-21,2011,H,H,0.5828195,0.3149469,0.10223356,1.57,3.75,6.5,H,1.57,True,57.00000000000001
2011-12-21,2011,H,H,0.97825235,0.019859113,0.001888474,1.22,6.0,15.0,H,1.22,True,21.999999999999996
2011-12-22,2011,D,H,0.8548453,0.013907004,0.1312477,2.6,3.4,2.7,H,2.6,False,-100.0
2011-12-26,2011,D,D,0.39138755,0.45163602,0.15697642,2.4,3.25,3.0,D,3.25,True,225.0
2011-12-26,2011,D,A,0.045889918,0.17961206,0.774498,7.0,4.5,1.44,A,1.44,False,-100.0
2011-12-26,2011,D,D,0.275011,0.5866842,0.1383048,1.91,3.4,4.2,D,3.4,True,240.0
2011-12-26,2011,D,H,0.68080324,0.062100053,0.25709674,1.25,5.5,13.0,H,1.25,False,-100.0
2011-12-26,2011,D,H,0.97,0.027755268,0.0022447056,1.3,5.0,12.0,H,1.3,False,-100.0
2011-12-26,2011,A,H,0.56000596,0.12944455,0.3105495,2.5,3.4,2.8,H,2.5,False,-100.0
2011-12-26,2011,H,H,0.9519801,0.017369267,0.030650593,1.14,7.5,21.0,H,1.14,True,13.99999999999999
2011-12-27,2011,D,H,0.93759644,0.02275888,0.03964466,1.22,6.0,15.0,H,1.22,False,-100.0
2011-12-27,2011,A,A,0.03829413,0.27737862,0.68432724,4.5,3.6,1.8,A,1.8,True,80.0
2011-12-27,2011,D,H,0.386162,0.33901677,0.27482122,2.0,3.4,3.8,H,2.0,False,-100.0
2011-12-30,2011,H,H,0.6580157,0.024672288,0.317312,1.53,4.0,6.5,H,1.53,True,53.0
2011-12-31,2011,D,H,0.67337066,0.22111988,0.10550943,2.6,3.25,2.75,H,2.6,False,-100.0
2011-12-31,2011,D,H,0.64270806,0.2453101,0.111981824,2.2,3.25,3.4,H,2.2,False,-100.0
2011-12-31,2011,D,D,0.029608574,0.78416395,0.18622752,5.5,3.6,1.67,D,3.6,True,260.0
2011-12-31,2011,A,H,0.9762714,0.022610947,0.0011177149,1.13,8.0,26.0,H,1.13,False,-100.0
2011-12-31,2011,H,H,0.9600319,0.036869284,0.0030987738,1.25,5.5,13.0,H,1.25,True,25.0
2011-12-31,2011,A,H,0.7320965,0.23389854,0.034004964,1.29,5.0,13.0,H,1.29,False,-100.0
2011-12-31,2011,D,H,0.80483186,0.08598876,0.10917942,1.67,3.6,5.5,H,1.67,False,-100.0
2012-01-01,2011,A,A,0.17326757,0.26597714,0.5607553,2.6,3.25,2.75,A,2.75,True,175.0
2012-01-01,2011,H,A,0.0778614,0.09692097,0.82521766,6.5,4.0,1.53,A,1.53,False,-100.0
2012-01-02,2011,A,H,0.47876143,0.40701756,0.11422099,2.1,3.4,3.5,H,2.1,False,-100.0
2012-01-02,2011,H,D,0.2745739,0.5526,0.17282613,4.0,3.5,1.91,D,3.5,False,-100.0
2012-01-02,2011,A,A,0.15357414,0.11057853,0.73584735,6.0,4.0,1.57,A,1.57,True,57.00000000000001
2012-01-02,2011,A,H,0.62824255,0.28446004,0.087297425,1.83,3.4,4.75,H,1.83,False,-100.0
2012-01-02,2011,A,H,0.5911611,0.08379934,0.32503963,2.5,3.25,2.88,H,2.5,False,-100.0
2012-01-03,2011,H,H,0.4412475,0.27041888,0.2883336,1.91,3.4,4.2,H,1.91,True,90.99999999999999
2012-01-03,2011,H,H,0.90515506,0.083690286,0.011154651,1.33,5.0,10.0,H,1.33,True,33.00000000000001
2012-01-03,2011,A,H,0.41264078,0.3394107,0.24794853,2.63,3.25,2.75,H,2.63,False,-100.0
2012-01-04,2011,A,H,0.5254446,0.31093088,0.16362453,1.5,4.0,7.0,H,1.5,False,-100.0
2012-01-04,2011,H,A,0.1274211,0.14182493,0.730754,5.0,3.6,1.73,A,1.73,False,-100.0
2012-01-11,2011,H,A,0.3894938,0.12498501,0.48552126,1.53,3.8,7.0,A,7.0,False,-100.0
2012-01-14,2011,D,H,0.52498376,0.14777513,0.3272411,2.4,3.25,3.0,H,2.4,False,-100.0
2012-01-14,2011,D,H,0.95548695,0.025022289,0.019490737,1.4,4.33,9.0,H,1.4,False,-100.0
2012-01-14,2011,H,D,0.40619984,0.5197059,0.07409425,1.4,4.5,8.5,D,4.5,False,-100.0
2012-01-14,2011,H,D,0.35731798,0.537614,0.10506804,3.0,3.3,2.38,D,3.3,False,-100.0
2012-01-14,2011,H,H,0.98822534,0.010129965,0.0016447096,1.14,8.0,17.0,H,1.14,True,13.99999999999999
2012-01-14,2011,A,H,0.5419691,0.35510275,0.102928124,2.0,3.4,3.8,H,2.0,False,-100.0
2012-01-14,2011,D,H,0.9025233,0.09241205,0.0050647124,1.25,5.5,13.0,H,1.25,False,-100.0
2012-01-15,2011,H,D,0.3985103,0.55985457,0.04163516,1.73,3.6,5.0,D,3.6,False,-100.0
2012-01-15,2011,H,A,0.21103294,0.20416339,0.58480364,4.75,3.5,1.8,A,1.8,False,-100.0
2012-01-16,2011,A,A,0.060820337,0.020378489,0.9188012,9.0,4.33,1.4,A,1.4,True,39.99999999999999
2012-01-21,2011,D,A,0.10467074,0.3994474,0.4958818,5.5,4.0,1.62,A,1.62,False,-100.0
2012-01-21,2011,H,D,0.0432056,0.65943474,0.29735968,6.0,3.75,1.62,D,3.75,False,-100.0
2012-01-21,2011,D,H,0.6059021,0.22942753,0.16467038,1.53,4.0,6.5,H,1.53,False,-100.0
2012-01-21,2011,H,H,0.5398222,0.4031895,0.05698829,2.0,3.4,3.8,H,2.0,True,100.0
2012-01-21,2011,A,A,0.12400353,0.33745915,0.5385373,1.91,3.4,4.2,A,4.2,True,320.0
2012-01-21,2011,H,D,0.41245323,0.5349202,0.052626554,1.91,3.4,4.2,D,3.4,False,-100.0
2012-01-21,2011,A,A,0.19474807,0.34209135,0.46316054,2.5,3.25,2.88,A,2.88,True,188.0
2012-01-21,2011,H,H,0.49856064,0.3551063,0.146333,2.0,3.4,3.8,H,2.0,True,100.0
2012-01-22,2011,A,A,0.34372208,0.118039966,0.538238,2.8,3.4,2.5,A,2.5,True,150.0
2012-01-22,2011,H,A,0.35454357,0.16144218,0.48401433,1.91,3.6,4.0,A,4.0,False,-100.0
2012-01-31,2011,H,H,0.7924649,0.15184504,0.05569003,1.22,6.0,15.0,H,1.22,True,21.999999999999996
2012-01-31,2011,H,H,0.96934783,0.027877586,0.0027746202,1.33,5.0,10.0,H,1.33,True,33.00000000000001
2012-01-31,2011,D,H,0.6190204,0.28306663,0.09791293,4.0,3.25,2.0,H,4.0,False,-100.0
2012-01-31,2011,A,A,0.45886582,0.050492674,0.49064153,5.0,3.8,1.7,A,1.7,True,70.0
2012-01-31,2011,H,A,0.3025486,0.3284171,0.36903432,4.33,3.5,1.85,A,1.85,False,-100.0
2012-02-01,2011,D,A,0.07978477,0.213037,0.7071783,5.0,3.75,1.7,A,1.7,False,-100.0
2012-02-01,2011,D,A,0.31101313,0.10673043,0.58225644,1.83,3.5,4.5,A,4.5,False,-100.0
2012-02-01,2011,D,D,0.38687178,0.41679168,0.1963365,1.8,3.5,4.75,D,3.5,True,250.0
2012-02-01,2011,A,A,0.15769923,0.37958843,0.46271232,2.63,3.3,2.7,A,2.7,True,170.00000000000003
2012-02-01,2011,H,H,0.45309207,0.23842038,0.3084876,1.91,3.5,4.2,H,1.91,True,90.99999999999999
2012-02-04,2011,A,H,0.75677997,0.08673262,0.15648738,1.91,3.6,4.0,H,1.91,False,-100.0
2012-02-04,2011,H,H,0.82667446,0.14571413,0.027611358,1.29,5.5,11.0,H,1.29,True,29.000000000000004
2012-02-04,2011,H,H,0.6551153,0.3157538,0.029130926,1.3,5.5,10.0,H,1.3,True,30.000000000000004
2012-02-04,2011,H,D,0.3719523,0.450015,0.17803271,2.0,3.5,3.75,D,3.5,False,-100.0
2012-02-04,2011,D,A,0.1980333,0.35541192,0.44655475,3.5,3.4,2.1,A,2.1,False,-100.0
2012-02-04,2011,A,H,0.6901084,0.24045055,0.06944102,2.1,3.3,3.6,H,2.1,False,-100.0
2012-02-04,2011,A,H,0.51681906,0.08921517,0.39396578,2.25,3.25,3.3,H,2.25,False,-100.0
2012-02-05,2011,D,H,0.48858064,0.4013849,0.11003451,2.5,3.3,2.88,H,2.5,False,-100.0
2012-02-05,2011,H,H,0.46399477,0.4036604,0.13234487,2.0,3.4,3.8,H,2.0,True,100.0
2012-02-06,2011,D,H,0.5859231,0.2076609,0.20641598,2.0,3.4,3.8,H,2.0,False,-100.0
2012-02-11,2011,H,A,0.3562343,0.13479976,0.5089659,2.38,3.3,3.0,A,3.0,False,-100.0
2012-02-11,2011,H,H,0.7061267,0.24322069,0.050652597,1.85,3.6,4.33,H,1.85,True,85.00000000000001
2012-02-11,2011,H,H,0.85971844,0.124028675,0.016252916,1.91,3.5,4.0,H,1.91,True,90.99999999999999
2012-02-11,2011,A,H,0.46615684,0.43908012,0.09476306,2.0,3.5,3.75,H,2.0,False,-100.0
2012-02-11,2011,A,H,0.551478,0.23681657,0.21170545,1.83,3.5,4.5,H,1.83,False,-100.0
2012-02-11,2011,H,H,0.88657504,0.10170635,0.01171866,1.44,4.33,7.5,H,1.44,True,43.99999999999999
2012-02-11,2011,A,A,0.15297177,0.24558443,0.60144377,3.5,3.4,2.1,A,2.1,True,110.00000000000001
2012-02-11,2011,H,D,0.035787106,0.79943305,0.16477986,3.25,3.3,2.25,D,3.3,False,-100.0
2012-02-12,2011,A,A,0.05495781,0.12469532,0.8203469,5.5,3.6,1.67,A,1.67,True,67.0
2012-02-12,2011,A,H,0.62686735,0.19051634,0.1826163,2.5,3.25,2.88,H,2.5,False,-100.0
2012-02-25,2011,D,H,0.81014144,0.074359775,0.115498744,2.75,3.25,2.63,H,2.75,False,-100.0
2012-02-25,2011,H,H,0.779633,0.19237766,0.027989337,2.4,3.25,3.0,H,2.4,True,140.0
2012-02-25,2011,A,H,0.5843821,0.2789931,0.13662478,2.63,3.25,2.75,H,2.63,False,-100.0
2012-02-25,2011,D,H,0.8772373,0.10814025,0.014622427,1.57,4.0,6.0,H,1.57,False,-100.0
2012-02-25,2011,H,H,0.8577185,0.10843417,0.03384732,1.29,5.5,11.0,H,1.29,True,29.000000000000004
2012-02-25,2011,H,H,0.93422437,0.060551133,0.00522451,1.17,7.0,17.0,H,1.17,True,16.999999999999993
2012-02-26,2011,A,A,0.20656572,0.112394676,0.6810396,6.5,4.0,1.53,A,1.53,True,53.0
2012-02-26,2011,H,A,0.31548157,0.17903422,0.5054842,2.5,3.4,2.75,A,2.75,False,-100.0
2012-02-26,2011,H,H,0.6298682,0.17894182,0.19118996,2.1,3.4,3.5,H,2.1,True,110.00000000000001
2012-03-03,2011,D,A,0.21590067,0.2742563,0.50984305,2.38,3.4,3.0,A,3.0,False,-100.0
2012-03-03,2011,H,H,0.99524397,0.0039992942,0.00075676804,1.13,8.5,21.0,H,1.13,True,12.99999999999999
2012-03-03,2011,A,H,0.45308676,0.3467315,0.20018172,2.0,3.5,3.75,H,2.0,False,-100.0
2012-03-03,2011,D,H,0.4496058,0.31071338,0.23968089,3.1,3.25,2.38,H,3.1,False,-100.0
2012-03-03,2011,H,H,0.6500886,0.21313493,0.13677645,1.83,3.5,4.5,H,1.83,True,83.0
2012-03-03,2011,A,H,0.41455072,0.249564,0.33588526,2.5,3.25,2.88,H,2.5,False,-100.0
2012-03-03,2011,H,A,0.2548482,0.038545966,0.7066058,4.2,3.4,1.91,A,1.91,False,-100.0
2012-03-04,2011,H,H,0.88207436,0.07591323,0.04201249,1.57,3.75,6.5,H,1.57,True,57.00000000000001
2012-03-04,2011,D,H,0.6042171,0.17569421,0.22008872,2.1,3.4,3.5,H,2.1,False,-100.0
2012-03-04,2011,A,D,0.22089262,0.5053194,0.27378795,2.88,3.4,2.4,D,3.4,False,-100.0
2012-03-10,2011,A,H,0.469174,0.11849529,0.41233066,2.38,3.3,3.0,H,2.38,False,-100.0
2012-03-10,2011,H,H,0.5826753,0.14037678,0.27694792,3.8,3.4,2.0,H,3.8,True,280.0
2012-03-10,2011,H,A,0.16229548,0.31290463,0.52479994,2.88,3.25,2.5,A,2.5,False,-100.0
2012-03-10,2011,H,H,0.72507477,0.12949152,0.14543375,2.5,3.25,2.88,H,2.5,True,150.0
2012-03-10,2011,H,H,0.46388116,0.36013517,0.17598361,2.5,3.25,2.88,H,2.5,True,150.0
2012-03-10,2011,H,H,0.6898865,0.17858697,0.13152656,1.4,4.5,8.5,H,1.4,True,39.99999999999999
2012-03-11,2011,H,A,0.24677794,0.21691205,0.5363101,6.0,3.75,1.62,A,1.62,False,-100.0
2012-03-11,2011,D,H,0.609907,0.35246566,0.0376274,1.83,3.6,4.33,H,1.83,False,-100.0
2012-03-11,2011,H,A,0.33689427,0.22868766,0.434418,1.29,5.5,11.0,A,11.0,False,-100.0
2012-03-12,2011,H,H,0.7123552,0.26367152,0.02397329,1.44,4.33,7.5,H,1.44,True,43.99999999999999
2012-03-13,2011,H,H,0.8610241,0.10968217,0.029293792,1.73,3.4,5.5,H,1.73,True,73.0
2012-03-17,2011,D,D,0.13812709,0.49593413,0.3659388,2.75,3.3,2.6,D,3.3,True,229.99999999999997
2012-03-17,2011,A,H,0.6361242,0.27035862,0.09351718,1.83,3.5,4.5,H,1.83,False,-100.0
2012-03-18,2011,A,A,0.11484277,0.013864766,0.8712925,9.0,5.0,1.33,A,1.33,True,33.00000000000001
2012-03-18,2011,H,D,0.36427295,0.41138208,0.224345,1.8,3.6,4.5,D,3.6,False,-100.0
2012-03-20,2011,H,A,0.3188971,0.3289701,0.3521328,2.4,3.4,2.88,A,2.88,False,-100.0
2012-03-21,2011,A,D,0.124585114,0.53987294,0.33554193,3.0,3.4,2.3,D,3.4,False,-100.0
2012-03-21,2011,H,H,0.5233695,0.036371976,0.44025856,1.91,3.6,4.0,H,1.91,True,90.99999999999999
2012-03-21,2011,H,H,0.599181,0.090029664,0.31078938,5.0,3.6,1.73,H,5.0,True,400.0
2012-03-21,2011,D,H,0.61723936,0.3692316,0.013529056,1.4,4.5,8.5,H,1.4,False,-100.0
2012-03-24,2011,H,D,0.34026846,0.4698021,0.18992947,2.0,3.4,3.8,D,3.4,False,-100.0
2012-03-24,2011,D,D,0.1184858,0.75959736,0.121916816,6.0,3.75,1.62,D,3.75,True,275.0
2012-03-24,2011,A,H,0.5141192,0.42130822,0.064572506,2.2,3.25,3.4,H,2.2,False,-100.0
2012-03-24,2011,H,H,0.7993387,0.16375865,0.036902666,1.73,3.75,4.75,H,1.73,True,73.0
2012-03-24,2011,D,H,0.93197364,0.016037405,0.05198891,1.83,3.6,4.33,H,1.83,False,-100.0
2012-03-24,2011,A,D,0.18993701,0.5276409,0.28242207,1.29,5.5,11.0,D,5.5,False,-100.0
2012-03-24,2011,H,H,0.6269209,0.11804482,0.25503424,2.4,3.4,2.9,H,2.4,True,140.0
2012-03-24,2011,H,H,0.91949177,0.069065884,0.011442375,1.33,5.0,10.0,H,1.33,True,33.00000000000001
2012-03-25,2011,A,A,0.3130338,0.3018617,0.38510457,2.3,3.4,3.1,A,3.1,True,210.0
2012-03-26,2011,H,H,0.7395689,0.25067702,0.009754082,1.22,6.0,15.0,H,1.22,True,21.999999999999996
2012-03-31,2011,H,D,0.2922756,0.5946399,0.11308452,1.83,3.5,4.5,D,3.5,False,-100.0
2012-03-31,2011,H,H,0.6937949,0.15366897,0.15253617,2.63,3.25,2.75,H,2.63,True,163.0
2012-03-31,2011,A,D,0.20637098,0.4575416,0.33608738,2.3,3.4,3.1,D,3.4,False,-100.0
2012-03-31,2011,H,A,0.068823814,0.022488445,0.9086877,5.5,4.2,1.57,A,1.57,False,-100.0
2012-03-31,2011,A,D,0.26769182,0.41714996,0.31515822,4.5,3.5,1.83,D,3.5,False,-100.0
2012-03-31,2011,H,H,0.64473855,0.24927388,0.105987586,1.7,3.75,5.0,H,1.7,True,70.0
2012-03-31,2011,D,H,0.87697774,0.025085488,0.09793674,1.22,6.5,12.0,H,1.22,False,-100.0
2012-04-01,2011,H,H,0.8397995,0.11793572,0.042264786,1.4,4.5,8.5,H,1.4,True,39.99999999999999
2012-04-01,2011,H,A,0.1943854,0.2979764,0.5076382,2.88,3.4,2.4,A,2.4,False,-100.0
2012-04-02,2011,A,A,0.06940746,0.032638997,0.8979535,9.0,4.75,1.36,A,1.36,True,36.00000000000001
2012-04-06,2011,A,D,0.23041163,0.58293444,0.18665393,2.4,3.4,2.88,D,3.4,False,-100.0
2012-04-07,2011,H,H,0.40729144,0.2920275,0.30068105,1.91,3.6,4.0,H,1.91,True,90.99999999999999
2012-04-07,2011,D,D,0.29817185,0.5833129,0.11851523,3.3,3.4,2.2,D,3.4,True,240.0
2012-04-07,2011,H,H,0.7907486,0.027804913,0.18144655,1.57,4.0,6.0,H,1.57,True,57.00000000000001
2012-04-07,2011,D,H,0.8444208,0.122143015,0.03343619,1.44,4.33,7.5,H,1.44,False,-100.0
2012-04-07,2011,H,H,0.697817,0.28314573,0.019037258,1.25,6.0,12.0,H,1.25,True,25.0
2012-04-07,2011,A,A,0.3598532,0.259127,0.38101986,2.6,3.3,2.75,A,2.75,True,175.0
2012-04-07,2011,D,D,0.20703964,0.6348071,0.15815324,3.0,3.3,2.4,D,3.3,True,229.99999999999997
2012-04-08,2011,H,A,0.35951534,0.07029942,0.57018524,2.4,3.4,2.88,A,2.88,False,-100.0
2012-04-08,2011,H,H,0.9293939,0.063571446,0.007034647,1.17,7.5,15.0,H,1.17,True,16.999999999999993
2012-04-09,2011,H,D,0.36068994,0.544657,0.094653085,1.83,3.5,4.5,D,3.5,False,-100.0
2012-04-09,2011,D,A,0.37127537,0.17633379,0.45239082,2.2,3.3,3.4,A,3.4,False,-100.0
2012-04-09,2011,H,H,0.923987,0.051337477,0.024675524,1.53,4.2,6.0,H,1.53,True,53.0
2012-04-09,2011,A,H,0.9393761,0.004946365,0.055677574,1.29,5.5,11.0,H,1.29,False,-100.0
2012-04-09,2011,D,D,0.09972722,0.45409802,0.44617477,3.5,3.4,2.1,D,3.4,True,240.0
2012-04-10,2011,A,A,0.26339853,0.2201795,0.5164219,3.5,3.4,2.1,A,2.1,True,110.00000000000001
2012-04-11,2011,H,H,0.9519047,0.045174025,0.0029212253,1.25,5.5,13.0,H,1.25,True,25.0
2012-04-11,2011,H,D,0.40327048,0.4291158,0.16761369,2.1,3.4,3.5,D,3.4,False,-100.0
2012-04-11,2011,H,A,0.008367954,0.002434323,0.9891977,9.0,4.75,1.36,A,1.36,False,-100.0
2012-04-11,2011,A,A,0.22439578,0.13064833,0.64495593,7.0,4.5,1.44,A,1.44,True,43.99999999999999
2012-04-14,2011,H,H,0.4233935,0.16427757,0.41232896,2.1,3.4,3.5,H,2.1,True,110.00000000000001
2012-04-14,2011,A,A,0.06724216,0.16968013,0.76307774,6.0,4.2,1.53,A,1.53,True,53.0
2012-04-14,2011,D,H,0.8736062,0.08686999,0.0395238,1.5,4.2,6.5,H,1.5,False,-100.0
2012-04-14,2011,H,H,0.4100835,0.3401785,0.249738,1.91,3.5,4.0,H,1.91,True,90.99999999999999
2012-04-15,2011,H,H,0.9178855,0.030044915,0.052069627,1.22,6.5,13.0,H,1.22,True,21.999999999999996
2012-04-16,2011,A,H,0.56344396,0.42353192,0.013024068,1.25,6.0,12.0,H,1.25,False,-100.0
2012-04-21,2011,H,H,0.9618301,0.024644438,0.013525407,1.67,3.75,5.5,H,1.67,True,67.0
2012-04-21,2011,H,D,0.18881188,0.6011882,0.20999996,1.91,3.6,4.0,D,3.6,False,-100.0
2012-04-21,2011,H,A,0.30448228,0.29423162,0.4012861,4.0,3.6,1.91,A,1.91,False,-100.0
2012-04-21,2011,D,D,0.23513669,0.46265066,0.30221263,2.2,3.3,3.4,D,3.3,True,229.99999999999997
2012-04-21,2011,H,H,0.6134236,0.03513409,0.35144234,2.1,3.4,3.5,H,2.1,True,110.00000000000001
2012-04-21,2011,D,H,0.45953393,0.22133008,0.31913593,2.3,3.3,3.2,H,2.3,False,-100.0
2012-04-21,2011,D,H,0.5109721,0.36926758,0.11976035,2.0,3.6,3.6,H,2.0,False,-100.0
2012-04-22,2011,D,H,0.8763616,0.010203162,0.11343522,1.3,5.0,11.0,H,1.3,False,-100.0
2012-04-22,2011,A,A,0.013785468,0.06440241,0.9218121,12.0,6.5,1.22,A,1.22,True,21.999999999999996
2012-04-22,2011,A,H,0.8248636,0.15103786,0.024098547,1.44,4.33,7.5,H,1.44,False,-100.0
2012-04-24,2011,A,H,0.40982944,0.23246665,0.35770386,1.91,3.5,4.0,H,1.91,False,-100.0
2012-04-28,2011,D,A,0.44084,0.050954647,0.50820535,4.33,3.6,1.83,A,1.83,False,-100.0
2012-04-28,2011,H,H,0.5218588,0.43011534,0.04802587,1.83,3.5,4.5,H,1.83,True,83.0
2012-04-28,2011,A,A,0.3717503,0.11293631,0.5153134,3.8,3.4,2.0,A,2.0,True,100.0
2012-04-28,2011,D,H,0.49687856,0.2048249,0.29829654,2.0,3.5,3.75,H,2.0,False,-100.0
2012-04-28,2011,D,D,0.39287397,0.43111286,0.1760131,2.1,3.4,3.5,D,3.4,True,240.0
2012-04-28,2011,D,H,0.6182523,0.3424354,0.0393123,1.53,4.0,6.5,H,1.53,False,-100.0
2012-04-28,2011,H,H,0.4253779,0.19967361,0.37494847,2.8,3.4,2.5,H,2.8,True,179.99999999999997
2012-04-29,2011,H,H,0.7073371,0.2781408,0.014522149,1.4,4.5,8.5,H,1.4,True,39.99999999999999
2012-04-29,2011,H,H,0.4878732,0.458651,0.053475797,1.36,5.0,8.0,H,1.36,True,36.00000000000001
2012-04-30,2011,H,H,0.5612311,0.069888145,0.36888078,2.1,3.5,3.4,H,2.1,True,110.00000000000001
2012-05-01,2011,D,H,0.7715786,0.106787905,0.12163348,2.75,3.25,2.6,H,2.75,False,-100.0
2012-05-01,2011,A,H,0.5953661,0.19402976,0.2106041,1.62,4.0,5.5,H,1.62,False,-100.0
2012-05-02,2011,A,D,0.22591016,0.54683316,0.22725669,4.0,3.6,1.91,D,3.6,False,-100.0
2012-05-02,2011,A,H,0.8596313,0.1259927,0.014376043,1.5,4.33,6.5,H,1.5,False,-100.0
2012-05-05,2011,D,H,0.82840073,0.120481975,0.051117256,1.22,6.5,12.0,H,1.22,False,-100.0
2012-05-06,2011,D,A,0.009523556,0.1797334,0.81074303,5.0,3.75,1.7,A,1.7,False,-100.0
2012-05-06,2011,A,A,0.17363845,0.26939008,0.5569715,5.0,4.0,1.67,A,1.67,True,67.0
2012-05-06,2011,H,H,0.99556255,0.004084481,0.00035301928,1.17,7.0,17.0,H,1.17,True,16.999999999999993
2012-05-06,2011,H,H,0.7698986,0.10889482,0.121206574,1.83,3.75,4.2,H,1.83,True,83.0
2012-05-06,2011,D,H,0.63056153,0.25440684,0.1150316,2.0,3.5,3.75,H,2.0,False,-100.0
2012-05-06,2011,D,H,0.503234,0.22194014,0.27482584,4.2,3.75,1.83,H,4.2,False,-100.0
2012-05-06,2011,H,H,0.60081196,0.29802394,0.10116408,1.83,3.6,4.33,H,1.83,True,83.0
2012-05-07,2011,A,D,0.2586576,0.43921804,0.30212435,2.4,3.5,2.88,D,3.5,False,-100.0
2012-05-08,2011,H,H,0.78784543,0.01336005,0.19879447,2.1,3.5,3.4,H,2.1,True,110.00000000000001
2012-05-13,2011,D,H,0.66043293,0.16372688,0.17584018,2.38,3.5,2.88,H,2.38,False,-100.0
2012-05-13,2011,H,H,0.5350509,0.4088233,0.05612578,1.3,5.5,10.0,H,1.3,True,30.000000000000004
2012-05-13,2011,H,D,0.37087986,0.5525577,0.07656249,2.2,3.5,3.2,D,3.5,False,-100.0
2012-05-13,2011,H,H,0.77068734,0.1923225,0.03699015,1.13,9.0,19.0,H,1.13,True,12.99999999999999
2012-05-13,2011,H,D,0.13032235,0.5658022,0.30387545,2.2,3.4,3.25,D,3.4,False,-100.0
2012-05-13,2011,H,A,0.33876687,0.26489538,0.39633778,3.4,3.5,2.1,A,2.1,False,-100.0
2012-05-13,2011,H,H,0.71554273,0.26902306,0.01543418,1.4,4.5,8.5,H,1.4,True,39.99999999999999
2012-05-13,2011,A,D,0.24473445,0.48263058,0.27263492,5.0,4.0,1.67,D,4.0,False,-100.0
2012-05-13,2011,H,H,0.5277131,0.4040723,0.068214566,1.57,4.0,6.0,H,1.57,True,57.00000000000001
2012-05-13,2011,A,A,0.077706814,0.24833918,0.673954,7.0,4.5,1.44,A,1.44,True,43.99999999999999
2012-08-18,2012,H,D,0.23124167,0.5961125,0.17264587,2.5,3.4,2.75,D,3.4,False,-100.0
2012-08-18,2012,A,H,0.69659555,0.084823325,0.21858108,2.0,3.4,3.8,H,2.0,False,-100.0
2012-08-18,2012,D,H,0.8711143,0.116405174,0.01248054,1.4,4.5,8.5,H,1.4,False,-100.0
2012-08-18,2012,H,H,0.48903373,0.20061809,0.31034812,1.8,3.6,4.5,H,1.8,True,80.0
2012-08-18,2012,D,D,0.35885134,0.5458289,0.09531974,2.38,3.25,3.1,D,3.25,True,225.0
2012-08-18,2012,H,D,0.24016395,0.70220166,0.057634383,2.2,3.3,3.4,D,3.3,False,-100.0
2012-08-18,2012,H,H,0.66555196,0.10277113,0.2316769,4.2,3.5,1.91,H,4.2,True,320.0
2012-08-19,2012,H,H,0.98828924,0.0060955402,0.005615266,1.17,7.0,17.0,H,1.17,True,16.999999999999993
2012-08-19,2012,A,A,0.055789664,0.11087757,0.8333327,6.0,3.75,1.62,A,1.62,True,62.000000000000014
2012-08-20,2012,H,A,0.10857418,0.05620495,0.8352208,4.33,3.6,1.83,A,1.83,False,-100.0
2012-08-22,2012,H,H,0.8241672,0.16529119,0.010541625,1.25,5.5,13.0,H,1.25,True,25.0
2012-08-25,2012,H,H,0.49103993,0.1477362,0.3612239,2.1,3.3,3.6,H,2.1,True,110.00000000000001
2012-08-25,2012,H,H,0.67583495,0.28447315,0.039691903,1.29,5.5,11.0,H,1.29,True,29.000000000000004
2012-08-25,2012,D,H,0.73096913,0.24902102,0.02000989,1.5,4.33,6.5,H,1.5,False,-100.0
2012-08-25,2012,A,H,0.5231996,0.20906228,0.2677381,2.1,3.4,3.5,H,2.1,False,-100.0
2012-08-25,2012,A,A,0.15230606,0.41129208,0.4364019,2.9,3.4,2.4,A,2.4,True,140.0
2012-08-25,2012,H,H,0.6489738,0.26907125,0.08195495,1.5,4.33,6.5,H,1.5,True,50.0
2012-08-25,2012,D,H,0.5287865,0.34170148,0.12951203,2.25,3.4,3.2,H,2.25,False,-100.0
2012-08-26,2012,D,H,0.50562507,0.07166592,0.422709,3.5,3.4,2.1,H,3.5,False,-100.0
2012-08-26,2012,D,A,0.21403247,0.023083558,0.76288396,3.1,3.4,2.3,A,2.3,False,-100.0
2012-09-01,2012,H,H,0.9921405,0.0011251525,0.006734344,1.18,7.0,15.0,H,1.18,True,17.999999999999993
2012-09-01,2012,D,H,0.48667282,0.34712195,0.16620521,2.2,3.3,3.4,H,2.2,False,-100.0
2012-09-01,2012,D,H,0.9307838,0.061272144,0.007944062,1.36,5.0,8.5,H,1.36,False,-100.0
2012-09-01,2012,H,A,0.28269675,0.14296472,0.5743385,3.0,3.3,2.38,A,2.38,False,-100.0
2012-09-01,2012,H,A,0.21590994,0.09815856,0.6859315,2.5,3.25,2.88,A,2.88,False,-100.0
2012-09-01,2012,D,H,0.6543712,0.16496104,0.18066782,2.25,3.25,3.3,H,2.25,False,-100.0
2012-09-02,2012,D,H,0.79224795,0.050033424,0.15771869,1.62,3.75,6.0,H,1.62,False,-100.0
2012-09-02,2012,A,H,0.7337579,0.21382602,0.052416112,2.0,3.5,3.75,H,2.0,False,-100.0
2012-09-02,2012,A,A,0.049424585,0.086191826,0.86438364,6.0,4.2,1.53,A,1.53,True,53.0
2012-09-15,2012,H,A,0.115616776,0.13210751,0.75227576,1.25,6.0,12.0,A,12.0,False,-100.0
2012-09-15,2012,H,H,0.52994984,0.42254746,0.047502708,1.36,5.0,8.5,H,1.36,True,36.00000000000001
2012-09-15,2012,H,H,0.5037941,0.18178464,0.31442127,2.38,3.25,3.1,H,2.38,True,138.0
2012-09-15,2012,H,H,0.8336529,0.062041678,0.104305394,2.1,3.4,3.5,H,2.1,True,110.00000000000001
2012-09-15,2012,D,A,0.112380154,0.2272168,0.6604031,4.5,3.5,1.83,A,1.83,False,-100.0
2012-09-15,2012,D,A,0.17277233,0.025864996,0.80136263,5.0,3.6,1.73,A,1.73,False,-100.0
2012-09-15,2012,D,H,0.49355066,0.11583373,0.39061564,2.38,3.4,3.0,H,2.38,False,-100.0
2012-09-15,2012,D,H,0.67747086,0.0046713864,0.31785774,3.4,3.3,2.2,H,3.4,False,-100.0
2012-09-16,2012,A,H,0.42167413,0.17362382,0.4047021,3.75,3.5,2.0,H,3.75,False,-100.0
2012-09-17,2012,D,D,0.3691452,0.54471,0.08614482,1.73,3.6,5.0,D,3.6,True,260.0
2012-09-22,2012,A,H,0.4168895,0.35195926,0.23115125,2.4,3.3,3.0,H,2.4,False,-100.0
2012-09-22,2012,D,D,0.2399644,0.72423947,0.035796165,2.1,3.3,3.6,D,3.3,True,229.99999999999997
2012-09-22,2012,H,H,0.7109281,0.23697972,0.052092157,1.73,3.75,4.75,H,1.73,True,73.0
2012-09-22,2012,H,D,0.38006473,0.44021395,0.17972136,2.4,3.3,3.0,D,3.3,False,-100.0
2012-09-22,2012,H,H,0.8190429,0.14989504,0.031062096,1.36,4.75,9.0,H,1.36,True,36.00000000000001
2012-09-22,2012,A,D,0.17513233,0.45975062,0.36511707,3.0,3.3,2.4,D,3.3,False,-100.0
2012-09-23,2012,H,D,0.25334707,0.70392746,0.0427255,1.44,4.33,7.5,D,4.33,False,-100.0
2012-09-23,2012,H,H,0.7572593,0.10151452,0.14122622,1.8,3.6,4.5,H,1.8,True,80.0
2012-09-23,2012,A,D,0.29357788,0.40784416,0.29857796,2.7,3.3,2.63,D,3.3,False,-100.0
2012-09-23,2012,D,H,0.9640539,0.021474004,0.014472093,1.75,3.6,4.75,H,1.75,False,-100.0
2012-09-29,2012,A,H,0.5438685,0.0748064,0.38132516,4.75,3.75,1.73,H,4.75,False,-100.0
2012-09-29,2012,H,H,0.35047725,0.33475426,0.3147685,1.91,3.4,4.2,H,1.91,True,90.99999999999999
2012-09-29,2012,D,H,0.4670906,0.12399961,0.4089098,2.88,3.3,2.5,H,2.88,False,-100.0
2012-09-29,2012,H,H,0.45244288,0.17836064,0.36919644,2.0,3.4,3.8,H,2.0,True,100.0
2012-09-29,2012,A,H,0.7081581,0.2653595,0.026482444,1.57,4.0,6.0,H,1.57,False,-100.0
2012-09-29,2012,H,H,0.5028423,0.17518812,0.3219696,1.4,4.75,8.0,H,1.4,True,39.99999999999999
2012-09-29,2012,A,H,0.54129547,0.37309483,0.085609674,2.1,3.4,3.5,H,2.1,False,-100.0
2012-09-29,2012,A,A,0.3289739,0.16447772,0.5065484,4.33,3.6,1.83,A,1.83,True,83.0
2012-09-30,2012,D,A,0.2823501,0.24516393,0.472486,2.4,3.3,3.0,A,3.0,False,-100.0
2012-10-01,2012,A,H,0.5119892,0.2489436,0.23906724,2.05,3.4,3.75,H,2.05,False,-100.0
2012-10-06,2012,D,H,0.64173084,0.25583664,0.102432564,1.91,3.6,4.0,H,1.91,False,-100.0
2012-10-06,2012,H,H,0.9646297,0.020038383,0.015331889,1.29,5.5,11.0,H,1.29,True,29.000000000000004
2012-10-06,2012,H,H,0.81358016,0.17762889,0.008790932,1.22,6.5,12.0,H,1.22,True,21.999999999999996
2012-10-06,2012,D,H,0.5923886,0.15044208,0.2571694,4.2,3.4,1.91,H,4.2,False,-100.0
2012-10-06,2012,A,H,0.45009443,0.20441662,0.3454889,4.0,3.6,1.91,H,4.0,False,-100.0
2012-10-06,2012,H,H,0.85416824,0.07978339,0.06604839,1.83,3.75,4.2,H,1.83,True,83.0
2012-10-07,2012,D,H,0.50829566,0.44274637,0.04895795,1.44,4.33,7.5,H,1.44,False,-100.0
2012-10-07,2012,A,A,0.16150665,0.10966255,0.7288308,4.2,3.75,1.83,A,1.83,True,83.0
2012-10-07,2012,D,H,0.75687325,0.1773846,0.065742105,2.75,3.3,2.6,H,2.75,False,-100.0
2012-10-07,2012,H,H,0.781807,0.10965764,0.108535364,1.44,4.33,7.5,H,1.44,True,43.99999999999999
2012-10-20,2012,H,A,0.09998911,0.10853813,0.7914728,6.0,4.2,1.53,A,1.53,False,-100.0
2012-10-20,2012,H,H,0.3703248,0.3289689,0.30070633,1.8,3.6,4.5,H,1.8,True,80.0
2012-10-20,2012,H,H,0.8143176,0.14298373,0.042698655,1.33,5.0,10.0,H,1.33,True,33.00000000000001
2012-10-20,2012,H,H,0.8126435,0.16049653,0.026859928,1.29,5.5,11.0,H,1.29,True,29.000000000000004
2012-10-20,2012,H,H,0.46783328,0.3681132,0.16405357,2.1,3.4,3.5,H,2.1,True,110.00000000000001
2012-10-20,2012,A,H,0.3960316,0.3403507,0.26361766,2.5,3.4,2.75,H,2.5,False,-100.0
2012-10-20,2012,H,H,0.56158185,0.27669924,0.1617189,1.83,3.75,4.2,H,1.83,True,83.0
2012-10-20,2012,A,D,0.045383558,0.5678582,0.38675824,5.0,3.75,1.7,D,3.75,False,-100.0
2012-10-21,2012,D,D,0.23465133,0.38549462,0.37985402,3.25,3.4,2.2,D,3.4,True,240.0
2012-10-21,2012,D,A,0.2950489,0.2389021,0.46604902,2.5,3.3,2.88,A,2.88,False,-100.0
2012-10-27,2012,H,A,0.26710334,0.2552942,0.47760248,2.25,3.4,3.2,A,3.2,False,-100.0
2012-10-27,2012,D,D,0.3863815,0.40664992,0.20696855,1.95,3.3,4.2,D,3.3,True,229.99999999999997
2012-10-27,2012,D,D,0.32475835,0.47248146,0.20276022,2.75,3.4,2.5,D,3.4,True,240.0
2012-10-27,2012,H,H,0.6661817,0.15465459,0.17916372,1.36,5.0,8.5,H,1.36,True,36.00000000000001
2012-10-27,2012,H,H,0.9380001,0.015497162,0.046502728,1.22,6.0,15.0,H,1.22,True,21.999999999999996
2012-10-27,2012,D,H,0.49506184,0.40803772,0.09690046,2.0,3.5,3.75,H,2.0,False,-100.0
2012-10-28,2012,A,D,0.26061878,0.47545514,0.26392606,2.4,3.4,2.9,D,3.4,False,-100.0
2012-10-28,2012,D,H,0.5301649,0.14710554,0.3227296,2.6,3.3,2.75,H,2.6,False,-100.0
2012-10-28,2012,H,H,0.5012138,0.20406966,0.29471657,2.0,3.5,3.75,H,2.0,True,100.0
2012-10-28,2012,A,H,0.5623969,0.25305843,0.1845447,4.2,3.75,1.83,H,4.2,False,-100.0
2012-11-03,2012,D,D,0.068784945,0.786158,0.14505704,2.75,3.4,2.5,D,3.4,True,240.0
2012-11-03,2012,H,A,0.37206447,0.15829143,0.4696441,2.6,3.3,2.75,A,2.75,False,-100.0
2012-11-03,2012,H,A,0.29047424,0.219171,0.49035478,1.7,3.8,5.0,A,5.0,False,-100.0
2012-11-03,2012,A,H,0.60874355,0.25303587,0.13822055,2.1,3.3,3.6,H,2.1,False,-100.0
2012-11-03,2012,D,A,0.13321161,0.09637908,0.77040935,5.0,3.8,1.7,A,1.7,False,-100.0
2012-11-03,2012,A,H,0.597991,0.116936386,0.2850726,1.5,4.33,6.5,H,1.5,False,-100.0
2012-11-03,2012,D,A,0.13710108,0.053939354,0.80895954,4.5,3.6,1.8,A,1.8,False,-100.0
2012-11-04,2012,D,D,0.4299976,0.53597933,0.03402303,1.57,4.0,6.0,D,4.0,True,300.0
2012-11-04,2012,D,D,0.38594443,0.55041486,0.0636407,1.8,3.6,4.5,D,3.6,True,260.0
2012-11-05,2012,H,H,0.834053,0.122188956,0.04375809,1.73,3.75,4.75,H,1.73,True,73.0
2012-11-10,2012,A,A,0.27099103,0.1651397,0.56386924,2.3,3.4,3.1,A,3.1,True,210.0
2012-11-10,2012,H,H,0.6693248,0.19341154,0.13726363,1.91,3.4,4.2,H,1.91,True,90.99999999999999
2012-11-10,2012,D,H,0.5117262,0.25608787,0.23218593,2.38,3.5,2.88,H,2.38,False,-100.0
2012-11-10,2012,H,H,0.79935837,0.1591373,0.041504398,1.44,4.2,8.0,H,1.44,True,43.99999999999999
2012-11-10,2012,A,A,0.032445166,0.09382435,0.87373054,7.0,4.5,1.44,A,1.44,True,43.99999999999999
2012-11-10,2012,D,D,0.31818599,0.5980109,0.083803095,1.53,4.2,6.0,D,4.2,True,320.0
2012-11-10,2012,D,H,0.41354483,0.38779208,0.19866313,2.25,3.4,3.2,H,2.25,False,-100.0
2012-11-11,2012,H,H,0.86550665,0.06223683,0.07225657,1.57,4.0,6.0,H,1.57,True,57.00000000000001
2012-11-11,2012,A,A,0.2715915,0.23205398,0.49635446,1.95,3.6,3.8,A,3.8,True,280.0
2012-11-11,2012,D,H,0.38109675,0.37783292,0.24107032,1.95,3.5,4.0,H,1.95,False,-100.0
2012-11-17,2012,A,H,0.51997954,0.42101684,0.05900362,1.91,3.6,4.0,H,1.91,False,-100.0
2012-11-17,2012,H,A,0.024737867,0.30499434,0.6702678,7.0,4.5,1.44,A,1.44,False,-100.0
2012-11-17,2012,H,H,0.4664123,0.18399346,0.3495943,4.33,3.6,1.83,H,4.33,True,333.0
2012-11-17,2012,H,A,0.12673959,0.29372412,0.57953626,3.75,3.5,2.0,A,2.0,False,-100.0
2012-11-17,2012,A,H,0.46324933,0.19476525,0.34198537,1.91,3.6,4.0,H,1.91,False,-100.0
2012-11-17,2012,H,H,0.7421721,0.23287775,0.024950167,1.44,4.33,7.5,H,1.44,True,43.99999999999999
2012-11-17,2012,H,H,0.656693,0.13134591,0.2119611,1.91,3.75,3.8,H,1.91,True,90.99999999999999
2012-11-17,2012,H,H,0.85375166,0.093282275,0.05296605,1.2,6.5,15.0,H,1.2,True,19.999999999999996
2012-11-18,2012,A,H,0.8053027,0.124553576,0.07014371,1.67,3.75,5.25,H,1.67,False,-100.0
2012-11-19,2012,D,D,0.3219241,0.4982019,0.17987399,2.0,3.4,3.8,D,3.4,True,240.0
2012-11-24,2012,D,A,0.07615112,0.14418638,0.7796625,4.75,3.75,1.73,A,1.73,False,-100.0
2012-11-24,2012,D,H,0.90576756,0.066840604,0.027391842,1.44,4.33,7.5,H,1.44,False,-100.0
2012-11-24,2012,H,H,0.9621176,0.033440977,0.0044413824,1.17,7.5,15.0,H,1.17,True,16.999999999999993
2012-11-24,2012,A,D,0.32790786,0.3381623,0.33392984,2.5,3.3,2.88,D,3.3,False,-100.0
2012-11-24,2012,H,H,0.66804296,0.18965496,0.14230208,1.83,3.6,4.33,H,1.83,True,83.0
2012-11-24,2012,H,H,0.56327957,0.2801865,0.15653394,2.2,3.3,3.4,H,2.2,True,120.00000000000001
2012-11-25,2012,D,D,0.29465532,0.45127302,0.25407165,2.5,3.5,2.7,D,3.5,True,250.0
2012-11-25,2012,H,H,0.57857406,0.25747466,0.1639512,2.3,3.5,3.0,H,2.3,True,129.99999999999997
2012-11-25,2012,D,D,0.22131331,0.55572015,0.22296657,3.4,3.5,2.1,D,3.5,True,250.0
2012-11-25,2012,H,H,0.8688298,0.051437005,0.07973324,1.67,3.75,5.5,H,1.67,True,67.0
2012-11-27,2012,H,H,0.50643396,0.14023879,0.35332724,1.95,3.4,4.0,H,1.95,True,95.0
2012-11-27,2012,D,H,0.63723516,0.17977187,0.18299295,2.25,3.25,3.3,H,2.25,False,-100.0
2012-11-28,2012,D,H,0.5900512,0.11691042,0.2930384,2.5,3.4,2.75,H,2.5,False,-100.0
2012-11-28,2012,D,H,0.4778709,0.31702268,0.20510644,2.0,3.4,3.8,H,2.0,False,-100.0
2012-11-28,2012,D,H,0.602798,0.30498463,0.0922174,1.44,4.5,7.0,H,1.44,False,-100.0
2012-11-28,2012,H,H,0.72871995,0.19713762,0.07414239,1.22,6.5,12.0,H,1.22,True,21.999999999999996
2012-11-28,2012,A,A,0.07968686,0.360193,0.5601201,6.0,4.2,1.53,A,1.53,True,53.0
2012-11-28,2012,H,A,0.36149383,0.24082251,0.3976837,2.4,3.4,2.88,A,2.88,False,-100.0
2012-11-28,2012,H,H,0.5504843,0.2823331,0.1671826,2.3,3.4,3.1,H,2.3,True,129.99999999999997
2012-11-28,2012,H,H,0.5266342,0.1914878,0.281878,1.91,3.4,4.2,H,1.91,True,90.99999999999999
2012-12-01,2012,A,H,0.7876997,0.188219,0.024081321,1.44,4.5,7.0,H,1.44,False,-100.0
2012-12-01,2012,A,D,0.35500526,0.46577144,0.17922324,2.88,3.3,2.5,D,3.3,False,-100.0
2012-12-01,2012,H,H,0.903882,0.045342717,0.05077531,1.4,4.5,8.5,H,1.4,True,39.99999999999999
2012-12-01,2012,D,H,0.8339391,0.123954795,0.042106103,1.5,4.0,7.0,H,1.5,False,-100.0
2012-12-01,2012,D,H,0.5122734,0.3158892,0.17183743,1.95,3.5,4.0,H,1.95,False,-100.0
2012-12-01,2012,A,A,0.074885145,0.065581195,0.8595337,7.5,4.75,1.4,A,1.4,True,39.99999999999999
2012-12-01,2012,A,H,0.4570771,0.18569379,0.35722905,2.1,3.25,3.75,H,2.1,False,-100.0
2012-12-01,2012,H,A,0.3715246,0.25237167,0.37610376,4.0,3.5,1.91,A,1.91,False,-100.0
2012-12-02,2012,H,H,0.6199316,0.20291407,0.17715433,2.1,3.3,3.6,H,2.1,True,110.00000000000001
2012-12-03,2012,H,H,0.654418,0.26492792,0.08065408,2.0,3.4,3.75,H,2.0,True,100.0
2012-12-08,2012,H,H,0.39144593,0.39024734,0.21830675,1.5,4.33,6.5,H,1.5,True,50.0
2012-12-08,2012,H,H,0.47101882,0.33398876,0.19499245,1.91,3.6,4.0,H,1.91,True,90.99999999999999
2012-12-08,2012,D,A,0.18624225,0.31082767,0.5029301,2.4,3.2,3.1,A,3.1,False,-100.0
2012-12-08,2012,D,H,0.8170588,0.10510082,0.07784041,2.3,3.4,3.1,H,2.3,False,-100.0
2012-12-08,2012,A,H,0.8035011,0.15811573,0.038383152,1.8,3.6,4.5,H,1.8,False,-100.0
2012-12-08,2012,A,A,0.13184327,0.1338599,0.7342968,4.75,3.5,1.8,A,1.8,True,80.0
2012-12-09,2012,H,H,0.6168023,0.25668147,0.12651621,2.0,3.5,3.75,H,2.0,True,100.0
2012-12-09,2012,A,H,0.66739523,0.16254458,0.17006016,2.2,3.5,3.2,H,2.2,False,-100.0
2012-12-09,2012,A,D,0.15378329,0.5102977,0.335919,3.0,3.3,2.38,D,3.3,False,-100.0
2012-12-10,2012,H,D,0.30178294,0.575697,0.12252002,1.91,3.6,4.0,D,3.6,False,-100.0
2012-12-11,2012,H,H,0.5636413,0.35995233,0.07640633,2.0,3.5,3.75,H,2.0,True,100.0
2012-12-15,2012,A,D,0.16342567,0.58795536,0.24861895,5.5,3.75,1.67,D,3.75,False,-100.0
2012-12-15,2012,D,H,0.4350881,0.2765197,0.2883922,3.1,3.2,2.4,H,3.1,False,-100.0
2012-12-15,2012,H,H,0.41898403,0.35983014,0.2211858,2.4,3.4,2.88,H,2.4,True,140.0
2012-12-15,2012,A,H,0.8905579,0.038898837,0.07054326,1.36,4.75,9.0,H,1.36,False,-100.0
2012-12-15,2012,H,H,0.97222555,0.021540679,0.006233795,1.2,6.5,15.0,H,1.2,True,19.999999999999996
2012-12-15,2012,H,H,0.7062291,0.20489115,0.088879764,2.2,3.4,3.25,H,2.2,True,120.00000000000001
2012-12-16,2012,D,D,0.35293472,0.41522908,0.23183618,2.0,3.5,3.75,D,3.5,True,250.0
2012-12-16,2012,H,D,0.36099544,0.43981525,0.1991893,1.62,4.0,5.5,D,4.0,False,-100.0
2012-12-17,2012,A,A,0.017549746,0.025129722,0.9573205,5.5,4.0,1.62,A,1.62,True,62.000000000000014
2012-12-22,2012,A,A,0.20362452,0.19714165,0.59923387,2.88,3.25,2.5,A,2.5,True,150.0
2012-12-22,2012,H,H,0.66600734,0.18256705,0.15142561,2.1,3.4,3.5,H,2.1,True,110.00000000000001
2012-12-22,2012,A,A,0.22054423,0.10060131,0.6788544,4.75,3.75,1.73,A,1.73,True,73.0
2012-12-22,2012,H,H,0.4109576,0.32865667,0.26038566,1.91,3.6,4.0,H,1.91,True,90.99999999999999
2012-12-22,2012,H,H,0.99095684,0.007866422,0.0011767717,1.14,8.0,19.0,H,1.14,True,13.99999999999999
2012-12-22,2012,A,H,0.69185036,0.14494024,0.16320942,2.0,3.5,3.75,H,2.0,False,-100.0
2012-12-22,2012,H,H,0.51517445,0.042968977,0.44185656,1.53,4.0,6.5,H,1.53,True,53.0
2012-12-22,2012,D,H,0.76222485,0.23216589,0.0056092762,1.62,3.75,6.0,H,1.62,False,-100.0
2012-12-23,2012,H,H,0.8728817,0.08031189,0.046806436,1.33,5.5,8.5,H,1.33,True,33.00000000000001
2012-12-23,2012,D,A,0.027288914,0.34986386,0.6228472,5.0,4.0,1.67,A,1.67,False,-100.0
2012-12-26,2012,A,A,0.14837864,0.41895914,0.43266222,6.0,3.75,1.62,A,1.62,True,62.000000000000014
2012-12-26,2012,H,D,0.25685638,0.63805526,0.10508838,3.4,3.2,2.25,D,3.2,False,-100.0
2012-12-26,2012,H,H,0.8771194,0.07847398,0.044406544,1.44,4.5,7.0,H,1.44,True,43.99999999999999
2012-12-26,2012,D,A,0.31761703,0.25862217,0.4237607,2.9,3.4,2.38,A,2.38,False,-100.0
2012-12-26,2012,H,A,0.03358546,0.22989944,0.7365151,6.5,4.0,1.53,A,1.53,False,-100.0
2012-12-26,2012,A,H,0.4352313,0.35559988,0.2091688,2.2,3.4,3.25,H,2.2,False,-100.0
2012-12-26,2012,A,A,0.05135471,0.3971031,0.55154216,3.75,3.5,2.0,A,2.0,True,100.0
2012-12-26,2012,H,H,0.6723987,0.31713778,0.010463513,1.22,6.5,13.0,H,1.22,True,21.999999999999996
2012-12-26,2012,D,D,0.24652232,0.5457421,0.20773563,1.85,3.6,4.2,D,3.6,True,260.0
2012-12-29,2012,H,H,0.9329129,0.04194402,0.025143059,1.44,4.5,7.0,H,1.44,True,43.99999999999999
2012-12-29,2012,A,A,0.34536394,0.12528546,0.5293506,2.4,3.25,3.0,A,3.0,True,200.0
2012-12-29,2012,H,H,0.9490098,0.045530424,0.0054597263,1.3,5.5,10.0,H,1.3,True,30.000000000000004
2012-12-29,2012,A,A,0.31818047,0.17040466,0.5114149,2.1,3.4,3.5,A,3.5,True,250.0
2012-12-29,2012,A,A,0.040451016,0.33567297,0.623876,6.0,4.0,1.57,A,1.57,True,57.00000000000001
2012-12-29,2012,A,A,0.3837296,0.16067903,0.45559138,3.5,3.4,2.1,A,2.1,True,110.00000000000001
2012-12-29,2012,H,H,0.44013625,0.3549192,0.2049445,2.88,3.25,2.5,H,2.88,True,188.0
2012-12-29,2012,D,A,0.2894764,0.25465068,0.45587298,1.8,3.5,4.75,A,4.75,False,-100.0
2012-12-30,2012,A,A,0.08525436,0.42539194,0.48935372,2.88,3.3,2.5,A,2.5,True,150.0
2012-12-30,2012,A,H,0.8725767,0.07797312,0.04945011,4.0,3.5,1.91,H,4.0,False,-100.0
2013-01-01,2012,H,H,0.58962196,0.23028496,0.18009312,2.1,3.4,3.5,H,2.1,True,110.00000000000001
2013-01-01,2012,A,D,0.30628976,0.57112867,0.12258159,2.0,3.5,3.75,D,3.5,False,-100.0
2013-01-01,2012,D,H,0.4162137,0.21431355,0.36947274,1.57,4.0,6.0,H,1.57,False,-100.0
2013-01-01,2012,H,H,0.9573726,0.031295042,0.011332329,1.33,5.0,10.0,H,1.33,True,33.00000000000001
2013-01-01,2012,H,H,0.4954884,0.4260353,0.07847627,1.29,5.5,11.0,H,1.29,True,29.000000000000004
2013-01-01,2012,A,A,0.18802397,0.08709581,0.7248802,6.0,4.2,1.53,A,1.53,True,53.0
2013-01-01,2012,D,A,0.033282906,0.19491372,0.7718034,5.0,3.75,1.7,A,1.7,False,-100.0
2013-01-02,2012,H,H,0.69209594,0.21826322,0.08964085,1.4,4.5,8.5,H,1.4,True,39.99999999999999
2013-01-02,2012,A,H,0.8586293,0.1317594,0.009611296,3.0,3.4,2.38,H,3.0,False,-100.0
2013-01-02,2012,A,H,0.90190476,0.06020193,0.037893303,1.2,6.5,15.0,H,1.2,False,-100.0
2013-01-12,2012,D,H,0.70685446,0.17924,0.11390555,2.2,3.6,3.4,H,2.2,False,-100.0
2013-01-12,2012,A,A,0.119255655,0.18106008,0.6996842,2.55,3.5,2.9,A,2.9,True,190.0
2013-01-12,2012,D,H,0.3801129,0.36698392,0.25290313,1.57,4.2,6.5,H,1.57,False,-100.0
2013-01-12,2012,D,D,0.405412,0.409577,0.18501097,2.05,3.5,4.0,D,3.5,True,250.0
2013-01-12,2012,H,H,0.595821,0.13997702,0.26420194,3.0,3.4,2.5,H,3.0,True,200.0
2013-01-12,2012,H,A,0.22890308,0.2038767,0.5672202,2.38,3.3,3.3,A,3.3,False,-100.0
2013-01-12,2012,A,H,0.5979097,0.27038392,0.13170645,4.33,3.5,1.95,H,4.33,False,-100.0
2013-01-12,2012,D,A,0.384034,0.01774897,0.598217,4.5,3.8,1.85,A,1.85,False,-100.0
2013-01-13,2012,A,D,0.17557569,0.41405666,0.41036764,2.63,3.5,2.8,D,3.5,False,-100.0
2013-01-13,2012,H,H,0.6703251,0.021624217,0.30805066,1.91,3.8,4.2,H,1.91,True,90.99999999999999
2013-01-16,2012,D,H,0.8056565,0.10673015,0.0876134,1.25,6.5,15.0,H,1.25,False,-100.0
2013-01-19,2012,D,H,0.46095547,0.2895454,0.24949916,2.1,3.5,3.75,H,2.1,False,-100.0
2013-01-19,2012,H,H,0.90631235,0.06043274,0.033254832,1.33,5.5,10.5,H,1.33,True,33.00000000000001
2013-01-19,2012,H,H,0.8995826,0.04685085,0.053566538,1.25,6.5,14.0,H,1.25,True,25.0
2013-01-19,2012,A,H,0.44015044,0.12977467,0.4300749,1.75,4.0,5.0,H,1.75,False,-100.0
2013-01-19,2012,H,H,0.677659,0.20274891,0.11959206,2.2,3.4,3.6,H,2.2,True,120.00000000000001
2013-01-19,2012,D,H,0.5269063,0.27828106,0.19481258,1.75,4.0,5.0,H,1.75,False,-100.0
2013-01-19,2012,A,A,0.31796473,0.23027037,0.45176494,2.15,3.4,3.8,A,3.8,True,280.0
2013-01-20,2012,D,H,0.46372962,0.40392306,0.13234736,2.9,3.6,2.5,H,2.9,False,-100.0
2013-01-20,2012,H,H,0.6695572,0.103413574,0.22702916,1.91,3.6,4.0,H,1.91,True,90.99999999999999
2013-01-21,2012,D,D,0.050567128,0.80624205,0.14319083,3.6,3.5,2.05,D,3.5,True,250.0
2013-01-23,2012,H,H,0.85016793,0.10373233,0.04609974,1.44,4.75,8.0,H,1.44,True,43.99999999999999
2013-01-29,2012,D,A,0.20839976,0.2864157,0.50518453,2.5,3.4,3.0,A,3.0,False,-100.0
2013-01-29,2012,D,A,0.19349343,0.10611475,0.7003918,2.2,3.3,3.75,A,3.75,False,-100.0
2013-01-29,2012,A,A,0.402924,0.17453054,0.4225455,2.9,3.4,2.6,A,2.6,True,160.0
2013-01-29,2012,D,A,0.033923324,0.05859857,0.90747815,7.5,4.5,1.5,A,1.5,False,-100.0
2013-01-30,2012,D,H,0.38850012,0.23651378,0.37498605,2.4,3.5,3.1,H,2.4,False,-100.0
2013-01-30,2012,H,H,0.50284404,0.21011011,0.28704584,1.6,4.1,6.5,H,1.6,True,60.00000000000001
2013-01-30,2012,H,H,0.5456351,0.2103969,0.243968,2.2,3.5,3.5,H,2.2,True,120.00000000000001
2013-01-30,2012,H,H,0.6460004,0.3402677,0.013731928,1.25,6.5,14.0,H,1.25,True,25.0
2013-01-30,2012,D,A,0.08244911,0.021088514,0.8964624,4.75,3.75,1.83,A,1.83,False,-100.0
2013-01-30,2012,D,D,0.06560434,0.52099186,0.4134038,7.5,4.5,1.5,D,4.5,True,350.0
2013-02-02,2012,D,H,0.8376254,0.112723246,0.0496514,1.95,3.6,4.33,H,1.95,False,-100.0
2013-02-02,2012,A,A,0.17886458,0.30497503,0.51616037,5.5,4.2,1.65,A,1.65,True,64.99999999999999
2013-02-02,2012,H,H,0.6977285,0.2833288,0.0189427,1.44,4.5,9.0,H,1.44,True,43.99999999999999
2013-02-02,2012,D,H,0.7799456,0.18787397,0.032180443,1.4,5.0,9.0,H,1.4,False,-100.0
2013-02-02,2012,H,D,0.25820318,0.5641511,0.17764568,2.5,3.4,3.0,D,3.4,False,-100.0
2013-02-02,2012,H,H,0.4095117,0.35531372,0.23517463,2.4,3.4,3.2,H,2.4,True,140.0
2013-02-02,2012,D,H,0.56313264,0.2221172,0.21475014,2.2,3.5,3.5,H,2.2,False,-100.0
2013-02-02,2012,H,A,0.25302926,0.0669871,0.6799837,4.0,3.6,2.0,A,2.0,False,-100.0
2013-02-03,2012,D,H,0.5254524,0.28083906,0.19370857,1.83,3.9,4.5,H,1.83,False,-100.0
2013-02-03,2012,A,H,0.5755388,0.018540267,0.40592092,3.6,3.4,2.2,H,3.6,False,-100.0
2013-02-09,2012,H,A,0.30039772,0.28470108,0.41490123,5.75,4.0,1.67,A,1.67,False,-100.0
2013-02-09,2012,H,H,0.71253425,0.26638234,0.021083433,1.36,5.5,9.5,H,1.36,True,36.00000000000001
2013-02-09,2012,D,A,0.2232073,0.19813696,0.5786557,2.3,3.4,3.4,A,3.4,False,-100.0
2013-02-09,2012,H,H,0.63946867,0.1340879,0.22644341,1.91,3.5,4.6,H,1.91,True,90.99999999999999
2013-02-09,2012,A,H,0.4772397,0.23335683,0.2894035,4.5,3.6,1.91,H,4.5,False,-100.0
2013-02-09,2012,H,H,0.81541044,0.1268161,0.05777345,1.83,3.75,4.75,H,1.83,True,83.0
2013-02-09,2012,H,H,0.8485712,0.031003024,0.12042586,1.67,4.0,5.75,H,1.67,True,67.0
2013-02-10,2012,H,H,0.4569987,0.28756216,0.25543916,2.63,3.4,2.88,H,2.63,True,163.0
2013-02-10,2012,H,H,0.4492621,0.26424217,0.28649566,1.75,3.9,5.0,H,1.75,True,75.0
2013-02-11,2012,A,H,0.84929913,0.12785807,0.022842798,1.4,5.0,9.0,H,1.4,False,-100.0
2013-02-17,2012,H,H,0.77088684,0.1884094,0.040703714,1.57,4.4,6.0,H,1.57,True,57.00000000000001
2013-02-23,2012,A,D,0.14245175,0.6163978,0.24115047,2.63,3.4,2.88,D,3.4,False,-100.0
2013-02-23,2012,A,A,0.055562064,0.2952989,0.64913905,7.0,4.33,1.53,A,1.53,True,53.0
2013-02-23,2012,H,D,0.29949912,0.42110813,0.2793927,2.05,3.5,4.0,D,3.5,False,-100.0
2013-02-23,2012,H,H,0.65592617,0.204597,0.13947688,2.2,3.3,3.75,H,2.2,True,120.00000000000001
2013-02-23,2012,H,H,0.80922824,0.13280985,0.057961944,1.33,5.5,11.0,H,1.33,True,33.00000000000001
2013-02-23,2012,H,A,0.3000065,0.26504603,0.4349475,3.8,3.5,2.1,A,2.1,False,-100.0
2013-02-24,2012,H,A,0.34681213,0.12361366,0.52957416,2.2,3.5,3.2,A,3.2,False,-100.0
2013-02-24,2012,H,H,0.5248977,0.19289657,0.2822058,1.95,3.6,4.33,H,1.95,True,95.0
2013-02-25,2012,A,A,0.16022417,0.085404694,0.75437117,3.6,3.5,2.15,A,2.15,True,114.99999999999999
2013-03-02,2012,D,A,0.32738343,0.29072103,0.38189554,2.4,3.3,3.3,A,3.3,False,-100.0
2013-03-02,2012,H,H,0.5612215,0.18597633,0.25280216,2.1,3.6,3.75,H,2.1,True,110.00000000000001
2013-03-02,2012,A,A,0.27182895,0.18215445,0.5460166,4.5,3.75,1.85,A,1.85,True,85.00000000000001
2013-03-02,2012,A,D,0.33794692,0.45048133,0.2115718,2.15,3.25,4.0,D,3.25,False,-100.0
2013-03-02,2012,H,H,0.5453482,0.43947053,0.015181209,1.4,5.0,9.0,H,1.4,True,39.99999999999999
2013-03-02,2012,H,H,0.7506673,0.24492382,0.0044088815,1.33,5.5,11.0,H,1.33,True,33.00000000000001
2013-03-02,2012,A,D,0.3534132,0.41381282,0.23277394,1.85,3.8,4.5,D,3.8,False,-100.0
2013-03-02,2012,H,H,0.8865258,0.1102248,0.003249333,1.38,5.0,10.0,H,1.38,True,37.999999999999986
2013-03-03,2012,H,H,0.9202885,0.05016099,0.02955051,2.3,3.6,3.25,H,2.3,True,129.99999999999997
2013-03-04,2012,A,A,0.015013278,0.060073525,0.92491317,7.5,4.5,1.44,A,1.44,True,43.99999999999999
2013-03-09,2012,D,H,0.4180387,0.18312658,0.3988347,2.5,3.4,3.0,H,2.5,False,-100.0
2013-03-09,2012,H,H,0.5147478,0.19046073,0.29479146,2.25,3.4,3.5,H,2.25,True,125.0
2013-03-09,2012,A,H,0.56601137,0.26451585,0.1694728,2.45,3.4,3.1,H,2.45,False,-100.0
2013-03-09,2012,H,H,0.42723522,0.24114348,0.33162132,2.45,3.3,3.2,H,2.45,True,145.00000000000003
2013-03-10,2012,H,H,0.8267366,0.08824101,0.08502234,1.95,3.8,4.0,H,1.95,True,95.0
2013-03-10,2012,H,H,0.65714777,0.21266454,0.13018775,1.83,3.7,4.8,H,1.83,True,83.0
2013-03-16,2012,H,H,0.83039844,0.048536174,0.12106532,4.2,3.8,1.91,H,4.2,True,320.0
2013-03-16,2012,H,H,0.9945057,0.005316075,0.00017817983,1.17,9.0,19.0,H,1.17,True,16.999999999999993
2013-03-16,2012,H,A,0.33078954,0.28610402,0.3831064,2.3,3.4,3.4,A,3.4,False,-100.0
2013-03-16,2012,D,A,0.18430504,0.3457737,0.46992123,2.5,3.3,3.1,A,3.1,False,-100.0
2013-03-16,2012,A,A,0.10269613,0.25230235,0.64500153,3.4,3.5,2.25,A,2.25,True,125.0
2013-03-16,2012,H,D,0.22633854,0.41745028,0.35621122,3.9,3.6,2.05,D,3.6,False,-100.0
2013-03-17,2012,H,H,0.79040116,0.19280268,0.016796207,1.4,5.0,9.0,H,1.4,True,39.99999999999999
2013-03-17,2012,D,H,0.6560548,0.28603184,0.057913367,2.05,3.5,4.0,H,2.05,False,-100.0
2013-03-17,2012,A,H,0.701764,0.12097607,0.17725998,1.5,4.5,7.5,H,1.5,False,-100.0
2013-03-17,2012,H,A,0.20109159,0.38004357,0.41886485,2.3,3.4,3.4,A,3.4,False,-100.0
2013-03-30,2012,H,D,0.13263917,0.4551838,0.41217703,3.5,3.5,2.2,D,3.5,False,-100.0
2013-03-30,2012,H,H,0.90718555,0.09039634,0.0024180806,1.25,6.5,15.0,H,1.25,True,25.0
2013-03-30,2012,H,H,0.7677603,0.17901768,0.05322207,1.57,3.9,7.5,H,1.57,True,57.00000000000001
2013-03-30,2012,H,H,0.7502885,0.18016568,0.06954586,1.33,5.5,11.0,H,1.33,True,33.00000000000001
2013-03-30,2012,H,D,0.4368751,0.4813309,0.08179399,1.95,3.6,4.33,D,3.6,False,-100.0
2013-03-30,2012,H,H,0.41296953,0.33143634,0.25559413,2.3,3.4,3.4,H,2.3,True,129.99999999999997
2013-03-30,2012,A,A,0.12485666,0.06322274,0.81192064,3.4,3.4,2.3,A,2.3,True,129.99999999999997
2013-03-30,2012,A,A,0.11529713,0.027146323,0.8575566,6.0,4.0,1.65,A,1.65,True,64.99999999999999
2013-03-31,2012,A,D,0.11785306,0.5067907,0.37535623,5.0,4.0,1.75,D,4.0,False,-100.0
2013-04-01,2012,H,H,0.57269263,0.12433098,0.3029764,2.0,3.6,4.0,H,2.0,True,100.0
2013-04-06,2012,A,A,0.14203545,0.4190131,0.43895146,4.1,3.7,1.95,A,1.95,True,95.0
2013-04-06,2012,A,D,0.25941446,0.7104585,0.030127047,2.1,3.4,4.0,D,3.4,False,-100.0
2013-04-06,2012,D,D,0.14444552,0.5917115,0.26384297,2.63,3.3,2.9,D,3.3,True,229.99999999999997
2013-04-06,2012,A,H,0.57596266,0.056627497,0.36740983,3.3,3.6,2.25,H,3.3,False,-100.0
2013-04-07,2012,D,D,0.33109927,0.35171586,0.3171849,2.2,3.4,3.6,D,3.4,True,240.0
2013-04-07,2012,H,H,0.59587854,0.08382124,0.32030025,2.1,3.5,3.8,H,2.1,True,110.00000000000001
2013-04-07,2012,D,A,0.27131775,0.2160961,0.5125861,2.38,3.4,3.25,A,3.25,False,-100.0
2013-04-07,2012,H,H,0.8079327,0.14131674,0.050750624,1.36,5.0,11.0,H,1.36,True,36.00000000000001
2013-04-07,2012,D,H,0.70601904,0.28423572,0.0097452635,1.36,5.5,9.0,H,1.36,False,-100.0
2013-04-08,2012,A,D,0.10770206,0.76064116,0.1316568,2.3,3.5,3.3,D,3.5,False,-100.0
2013-04-13,2012,H,H,0.97004706,0.018680526,0.011272441,1.25,6.5,14.0,H,1.25,True,25.0
2013-04-13,2012,D,D,0.20708987,0.4251084,0.36780173,2.3,3.3,3.5,D,3.3,True,229.99999999999997
2013-04-13,2012,H,H,0.5843661,0.15087202,0.26476187,1.44,4.75,8.0,H,1.44,True,43.99999999999999
2013-04-13,2012,D,A,0.026162745,0.011550165,0.9622871,8.0,4.75,1.45,A,1.45,False,-100.0
2013-04-13,2012,D,D,0.4570236,0.49976516,0.043211322,1.91,3.75,4.2,D,3.75,True,275.0
2013-04-14,2012,A,H,0.6160527,0.24964659,0.13430066,1.95,3.5,4.5,H,1.95,False,-100.0
2013-04-14,2012,A,A,0.04257565,0.06264531,0.894779,7.0,3.9,1.6,A,1.6,True,60.00000000000001
2013-04-16,2012,D,A,0.11435234,0.29246908,0.5931786,1.75,3.9,5.0,A,5.0,False,-100.0
2013-04-17,2012,A,A,0.19193307,0.14929496,0.658772,4.75,3.8,1.8,A,1.8,True,80.0
2013-04-17,2012,D,D,0.20942293,0.39726764,0.3933094,5.5,3.9,1.7,D,3.9,True,290.0
2013-04-17,2012,H,H,0.8757524,0.07618988,0.048057683,1.25,6.5,14.0,H,1.25,True,25.0
2013-04-20,2012,D,A,0.3087719,0.20589815,0.4853299,2.38,3.5,3.1,A,3.1,False,-100.0
2013-04-20,2012,H,A,0.34946352,0.20121051,0.44932598,3.4,3.4,2.3,A,2.3,False,-100.0
2013-04-20,2012,D,D,0.43132347,0.4475517,0.12112485,2.25,3.5,3.4,D,3.5,True,250.0
2013-04-20,2012,H,H,0.8135094,0.17808816,0.008402419,1.75,3.8,5.25,H,1.75,True,75.0
2013-04-20,2012,A,A,0.08566971,0.18795276,0.72637755,5.0,4.0,1.75,A,1.75,True,75.0
2013-04-20,2012,A,H,0.5052858,0.41484746,0.07986676,2.25,3.4,3.5,H,2.25,False,-100.0
2013-04-20,2012,H,D,0.28121543,0.41215253,0.306632,2.3,3.5,3.3,D,3.5,False,-100.0
2013-04-21,2012,H,A,0.24974594,0.16922784,0.58102626,3.25,3.6,2.3,A,2.3,False,-100.0
2013-04-21,2012,D,H,0.7827521,0.15992452,0.057323333,2.15,3.6,3.6,H,2.15,False,-100.0
2013-04-22,2012,H,H,0.88102186,0.10251946,0.016458705,1.25,6.75,13.0,H,1.25,True,25.0
2013-04-27,2012,H,H,0.39318934,0.32928842,0.27752224,2.25,3.3,3.6,H,2.25,True,125.0
2013-04-27,2012,A,H,0.665798,0.19854285,0.13565917,1.85,3.75,4.6,H,1.85,False,-100.0
2013-04-27,2012,D,A,0.15873292,0.15290426,0.6883628,3.8,3.6,2.05,A,2.05,False,-100.0
2013-04-27,2012,H,H,0.49243504,0.44084477,0.066720225,1.29,6.0,12.0,H,1.29,True,29.000000000000004
2013-04-27,2012,H,H,0.619894,0.13304384,0.24706216,1.5,4.5,7.5,H,1.5,True,50.0
2013-04-27,2012,A,D,0.103061505,0.81256247,0.084376,2.88,3.6,2.5,D,3.6,False,-100.0
2013-04-28,2012,D,H,0.48249233,0.18185963,0.3356481,2.55,3.5,2.88,H,2.55,False,-100.0
2013-04-28,2012,H,H,0.71313095,0.25178882,0.03508025,1.36,5.5,9.0,H,1.36,True,36.00000000000001
2013-04-28,2012,D,H,0.49821457,0.3756435,0.12614189,2.25,3.6,3.3,H,2.25,False,-100.0
2013-04-29,2012,H,A,0.13643876,0.34979248,0.5137688,2.3,3.4,3.4,A,3.4,False,-100.0
2013-05-04,2012,D,A,0.28824833,0.284314,0.42743766,2.38,3.4,3.25,A,3.25,False,-100.0
2013-05-04,2012,A,D,0.2653518,0.4263857,0.3082625,2.45,3.5,3.0,D,3.5,False,-100.0
2013-05-04,2012,H,H,0.8366933,0.12580363,0.037503146,1.44,4.75,8.0,H,1.44,True,43.99999999999999
2013-05-04,2012,A,A,0.34858036,0.09475752,0.55666214,8.0,4.75,1.44,A,1.44,True,43.99999999999999
2013-05-04,2012,A,H,0.44687876,0.13449931,0.4186219,2.55,3.3,3.0,H,2.55,False,-100.0
2013-05-04,2012,A,H,0.75006807,0.19922696,0.050704982,1.73,3.9,5.25,H,1.73,False,-100.0
2013-05-04,2012,D,A,0.14011435,0.18095946,0.67892617,5.25,3.8,1.75,A,1.75,False,-100.0
2013-05-05,2012,A,D,0.16508932,0.5865422,0.24836844,2.2,3.5,3.5,D,3.5,False,-100.0
2013-05-05,2012,D,H,0.80241287,0.16852267,0.029064419,1.95,3.6,4.2,H,1.95,False,-100.0
2013-05-06,2012,D,H,0.56167233,0.1925463,0.24578136,2.1,3.3,4.0,H,2.1,False,-100.0
2013-05-07,2012,H,H,0.9282514,0.040570337,0.031178256,1.4,5.0,9.0,H,1.4,True,39.99999999999999
2013-05-07,2012,A,H,0.5702581,0.27389634,0.15584561,1.83,3.75,4.75,H,1.83,False,-100.0
2013-05-08,2012,D,D,0.30838075,0.6082228,0.08339648,1.95,3.75,4.0,D,3.75,True,275.0
2013-05-11,2012,A,A,0.2431747,0.20283912,0.5539862,4.5,3.8,1.85,A,1.85,True,85.00000000000001
2013-05-12,2012,H,H,0.45444587,0.2627205,0.28283367,1.5,4.5,7.5,H,1.5,True,50.0
2013-05-12,2012,A,H,0.5506608,0.28779584,0.16154337,3.9,3.6,2.05,H,3.9,False,-100.0
2013-05-12,2012,H,H,0.6402384,0.18790193,0.17185965,1.3,5.75,12.0,H,1.3,True,30.000000000000004
2013-05-12,2012,A,H,0.45332652,0.19389555,0.35277796,3.4,3.4,2.3,H,3.4,False,-100.0
2013-05-12,2012,D,A,0.16816783,0.16226977,0.6695624,2.8,3.2,2.8,A,2.8,False,-100.0
2013-05-12,2012,A,D,0.25081897,0.3848721,0.3643089,4.5,3.6,1.91,D,3.6,False,-100.0
2013-05-12,2012,H,H,0.49081802,0.40774712,0.10143486,2.2,3.4,3.6,H,2.2,True,120.00000000000001
2013-05-14,2012,H,H,0.64144737,0.2560219,0.102530785,1.4,5.5,8.0,H,1.4,True,39.99999999999999
2013-05-14,2012,A,A,0.046611257,0.1396103,0.81377846,6.0,4.33,1.6,A,1.6,True,60.00000000000001
2013-05-19,2012,A,H,0.88555527,0.039695494,0.07474927,1.8,3.8,4.75,H,1.8,False,-100.0
2013-05-19,2012,H,H,0.63178706,0.111118734,0.25709423,1.67,4.0,5.75,H,1.67,True,67.0
2013-05-19,2012,D,A,0.101904936,0.32206714,0.5760279,4.5,3.9,1.83,A,1.83,False,-100.0
2013-05-19,2012,H,H,0.7860759,0.18084852,0.0330756,1.29,6.0,12.0,H,1.29,True,29.000000000000004
2013-05-19,2012,D,H,0.52712375,0.23681585,0.23606037,2.15,3.6,3.6,H,2.15,False,-100.0
2013-05-19,2012,A,A,0.04042573,0.048847333,0.9107269,6.0,4.6,1.55,A,1.55,True,55.00000000000001
2013-05-19,2012,A,H,0.8281131,0.11189339,0.059993543,1.33,5.5,11.0,H,1.33,False,-100.0
2013-05-19,2012,H,H,0.97493935,0.018021995,0.0070387376,1.25,7.0,12.0,H,1.25,True,25.0
2013-05-19,2012,H,H,0.62666845,0.14350441,0.2298272,1.7,4.0,5.5,H,1.7,True,70.0
2013-05-19,2012,D,H,0.5910542,0.12318642,0.28575942,1.75,3.8,5.25,H,1.75,False,-100.0
2013-08-17,2013,A,H,0.79382294,0.1773318,0.02884522,1.44,4.75,8.0,H,1.44,False,-100.0
2013-08-17,2013,D,D,0.31492347,0.37214398,0.31293252,3.2,3.4,2.4,D,3.4,True,240.0
2013-08-17,2013,H,H,0.90478516,0.04143734,0.053777475,1.4,5.0,9.5,H,1.4,True,39.99999999999999
2013-08-17,2013,A,A,0.11824935,0.31691748,0.56483316,4.2,3.5,2.0,A,2.0,True,100.0
2013-08-17,2013,A,H,0.4514203,0.31327996,0.23529969,2.3,3.4,3.4,H,2.3,False,-100.0
2013-08-17,2013,A,H,0.43976113,0.12917545,0.4310634,2.4,3.4,3.2,H,2.4,False,-100.0
2013-08-18,2013,H,H,0.97755355,0.021261765,0.0011846912,1.2,7.0,21.0,H,1.2,True,19.999999999999996
2013-08-18,2013,A,A,0.17394541,0.30281365,0.5232409,4.75,3.75,1.83,A,1.83,True,83.0
2013-08-19,2013,H,H,0.8302311,0.11419473,0.055574182,1.33,5.5,11.0,H,1.33,True,33.00000000000001
2013-08-21,2013,H,H,0.9140257,0.069591746,0.016382538,1.29,5.5,10.0,H,1.29,True,29.000000000000004
2013-08-24,2013,A,D,0.10009488,0.8006708,0.09923434,4.0,3.75,1.95,D,3.75,False,-100.0
2013-08-24,2013,D,D,0.28398946,0.39662728,0.3193833,1.57,4.33,6.5,D,4.33,True,333.0
2013-08-24,2013,H,H,0.39318895,0.23590203,0.37090907,2.45,3.4,3.1,H,2.45,True,145.00000000000003
2013-08-24,2013,A,A,0.23366867,0.17966875,0.5866626,3.8,3.5,2.1,A,2.1,True,110.00000000000001
2013-08-24,2013,D,H,0.45534816,0.2863893,0.25826257,2.3,3.4,3.4,H,2.3,False,-100.0
2013-08-24,2013,H,H,0.538805,0.22463304,0.23656197,1.83,3.6,5.0,H,1.83,True,83.0
2013-08-24,2013,D,H,0.5936141,0.16354012,0.24284574,1.73,3.8,5.5,H,1.73,False,-100.0
2013-08-25,2013,H,A,0.03256392,0.025505146,0.94193095,8.5,4.75,1.44,A,1.44,False,-100.0
2013-08-25,2013,H,H,0.7428835,0.24330378,0.0138127,1.62,4.0,6.5,H,1.62,True,62.000000000000014
2013-08-26,2013,D,D,0.21897013,0.43375808,0.34727177,2.45,3.4,3.1,D,3.4,True,240.0
2013-08-31,2013,A,A,0.37757337,0.160625,0.46180162,2.0,3.4,4.33,A,4.33,True,333.0
2013-08-31,2013,H,A,0.16569757,0.27696565,0.5573368,3.0,3.3,2.55,A,2.55,False,-100.0
2013-08-31,2013,H,H,0.60695696,0.20241156,0.19063146,2.15,3.4,3.75,H,2.15,True,114.99999999999999
2013-08-31,2013,H,H,0.9976255,0.0018160999,0.00055834255,1.17,8.5,19.0,H,1.17,True,16.999999999999993
2013-08-31,2013,H,D,0.16683266,0.4702214,0.3629459,2.6,3.3,3.0,D,3.3,False,-100.0
2013-08-31,2013,D,A,0.23393331,0.26049095,0.5055757,3.25,3.4,2.38,A,2.38,False,-100.0
2013-09-01,2013,A,H,0.43177187,0.26376975,0.30445838,2.7,3.4,2.8,H,2.7,False,-100.0
2013-09-01,2013,H,H,0.68497133,0.1699443,0.14508435,2.63,3.4,2.88,H,2.63,True,163.0
2013-09-01,2013,H,H,0.8348745,0.06831394,0.09681153,2.1,3.7,3.6,H,2.1,True,110.00000000000001
2013-09-14,2013,H,H,0.9275098,0.061448727,0.011041489,1.45,4.75,8.0,H,1.45,True,44.99999999999999
2013-09-14,2013,A,A,0.077444434,0.36309096,0.5594646,6.0,3.9,1.67,A,1.67,True,67.0
2013-09-14,2013,D,A,0.043814205,0.28485078,0.671335,6.0,4.0,1.65,A,1.65,False,-100.0
2013-09-14,2013,H,H,0.99038506,0.008146343,0.0014685438,1.22,7.0,16.0,H,1.22,True,21.999999999999996
2013-09-14,2013,D,H,0.4595533,0.2755036,0.26494306,2.45,3.25,3.25,H,2.45,False,-100.0
2013-09-14,2013,D,H,0.65239453,0.24804893,0.09955653,2.15,3.5,3.6,H,2.15,False,-100.0
2013-09-14,2013,H,H,0.71172416,0.13392915,0.15434672,3.4,3.3,2.35,H,3.4,True,240.0
2013-09-14,2013,A,H,0.65944743,0.2224711,0.11808144,2.15,3.4,3.8,H,2.15,False,-100.0
2013-09-15,2013,D,H,0.76629597,0.12445965,0.1092444,1.85,3.6,4.75,H,1.85,False,-100.0
2013-09-16,2013,D,A,0.26418433,0.16358753,0.57222813,3.5,3.5,2.2,A,2.2,False,-100.0
2013-09-21,2013,A,H,0.819797,0.17070188,0.00950109,1.6,4.0,6.5,H,1.6,False,-100.0
2013-09-21,2013,A,H,0.57791144,0.09596484,0.32612368,1.85,3.5,5.0,H,1.85,False,-100.0
2013-09-21,2013,H,H,0.84592223,0.14295816,0.011119612,1.3,5.75,12.0,H,1.3,True,30.000000000000004
2013-09-21,2013,H,D,0.22273946,0.40059075,0.3766698,2.05,3.4,4.2,D,3.4,False,-100.0
2013-09-21,2013,A,D,0.2526305,0.41825217,0.32911724,3.3,3.3,2.4,D,3.3,False,-100.0
2013-09-21,2013,A,H,0.40226105,0.24209218,0.3556468,2.4,3.4,3.2,H,2.4,False,-100.0
2013-09-22,2013,H,H,0.9728276,0.013511255,0.013661113,1.36,5.25,10.0,H,1.36,True,36.00000000000001
2013-09-22,2013,A,A,0.3176663,0.30806708,0.37426665,4.5,3.6,1.91,A,1.91,True,90.99999999999999
2013-09-22,2013,A,H,0.548802,0.24780063,0.2033974,3.5,3.4,2.25,H,3.5,False,-100.0
2013-09-22,2013,H,H,0.6599513,0.22559223,0.114456415,2.2,3.4,3.6,H,2.2,True,120.00000000000001
2013-09-28,2013,H,D,0.14068148,0.620642,0.23867653,2.38,3.3,3.3,D,3.3,False,-100.0
2013-09-28,2013,H,A,0.051075757,0.29933912,0.64958507,6.5,4.2,1.57,A,1.57,False,-100.0
2013-09-28,2013,A,H,0.81588125,0.079935096,0.10418369,2.1,3.4,3.9,H,2.1,False,-100.0
2013-09-28,2013,A,H,0.88356197,0.07018406,0.046253983,1.3,5.75,12.0,H,1.3,False,-100.0
2013-09-28,2013,H,H,0.95633566,0.025116812,0.018547555,1.45,4.5,8.5,H,1.45,True,44.99999999999999
2013-09-28,2013,A,H,0.62729025,0.18855718,0.18415256,3.2,3.4,2.38,H,3.2,False,-100.0
2013-09-28,2013,D,H,0.6972832,0.083802715,0.21891409,2.7,3.3,2.88,H,2.7,False,-100.0
2013-09-29,2013,A,A,0.4336318,0.086254574,0.4801136,1.95,3.4,4.5,A,4.5,True,350.0
2013-09-29,2013,A,A,0.19220804,0.22321762,0.58457434,5.5,3.9,1.7,A,1.7,True,70.0
2013-09-30,2013,H,H,0.7467755,0.11193551,0.14128892,1.65,4.0,6.0,H,1.65,True,64.99999999999999
2013-10-05,2013,H,H,0.9175553,0.04125466,0.04119002,1.67,4.2,5.5,H,1.67,True,67.0
2013-10-05,2013,A,A,0.06935745,0.055162687,0.8754798,6.0,4.0,1.65,A,1.65,True,64.99999999999999
2013-10-05,2013,H,H,0.9830172,0.016292702,0.00069000997,1.2,7.5,17.0,H,1.2,True,19.999999999999996
2013-10-05,2013,A,D,0.23060563,0.635914,0.13348034,2.45,3.4,3.1,D,3.4,False,-100.0
2013-10-05,2013,H,H,0.45867243,0.31698263,0.22434494,2.4,3.3,3.3,H,2.4,True,140.0
2013-10-05,2013,D,H,0.4746629,0.20732047,0.31801665,2.45,3.3,3.2,H,2.45,False,-100.0
2013-10-06,2013,A,H,0.7976666,0.18411921,0.018214246,1.44,4.75,8.5,H,1.44,False,-100.0
2013-10-06,2013,A,D,0.06348179,0.5172277,0.41929048,6.5,4.0,1.62,D,4.0,False,-100.0
2013-10-06,2013,H,H,0.8027875,0.111071385,0.08614114,2.1,3.5,3.8,H,2.1,True,110.00000000000001
2013-10-06,2013,D,D,0.060407177,0.7959225,0.14367029,4.9,4.0,1.75,D,4.0,True,300.0
2013-10-19,2013,D,H,0.5979653,0.22093545,0.18109919,1.57,4.33,6.5,H,1.57,False,-100.0
2013-10-19,2013,H,H,0.44917008,0.43783972,0.11299023,1.62,4.0,6.5,H,1.62,True,62.000000000000014
2013-10-19,2013,A,D,0.17071767,0.6367141,0.19256827,5.5,3.8,1.73,D,3.8,False,-100.0
2013-10-19,2013,D,H,0.46239477,0.27283832,0.2647669,2.3,3.3,3.5,H,2.3,False,-100.0
2013-10-19,2013,D,D,0.08638708,0.8817358,0.03187712,4.5,3.9,1.83,D,3.9,True,290.0
2013-10-19,2013,H,H,0.7062984,0.13370071,0.16000085,1.45,4.5,9.0,H,1.45,True,44.99999999999999
2013-10-19,2013,H,H,0.89602095,0.10193763,0.002041486,1.25,6.5,15.0,H,1.25,True,25.0
2013-10-19,2013,H,H,0.8969436,0.085903294,0.017153112,1.29,6.0,12.0,H,1.29,True,29.000000000000004
2013-10-20,2013,A,D,0.2390093,0.43123165,0.3297591,4.0,3.5,2.05,D,3.5,False,-100.0
2013-10-21,2013,A,D,0.032787114,0.619347,0.34786588,2.75,3.3,2.8,D,3.3,False,-100.0
2013-10-26,2013,A,A,0.20545158,0.34973496,0.4448135,3.4,3.4,2.3,A,2.3,True,129.99999999999997
2013-10-26,2013,A,A,0.088225685,0.11807484,0.79369944,11.0,5.0,1.36,A,1.36,True,36.00000000000001
2013-10-26,2013,H,H,0.90512824,0.07480672,0.020065084,1.44,4.75,8.0,H,1.44,True,43.99999999999999
2013-10-26,2013,H,H,0.7314443,0.20805803,0.060497634,1.33,5.5,11.0,H,1.33,True,33.00000000000001
2013-10-26,2013,D,H,0.37462214,0.30458266,0.32079518,2.2,3.4,3.6,H,2.2,False,-100.0
2013-10-26,2013,H,H,0.8734273,0.087842725,0.038729973,1.62,4.0,6.5,H,1.62,True,62.000000000000014
2013-10-27,2013,H,H,0.82977027,0.14038093,0.029848859,2.38,3.4,3.2,H,2.38,True,138.0
2013-10-27,2013,H,A,0.13513619,0.26396197,0.60090184,2.9,3.3,2.63,A,2.63,False,-100.0
2013-10-27,2013,D,H,0.84985185,0.081800446,0.068347715,1.75,3.8,5.25,H,1.75,False,-100.0
2013-10-27,2013,H,H,0.9141213,0.044431064,0.04144759,1.44,4.75,8.0,H,1.44,True,43.99999999999999
2013-11-02,2013,D,H,0.9008868,0.060395237,0.038717955,2.25,3.5,3.4,H,2.25,False,-100.0
2013-11-02,2013,H,H,0.48184094,0.21999884,0.29816023,2.3,3.5,3.3,H,2.3,True,129.99999999999997
2013-11-02,2013,A,A,0.11009165,0.040182672,0.84972566,6.5,4.2,1.57,A,1.57,True,57.00000000000001
2013-11-02,2013,H,H,0.7961039,0.061451748,0.14244437,2.15,3.4,3.8,H,2.15,True,114.99999999999999
2013-11-02,2013,H,H,0.99042857,0.008123198,0.0014482808,1.2,7.5,18.0,H,1.2,True,19.999999999999996
2013-11-02,2013,H,A,0.36290628,0.12599547,0.51109827,6.0,4.2,1.62,A,1.62,False,-100.0
2013-11-02,2013,D,D,0.2923273,0.4327209,0.27495182,3.3,3.3,2.4,D,3.3,True,229.99999999999997
2013-11-02,2013,H,H,0.47402,0.23052025,0.29545975,1.55,4.2,7.0,H,1.55,True,55.00000000000001
2013-11-03,2013,D,H,0.505113,0.35854068,0.13634631,2.5,3.4,3.0,H,2.5,False,-100.0
2013-11-03,2013,H,H,0.5828828,0.22230913,0.19480807,3.4,3.4,2.3,H,3.4,True,240.0
2013-11-09,2013,H,H,0.68603414,0.065441124,0.24852476,2.63,3.3,2.9,H,2.63,True,163.0
2013-11-09,2013,H,H,0.7455514,0.05042534,0.2040233,1.62,3.8,7.0,H,1.62,True,62.000000000000014
2013-11-09,2013,H,H,0.81623757,0.17701358,0.006748856,1.25,6.5,15.0,H,1.25,True,25.0
2013-11-09,2013,D,A,0.04244963,0.37295264,0.5845977,6.5,4.0,1.62,A,1.62,False,-100.0
2013-11-09,2013,D,A,0.32361516,0.18268664,0.4936982,1.29,6.0,12.0,A,12.0,False,-100.0
2013-11-09,2013,H,H,0.40629166,0.21078172,0.38292667,2.0,3.5,4.2,H,2.0,True,100.0
2013-11-10,2013,A,H,0.92172277,0.06839498,0.009882306,1.57,4.33,6.5,H,1.57,False,-100.0
2013-11-10,2013,D,H,0.73307824,0.099621505,0.16730021,2.0,3.4,4.33,H,2.0,False,-100.0
2013-11-10,2013,H,H,0.44337738,0.28070995,0.2759126,2.35,3.5,3.2,H,2.35,True,135.0
2013-11-10,2013,H,A,0.013582772,0.1969194,0.78949785,9.0,5.0,1.4,A,1.4,False,-100.0
2013-11-23,2013,H,H,0.63880694,0.218364,0.14282902,2.15,3.3,3.9,H,2.15,True,114.99999999999999
2013-11-23,2013,H,H,0.75877446,0.12860583,0.112619705,1.62,4.2,6.0,H,1.62,True,62.000000000000014
2013-11-23,2013,D,H,0.48479098,0.20192628,0.3132828,3.0,3.4,2.5,H,3.0,False,-100.0
2013-11-23,2013,A,H,0.550931,0.1712213,0.2778477,3.3,3.3,2.38,H,3.3,False,-100.0
2013-11-23,2013,A,H,0.38884312,0.33662662,0.2745303,1.85,3.5,5.0,H,1.85,False,-100.0
2013-11-23,2013,H,H,0.52457756,0.24906684,0.22635555,1.8,3.8,4.75,H,1.8,True,80.0
2013-11-23,2013,A,A,0.09385144,0.0600023,0.8461463,6.0,4.2,1.62,A,1.62,True,62.000000000000014
2013-11-24,2013,D,A,0.30247587,0.1570517,0.54047245,6.0,4.0,1.65,A,1.65,False,-100.0
2013-11-24,2013,H,H,0.7964636,0.12243169,0.08110466,1.7,4.0,5.5,H,1.7,True,70.0
2013-11-25,2013,D,H,0.61797386,0.24371772,0.13830844,2.15,3.4,3.8,H,2.15,False,-100.0
2013-11-30,2013,D,H,0.90299773,0.08547177,0.011530493,2.0,3.4,4.33,H,2.0,False,-100.0
2013-11-30,2013,A,A,0.059020087,0.17351745,0.7674625,6.5,4.0,1.62,A,1.62,True,62.000000000000014
2013-11-30,2013,H,H,0.8054179,0.12333939,0.07124265,1.62,4.0,6.25,H,1.62,True,62.000000000000014
2013-11-30,2013,H,H,0.66145396,0.0709367,0.2676093,2.05,3.5,4.0,H,2.05,True,104.99999999999999
2013-11-30,2013,H,H,0.76961493,0.077723086,0.15266198,2.0,3.4,4.33,H,2.0,True,100.0
2013-11-30,2013,H,H,0.5097457,0.27845502,0.21179928,1.91,3.5,4.6,H,1.91,True,90.99999999999999
2013-12-01,2013,D,H,0.7522481,0.2058547,0.041897207,2.8,3.5,2.63,H,2.8,False,-100.0
2013-12-01,2013,H,H,0.8719898,0.039405957,0.08860423,1.29,6.0,13.0,H,1.29,True,29.000000000000004
2013-12-01,2013,H,H,0.908048,0.08247291,0.009479115,1.57,4.2,6.5,H,1.57,True,57.00000000000001
2013-12-01,2013,H,A,0.04962053,0.14307612,0.8073033,6.5,4.0,1.62,A,1.62,False,-100.0
2013-12-03,2013,H,D,0.28433236,0.63293785,0.08272979,3.25,3.3,2.4,D,3.3,False,-100.0
2013-12-04,2013,A,A,0.06662507,0.047969744,0.8854051,5.8,3.9,1.67,A,1.67,True,67.0
2013-12-04,2013,A,H,0.64995116,0.09421102,0.25583786,1.7,3.8,5.75,H,1.7,False,-100.0
2013-12-04,2013,H,H,0.9753574,0.009243062,0.015399602,1.2,7.5,17.0,H,1.2,True,19.999999999999996
2013-12-04,2013,H,H,0.92579263,0.06576358,0.0084437905,1.29,6.0,12.0,H,1.29,True,29.000000000000004
2013-12-04,2013,D,H,0.47672534,0.11136581,0.41190886,2.1,3.4,4.0,H,2.1,False,-100.0
2013-12-04,2013,A,A,0.01198851,0.11776127,0.8702502,6.0,4.2,1.62,A,1.62,True,62.000000000000014
2013-12-04,2013,A,A,0.3097249,0.035782475,0.6544926,1.73,3.75,5.5,A,5.5,True,450.0
2013-12-04,2013,A,A,0.020781275,0.31058773,0.66863096,6.5,4.33,1.55,A,1.55,True,55.00000000000001
2013-12-04,2013,H,H,0.63727343,0.059343368,0.30338317,2.2,3.5,3.5,H,2.2,True,120.00000000000001
2013-12-07,2013,H,H,0.48937106,0.28961697,0.22101201,2.8,3.3,2.75,H,2.8,True,179.99999999999997
2013-12-07,2013,H,H,0.7181842,0.27751622,0.004299612,1.29,6.0,12.0,H,1.29,True,29.000000000000004
2013-12-07,2013,A,H,0.8721622,0.05512429,0.07271352,1.53,4.33,7.0,H,1.53,False,-100.0
2013-12-07,2013,D,A,0.04082822,0.13051604,0.8286557,5.25,3.8,1.75,A,1.75,False,-100.0
2013-12-07,2013,H,A,0.03921456,0.17618747,0.78459793,6.5,4.2,1.57,A,1.57,False,-100.0
2013-12-07,2013,A,A,0.109410614,0.20501447,0.68557495,4.5,3.6,1.91,A,1.91,True,90.99999999999999
2013-12-07,2013,A,H,0.946089,0.017763136,0.036147896,1.8,3.75,5.0,H,1.8,False,-100.0
2013-12-08,2013,H,D,0.16469504,0.61383796,0.22146703,2.75,3.3,2.8,D,3.3,False,-100.0
2013-12-08,2013,D,H,0.50460935,0.12415958,0.37123105,1.7,3.8,5.75,H,1.7,False,-100.0
2013-12-09,2013,D,H,0.8191836,0.037447225,0.1433692,1.75,3.75,5.5,H,1.75,False,-100.0
2013-12-14,2013,D,H,0.5704157,0.34133765,0.08824666,1.95,3.6,4.33,H,1.95,False,-100.0
2013-12-14,2013,H,H,0.9551512,0.029455975,0.015392786,1.18,8.0,19.0,H,1.18,True,17.999999999999993
2013-12-14,2013,H,H,0.6251785,0.32072714,0.054094333,1.83,3.75,4.75,H,1.83,True,83.0
2013-12-14,2013,D,H,0.561532,0.26095617,0.17751181,2.4,3.4,3.2,H,2.4,False,-100.0
2013-12-14,2013,H,H,0.8571757,0.110117845,0.032706372,1.36,5.0,10.5,H,1.36,True,36.00000000000001
2013-12-14,2013,H,H,0.5354246,0.18441777,0.28015763,2.63,3.4,2.88,H,2.63,True,163.0
2013-12-14,2013,D,H,0.83573055,0.03333506,0.13093434,2.3,3.3,3.5,H,2.3,False,-100.0
2013-12-15,2013,A,A,0.027807875,0.26598316,0.706209,5.25,3.8,1.75,A,1.75,True,75.0
2013-12-15,2013,D,H,0.878789,0.03659742,0.08461352,2.88,3.3,2.7,H,2.88,False,-100.0
2013-12-15,2013,A,H,0.94294316,0.049244408,0.007812399,2.5,3.4,3.0,H,2.5,False,-100.0
2013-12-21,2013,A,A,0.12196591,0.110887535,0.7671466,9.5,5.25,1.36,A,1.36,True,36.00000000000001
2013-12-21,2013,H,H,0.98599154,0.011338096,0.0026703482,1.2,7.5,16.0,H,1.2,True,19.999999999999996
2013-12-21,2013,A,D,0.3635828,0.42102453,0.21539272,3.25,3.4,2.38,D,3.4,False,-100.0
2013-12-21,2013,H,A,0.39911112,0.14205968,0.4588292,2.3,3.25,3.5,A,3.5,False,-100.0
2013-12-21,2013,D,H,0.599971,0.14901543,0.2510136,2.05,3.5,4.0,H,2.05,False,-100.0
2013-12-21,2013,D,H,0.5444742,0.33971024,0.11581557,1.95,3.5,4.5,H,1.95,False,-100.0
2013-12-21,2013,H,H,0.8062844,0.0671317,0.12658393,1.36,5.25,10.0,H,1.36,True,36.00000000000001
2013-12-22,2013,A,H,0.50192696,0.26711932,0.23095368,2.55,3.3,3.0,H,2.55,False,-100.0
2013-12-22,2013,A,D,0.39186782,0.4849916,0.12314061,3.0,3.4,2.5,D,3.4,False,-100.0
2013-12-23,2013,D,H,0.5964876,0.3143982,0.08911422,2.38,3.4,3.25,H,2.38,False,-100.0
2013-12-26,2013,A,H,0.7482532,0.100074604,0.15167218,1.91,3.5,4.5,H,1.91,False,-100.0
2013-12-26,2013,H,H,0.55076903,0.10215758,0.34707338,1.75,3.8,5.25,H,1.75,True,75.0
2013-12-26,2013,A,D,0.26680955,0.5681418,0.16504863,3.3,3.3,2.38,D,3.3,False,-100.0
2013-12-26,2013,A,A,0.087282695,0.43536118,0.47735608,7.0,4.2,1.55,A,1.55,True,55.00000000000001
2013-12-26,2013,H,H,0.85389405,0.029246636,0.116859354,1.33,5.5,10.0,H,1.33,True,33.00000000000001
2013-12-26,2013,A,A,0.067362174,0.15872306,0.77391475,6.5,4.0,1.62,A,1.62,True,62.000000000000014
2013-12-26,2013,A,D,0.17842978,0.64892685,0.17264335,2.05,3.5,4.0,D,3.5,False,-100.0
2013-12-26,2013,H,H,0.8005879,0.15970273,0.03970942,1.75,4.2,4.6,H,1.75,True,75.0
2013-12-26,2013,D,H,0.5775203,0.29708332,0.12539637,1.53,4.33,7.0,H,1.53,False,-100.0
2013-12-26,2013,A,H,0.8938835,0.0886878,0.017428705,1.36,5.25,9.5,H,1.36,False,-100.0
2013-12-28,2013,D,H,0.40593576,0.36762878,0.22643547,2.38,3.4,3.25,H,2.38,False,-100.0
2013-12-28,2013,D,A,0.06464632,0.13913412,0.7962196,3.0,3.3,2.55,A,2.55,False,-100.0
2013-12-28,2013,D,H,0.7500876,0.12460107,0.12531129,2.38,3.25,3.4,H,2.38,False,-100.0
2013-12-28,2013,H,H,0.565384,0.20505862,0.22955742,2.05,3.4,4.1,H,2.05,True,104.99999999999999
2013-12-28,2013,H,H,0.9434013,0.04961732,0.0069814557,1.13,9.5,29.0,H,1.13,True,12.99999999999999
2013-12-28,2013,A,A,0.1353412,0.24753404,0.61712474,6.5,4.2,1.57,A,1.57,True,57.00000000000001
2013-12-29,2013,H,H,0.7017943,0.23393904,0.06426665,1.83,3.7,4.75,H,1.83,True,83.0
2013-12-29,2013,A,H,0.38417962,0.32748604,0.28833437,4.0,3.7,2.0,H,4.0,False,-100.0
2013-12-29,2013,H,H,0.74332845,0.08362449,0.17304702,1.44,4.33,8.0,H,1.44,True,43.99999999999999
2013-12-29,2013,H,H,0.4406649,0.119899176,0.43943596,2.2,3.5,3.5,H,2.2,True,120.00000000000001
2014-01-01,2013,H,H,0.7808624,0.097786784,0.1213508,1.29,6.0,13.0,H,1.29,True,29.000000000000004
2014-01-01,2013,H,H,0.9644549,0.026886921,0.008658173,1.3,6.0,11.0,H,1.3,True,30.000000000000004
2014-01-01,2013,A,A,0.39740965,0.15731353,0.4452768,4.0,3.5,2.05,A,2.05,True,104.99999999999999
2014-01-01,2013,H,H,0.39222962,0.25891966,0.34885073,2.5,3.3,3.1,H,2.5,True,150.0
2014-01-01,2013,D,H,0.60028696,0.1347668,0.26494625,2.38,3.3,3.3,H,2.38,False,-100.0
2014-01-01,2013,A,A,0.06457612,0.21925375,0.71617013,5.75,4.25,1.62,A,1.62,True,62.000000000000014
2014-01-01,2013,H,H,0.80417013,0.14239742,0.05343251,2.6,3.4,2.88,H,2.6,True,160.0
2014-01-01,2013,D,A,0.25315168,0.121554576,0.62529373,4.0,3.3,2.1,A,2.1,False,-100.0
2014-01-01,2013,A,H,0.6689813,0.25995865,0.07106005,2.15,3.4,3.75,H,2.15,False,-100.0
2014-01-01,2013,A,H,0.63895625,0.11073455,0.2503092,1.8,3.8,4.75,H,1.8,False,-100.0
2014-01-11,2013,H,H,0.7730034,0.08205836,0.14493825,1.36,5.0,10.0,H,1.36,True,36.00000000000001
2014-01-11,2013,H,H,0.88315153,0.0632184,0.053629998,1.83,3.7,4.75,H,1.83,True,83.0
2014-01-11,2013,H,H,0.8179312,0.088573694,0.09349515,1.57,4.0,7.0,H,1.57,True,57.00000000000001
2014-01-11,2013,A,A,0.16590567,0.09174515,0.74234915,6.5,4.0,1.6,A,1.6,True,60.00000000000001
2014-01-11,2013,A,H,0.7639383,0.08220269,0.15385903,2.2,3.3,3.75,H,2.2,False,-100.0
2014-01-11,2013,H,H,0.63056815,0.21152076,0.15791114,1.4,5.0,9.0,H,1.4,True,39.99999999999999
2014-01-11,2013,A,H,0.5850483,0.31080815,0.10414352,2.0,3.5,4.1,H,2.0,False,-100.0
2014-01-12,2013,A,A,0.29770058,0.25449598,0.4478035,5.25,4.0,1.7,A,1.7,True,70.0
2014-01-12,2013,A,A,0.046111666,0.13099726,0.8228911,5.75,4.0,1.67,A,1.67,True,67.0
2014-01-13,2013,A,A,0.06884397,0.13924707,0.791909,6.0,4.2,1.62,A,1.62,True,62.000000000000014
2014-01-18,2013,H,H,0.91611236,0.08117373,0.0027138994,1.22,7.0,15.0,H,1.22,True,21.999999999999996
2014-01-18,2013,H,H,0.65240306,0.06375188,0.28384504,2.35,3.2,3.5,H,2.35,True,135.0
2014-01-18,2013,D,H,0.969125,0.029153563,0.0017215032,1.22,7.0,15.0,H,1.22,False,-100.0
2014-01-18,2013,H,H,0.9697119,0.027524877,0.0027632092,1.13,11.0,23.0,H,1.13,True,12.99999999999999
2014-01-18,2013,H,H,0.53486556,0.331389,0.13374545,2.4,3.3,3.25,H,2.4,True,140.0
2014-01-18,2013,D,H,0.7505231,0.103192545,0.14628433,3.2,3.3,2.45,H,3.2,False,-100.0
2014-01-18,2013,A,H,0.54646075,0.36307248,0.090466775,3.0,3.4,2.5,H,3.0,False,-100.0
2014-01-19,2013,H,H,0.9184146,0.055881124,0.025704212,1.73,3.8,5.5,H,1.73,True,73.0
2014-01-19,2013,A,H,0.9155545,0.054996986,0.029448476,3.25,3.4,2.38,H,3.25,False,-100.0
2014-01-20,2013,D,A,0.10525184,0.21511637,0.67963177,3.5,3.4,2.25,A,2.25,False,-100.0
2014-01-28,2013,H,H,0.97000116,0.017327847,0.012670929,1.75,3.75,5.25,H,1.75,True,75.0
2014-01-28,2013,D,D,0.31101593,0.36774653,0.3212375,4.33,3.5,1.95,D,3.5,True,250.0
2014-01-28,2013,D,H,0.71351504,0.22867793,0.05780705,2.7,3.4,2.8,H,2.7,False,-100.0
2014-01-28,2013,H,H,0.49284598,0.40338072,0.10377327,1.83,3.9,4.5,H,1.83,True,83.0
2014-01-28,2013,H,H,0.5125468,0.31929004,0.16816315,2.5,3.2,3.2,H,2.5,True,150.0
2014-01-28,2013,H,H,0.76743734,0.2070505,0.025512211,1.25,6.5,15.0,H,1.25,True,25.0
2014-01-29,2013,A,A,0.12415589,0.11479094,0.76105314,3.75,3.75,2.05,A,2.05,True,104.99999999999999
2014-01-29,2013,H,H,0.8994478,0.067808725,0.03274347,2.1,3.4,3.9,H,2.1,True,110.00000000000001
2014-01-29,2013,D,H,0.95982563,0.012206397,0.027968036,1.18,8.0,19.0,H,1.18,False,-100.0
2014-01-29,2013,H,A,0.3667694,0.21248522,0.42074534,2.6,3.3,3.0,A,3.0,False,-100.0
2014-02-01,2013,H,A,0.094212644,0.39000845,0.5157789,7.0,4.0,1.57,A,1.57,False,-100.0
2014-02-01,2013,H,D,0.24361873,0.6358647,0.12051662,2.9,3.4,2.6,D,3.4,False,-100.0
2014-02-01,2013,D,A,0.30770537,0.049443517,0.64285105,4.0,3.5,2.05,A,2.05,False,-100.0
2014-02-01,2013,A,H,0.82237345,0.11849996,0.059126593,1.95,3.5,4.33,H,1.95,False,-100.0
2014-02-01,2013,H,H,0.7112234,0.13503098,0.15374559,1.53,4.33,7.0,H,1.53,True,53.0
2014-02-01,2013,H,A,0.29747263,0.106800534,0.59572685,2.3,3.4,3.4,A,3.4,False,-100.0
2014-02-01,2013,A,H,0.57783335,0.37104172,0.051124915,3.6,3.4,2.2,H,3.6,False,-100.0
2014-02-02,2013,H,H,0.89104074,0.06774639,0.04121287,1.22,7.0,16.0,H,1.22,True,21.999999999999996
2014-02-02,2013,D,D,0.043775138,0.54516774,0.41105714,5.75,4.33,1.62,D,4.33,True,333.0
2014-02-03,2013,A,H,0.8266114,0.12229898,0.05108957,1.85,3.8,4.5,H,1.85,False,-100.0
2014-02-08,2013,D,H,0.76401675,0.13648991,0.099493355,1.55,4.0,7.5,H,1.55,False,-100.0
2014-02-08,2013,H,D,0.3493034,0.57303023,0.077666335,1.85,3.6,4.75,D,3.6,False,-100.0
2014-02-08,2013,A,H,0.7092365,0.1917585,0.099005066,2.15,3.4,3.8,H,2.15,False,-100.0
2014-02-08,2013,D,A,0.23648621,0.019827794,0.74368596,9.0,5.5,1.36,A,1.36,False,-100.0
2014-02-08,2013,H,H,0.5868078,0.23419221,0.17900002,2.6,3.3,3.0,H,2.6,True,160.0
2014-02-08,2013,H,H,0.9270721,0.046725444,0.026202494,1.25,6.25,15.0,H,1.25,True,25.0
2014-02-08,2013,A,H,0.71234566,0.1834431,0.10421128,2.1,3.5,3.8,H,2.1,False,-100.0
2014-02-08,2013,H,H,0.4755669,0.3601871,0.16424595,2.2,3.6,3.4,H,2.2,True,120.00000000000001
2014-02-09,2013,D,H,0.9392943,0.022148574,0.03855717,1.2,7.0,19.0,H,1.2,False,-100.0
2014-02-09,2013,H,H,0.8518028,0.0728058,0.07539135,2.1,3.5,3.75,H,2.1,True,110.00000000000001
2014-02-11,2013,H,A,0.32909036,0.12857404,0.5423356,2.05,3.5,4.0,A,4.0,False,-100.0
2014-02-11,2013,D,A,0.029821146,0.28112456,0.6890543,7.5,4.5,1.5,A,1.5,False,-100.0
2014-02-11,2013,A,D,0.308589,0.4855235,0.2058875,3.0,3.25,2.6,D,3.25,False,-100.0
2014-02-11,2013,D,A,0.3418585,0.1641067,0.4940348,2.5,3.4,3.0,A,3.0,False,-100.0
2014-02-12,2013,D,A,0.32293567,0.20894043,0.4681239,2.7,3.25,2.9,A,2.9,False,-100.0
2014-02-12,2013,A,H,0.48555648,0.2361958,0.27824765,3.3,3.5,2.3,H,3.3,False,-100.0
2014-02-12,2013,D,H,0.8339974,0.07401315,0.09198938,2.15,3.5,3.6,H,2.15,False,-100.0
2014-02-12,2013,A,A,0.03211255,0.2922259,0.67566156,8.0,5.25,1.4,A,1.4,True,39.99999999999999
2014-02-22,2013,H,H,0.4767538,0.34721863,0.17602758,3.2,3.4,2.4,H,3.2,True,220.00000000000003
2014-02-22,2013,D,H,0.7491722,0.092367955,0.15845986,1.8,3.9,4.75,H,1.8,False,-100.0
2014-02-22,2013,H,H,0.997827,0.00095114706,0.0012218596,1.18,8.0,19.0,H,1.18,True,17.999999999999993
2014-02-22,2013,A,A,0.052283645,0.22166137,0.72605497,6.5,4.0,1.6,A,1.6,True,60.00000000000001
2014-02-22,2013,H,H,0.9122565,0.056659136,0.031084413,1.57,4.0,7.0,H,1.57,True,57.00000000000001
2014-02-22,2013,A,H,0.53695065,0.21649168,0.24655768,2.75,3.2,2.88,H,2.75,False,-100.0
2014-02-22,2013,H,H,0.60410774,0.26137066,0.13452163,1.33,5.5,11.0,H,1.33,True,33.00000000000001
2014-02-23,2013,H,H,0.9183424,0.053711522,0.027946094,1.3,5.75,12.0,H,1.3,True,30.000000000000004
2014-02-23,2013,H,D,0.45699924,0.47000706,0.072993666,2.1,3.4,3.9,D,3.4,False,-100.0
2014-02-23,2013,H,H,0.541575,0.15805013,0.30037487,3.8,3.5,2.1,H,3.8,True,280.0
2014-03-01,2013,A,A,0.027253585,0.021246321,0.9515002,8.0,4.75,1.45,A,1.45,True,44.99999999999999
2014-03-01,2013,A,H,0.80750746,0.040226344,0.15226622,2.45,3.2,3.3,H,2.45,False,-100.0
2014-03-01,2013,H,H,0.8102742,0.12121804,0.06850776,1.53,4.2,7.5,H,1.53,True,53.0
2014-03-01,2013,H,D,0.05525471,0.632923,0.31182227,5.5,3.8,1.73,D,3.8,False,-100.0
2014-03-01,2013,A,H,0.43459666,0.1791896,0.38621372,3.75,3.75,2.05,H,3.75,False,-100.0
2014-03-02,2013,D,H,0.4133508,0.2943942,0.29225498,1.85,3.5,5.0,H,1.85,False,-100.0
2014-03-02,2013,H,H,0.42515418,0.27530986,0.29953602,1.33,5.25,12.0,H,1.33,True,33.00000000000001
2014-03-02,2013,H,H,0.6217569,0.15073943,0.22750367,2.1,3.4,3.9,H,2.1,True,110.00000000000001
2014-03-08,2013,H,H,0.69515896,0.2761086,0.028732492,2.35,3.5,3.2,H,2.35,True,135.0
2014-03-08,2013,H,H,0.87211215,0.107085444,0.02080241,1.57,4.0,7.0,H,1.57,True,57.00000000000001
2014-03-08,2013,A,D,0.14390332,0.62125474,0.23484188,3.9,3.3,2.15,D,3.3,False,-100.0
2014-03-08,2013,D,H,0.7874243,0.14352486,0.069050826,2.25,3.3,3.6,H,2.25,False,-100.0
2014-03-08,2013,A,A,0.110573806,0.20328683,0.68613935,5.0,3.6,1.83,A,1.83,True,83.0
2014-03-15,2013,A,A,0.067382224,0.031543605,0.90107423,6.5,4.33,1.57,A,1.57,True,57.00000000000001
2014-03-15,2013,H,A,0.047989912,0.27590576,0.67610437,7.0,4.33,1.53,A,1.53,False,-100.0
2014-03-15,2013,H,H,0.48680708,0.20178925,0.3114037,2.9,3.4,2.6,H,2.9,True,190.0
2014-03-15,2013,H,H,0.7938469,0.07001878,0.13613434,1.36,5.0,11.0,H,1.36,True,36.00000000000001
2014-03-15,2013,H,H,0.76143616,0.11453046,0.124033384,1.62,4.0,6.5,H,1.62,True,62.000000000000014
2014-03-15,2013,H,D,0.3194126,0.47844982,0.20213759,2.25,3.3,3.6,D,3.3,False,-100.0
2014-03-15,2013,D,H,0.37042663,0.36473566,0.26483768,2.15,3.3,3.9,H,2.15,False,-100.0
2014-03-15,2013,A,D,0.35148963,0.57317215,0.07533823,1.95,3.6,4.33,D,3.6,False,-100.0
2014-03-16,2013,A,D,0.35963172,0.510008,0.13036026,2.5,3.6,2.9,D,3.6,False,-100.0
2014-03-16,2013,A,D,0.19321601,0.4668448,0.33993915,3.1,3.4,2.45,D,3.4,False,-100.0
2014-03-22,2013,H,H,0.8039276,0.14357765,0.052494723,2.25,3.3,3.6,H,2.25,True,125.0
2014-03-22,2013,A,A,0.16459557,0.015669229,0.8197352,9.5,5.25,1.36,A,1.36,True,36.00000000000001
2014-03-22,2013,H,H,0.75081635,0.118047856,0.13113584,1.85,3.6,4.75,H,1.85,True,85.00000000000001
2014-03-22,2013,H,D,0.34968424,0.37824994,0.27206582,2.2,3.3,3.75,D,3.3,False,-100.0
2014-03-22,2013,H,H,0.9905922,0.0070396774,0.0023681524,1.17,9.0,17.0,H,1.17,True,16.999999999999993
2014-03-22,2013,H,H,0.75351566,0.089553975,0.15693036,1.85,3.6,4.75,H,1.85,True,85.00000000000001
2014-03-22,2013,A,H,0.5446736,0.23757076,0.2177556,4.5,3.6,1.91,H,4.5,False,-100.0
2014-03-22,2013,H,H,0.49280456,0.048918128,0.45827726,1.67,3.9,6.0,H,1.67,True,67.0
2014-03-23,2013,A,D,0.456838,0.48199478,0.061167225,2.2,3.3,3.75,D,3.3,False,-100.0
2014-03-23,2013,H,D,0.42011642,0.42518505,0.15469849,2.25,3.4,3.5,D,3.4,False,-100.0
2014-03-25,2013,D,H,0.95123774,0.016038518,0.0327237,1.57,4.2,6.5,H,1.57,False,-100.0
2014-03-25,2013,A,A,0.06307306,0.030953486,0.9059735,3.5,3.6,2.15,A,2.15,True,114.99999999999999
2014-03-25,2013,A,H,0.66198796,0.23239337,0.105618685,3.5,3.4,2.25,H,3.5,False,-100.0
2014-03-26,2013,H,H,0.9538567,0.038450114,0.0076931966,1.17,9.0,19.0,H,1.17,True,16.999999999999993
2014-03-26,2013,H,H,0.5560057,0.24315307,0.2008412,2.4,3.3,3.3,H,2.4,True,140.0
2014-03-29,2013,H,A,0.03538562,0.12793298,0.8366814,10.0,4.75,1.4,A,1.4,False,-100.0
2014-03-29,2013,D,H,0.5245117,0.31508633,0.16040199,1.83,3.75,4.75,H,1.83,False,-100.0
2014-03-29,2013,D,A,0.12009473,0.43630844,0.4435968,3.6,3.5,2.15,A,2.15,False,-100.0
2014-03-29,2013,H,A,0.22597799,0.2513577,0.5226643,1.73,3.9,5.25,A,5.25,False,-100.0
2014-03-29,2013,H,H,0.7242057,0.08996594,0.1858284,2.15,3.3,3.9,H,2.15,True,114.99999999999999
2014-03-29,2013,H,A,0.22934757,0.13756269,0.6330897,1.75,3.8,5.25,A,5.25,False,-100.0
2014-03-29,2013,H,H,0.836199,0.06684787,0.09695308,1.45,4.75,8.0,H,1.45,True,44.99999999999999
2014-03-30,2013,H,H,0.895547,0.06698806,0.037464965,1.48,4.75,7.5,H,1.48,True,48.0
2014-03-30,2013,A,H,0.39616132,0.2085831,0.3952556,5.0,3.75,1.8,H,5.0,False,-100.0
2014-03-31,2013,A,H,0.43371776,0.36868283,0.19759943,2.3,3.3,3.5,H,2.3,False,-100.0
2014-04-05,2013,A,D,0.20320241,0.4939787,0.30281883,2.05,3.5,4.0,D,3.5,False,-100.0
2014-04-05,2013,A,A,0.19781896,0.09128871,0.7108923,2.45,3.25,3.25,A,3.25,True,225.0
2014-04-05,2013,H,H,0.9634591,0.033286262,0.0032546434,1.29,6.0,13.0,H,1.29,True,29.000000000000004
2014-04-05,2013,H,H,0.639011,0.23372933,0.12725963,2.75,3.3,2.8,H,2.75,True,175.0
2014-04-05,2013,H,H,0.8952933,0.0675296,0.037177097,1.33,5.75,10.0,H,1.33,True,33.00000000000001
2014-04-05,2013,A,H,0.42024085,0.3864782,0.19328102,4.2,3.7,1.95,H,4.2,False,-100.0
2014-04-05,2013,A,H,0.61363333,0.17971693,0.20664972,2.4,3.3,3.25,H,2.4,False,-100.0
2014-04-06,2013,A,H,0.46305853,0.14296693,0.39397457,9.0,5.0,1.4,H,9.0,False,-100.0
2014-04-06,2013,H,H,0.9781019,0.012866087,0.009032032,2.5,3.4,3.0,H,2.5,True,150.0
2014-04-07,2013,H,A,0.20484523,0.26685926,0.5282955,1.57,4.2,6.5,A,6.5,False,-100.0
2014-04-12,2013,D,H,0.399036,0.20871228,0.3922517,3.1,3.6,2.38,H,3.1,False,-100.0
2014-04-12,2013,A,D,0.16528982,0.50117624,0.33353394,4.75,3.7,1.83,D,3.7,False,-100.0
2014-04-12,2013,H,H,0.6149318,0.1790457,0.20602246,2.1,3.4,3.9,H,2.1,True,110.00000000000001
2014-04-12,2013,H,H,0.5428731,0.26283672,0.19429027,2.15,3.5,3.6,H,2.15,True,114.99999999999999
2014-04-12,2013,H,H,0.6695731,0.10708,0.22334686,2.15,3.3,3.9,H,2.15,True,114.99999999999999
2014-04-12,2013,A,H,0.6728082,0.101714015,0.22547778,1.45,4.75,8.0,H,1.45,False,-100.0
2014-04-13,2013,H,H,0.8563752,0.0794925,0.06413232,2.45,3.7,2.9,H,2.45,True,145.00000000000003
2014-04-13,2013,A,A,0.10422371,0.24766663,0.6481097,5.0,3.6,1.83,A,1.83,True,83.0
2014-04-15,2013,H,H,0.5777491,0.080146335,0.3421046,1.4,5.0,9.0,H,1.4,True,39.99999999999999
2014-04-16,2013,A,H,0.93617016,0.045464262,0.018365562,1.4,4.75,10.0,H,1.4,False,-100.0
2014-04-16,2013,D,H,0.9858202,0.01089177,0.0032881063,1.17,9.0,17.0,H,1.17,False,-100.0
2014-04-19,2013,A,H,0.64906865,0.022523463,0.32840788,2.2,3.2,3.4,H,2.2,False,-100.0
2014-04-19,2013,D,H,0.39200413,0.31898996,0.28900594,3.4,3.4,2.1,H,3.4,False,-100.0
2014-04-19,2013,D,A,0.17500794,0.11483082,0.71016127,2.38,3.2,3.0,A,3.0,False,-100.0
2014-04-19,2013,A,H,0.9809395,0.013993057,0.005067457,1.18,7.0,13.0,H,1.18,False,-100.0
2014-04-19,2013,A,H,0.5783696,0.36860996,0.05302045,2.63,3.3,2.6,H,2.63,False,-100.0
2014-04-19,2013,H,H,0.9107278,0.04917827,0.040093925,1.5,4.2,6.5,H,1.5,True,50.0
2014-04-20,2013,H,H,0.83688205,0.061267782,0.10185018,2.4,3.4,2.8,H,2.4,True,140.0
2014-04-20,2013,A,A,0.16940877,0.19145773,0.6391335,8.5,5.0,1.33,A,1.33,True,33.00000000000001
2014-04-20,2013,A,A,0.0930631,0.28068164,0.6262552,4.5,3.6,1.8,A,1.8,True,80.0
2014-04-21,2013,H,H,0.95305705,0.013128007,0.033814963,1.2,7.0,11.0,H,1.2,True,19.999999999999996
2014-04-26,2013,H,H,0.7102567,0.21524383,0.0744995,1.7,3.75,6.0,H,1.7,True,70.0
2014-04-26,2013,D,H,0.5809196,0.083523914,0.33555648,2.3,3.4,3.4,H,2.3,False,-100.0
2014-04-26,2013,H,H,0.9180207,0.04467388,0.037305355,1.36,5.25,9.5,H,1.36,True,36.00000000000001
2014-04-26,2013,H,A,0.29150984,0.28609842,0.4223917,2.8,3.5,2.6,A,2.6,False,-100.0
2014-04-26,2013,A,D,0.15290202,0.5196207,0.32747725,3.2,3.4,2.38,D,3.4,False,-100.0
2014-04-26,2013,H,H,0.5825544,0.19452223,0.22292335,1.91,3.75,4.33,H,1.91,True,90.99999999999999
2014-04-27,2013,A,A,0.107882574,0.014600086,0.87751734,1.67,4.2,5.25,A,5.25,True,425.0
2014-04-27,2013,A,A,0.119929425,0.243578,0.63649255,7.5,5.0,1.44,A,1.44,True,43.99999999999999
2014-04-27,2013,H,H,0.5628595,0.10053339,0.33660716,1.91,3.75,4.33,H,1.91,True,90.99999999999999
2014-04-28,2013,H,H,0.5437436,0.27428108,0.1819753,1.29,6.0,12.0,H,1.29,True,29.000000000000004
2014-05-03,2013,H,D,0.061395913,0.5838917,0.35471237,4.33,3.75,1.91,D,3.75,False,-100.0
2014-05-03,2013,A,H,0.52113813,0.32309598,0.15576586,2.5,3.4,3.0,H,2.5,False,-100.0
2014-05-03,2013,H,H,0.5863184,0.3353415,0.07834016,2.3,3.6,3.25,H,2.3,True,129.99999999999997
2014-05-03,2013,A,H,0.9697595,0.023590127,0.006650348,1.36,5.75,8.5,H,1.36,False,-100.0
2014-05-03,2013,A,H,0.47937444,0.36107385,0.15955171,5.0,4.0,1.75,H,5.0,False,-100.0
2014-05-03,2013,H,D,0.30185938,0.4087814,0.28935918,2.5,3.3,3.1,D,3.3,False,-100.0
2014-05-03,2013,H,A,0.0644562,0.038651276,0.89689255,2.05,3.6,3.8,A,3.8,False,-100.0
2014-05-04,2013,D,H,0.8805976,0.11835133,0.0010510836,1.2,7.5,17.0,H,1.2,False,-100.0
2014-05-04,2013,H,H,0.65894884,0.3087215,0.032329623,1.29,6.0,13.0,H,1.29,True,29.000000000000004
2014-05-05,2013,D,A,0.111686125,0.09516579,0.7931481,9.0,5.0,1.4,A,1.4,False,-100.0
2014-05-06,2013,H,H,0.9550343,0.025408933,0.019556722,1.36,5.5,9.0,H,1.36,True,36.00000000000001
2014-05-07,2013,H,H,0.9429193,0.055486698,0.0015940134,1.14,9.5,21.0,H,1.14,True,13.99999999999999
2014-05-07,2013,H,H,0.4973212,0.18486026,0.31781858,2.1,3.2,4.2,H,2.1,True,110.00000000000001
2014-05-11,2013,H,H,0.9939672,0.0044561788,0.0015766287,1.22,7.5,13.0,H,1.22,True,21.999999999999996
2014-05-11,2013,D,H,0.55872196,0.26429576,0.17698227,2.63,3.5,2.8,H,2.63,False,-100.0
2014-05-11,2013,H,H,0.9112668,0.08480988,0.003923367,1.17,9.0,17.0,H,1.17,True,16.999999999999993
2014-05-11,2013,A,A,0.03226014,0.03316924,0.93457067,8.0,4.75,1.44,A,1.44,True,43.99999999999999
2014-05-11,2013,A,H,0.3955838,0.2661844,0.33823174,4.0,3.6,2.0,H,4.0,False,-100.0
2014-05-11,2013,A,A,0.1705165,0.1857137,0.6437698,4.5,3.8,1.85,A,1.85,True,85.00000000000001
2014-05-11,2013,A,A,0.45462105,0.08725325,0.45812565,2.3,3.4,3.4,A,3.4,True,240.0
2014-05-11,2013,H,H,0.6262497,0.15970919,0.21404116,1.5,4.5,7.5,H,1.5,True,50.0
2014-05-11,2013,A,H,0.7322785,0.17401534,0.093706146,2.1,3.6,3.75,H,2.1,False,-100.0
2014-05-11,2013,D,H,0.62829256,0.23570503,0.13600238,2.63,3.5,2.8,H,2.63,False,-100.0
2014-08-16,2014,H,H,0.9367146,0.06131601,0.001969404,1.25,6.5,15.0,H,1.25,True,25.0
2014-08-16,2014,D,A,0.11530893,0.23691647,0.64777464,3.2,3.4,2.4,A,2.4,False,-100.0
2014-08-16,2014,A,H,0.86646426,0.10001151,0.03352418,1.36,5.0,11.0,H,1.36,False,-100.0
2014-08-16,2014,A,H,0.7683347,0.1743795,0.057285804,2.5,3.3,3.1,H,2.5,False,-100.0
2014-08-16,2014,A,H,0.7950309,0.16736345,0.037605662,1.95,3.5,4.5,H,1.95,False,-100.0
2014-08-16,2014,D,D,0.21810798,0.39456633,0.38732564,2.25,3.4,3.5,D,3.4,True,240.0
2014-08-16,2014,A,A,0.14808363,0.38754788,0.46436846,3.8,3.6,2.05,A,2.05,True,104.99999999999999
2014-08-17,2014,H,H,0.97133476,0.013017488,0.01564783,1.33,5.75,10.0,H,1.33,True,33.00000000000001
2014-08-17,2014,A,D,0.120045915,0.48016745,0.39978665,5.25,4.33,1.67,D,4.33,False,-100.0
2014-08-18,2014,A,A,0.049631357,0.07981799,0.8705507,9.0,5.0,1.4,A,1.4,True,39.99999999999999
2014-08-23,2014,A,D,0.33491653,0.3640218,0.3010617,2.5,3.3,3.1,D,3.3,False,-100.0
2014-08-23,2014,D,A,0.07898046,0.40095574,0.5200638,2.5,3.4,3.0,A,3.0,False,-100.0
2014-08-23,2014,H,H,0.9819197,0.013589036,0.0044912044,1.2,7.5,17.0,H,1.2,True,19.999999999999996
2014-08-23,2014,D,A,0.43090382,0.05865525,0.51044095,1.85,3.7,4.75,A,4.75,False,-100.0
2014-08-23,2014,H,H,0.56794214,0.24959315,0.1824647,1.65,4.0,6.0,H,1.65,True,64.99999999999999
2014-08-23,2014,D,A,0.3402608,0.31760275,0.34213647,2.8,3.4,2.7,A,2.7,False,-100.0
2014-08-24,2014,D,H,0.56048673,0.24375916,0.1957541,2.5,3.25,3.2,H,2.5,False,-100.0
2014-08-24,2014,D,A,0.029565094,0.21699475,0.7534402,5.0,4.0,1.75,A,1.75,False,-100.0
2014-08-24,2014,H,H,0.55925167,0.016991531,0.42375678,1.45,4.75,8.0,H,1.45,True,44.99999999999999
2014-08-25,2014,H,H,0.8495438,0.049011156,0.10144501,1.85,4.0,4.33,H,1.85,True,85.00000000000001
2014-08-30,2014,A,H,0.93733525,0.028548736,0.034116007,1.18,8.0,18.0,H,1.18,False,-100.0
2014-08-30,2014,D,A,0.044062845,0.16678523,0.7891519,6.0,4.2,1.62,A,1.62,False,-100.0
2014-08-30,2014,A,D,0.16752143,0.6967777,0.13570084,3.75,3.3,2.2,D,3.3,False,-100.0
2014-08-30,2014,D,H,0.9725726,0.01376929,0.0136581175,1.75,3.75,5.25,H,1.75,False,-100.0
2014-08-30,2014,H,D,0.35309514,0.5394212,0.10748362,1.85,3.6,4.75,D,3.6,False,-100.0
2014-08-30,2014,H,D,0.3246174,0.51378417,0.16159847,2.4,3.25,3.3,D,3.25,False,-100.0
2014-08-30,2014,A,H,0.55462456,0.19529952,0.25007594,2.8,3.4,2.7,H,2.8,False,-100.0
2014-08-31,2014,H,H,0.50679547,0.20529202,0.28791252,2.3,3.3,3.5,H,2.3,True,129.99999999999997
2014-08-31,2014,D,A,0.034230873,0.13423847,0.8315307,4.75,3.75,1.83,A,1.83,False,-100.0
2014-08-31,2014,A,A,0.17177248,0.2722896,0.5559379,2.7,3.5,2.7,A,2.7,True,170.00000000000003
2014-09-13,2014,A,H,0.9638155,0.029318841,0.0068656756,1.3,6.0,11.0,H,1.3,False,-100.0
2014-09-13,2014,D,D,0.33975273,0.36493832,0.29530895,3.0,3.4,2.5,D,3.4,True,240.0
2014-09-13,2014,H,H,0.99233633,0.0025373553,0.005126263,1.3,5.75,12.0,H,1.3,True,30.000000000000004
2014-09-13,2014,D,H,0.55814606,0.30843198,0.13342194,2.25,3.3,3.6,H,2.25,False,-100.0
2014-09-13,2014,H,H,0.69126916,0.09458457,0.21414627,1.8,3.75,5.0,H,1.8,True,80.0
2014-09-13,2014,A,A,0.3256317,0.32393923,0.35042906,2.1,3.4,4.0,A,4.0,True,300.0
2014-09-13,2014,D,A,0.09476543,0.24314797,0.6620866,3.6,3.5,2.15,A,2.15,False,-100.0
2014-09-13,2014,A,A,0.1336298,0.03995688,0.82641333,3.5,3.5,2.2,A,2.2,True,120.00000000000001
2014-09-14,2014,H,H,0.8540338,0.03293294,0.11303322,1.29,6.25,12.0,H,1.29,True,29.000000000000004
2014-09-15,2014,D,H,0.6531118,0.08902712,0.25786108,2.15,3.4,3.75,H,2.15,False,-100.0
2014-09-20,2014,D,D,0.35383263,0.4976925,0.14847492,2.5,3.3,3.1,D,3.3,True,229.99999999999997
2014-09-20,2014,A,A,0.08012728,0.16302584,0.7568469,4.75,3.6,1.85,A,1.85,True,85.00000000000001
2014-09-20,2014,D,H,0.6518718,0.05255265,0.29557556,2.2,3.3,3.75,H,2.2,False,-100.0
2014-09-20,2014,A,H,0.5604527,0.070280895,0.36926642,2.5,3.3,3.1,H,2.5,False,-100.0
2014-09-20,2014,H,A,0.031135723,0.1587851,0.81007916,4.5,3.8,1.85,A,1.85,False,-100.0
2014-09-20,2014,D,D,0.19412415,0.7486343,0.05724162,2.8,3.25,2.8,D,3.25,True,225.0
2014-09-21,2014,A,H,0.8167829,0.051358867,0.13185821,1.53,4.33,7.0,H,1.53,False,-100.0
2014-09-21,2014,A,H,0.78399175,0.028665727,0.18734255,1.4,5.0,9.0,H,1.4,False,-100.0
2014-09-21,2014,H,A,0.087611504,0.066042915,0.84634554,5.5,4.2,1.67,A,1.67,False,-100.0
2014-09-21,2014,D,D,0.35984775,0.36133575,0.2788165,2.38,3.5,3.1,D,3.5,True,250.0
2014-09-27,2014,H,H,0.97673416,0.016532222,0.006733606,1.22,7.0,16.0,H,1.22,True,21.999999999999996
2014-09-27,2014,D,H,0.43124726,0.1539867,0.41476604,1.75,3.9,5.0,H,1.75,False,-100.0
2014-09-27,2014,H,H,0.47345096,0.27383974,0.2527092,2.63,3.4,2.88,H,2.63,True,163.0
2014-09-27,2014,A,A,0.04186272,0.036401723,0.9217355,6.5,4.2,1.57,A,1.57,True,57.00000000000001
2014-09-27,2014,D,A,0.38249806,0.18177824,0.43572366,1.91,3.75,4.33,A,4.33,False,-100.0
2014-09-27,2014,D,H,0.6176404,0.31672016,0.065639496,2.9,3.3,2.63,H,2.9,False,-100.0
2014-09-27,2014,H,H,0.6163367,0.06731344,0.3163499,1.4,5.5,8.0,H,1.4,True,39.99999999999999
2014-09-27,2014,H,H,0.9541305,0.014361499,0.03150802,1.44,4.6,8.5,H,1.44,True,43.99999999999999
2014-09-28,2014,H,A,0.23488475,0.33442855,0.4306867,2.0,3.5,4.2,A,4.2,False,-100.0
2014-09-29,2014,H,H,0.35160688,0.30303532,0.3453578,2.15,3.4,3.8,H,2.15,True,114.99999999999999
2014-10-04,2014,D,H,0.45020342,0.20273942,0.34705722,1.91,3.7,4.33,H,1.91,False,-100.0
2014-10-04,2014,H,D,0.27112305,0.51696265,0.21191429,2.55,3.25,3.1,D,3.25,False,-100.0
2014-10-04,2014,H,H,0.7462113,0.16491137,0.08887731,1.44,5.0,7.5,H,1.44,True,43.99999999999999
2014-10-04,2014,H,H,0.46665147,0.17150575,0.36184275,2.1,3.5,3.8,H,2.1,True,110.00000000000001
2014-10-04,2014,A,A,0.018752363,0.123756036,0.8574916,7.5,4.5,1.5,A,1.5,True,50.0
2014-10-04,2014,D,A,0.17312498,0.20876338,0.6181116,1.8,3.75,5.0,A,5.0,False,-100.0
2014-10-05,2014,H,D,0.24137157,0.5941594,0.16446899,1.91,3.6,4.5,D,3.6,False,-100.0
2014-10-05,2014,H,H,0.44634202,0.30778882,0.24586916,2.2,3.5,3.5,H,2.2,True,120.00000000000001
2014-10-05,2014,H,H,0.9157344,0.04634902,0.03791659,1.67,4.2,5.25,H,1.67,True,67.0
2014-10-05,2014,H,H,0.48382986,0.17842862,0.33774155,1.67,4.2,5.25,H,1.67,True,67.0
2014-10-18,2014,H,H,0.5288434,0.43452975,0.03662682,2.25,3.6,3.3,H,2.25,True,125.0
2014-10-18,2014,H,H,0.771475,0.13435914,0.094165824,1.57,4.0,7.0,H,1.57,True,57.00000000000001
2014-10-18,2014,H,H,0.8750506,0.010933699,0.114015654,1.45,4.75,8.0,H,1.45,True,44.99999999999999
2014-10-18,2014,H,H,0.81907964,0.09908548,0.081834875,1.6,4.0,6.5,H,1.6,True,60.00000000000001
2014-10-18,2014,A,A,0.083971344,0.10771441,0.80831426,8.5,4.75,1.44,A,1.44,True,43.99999999999999
2014-10-18,2014,A,D,0.37780762,0.40478256,0.21740979,2.8,3.4,2.7,D,3.4,False,-100.0
2014-10-18,2014,D,H,0.8050814,0.15430033,0.040618256,1.4,5.0,9.0,H,1.4,False,-100.0
2014-10-19,2014,A,A,0.11168139,0.099506155,0.78881246,6.0,4.2,1.6,A,1.6,True,60.00000000000001
2014-10-19,2014,H,H,0.51611847,0.12286517,0.36101633,2.5,3.3,3.1,H,2.5,True,150.0
2014-10-20,2014,D,A,0.1436149,0.15786435,0.6985208,5.0,4.0,1.75,A,1.75,False,-100.0
2014-10-25,2014,A,A,0.11079105,0.15917893,0.73003006,5.5,3.8,1.73,A,1.73,True,73.0
2014-10-25,2014,D,H,0.92971116,0.024283689,0.04600515,1.44,4.75,8.0,H,1.44,False,-100.0
2014-10-25,2014,H,H,0.58266723,0.13219087,0.2851419,1.65,4.0,6.0,H,1.65,True,64.99999999999999
2014-10-25,2014,D,A,0.25593,0.28568384,0.45838615,1.91,3.6,4.5,A,4.5,False,-100.0
2014-10-25,2014,H,A,0.12399499,0.07498317,0.8010218,6.5,4.5,1.55,A,1.55,False,-100.0
2014-10-25,2014,H,H,0.6061937,0.1676932,0.22611313,1.95,3.7,4.2,H,1.95,True,95.0
2014-10-26,2014,A,D,0.061466407,0.57924134,0.35929227,4.75,3.75,1.83,D,3.75,False,-100.0
2014-10-26,2014,D,D,0.3641431,0.4970194,0.13883744,2.88,3.6,2.5,D,3.6,True,260.0
2014-10-26,2014,A,H,0.45434824,0.28311905,0.26253265,1.75,3.9,5.0,H,1.75,False,-100.0
2014-10-27,2014,H,D,0.40557164,0.41801172,0.17641667,2.38,3.25,3.4,D,3.25,False,-100.0
2014-11-01,2014,A,A,0.12615894,0.12126402,0.752577,3.8,3.6,2.05,A,2.05,True,104.99999999999999
2014-11-01,2014,H,A,0.067545354,0.0850042,0.8474505,3.8,3.75,2.0,A,2.0,False,-100.0
2014-11-01,2014,A,H,0.4746034,0.25349185,0.27190465,2.3,3.5,3.3,H,2.3,False,-100.0
2014-11-01,2014,D,H,0.7975973,0.08075823,0.12164448,1.75,3.8,5.25,H,1.75,False,-100.0
2014-11-01,2014,H,H,0.5732621,0.41288462,0.013853284,1.25,6.5,14.0,H,1.25,True,25.0
2014-11-01,2014,D,H,0.54453623,0.35680535,0.09865841,2.38,3.4,3.25,H,2.38,False,-100.0
2014-11-01,2014,H,H,0.9841324,0.013158306,0.0027092514,1.17,8.5,21.0,H,1.17,True,16.999999999999993
2014-11-02,2014,H,H,0.94009304,0.013569155,0.046337824,1.91,3.75,4.33,H,1.91,True,90.99999999999999
2014-11-02,2014,A,D,0.05501702,0.47759998,0.46738303,3.75,3.6,2.1,D,3.6,False,-100.0
2014-11-03,2014,A,H,0.44603193,0.24441834,0.30954978,2.1,3.5,3.8,H,2.1,False,-100.0
2014-11-08,2014,H,H,0.94401896,0.034723166,0.021257853,1.44,4.75,8.0,H,1.44,True,43.99999999999999
2014-11-08,2014,H,A,0.19672734,0.099859215,0.7034135,2.5,3.4,3.0,A,3.0,False,-100.0
2014-11-08,2014,A,H,0.563895,0.18596399,0.25014102,3.4,3.4,2.3,H,3.4,False,-100.0
2014-11-08,2014,H,H,0.734672,0.23678638,0.028541574,1.3,6.0,11.0,H,1.3,True,30.000000000000004
2014-11-08,2014,D,D,0.2702475,0.3925426,0.33720988,7.0,4.75,1.5,D,4.75,True,375.0
2014-11-08,2014,D,H,0.9923679,0.0021402473,0.005491849,1.75,3.75,5.5,H,1.75,False,-100.0
2014-11-09,2014,D,A,0.13780002,0.33158112,0.5306188,4.0,3.5,2.05,A,2.05,False,-100.0
2014-11-09,2014,H,D,0.25702727,0.47106713,0.27190563,3.75,3.5,2.1,D,3.5,False,-100.0
2014-11-09,2014,A,H,0.5172309,0.22572018,0.25704888,1.7,4.0,5.5,H,1.7,False,-100.0
2014-11-09,2014,A,A,0.33122528,0.26138493,0.4073898,2.3,3.5,3.3,A,3.3,True,229.99999999999997
2014-11-22,2014,H,H,0.95006603,0.044225246,0.005708711,1.25,6.5,15.0,H,1.25,True,25.0
2014-11-22,2014,D,H,0.45826483,0.38312688,0.15860829,2.1,3.5,3.8,H,2.1,False,-100.0
2014-11-22,2014,A,H,0.8469826,0.07150517,0.08151221,2.15,3.6,3.5,H,2.15,False,-100.0
2014-11-22,2014,H,H,0.7004938,0.16426,0.13524622,1.85,3.8,4.5,H,1.85,True,85.00000000000001
2014-11-22,2014,A,A,0.35126272,0.16440892,0.48432836,1.7,3.8,5.75,A,5.75,True,475.0
2014-11-22,2014,H,H,0.54844457,0.0741464,0.37740904,1.83,3.75,4.75,H,1.83,True,83.0
2014-11-22,2014,H,H,0.92721623,0.021319928,0.051463827,1.4,5.25,8.5,H,1.4,True,39.99999999999999
2014-11-23,2014,H,A,0.26670042,0.087434284,0.64586526,4.33,3.7,1.91,A,1.91,False,-100.0
2014-11-23,2014,A,A,0.07706896,0.37235656,0.5505745,3.6,3.4,2.2,A,2.2,True,120.00000000000001
2014-11-24,2014,D,A,0.2264028,0.384268,0.38932922,5.25,3.75,1.75,A,1.75,False,-100.0
2014-11-29,2014,A,A,0.15291472,0.06741191,0.7796734,4.5,3.8,1.85,A,1.85,True,85.00000000000001
2014-11-29,2014,D,A,0.3827738,0.1940739,0.42315227,2.15,3.4,3.75,A,3.75,False,-100.0
2014-11-29,2014,H,H,0.77988434,0.085306376,0.1348093,1.73,4.0,5.0,H,1.73,True,73.0
2014-11-29,2014,H,H,0.8574306,0.0055948137,0.13697456,1.33,5.75,10.0,H,1.33,True,33.00000000000001
2014-11-29,2014,H,D,0.035339415,0.8377272,0.12693338,2.38,3.4,3.25,D,3.4,False,-100.0
2014-11-29,2014,D,A,0.16897504,0.14253213,0.68849283,9.0,5.0,1.4,A,1.4,False,-100.0
2014-11-29,2014,D,H,0.63745147,0.1224447,0.24010384,1.8,3.75,5.0,H,1.8,False,-100.0
2014-11-29,2014,H,D,0.1692359,0.68244565,0.14831845,2.15,3.5,3.6,D,3.5,False,-100.0
2014-11-30,2014,H,H,0.65183014,0.2306242,0.11754566,2.25,3.6,3.25,H,2.25,True,125.0
2014-11-30,2014,A,H,0.42482764,0.2411291,0.33404326,3.2,3.6,2.3,H,3.2,False,-100.0
2014-12-02,2014,H,H,0.89105666,0.04848406,0.060459293,1.73,3.8,5.5,H,1.73,True,73.0
2014-12-02,2014,A,D,0.13752371,0.71785915,0.14461707,2.5,3.4,3.0,D,3.4,False,-100.0
2014-12-02,2014,H,H,0.6637126,0.07049322,0.26579413,1.45,4.5,8.5,H,1.45,True,44.99999999999999
2014-12-02,2014,A,A,0.2649043,0.29075664,0.44433907,2.1,3.4,4.0,A,4.0,True,300.0
2014-12-02,2014,A,A,0.057412177,0.3176252,0.6249626,3.8,3.6,2.05,A,2.05,True,104.99999999999999
2014-12-02,2014,D,D,0.051903103,0.85854995,0.08954701,2.8,3.3,2.75,D,3.3,True,229.99999999999997
2014-12-03,2014,H,H,0.592333,0.29817313,0.109493844,1.8,3.75,5.0,H,1.8,True,80.0
2014-12-03,2014,H,H,0.8959458,0.013040118,0.0910141,1.4,5.0,9.0,H,1.4,True,39.99999999999999
2014-12-03,2014,D,H,0.9348363,0.04173196,0.023431655,1.53,4.33,7.0,H,1.53,False,-100.0
2014-12-03,2014,A,A,0.055363502,0.40739062,0.5372459,7.5,4.5,1.5,A,1.5,True,50.0
2014-12-06,2014,H,A,0.3489007,0.07970772,0.5713916,7.0,4.33,1.53,A,1.53,False,-100.0
2014-12-06,2014,D,A,0.024543444,0.3930529,0.58240366,2.45,3.3,3.2,A,3.2,False,-100.0
2014-12-06,2014,D,H,0.8577351,0.020925796,0.12133914,1.5,4.5,7.5,H,1.5,False,-100.0
2014-12-06,2014,H,H,0.9291099,0.01328548,0.057604585,1.5,4.75,7.0,H,1.5,True,50.0
2014-12-06,2014,H,A,0.32384342,0.1506181,0.52553844,2.05,3.5,4.0,A,4.0,False,-100.0
2014-12-06,2014,H,A,0.07820914,0.059238106,0.8625528,4.0,3.6,2.0,A,2.0,False,-100.0
2014-12-06,2014,D,H,0.5210269,0.37271547,0.10625763,1.6,4.2,6.0,H,1.6,False,-100.0
2014-12-07,2014,H,H,0.6059335,0.27809864,0.11596788,2.4,3.4,3.2,H,2.4,True,140.0
2014-12-07,2014,H,D,0.31061587,0.411899,0.27748513,2.35,3.4,3.25,D,3.4,False,-100.0
2014-12-08,2014,A,D,0.2422308,0.6066627,0.15110652,2.8,3.4,2.7,D,3.4,False,-100.0
2014-12-13,2014,D,H,0.49956694,0.2610573,0.23937573,2.95,3.4,2.55,H,2.95,False,-100.0
2014-12-13,2014,A,A,0.1570451,0.13472074,0.7082342,7.0,4.75,1.5,A,1.5,True,50.0
2014-12-13,2014,H,H,0.8962773,0.08923723,0.014485474,1.18,8.0,18.0,H,1.18,True,17.999999999999993
2014-12-13,2014,D,H,0.5793757,0.31228334,0.10834093,2.6,3.25,3.0,H,2.6,False,-100.0
2014-12-13,2014,H,H,0.92463076,0.052462537,0.022906747,1.44,4.75,8.0,H,1.44,True,43.99999999999999
2014-12-13,2014,H,H,0.45438328,0.3165055,0.22911125,2.15,3.4,3.8,H,2.15,True,114.99999999999999
2014-12-13,2014,H,A,0.120370954,0.024029812,0.8555992,5.5,3.75,1.73,A,1.73,False,-100.0
2014-12-14,2014,A,A,0.2729378,0.28883407,0.4382281,2.5,3.4,3.0,A,3.0,True,200.0
2014-12-14,2014,H,A,0.31674126,0.031808503,0.6514502,1.8,3.8,4.75,A,4.75,False,-100.0
2014-12-15,2014,H,H,0.8728175,0.09783226,0.029350247,1.45,4.5,8.5,H,1.45,True,44.99999999999999
2014-12-20,2014,H,A,0.30176383,0.32420105,0.37403512,2.45,3.5,3.0,A,3.0,False,-100.0
2014-12-20,2014,H,D,0.3026068,0.6315012,0.06589205,1.75,3.9,5.0,D,3.9,False,-100.0
2014-12-20,2014,H,H,0.9065483,0.030289179,0.06316253,1.5,4.5,7.5,H,1.5,True,50.0
2014-12-20,2014,H,H,0.87290287,0.103413865,0.02368323,1.29,6.0,12.0,H,1.29,True,29.000000000000004
2014-12-20,2014,A,D,0.15825365,0.62445045,0.21729593,3.1,3.3,2.5,D,3.3,False,-100.0
2014-12-20,2014,D,D,0.1487001,0.56796795,0.28333193,6.25,4.0,1.62,D,4.0,True,300.0
2014-12-20,2014,H,D,0.2861056,0.56061006,0.15328437,2.45,3.3,3.2,D,3.3,False,-100.0
2014-12-21,2014,D,D,0.11200859,0.5424154,0.34557608,2.8,3.5,2.6,D,3.5,True,250.0
2014-12-21,2014,A,A,0.33669814,0.13716069,0.5261411,2.05,3.5,4.0,A,4.0,True,300.0
2014-12-22,2014,A,A,0.074178524,0.19116826,0.73465323,6.25,4.0,1.62,A,1.62,True,62.000000000000014
2014-12-26,2014,H,H,0.92364424,0.014423183,0.061932586,1.33,5.75,10.0,H,1.33,True,33.00000000000001
2014-12-26,2014,A,H,0.5868582,0.2466472,0.16649461,1.83,3.6,5.0,H,1.83,False,-100.0
2014-12-26,2014,H,H,0.83662194,0.10805422,0.05532386,1.29,6.0,13.0,H,1.29,True,29.000000000000004
2014-12-26,2014,A,A,0.15049262,0.23756444,0.61194295,4.75,3.8,1.8,A,1.8,True,80.0
2014-12-26,2014,A,D,0.04164086,0.55749494,0.40086418,3.75,3.4,2.15,D,3.4,False,-100.0
2014-12-26,2014,A,H,0.46691874,0.09760656,0.43547472,2.05,3.4,4.2,H,2.05,False,-100.0
2014-12-26,2014,H,H,0.5552851,0.29047298,0.15424195,1.75,3.75,5.25,H,1.75,True,75.0
2014-12-26,2014,A,A,0.06509289,0.11407752,0.8208296,6.5,4.5,1.53,A,1.53,True,53.0
2014-12-26,2014,H,H,0.9477203,0.042450085,0.009829577,1.4,5.0,9.0,H,1.4,True,39.99999999999999
2014-12-26,2014,A,A,0.02835946,0.052651152,0.9189894,3.8,3.6,2.05,A,2.05,True,104.99999999999999
2014-12-28,2014,A,A,0.07504172,0.11292846,0.8120298,3.5,3.5,2.2,A,2.2,True,120.00000000000001
2014-12-28,2014,D,A,0.24564718,0.1464622,0.6078906,3.25,3.6,2.3,A,2.3,False,-100.0
2014-12-28,2014,H,H,0.67043376,0.14514866,0.1844176,1.91,3.6,4.5,H,1.91,True,90.99999999999999
2014-12-28,2014,D,D,0.1274231,0.8173564,0.05522054,2.38,3.4,3.25,D,3.4,True,240.0
2014-12-28,2014,D,A,0.13886574,0.36965144,0.49148282,4.75,3.75,1.83,A,1.83,False,-100.0
2014-12-28,2014,D,H,0.86008316,0.075032346,0.064884484,1.18,8.0,19.0,H,1.18,False,-100.0
2014-12-28,2014,A,H,0.8568415,0.09262903,0.05052943,2.25,3.4,3.5,H,2.25,False,-100.0
2014-12-28,2014,D,D,0.24531345,0.43401855,0.32066795,2.35,3.3,3.4,D,3.3,True,229.99999999999997
2014-12-28,2014,H,H,0.4936107,0.16193253,0.34445682,2.9,3.4,2.6,H,2.9,True,190.0
2014-12-29,2014,H,H,0.82683015,0.07130395,0.10186584,1.7,4.0,5.5,H,1.7,True,70.0
2015-01-01,2014,H,A,0.24667212,0.30237937,0.45094854,2.9,3.4,2.6,A,2.6,False,-100.0
2015-01-01,2014,H,A,0.013836909,0.041351248,0.9448118,5.0,3.75,1.8,A,1.8,False,-100.0
2015-01-01,2014,D,H,0.35866898,0.2948336,0.34649745,1.85,3.75,4.5,H,1.85,False,-100.0
2015-01-01,2014,D,A,0.17603548,0.095075995,0.7288885,4.2,3.5,2.0,A,2.0,False,-100.0
2015-01-01,2014,D,D,0.13103387,0.5457907,0.32317543,3.0,3.4,2.5,D,3.4,True,240.0
2015-01-01,2014,H,A,0.07983923,0.24851479,0.67164594,3.4,3.4,2.3,A,2.3,False,-100.0
2015-01-01,2014,H,H,0.80940425,0.14014684,0.050448902,1.22,7.0,15.0,H,1.22,True,21.999999999999996
2015-01-01,2014,D,H,0.9262401,0.024975613,0.04878436,1.4,5.0,9.0,H,1.4,False,-100.0
2015-01-01,2014,D,D,0.05250919,0.75525296,0.19223787,2.4,3.3,3.3,D,3.3,True,229.99999999999997
2015-01-01,2014,D,H,0.44737792,0.419632,0.13299003,1.83,3.75,4.75,H,1.83,False,-100.0
2015-01-10,2014,H,H,0.79192245,0.037910435,0.1701671,2.2,3.4,3.6,H,2.2,True,120.00000000000001
2015-01-10,2014,H,H,0.46842745,0.37130815,0.16026443,2.05,3.4,4.2,H,2.05,True,104.99999999999999
2015-01-10,2014,D,H,0.46576276,0.3389728,0.19526444,2.25,3.5,3.4,H,2.25,False,-100.0
2015-01-10,2014,A,A,0.11526477,0.32588142,0.5588538,4.5,3.6,1.91,A,1.91,True,90.99999999999999
2015-01-10,2014,H,A,0.10292694,0.24996072,0.64711237,2.2,3.4,3.6,A,3.6,False,-100.0
2015-01-10,2014,H,A,0.32029474,0.25918037,0.42052487,3.5,3.5,2.2,A,2.2,False,-100.0
2015-01-10,2014,H,H,0.8478273,0.15003112,0.0021415344,1.2,7.5,17.0,H,1.2,True,19.999999999999996
2015-01-10,2014,D,A,0.033074476,0.288839,0.6780865,4.5,3.75,1.85,A,1.85,False,-100.0
2015-01-11,2014,A,H,0.8853901,0.06764971,0.046960186,1.83,3.75,4.75,H,1.83,False,-100.0
2015-01-11,2014,H,H,0.8432481,0.028965034,0.12778686,1.44,4.75,8.0,H,1.44,True,43.99999999999999
2015-01-17,2014,A,A,0.117367364,0.11921722,0.76341546,4.5,3.6,1.91,A,1.91,True,90.99999999999999
2015-01-17,2014,A,D,0.19544373,0.67264533,0.13191089,2.55,3.25,3.1,D,3.25,False,-100.0
2015-01-17,2014,A,D,0.06297148,0.62070316,0.3163254,2.63,3.3,2.9,D,3.3,False,-100.0
2015-01-17,2014,A,A,0.3451246,0.09753802,0.5573374,3.3,3.3,2.38,A,2.38,True,138.0
2015-01-17,2014,A,A,0.37003535,0.046138763,0.5838259,6.0,4.2,1.62,A,1.62,True,62.000000000000014
2015-01-17,2014,A,A,0.037105367,0.046159036,0.9167356,7.0,4.2,1.55,A,1.55,True,55.00000000000001
2015-01-17,2014,H,H,0.87873316,0.050136637,0.071130216,1.62,4.2,6.0,H,1.62,True,62.000000000000014
2015-01-18,2014,H,H,0.7953939,0.029179743,0.17542638,1.75,3.75,5.25,H,1.75,True,75.0
2015-01-18,2014,A,H,0.7798802,0.08781794,0.13230178,1.8,4.0,4.5,H,1.8,False,-100.0
2015-01-19,2014,D,H,0.49306723,0.26292515,0.24400766,1.85,3.6,4.75,H,1.85,False,-100.0
2015-01-31,2014,A,H,0.6892653,0.21461035,0.09612439,2.9,3.3,2.63,H,2.9,False,-100.0
2015-01-31,2014,H,H,0.66964144,0.20059507,0.12976344,2.25,3.3,3.6,H,2.25,True,125.0
2015-01-31,2014,H,H,0.6774076,0.05362351,0.26896894,1.65,4.0,6.0,H,1.65,True,64.99999999999999
2015-01-31,2014,H,H,0.94611716,0.03762224,0.016260559,1.36,5.5,9.5,H,1.36,True,36.00000000000001
2015-01-31,2014,A,D,0.27651882,0.44099218,0.28248903,2.7,3.25,2.88,D,3.25,False,-100.0
2015-01-31,2014,A,D,0.22748835,0.39190137,0.38061023,2.8,3.3,2.75,D,3.3,False,-100.0
2015-01-31,2014,D,H,0.7098794,0.107230455,0.18289013,2.15,3.5,3.6,H,2.15,False,-100.0
2015-01-31,2014,H,H,0.90528345,0.053783044,0.040933564,1.67,4.0,5.75,H,1.67,True,67.0
2015-02-01,2014,H,H,0.6806497,0.14619866,0.17315163,1.25,6.5,15.0,H,1.25,True,25.0
2015-02-01,2014,A,H,0.9363107,0.021387475,0.042301793,1.6,4.0,6.5,H,1.6,False,-100.0
2015-02-07,2014,H,A,0.33919743,0.28389874,0.3769038,3.25,3.5,2.3,A,2.3,False,-100.0
2015-02-07,2014,D,H,0.7738172,0.13654025,0.089642525,1.91,3.5,4.6,H,1.91,False,-100.0
2015-02-07,2014,A,H,0.44311455,0.13517527,0.42171013,4.75,3.6,1.85,H,4.75,False,-100.0
2015-02-07,2014,D,H,0.88241404,0.016599713,0.10098628,1.18,8.0,19.0,H,1.18,False,-100.0
2015-02-07,2014,A,D,0.3097131,0.55843526,0.13185166,2.4,3.3,3.25,D,3.3,False,-100.0
2015-02-07,2014,D,D,0.18792981,0.58054465,0.23152557,3.4,3.4,2.3,D,3.4,True,240.0
2015-02-07,2014,A,A,0.023500264,0.007291691,0.96920806,10.0,5.25,1.36,A,1.36,True,36.00000000000001
2015-02-08,2014,D,D,0.09650066,0.45646763,0.44703168,2.3,3.4,3.4,D,3.4,True,240.0
2015-02-08,2014,D,A,0.12702689,0.1683515,0.70462155,4.2,3.6,1.95,A,1.95,False,-100.0
2015-02-08,2014,D,H,0.3980317,0.35275733,0.24921097,2.6,3.25,3.0,H,2.6,False,-100.0
2015-02-10,2014,H,H,0.85269564,0.061292667,0.08601176,1.91,3.8,4.2,H,1.91,True,90.99999999999999
2015-02-10,2014,A,H,0.6479588,0.04320847,0.30883276,1.91,3.6,4.5,H,1.91,False,-100.0
2015-02-10,2014,H,H,0.9512454,0.037267745,0.011486882,1.29,6.0,12.0,H,1.29,True,29.000000000000004
2015-02-10,2014,H,D,0.30500066,0.43684223,0.25815707,2.38,3.1,3.5,D,3.1,False,-100.0
2015-02-11,2014,H,H,0.77555716,0.03384874,0.19059408,1.29,6.0,12.0,H,1.29,True,29.000000000000004
2015-02-11,2014,H,H,0.9509787,0.010146254,0.03887506,1.33,5.5,11.0,H,1.33,True,33.00000000000001
2015-02-11,2014,D,H,0.494336,0.11611439,0.38954958,2.38,3.3,3.3,H,2.38,False,-100.0
2015-02-11,2014,H,H,0.6002298,0.31028748,0.08948277,2.55,3.25,3.1,H,2.55,True,154.99999999999997
2015-02-11,2014,D,H,0.74388194,0.04867035,0.20744771,1.73,3.9,5.25,H,1.73,False,-100.0
2015-02-11,2014,A,A,0.026213678,0.04259691,0.9311894,5.75,3.8,1.7,A,1.7,True,70.0
2015-02-21,2014,A,H,0.47788805,0.37678134,0.1453306,2.7,3.2,2.9,H,2.7,False,-100.0
2015-02-21,2014,D,H,0.85326797,0.13455623,0.012175847,1.2,7.5,17.0,H,1.2,False,-100.0
2015-02-21,2014,A,A,0.03260705,0.37610438,0.5912885,4.75,3.75,1.83,A,1.83,True,83.0
2015-02-21,2014,H,H,0.47747242,0.14384097,0.37868664,2.05,3.3,4.2,H,2.05,True,104.99999999999999
2015-02-21,2014,H,H,0.89385194,0.059674423,0.04647368,1.3,6.0,11.0,H,1.3,True,30.000000000000004
2015-02-21,2014,D,D,0.23482007,0.42776406,0.3374159,2.7,3.2,2.9,D,3.2,True,220.00000000000003
2015-02-21,2014,H,A,0.361886,0.1529027,0.48521137,4.2,3.5,2.0,A,2.0,False,-100.0
2015-02-22,2014,D,H,0.74354815,0.14153624,0.114915594,1.83,3.6,5.0,H,1.83,False,-100.0
2015-02-22,2014,A,A,0.20952286,0.21319997,0.5772771,2.63,3.3,2.9,A,2.9,True,190.0
2015-02-22,2014,D,H,0.6723697,0.08573052,0.24189983,1.8,3.8,4.75,H,1.8,False,-100.0
2015-02-28,2014,H,H,0.6888017,0.05845972,0.25273857,1.95,3.5,4.5,H,1.95,True,95.0
2015-02-28,2014,A,A,0.30374256,0.23166052,0.46459693,2.63,3.3,2.9,A,2.9,True,190.0
2015-02-28,2014,H,H,0.88059384,0.065905266,0.0535009,1.36,5.25,10.0,H,1.36,True,36.00000000000001
2015-02-28,2014,A,D,0.2272569,0.6248343,0.14790879,2.15,3.4,3.75,D,3.4,False,-100.0
2015-02-28,2014,H,H,0.42436993,0.17944352,0.39618653,3.4,3.2,2.38,H,3.4,True,240.0
2015-02-28,2014,H,H,0.53663754,0.18008153,0.2832809,1.91,3.5,4.75,H,1.91,True,90.99999999999999
2015-03-01,2014,H,H,0.7776585,0.072367996,0.14997344,1.57,4.5,6.0,H,1.57,True,57.00000000000001
2015-03-01,2014,H,H,0.43220937,0.1826095,0.38518116,3.1,3.6,2.38,H,3.1,True,210.0
2015-03-03,2014,H,D,0.43609586,0.47689018,0.08701393,2.88,3.1,2.88,D,3.1,False,-100.0
2015-03-03,2014,D,A,0.35081938,0.26820078,0.3809798,2.15,3.3,3.9,A,3.9,False,-100.0
2015-03-03,2014,H,H,0.42295083,0.41089505,0.16615413,1.7,3.8,5.75,H,1.7,True,70.0
2015-03-04,2014,H,H,0.8487337,0.08207363,0.06919269,1.36,5.25,10.0,H,1.36,True,36.00000000000001
2015-03-04,2014,H,H,0.8584938,0.04651548,0.09499074,1.75,3.8,5.25,H,1.75,True,75.0
2015-03-04,2014,A,A,0.15316218,0.14699148,0.6998463,6.25,4.0,1.62,A,1.62,True,62.000000000000014
2015-03-04,2014,H,A,0.16642658,0.15560491,0.6779685,2.5,3.3,3.1,A,3.1,False,-100.0
2015-03-04,2014,A,A,0.15111738,0.060672745,0.78820986,7.0,4.33,1.53,A,1.53,True,53.0
2015-03-04,2014,A,A,0.13285974,0.28266844,0.58447176,4.2,3.5,2.0,A,2.0,True,100.0
2015-03-04,2014,H,H,0.98685676,0.010950799,0.0021924553,1.25,7.0,13.0,H,1.25,True,25.0
2015-03-07,2014,A,D,0.1441705,0.4551033,0.40072626,4.75,3.9,1.8,D,3.9,False,-100.0
2015-03-14,2014,A,H,0.45445597,0.38500014,0.16054395,2.38,3.25,3.4,H,2.38,False,-100.0
2015-03-14,2014,D,H,0.5542341,0.15144376,0.29432216,2.2,3.3,3.75,H,2.2,False,-100.0
2015-03-14,2014,H,H,0.6187306,0.2044481,0.17682126,2.38,3.25,3.4,H,2.38,True,138.0
2015-03-14,2014,H,A,0.058217913,0.050035093,0.891747,7.5,5.0,1.44,A,1.44,False,-100.0
2015-03-14,2014,H,H,0.86684775,0.07119523,0.061956987,1.4,5.0,9.0,H,1.4,True,39.99999999999999
2015-03-14,2014,H,H,0.5792215,0.18060738,0.24017112,1.83,3.75,4.75,H,1.83,True,83.0
2015-03-15,2014,D,H,0.7401888,0.0851088,0.1747025,1.62,4.0,6.5,H,1.62,False,-100.0
2015-03-15,2014,H,H,0.6214569,0.12508576,0.2534573,1.91,3.75,4.33,H,1.91,True,90.99999999999999
2015-03-15,2014,H,H,0.7617058,0.06274418,0.17555006,1.83,3.75,4.75,H,1.83,True,83.0
2015-03-16,2014,A,A,0.13979469,0.18328226,0.6769231,4.0,3.6,2.0,A,2.0,True,100.0
2015-03-21,2014,H,H,0.51349723,0.23422676,0.25227603,1.53,4.0,6.0,H,1.53,True,53.0
2015-03-21,2014,H,A,0.27295563,0.26221207,0.46483234,1.8,3.5,4.5,A,4.5,False,-100.0
2015-03-21,2014,H,H,0.81393903,0.16936222,0.016698722,1.4,4.5,7.5,H,1.4,True,39.99999999999999
2015-03-21,2014,A,H,0.42078707,0.22757739,0.35163555,2.1,3.3,3.5,H,2.1,False,-100.0
2015-03-21,2014,A,A,0.20416692,0.27701202,0.51882106,6.0,3.8,1.57,A,1.57,True,57.00000000000001
2015-03-21,2014,H,H,0.9219679,0.056481525,0.021550618,1.3,5.5,8.5,H,1.3,True,30.000000000000004
2015-03-21,2014,A,H,0.5565139,0.14783472,0.29565138,2.5,3.25,2.8,H,2.5,False,-100.0
2015-03-22,2014,A,A,0.024868244,0.23030606,0.74482566,7.0,4.33,1.44,A,1.44,True,43.99999999999999
2015-03-22,2014,A,D,0.111754306,0.4527093,0.43553644,2.05,3.4,3.6,D,3.4,False,-100.0
2015-03-22,2014,A,A,0.23797391,0.15874828,0.6032778,3.3,3.4,2.15,A,2.15,True,114.99999999999999
2015-04-04,2014,A,A,0.20342503,0.09698844,0.6995865,1.8,3.5,4.5,A,4.5,True,350.0
2015-04-04,2014,H,H,0.80374765,0.13966097,0.056591395,1.3,5.5,10.0,H,1.3,True,30.000000000000004
2015-04-04,2014,H,H,0.39523482,0.3726274,0.2321377,2.38,3.3,3.1,H,2.38,True,138.0
2015-04-04,2014,H,H,0.40780386,0.26943752,0.3227586,1.91,3.5,4.2,H,1.91,True,90.99999999999999
2015-04-04,2014,H,H,0.87101483,0.11571083,0.013274279,1.29,5.5,11.0,H,1.29,True,29.000000000000004
2015-04-04,2014,H,H,0.8470646,0.108322375,0.04461295,1.83,3.75,4.2,H,1.83,True,83.0
2015-04-04,2014,H,D,0.2374224,0.4773344,0.2852432,2.63,3.2,2.8,D,3.2,False,-100.0
2015-04-05,2014,H,H,0.66297656,0.2234243,0.11359914,2.5,3.1,3.1,H,2.5,True,150.0
2015-04-05,2014,D,A,0.071541354,0.3539587,0.57449996,3.5,3.4,2.1,A,2.1,False,-100.0
2015-04-06,2014,H,A,0.004933732,0.04147168,0.9535946,5.0,4.0,1.67,A,1.67,False,-100.0
2015-04-07,2014,D,H,0.52833176,0.31124246,0.16042577,2.15,3.4,3.8,H,2.15,False,-100.0
2015-04-11,2014,D,D,0.22855039,0.72822374,0.043225892,2.3,3.4,3.4,D,3.4,True,240.0
2015-04-11,2014,A,H,0.61633176,0.19766411,0.18600416,2.3,3.4,3.4,H,2.3,False,-100.0
2015-04-11,2014,A,H,0.7092485,0.12705415,0.16369738,1.62,4.2,6.0,H,1.62,False,-100.0
2015-04-11,2014,A,D,0.14747061,0.5249136,0.32761574,2.9,3.2,2.7,D,3.2,False,-100.0
2015-04-11,2014,H,H,0.79055184,0.09005063,0.119397566,1.53,4.2,7.5,H,1.53,True,53.0
2015-04-11,2014,A,A,0.1625474,0.23873638,0.59871626,6.5,4.33,1.57,A,1.57,True,57.00000000000001
2015-04-11,2014,D,H,0.4283366,0.23194672,0.33971667,2.5,3.3,3.1,H,2.5,False,-100.0
2015-04-12,2014,H,A,0.12183597,0.08817869,0.78998536,2.63,3.4,2.88,A,2.88,False,-100.0
2015-04-12,2014,A,A,0.052770346,0.10589656,0.84133303,9.0,5.0,1.4,A,1.4,True,39.99999999999999
2015-04-13,2014,H,H,0.92431664,0.03520856,0.04047482,1.4,5.0,9.0,H,1.4,True,39.99999999999999
2015-04-18,2014,A,H,0.5454208,0.29100284,0.16357638,1.95,3.5,4.5,H,1.95,False,-100.0
2015-04-18,2014,H,H,0.9031502,0.03538236,0.06146747,1.73,3.8,5.5,H,1.73,True,73.0
2015-04-18,2014,H,H,0.8509183,0.03929448,0.10978717,2.0,3.4,4.33,H,2.0,True,100.0
2015-04-18,2014,H,H,0.4597746,0.28085592,0.25936946,3.5,3.25,2.3,H,3.5,True,250.0
2015-04-18,2014,H,A,0.25379762,0.22562896,0.52057344,2.15,3.4,3.75,A,3.75,False,-100.0
2015-04-19,2014,H,H,0.89813095,0.010118138,0.09175086,1.25,6.5,11.0,H,1.25,True,25.0
2015-04-19,2014,A,A,0.034311507,0.15922765,0.80646086,3.3,3.5,2.3,A,2.3,True,129.99999999999997
2015-04-25,2014,D,A,0.10284219,0.08239942,0.81475836,4.0,3.6,2.0,A,2.0,False,-100.0
2015-04-25,2014,D,D,0.32006848,0.57374865,0.106182866,2.38,3.4,3.25,D,3.4,True,240.0
2015-04-25,2014,A,D,0.24858126,0.40520924,0.3462095,2.45,3.25,3.25,D,3.25,False,-100.0
2015-04-25,2014,D,A,0.35943735,0.14999619,0.49056646,1.91,3.5,4.75,A,4.75,False,-100.0
2015-04-25,2014,A,H,0.35494077,0.35130063,0.29375863,2.05,3.3,4.2,H,2.05,False,-100.0
2015-04-25,2014,A,H,0.66831666,0.17743744,0.15424591,2.63,3.3,2.9,H,2.63,False,-100.0
2015-04-25,2014,H,H,0.9394832,0.021345196,0.03917156,1.29,6.0,12.0,H,1.29,True,29.000000000000004
2015-04-25,2014,D,D,0.2795301,0.40496892,0.31550097,2.1,3.5,3.8,D,3.5,True,250.0
2015-04-26,2014,D,H,0.8989297,0.06740586,0.03366439,2.4,3.3,3.3,H,2.4,False,-100.0
2015-04-26,2014,H,A,0.085481696,0.022340968,0.89217734,3.75,3.4,2.15,A,2.15,False,-100.0
2015-04-28,2014,H,A,0.10571075,0.2702828,0.6240064,4.33,3.4,2.0,A,2.0,False,-100.0
2015-04-29,2014,A,A,0.18909346,0.052942295,0.75796425,5.75,3.8,1.7,A,1.7,True,70.0
2015-05-02,2014,H,A,0.07156264,0.17608036,0.752357,4.2,3.4,2.05,A,2.05,False,-100.0
2015-05-02,2014,H,D,0.111817054,0.566331,0.3218519,2.25,3.5,3.4,D,3.5,False,-100.0
2015-05-02,2014,H,H,0.5020043,0.2054587,0.29253694,2.3,3.4,3.4,H,2.3,True,129.99999999999997
2015-05-02,2014,A,H,0.91515076,0.02963053,0.055218637,1.36,5.25,10.0,H,1.36,False,-100.0
2015-05-02,2014,H,H,0.68392164,0.03500011,0.28107828,1.91,3.7,4.33,H,1.91,True,90.99999999999999
2015-05-02,2014,H,D,0.23491701,0.56379765,0.20128535,2.75,3.3,2.8,D,3.3,False,-100.0
2015-05-02,2014,H,H,0.82215333,0.047815237,0.13003145,1.36,5.25,10.0,H,1.36,True,36.00000000000001
2015-05-03,2014,H,H,0.9392507,0.040788762,0.019960498,1.36,5.25,10.0,H,1.36,True,36.00000000000001
2015-05-03,2014,A,A,0.0693319,0.41978607,0.510882,3.75,3.75,2.05,A,2.05,True,104.99999999999999
2015-05-04,2014,A,A,0.091308035,0.021977337,0.88671464,5.5,4.0,1.7,A,1.7,True,70.0
2015-05-09,2014,A,A,0.116195455,0.2858722,0.59793234,1.95,3.5,4.5,A,4.5,True,350.0
2015-05-09,2014,H,A,0.34474877,0.1434382,0.511813,1.91,3.7,4.33,A,4.33,False,-100.0
2015-05-09,2014,A,A,0.16305722,0.12546943,0.71147335,4.5,3.6,1.91,A,1.91,True,90.99999999999999
2015-05-09,2014,A,A,0.39805844,0.093881615,0.5080599,1.8,3.75,5.0,A,5.0,True,400.0
2015-05-09,2014,D,H,0.5181036,0.154857,0.32703942,2.55,3.3,3.0,H,2.55,False,-100.0
2015-05-09,2014,H,D,0.21186626,0.49961156,0.28852224,2.9,3.4,2.6,D,3.4,False,-100.0
2015-05-09,2014,H,H,0.44567376,0.27673677,0.27758947,2.6,3.4,2.9,H,2.6,True,160.0
2015-05-10,2014,D,H,0.66012,0.16111128,0.17876871,2.1,3.5,3.8,H,2.1,False,-100.0
2015-05-10,2014,H,H,0.49298176,0.055681285,0.45133692,1.22,7.5,13.0,H,1.22,True,21.999999999999996
2015-05-11,2014,A,H,0.8794309,0.11071003,0.009859124,1.3,6.0,11.0,H,1.3,False,-100.0
2015-05-16,2014,D,D,0.11561719,0.50248593,0.38189688,2.8,3.3,2.75,D,3.3,True,229.99999999999997
2015-05-16,2014,A,H,0.4511586,0.1157913,0.4330501,2.9,3.4,2.6,H,2.9,False,-100.0
2015-05-16,2014,H,H,0.39204884,0.22203057,0.38592064,1.75,3.8,5.25,H,1.75,True,75.0
2015-05-16,2014,H,D,0.3048582,0.39490044,0.30024135,1.8,3.8,4.75,D,3.8,False,-100.0
2015-05-16,2014,A,H,0.8860175,0.02885283,0.08512973,1.45,4.75,8.0,H,1.45,False,-100.0
2015-05-16,2014,D,H,0.7040728,0.17112876,0.124798514,2.7,3.3,2.88,H,2.7,False,-100.0
2015-05-16,2014,H,D,0.058632523,0.54702127,0.3943462,3.1,3.5,2.4,D,3.5,False,-100.0
2015-05-17,2014,A,A,0.035817042,0.2936239,0.67055905,4.75,4.2,1.75,A,1.75,True,75.0
2015-05-17,2014,D,H,0.5502133,0.26220152,0.18758519,2.45,3.5,3.0,H,2.45,False,-100.0
2015-05-18,2014,H,A,0.0878036,0.1478071,0.76438934,4.1,3.5,2.0,A,2.0,False,-100.0
2015-05-20,2014,D,H,0.6960118,0.28657496,0.017413283,1.3,6.0,11.0,H,1.3,False,-100.0
2015-05-24,2014,H,H,0.93973136,0.048310637,0.011957972,1.4,5.25,8.5,H,1.4,True,39.99999999999999
2015-05-24,2014,A,A,0.3551441,0.09995773,0.54489815,2.1,3.6,3.75,A,3.75,True,275.0
2015-05-24,2014,H,H,0.9057156,0.039404295,0.054880124,1.36,5.25,9.5,H,1.36,True,36.00000000000001
2015-05-24,2014,H,H,0.50123525,0.31013283,0.1886319,2.25,3.6,3.3,H,2.25,True,125.0
2015-05-24,2014,A,H,0.5514918,0.34608826,0.102419935,2.4,3.6,3.0,H,2.4,False,-100.0
2015-05-24,2014,D,A,0.1951479,0.15609235,0.6487598,3.2,3.75,2.25,A,2.25,False,-100.0
2015-05-24,2014,H,H,0.8263171,0.06007067,0.113612235,1.6,4.33,6.0,H,1.6,True,60.00000000000001
2015-05-24,2014,H,H,0.9547466,0.016552005,0.028701358,1.57,4.5,6.0,H,1.57,True,57.00000000000001
2015-05-24,2014,H,D,0.36141002,0.59790844,0.040681556,1.83,4.0,4.33,D,4.0,False,-100.0
2015-05-24,2014,H,A,0.06257467,0.0897884,0.8476369,3.5,3.6,2.15,A,2.15,False,-100.0
2015-08-08,2015,H,H,0.5497487,0.24790683,0.20234443,1.95,3.5,4.33,H,1.95,True,95.0
2015-08-08,2015,H,H,0.53068954,0.3895557,0.07975477,1.65,4.0,6.0,H,1.65,True,64.99999999999999
2015-08-08,2015,D,H,0.8254377,0.093878046,0.0806843,1.7,3.9,5.5,H,1.7,False,-100.0
2015-08-08,2015,A,H,0.51725966,0.28735968,0.19538067,2.55,3.3,3.0,H,2.55,False,-100.0
2015-08-08,2015,D,H,0.8325194,0.09931135,0.06816925,1.36,5.0,11.0,H,1.36,False,-100.0
2015-08-09,2015,A,H,0.9495884,0.033428445,0.016983172,1.29,6.0,12.0,H,1.29,False,-100.0
2015-08-09,2015,D,D,0.29038158,0.36588794,0.34373048,2.88,3.3,2.7,D,3.3,True,229.99999999999997
2015-08-09,2015,A,A,0.12739567,0.15457822,0.7180261,3.4,3.4,2.3,A,2.3,True,129.99999999999997
2015-08-10,2015,A,A,0.17807561,0.31988588,0.50203854,5.75,4.0,1.67,A,1.67,True,67.0
2015-08-14,2015,A,H,0.5892166,0.2648892,0.14589417,5.5,3.8,1.73,H,5.5,False,-100.0
2015-08-15,2015,H,H,0.67827505,0.16455574,0.15716924,1.95,3.6,4.33,H,1.95,True,95.0
2015-08-15,2015,A,H,0.6505797,0.17258266,0.17683767,1.95,3.6,4.33,H,1.95,False,-100.0
2015-08-15,2015,A,H,0.5514214,0.13746667,0.3111119,2.5,3.3,3.1,H,2.5,False,-100.0
2015-08-15,2015,D,H,0.46988037,0.26650673,0.26361293,1.8,3.75,5.0,H,1.8,False,-100.0
2015-08-15,2015,D,H,0.47095627,0.27382144,0.2552223,2.3,3.4,3.4,H,2.3,False,-100.0
2015-08-15,2015,A,H,0.713574,0.20325065,0.08317538,2.25,3.5,3.4,H,2.25,False,-100.0
2015-08-16,2015,A,A,0.14997062,0.13342974,0.71659964,5.25,3.9,1.73,A,1.73,True,73.0
2015-08-16,2015,H,H,0.9501276,0.023271125,0.026601244,2.1,3.5,3.75,H,2.1,True,110.00000000000001
2015-08-17,2015,H,D,0.28008887,0.6123754,0.107535735,1.45,4.75,8.0,D,4.75,False,-100.0
2015-08-22,2015,D,A,0.3551441,0.17895065,0.46590528,4.0,3.4,2.1,A,2.1,False,-100.0
2015-08-22,2015,A,H,0.5063714,0.3234874,0.1701412,2.38,3.4,3.2,H,2.38,False,-100.0
2015-08-22,2015,D,H,0.41316214,0.25581983,0.33101806,2.3,3.3,3.5,H,2.3,False,-100.0
2015-08-22,2015,D,H,0.4450781,0.23066138,0.32426047,2.63,3.6,2.75,H,2.63,False,-100.0
2015-08-22,2015,D,H,0.76312643,0.0460477,0.19082582,1.36,5.25,10.0,H,1.36,False,-100.0
2015-08-22,2015,H,H,0.52772343,0.2902726,0.18200397,1.85,3.6,4.75,H,1.85,True,85.00000000000001
2015-08-23,2015,D,A,0.19549572,0.3950438,0.40946046,2.8,3.3,2.75,A,2.75,False,-100.0
2015-08-23,2015,A,A,0.38188145,0.13960308,0.47851548,5.0,4.0,1.73,A,1.73,True,73.0
2015-08-23,2015,A,A,0.14017956,0.038616296,0.8212042,6.5,4.0,1.62,A,1.62,True,62.000000000000014
2015-08-24,2015,D,H,0.9112207,0.04080607,0.047973193,1.75,4.0,5.0,H,1.75,False,-100.0
2015-08-29,2015,A,A,0.09901795,0.029830799,0.87115127,6.0,4.2,1.62,A,1.62,True,62.000000000000014
2015-08-29,2015,H,H,0.6687961,0.28198218,0.049221702,1.2,8.0,15.0,H,1.2,True,19.999999999999996
2015-08-29,2015,D,H,0.65720993,0.1270783,0.21571177,1.91,3.5,4.75,H,1.91,False,-100.0
2015-08-29,2015,A,H,0.722151,0.117907554,0.15994145,1.36,5.5,9.0,H,1.36,False,-100.0
2015-08-29,2015,D,A,0.31552416,0.2554627,0.4290131,2.0,3.5,4.2,A,4.2,False,-100.0
2015-08-29,2015,A,H,0.7360487,0.03341379,0.23053753,1.36,5.0,11.0,H,1.36,False,-100.0
2015-08-29,2015,A,D,0.2828299,0.59542125,0.12174879,1.95,3.4,4.5,D,3.4,False,-100.0
2015-08-29,2015,D,D,0.1888259,0.5016749,0.30949917,2.2,3.6,3.4,D,3.6,True,260.0
2015-08-30,2015,H,H,0.49573526,0.31394923,0.19031556,2.05,3.5,4.0,H,2.05,True,104.99999999999999
2015-08-30,2015,H,H,0.61503327,0.15749396,0.22747278,3.6,3.3,2.25,H,3.6,True,260.0
2015-09-12,2015,H,H,0.65230954,0.18182918,0.16586132,2.4,3.4,3.2,H,2.4,True,140.0
2015-09-12,2015,H,A,0.34461477,0.19720136,0.45818385,2.75,3.4,2.75,A,2.75,False,-100.0
2015-09-12,2015,D,A,0.24140908,0.16640517,0.59218574,3.2,3.2,2.5,A,2.5,False,-100.0
2015-09-12,2015,H,H,0.65411156,0.10575851,0.24012992,2.0,3.4,4.33,H,2.0,True,100.0
2015-09-12,2015,A,A,0.356771,0.17949556,0.4637334,5.5,4.2,1.67,A,1.67,True,67.0
2015-09-12,2015,H,H,0.984037,0.011082696,0.0048803706,1.29,6.0,12.0,H,1.29,True,29.000000000000004
2015-09-12,2015,H,A,0.2944054,0.14684047,0.55875415,4.0,3.6,2.0,A,2.0,False,-100.0
2015-09-13,2015,H,D,0.39848432,0.40995377,0.1915619,1.91,3.75,4.33,D,3.75,False,-100.0
2015-09-13,2015,A,H,0.35346285,0.315014,0.33152312,4.33,3.6,1.95,H,4.33,False,-100.0
2015-09-14,2015,H,H,0.43934807,0.13146177,0.42919013,2.25,3.5,3.4,H,2.25,True,125.0
2015-09-19,2015,A,H,0.91228485,0.08238402,0.0053310725,1.29,6.5,11.0,H,1.29,False,-100.0
2015-09-19,2015,H,H,0.7540925,0.09849628,0.14741118,1.7,4.0,5.5,H,1.7,True,70.0
2015-09-19,2015,H,A,0.25403494,0.0980412,0.6479239,2.45,3.5,3.0,A,3.0,False,-100.0
2015-09-19,2015,A,D,0.36742833,0.40646812,0.22610356,2.3,3.25,3.5,D,3.25,False,-100.0
2015-09-19,2015,D,A,0.2761415,0.17717704,0.54668146,2.5,3.4,3.0,A,3.0,False,-100.0
2015-09-19,2015,D,D,0.38721505,0.4835568,0.12922822,2.3,3.4,3.4,D,3.4,True,240.0
2015-09-19,2015,A,D,0.1338553,0.5994724,0.26667228,2.5,3.3,3.1,D,3.3,False,-100.0
2015-09-20,2015,D,H,0.44561827,0.18966259,0.36471918,1.67,4.0,5.75,H,1.67,False,-100.0
2015-09-20,2015,A,D,0.30184257,0.4543199,0.24383755,3.1,3.3,2.5,D,3.3,False,-100.0
2015-09-20,2015,H,H,0.6078447,0.20264904,0.18950623,2.0,3.6,4.0,H,2.0,True,100.0
2015-09-26,2015,A,A,0.041117907,0.29137102,0.66751105,4.5,4.0,1.8,A,1.8,True,80.0
2015-09-26,2015,H,H,0.5155581,0.43634617,0.04809567,1.53,4.33,7.0,H,1.53,True,53.0
2015-09-26,2015,D,A,0.03684388,0.0049343565,0.9582218,6.0,4.2,1.62,A,1.62,False,-100.0
2015-09-26,2015,H,H,0.9584277,0.034119595,0.007452691,1.2,7.5,16.0,H,1.2,True,19.999999999999996
2015-09-26,2015,H,H,0.6814752,0.17165802,0.14686674,2.05,3.4,4.2,H,2.05,True,104.99999999999999
2015-09-26,2015,H,D,0.21737672,0.63224524,0.15037806,2.55,3.3,3.0,D,3.3,False,-100.0
2015-09-26,2015,D,H,0.6417368,0.20142838,0.15683484,2.25,3.5,3.4,H,2.25,False,-100.0
2015-09-26,2015,H,H,0.8229929,0.038223665,0.13878345,4.2,3.8,1.91,H,4.2,True,320.0
2015-09-27,2015,A,A,0.30710974,0.30930412,0.3835862,2.5,3.3,3.1,A,3.1,True,210.0
2015-09-28,2015,A,H,0.38123584,0.26115316,0.357611,3.1,3.3,2.5,H,3.1,False,-100.0
2015-10-03,2015,D,A,0.36056292,0.05443735,0.5849997,3.2,3.4,2.4,A,2.4,False,-100.0
2015-10-03,2015,A,H,0.49447355,0.23112048,0.27440593,2.3,3.5,3.3,H,2.3,False,-100.0
2015-10-03,2015,H,A,0.29641587,0.27124792,0.43233624,1.83,3.6,5.0,A,5.0,False,-100.0
2015-10-03,2015,H,H,0.96775067,0.026344437,0.005904947,1.25,7.0,13.0,H,1.25,True,25.0
2015-10-03,2015,D,H,0.41099915,0.2851821,0.3038188,2.1,3.5,3.8,H,2.1,False,-100.0
2015-10-03,2015,A,H,0.5621192,0.21406126,0.22381952,2.5,3.3,3.1,H,2.5,False,-100.0
2015-10-03,2015,A,H,0.9121791,0.032580893,0.055239957,1.83,3.7,4.8,H,1.83,False,-100.0
2015-10-04,2015,D,D,0.13562723,0.64350647,0.2208663,2.75,3.25,2.8,D,3.25,True,225.0
2015-10-04,2015,D,D,0.17502646,0.42440516,0.4005684,2.7,3.4,2.8,D,3.4,True,240.0
2015-10-04,2015,H,H,0.89821905,0.03138154,0.07039936,2.0,3.8,3.8,H,2.0,True,100.0
2015-10-17,2015,D,H,0.5606774,0.3119523,0.12737025,2.5,3.5,3.0,H,2.5,False,-100.0
2015-10-17,2015,H,A,0.32254604,0.105207786,0.5722462,2.05,3.4,4.2,A,4.2,False,-100.0
2015-10-17,2015,A,A,0.10068738,0.10153368,0.79777896,6.0,4.2,1.62,A,1.62,True,62.000000000000014
2015-10-17,2015,D,H,0.7431068,0.12177903,0.1351142,1.75,4.0,5.0,H,1.75,False,-100.0
2015-10-17,2015,H,H,0.95506966,0.012466652,0.032463696,1.33,5.75,10.0,H,1.33,True,33.00000000000001
2015-10-17,2015,A,A,0.065104306,0.24298221,0.69191355,3.25,3.4,2.38,A,2.38,True,138.0
2015-10-17,2015,A,H,0.5336767,0.2495159,0.21680743,2.0,3.6,4.0,H,2.0,False,-100.0
2015-10-17,2015,H,H,0.7988564,0.06339261,0.13775097,1.33,5.75,10.0,H,1.33,True,33.00000000000001
2015-10-18,2015,H,H,0.42705148,0.36322978,0.2097188,2.6,3.4,2.88,H,2.6,True,160.0
2015-10-19,2015,A,H,0.58367896,0.17951998,0.23680104,2.05,3.4,4.2,H,2.05,False,-100.0
2015-10-24,2015,A,D,0.06789171,0.55062795,0.38148034,3.0,3.3,2.6,D,3.3,False,-100.0
2015-10-24,2015,H,H,0.94614357,0.023402067,0.030454429,1.44,4.75,8.0,H,1.44,True,43.99999999999999
2015-10-24,2015,H,D,0.4661922,0.48593116,0.047876716,2.2,3.6,3.4,D,3.6,False,-100.0
2015-10-24,2015,A,D,0.39197958,0.50473046,0.10328997,2.0,3.5,4.2,D,3.5,False,-100.0
2015-10-24,2015,A,H,0.462042,0.20350161,0.3344564,2.1,3.3,4.0,H,2.1,False,-100.0
2015-10-24,2015,H,A,0.094890185,0.01801354,0.8870963,4.0,3.8,1.95,A,1.95,False,-100.0
2015-10-25,2015,A,A,0.22573996,0.2995945,0.47466552,3.4,3.5,2.25,A,2.25,True,125.0
2015-10-25,2015,D,H,0.7497348,0.16347206,0.08679311,2.05,3.6,3.8,H,2.05,False,-100.0
2015-10-25,2015,D,D,0.36973444,0.43517643,0.19508916,2.6,3.5,2.8,D,3.5,True,250.0
2015-10-25,2015,H,A,0.46582797,0.05029129,0.48388076,2.6,3.4,2.9,A,2.9,False,-100.0
2015-10-31,2015,H,A,0.36794284,0.20006794,0.43198928,2.6,3.4,2.9,A,2.9,False,-100.0
2015-10-31,2015,A,D,0.20205575,0.47231463,0.32562965,2.9,3.4,2.6,D,3.4,False,-100.0
2015-10-31,2015,A,A,0.0482183,0.35855123,0.5932304,5.0,4.0,1.75,A,1.75,True,75.0
2015-10-31,2015,A,H,0.5440806,0.24299476,0.21292463,2.1,3.5,3.75,H,2.1,False,-100.0
2015-10-31,2015,H,H,0.7681451,0.22080548,0.0110494895,1.29,6.0,12.0,H,1.29,True,29.000000000000004
2015-10-31,2015,D,A,0.18261245,0.40002593,0.41736162,3.8,3.5,2.1,A,2.1,False,-100.0
2015-10-31,2015,D,A,0.3033247,0.33050776,0.36616758,2.4,3.4,3.2,A,3.2,False,-100.0
2015-11-01,2015,H,H,0.38435915,0.32774758,0.2878933,1.55,4.33,6.5,H,1.55,True,55.00000000000001
2015-11-01,2015,H,H,0.67365843,0.24830244,0.07803908,1.5,4.5,7.5,H,1.5,True,50.0
2015-11-02,2015,H,H,0.9504492,0.015213438,0.034337364,1.44,4.75,8.0,H,1.44,True,43.99999999999999
2015-11-07,2015,D,H,0.47893524,0.23757254,0.28349218,2.6,3.5,2.8,H,2.6,False,-100.0
2015-11-07,2015,A,D,0.07613437,0.5380805,0.3857851,4.75,3.8,1.8,D,3.8,False,-100.0
2015-11-07,2015,H,A,0.17961845,0.09603145,0.7243501,3.8,3.6,2.05,A,2.05,False,-100.0
2015-11-07,2015,H,H,0.7480341,0.21352233,0.038443558,2.45,3.4,3.1,H,2.45,True,145.00000000000003
2015-11-07,2015,H,H,0.825415,0.15369557,0.020889437,1.33,5.25,12.0,H,1.33,True,33.00000000000001
2015-11-07,2015,H,H,0.754598,0.07969066,0.16571136,1.85,3.8,4.5,H,1.85,True,85.00000000000001
2015-11-07,2015,A,H,0.38289842,0.35154632,0.2655553,2.25,3.5,3.4,H,2.25,False,-100.0
2015-11-08,2015,D,H,0.81801087,0.11369484,0.06829436,1.73,4.0,5.0,H,1.73,False,-100.0
2015-11-08,2015,D,H,0.4725145,0.06104991,0.46643555,7.5,5.0,1.44,H,7.5,False,-100.0
2015-11-08,2015,A,H,0.77430284,0.107680455,0.118016675,1.67,3.8,6.0,H,1.67,False,-100.0
2015-11-21,2015,A,A,0.2432508,0.25521818,0.501531,2.88,3.6,2.5,A,2.5,True,150.0
2015-11-21,2015,H,H,0.78498924,0.086817205,0.12819353,1.4,5.0,9.0,H,1.4,True,39.99999999999999
2015-11-21,2015,A,H,0.6627336,0.14149237,0.19577397,1.7,4.0,5.5,H,1.7,False,-100.0
2015-11-21,2015,H,H,0.7565013,0.17826366,0.06523498,1.57,4.2,6.5,H,1.57,True,57.00000000000001
2015-11-21,2015,D,A,0.22217524,0.19540118,0.58242357,1.91,3.6,4.5,A,4.5,False,-100.0
2015-11-21,2015,H,A,0.01617668,0.038562454,0.9452609,7.0,4.33,1.53,A,1.53,False,-100.0
2015-11-21,2015,A,D,0.3101586,0.4522976,0.23754385,4.33,3.4,2.0,D,3.4,False,-100.0
2015-11-21,2015,A,H,0.8362374,0.100228444,0.063534245,1.57,4.0,7.0,H,1.57,False,-100.0
2015-11-22,2015,H,H,0.58157176,0.37056726,0.047860987,1.57,4.2,6.5,H,1.57,True,57.00000000000001
2015-11-23,2015,A,H,0.78856456,0.18117565,0.03025978,1.57,4.0,7.0,H,1.57,False,-100.0
2015-11-28,2015,H,D,0.11078632,0.46849343,0.42072028,3.2,3.3,2.45,D,3.3,False,-100.0
2015-11-28,2015,A,D,0.24822839,0.50279886,0.24897274,2.75,3.3,2.8,D,3.3,False,-100.0
2015-11-28,2015,D,A,0.27541965,0.08529161,0.6392887,2.9,3.6,2.5,A,2.5,False,-100.0
2015-11-28,2015,H,H,0.7926406,0.1318959,0.0754634,1.7,3.9,5.5,H,1.7,True,70.0
2015-11-28,2015,D,A,0.24839495,0.23833865,0.5132664,3.1,3.5,2.4,A,2.4,False,-100.0
2015-11-28,2015,H,H,0.4752828,0.19544853,0.32926866,1.6,4.33,6.0,H,1.6,True,60.00000000000001
2015-11-29,2015,H,H,0.8831882,0.04357102,0.0732408,1.44,4.75,8.0,H,1.44,True,43.99999999999999
2015-11-29,2015,D,A,0.14082141,0.13525061,0.723928,6.0,4.2,1.62,A,1.62,False,-100.0
2015-11-29,2015,D,D,0.44111973,0.44527596,0.11360435,2.05,3.5,4.0,D,3.5,True,250.0
2015-11-29,2015,D,H,0.5898166,0.08187352,0.32830992,2.6,3.4,2.9,H,2.6,False,-100.0
2015-12-05,2015,D,A,0.10536595,0.09441899,0.80021507,4.75,3.6,1.85,A,1.85,False,-100.0
2015-12-05,2015,H,D,0.43008327,0.4465764,0.12334035,2.15,3.5,3.6,D,3.5,False,-100.0
2015-12-05,2015,A,D,0.13508308,0.5014631,0.3634538,2.7,3.4,2.75,D,3.4,False,-100.0
2015-12-05,2015,H,A,0.027469436,0.09760588,0.87492466,5.25,4.0,1.7,A,1.7,False,-100.0
2015-12-05,2015,A,D,0.3100985,0.36407343,0.32582805,1.36,5.25,9.5,D,5.25,False,-100.0
2015-12-05,2015,D,H,0.83518034,0.05642749,0.108392134,1.44,4.5,9.0,H,1.44,False,-100.0
2015-12-05,2015,H,H,0.92471147,0.02422402,0.051064458,1.29,6.0,13.0,H,1.29,True,29.000000000000004
2015-12-05,2015,D,H,0.7717522,0.115099765,0.113148086,1.5,4.5,7.5,H,1.5,False,-100.0
2015-12-06,2015,H,A,0.08235304,0.08636529,0.83128166,5.75,4.33,1.62,A,1.62,False,-100.0
2015-12-07,2015,D,H,0.390457,0.33244625,0.2770967,2.1,3.6,3.75,H,2.1,False,-100.0
2015-12-12,2015,A,A,0.23722675,0.26635528,0.49641797,2.9,3.3,2.63,A,2.63,True,163.0
2015-12-12,2015,D,H,0.56194305,0.095727324,0.34232962,2.9,3.5,2.55,H,2.9,False,-100.0
2015-12-12,2015,D,A,0.31271037,0.2568085,0.4304811,2.63,3.3,2.9,A,2.9,False,-100.0
2015-12-12,2015,H,H,0.37643307,0.32443845,0.29912847,2.6,3.3,3.0,H,2.6,True,160.0
2015-12-12,2015,H,A,0.21624905,0.15146735,0.6322836,3.4,3.4,2.3,A,2.3,False,-100.0
2015-12-12,2015,H,H,0.5145294,0.066679925,0.4187906,1.3,6.0,11.0,H,1.3,True,30.000000000000004
2015-12-13,2015,D,H,0.93809354,0.035749514,0.026156912,1.4,4.75,10.0,H,1.4,False,-100.0
2015-12-13,2015,A,H,0.70473766,0.106440425,0.1888219,1.36,5.5,9.0,H,1.36,False,-100.0
2015-12-13,2015,A,A,0.14922763,0.104202166,0.7465702,6.5,4.2,1.57,A,1.57,True,57.00000000000001
2015-12-14,2015,H,H,0.62190235,0.15393533,0.22416236,3.2,3.5,2.35,H,3.2,True,220.00000000000003
2015-12-19,2015,A,H,0.46587446,0.18459727,0.34952825,2.5,3.2,3.2,H,2.5,False,-100.0
2015-12-19,2015,A,D,0.34122115,0.5145371,0.14424175,2.7,3.4,2.8,D,3.4,False,-100.0
2015-12-19,2015,D,A,0.025168113,0.06022843,0.9146034,2.05,3.5,4.0,A,4.0,False,-100.0
2015-12-19,2015,A,D,0.16667143,0.42676014,0.4065685,2.55,3.3,3.0,D,3.3,False,-100.0
2015-12-19,2015,A,H,0.66793853,0.25821215,0.07384935,2.1,3.75,3.6,H,2.1,False,-100.0
2015-12-19,2015,H,H,0.93407446,0.041144334,0.024781195,1.33,5.25,12.0,H,1.33,True,33.00000000000001
2015-12-19,2015,A,H,0.9705117,0.018900206,0.010588141,1.45,4.5,8.5,H,1.45,False,-100.0
2015-12-20,2015,D,H,0.869022,0.059915118,0.071062826,2.1,3.4,3.9,H,2.1,False,-100.0
2015-12-20,2015,H,A,0.22806837,0.15382744,0.61810416,4.2,3.6,1.95,A,1.95,False,-100.0
2015-12-21,2015,H,A,0.26551843,0.27409074,0.4603908,2.45,3.5,3.0,A,3.0,False,-100.0
2015-12-26,2015,H,H,0.9078865,0.08498801,0.0071254773,1.2,7.0,13.0,H,1.2,True,19.999999999999996
2015-12-26,2015,D,H,0.8754107,0.08288082,0.0417085,1.44,4.5,7.5,H,1.44,False,-100.0
2015-12-26,2015,H,D,0.38821933,0.42967832,0.18210237,1.91,3.8,3.8,D,3.8,False,-100.0
2015-12-26,2015,D,A,0.24569891,0.21717912,0.53712195,2.63,3.25,2.75,A,2.75,False,-100.0
2015-12-26,2015,D,H,0.51474917,0.31028968,0.17496113,2.4,3.3,3.0,H,2.4,False,-100.0
2015-12-26,2015,H,A,0.34860557,0.053178836,0.5982156,3.25,3.2,2.3,A,2.3,False,-100.0
2015-12-26,2015,H,A,0.2756223,0.21625625,0.50812143,3.6,3.5,2.05,A,2.05,False,-100.0
2015-12-26,2015,A,A,0.07230329,0.10485301,0.82284373,3.2,3.5,2.2,A,2.2,True,120.00000000000001
2015-12-26,2015,H,H,0.6735803,0.2016482,0.12477148,1.91,3.4,4.5,H,1.91,True,90.99999999999999
2015-12-26,2015,H,H,0.74215615,0.23863187,0.019212017,1.4,4.75,8.0,H,1.4,True,39.99999999999999
2015-12-28,2015,H,D,0.34062767,0.46795312,0.19141929,2.2,3.25,3.75,D,3.25,False,-100.0
2015-12-28,2015,H,A,0.19423184,0.070315704,0.7354525,3.6,3.4,2.2,A,2.2,False,-100.0
2015-12-28,2015,H,D,0.2967621,0.37156087,0.33167705,2.05,3.6,3.8,D,3.6,False,-100.0
2015-12-28,2015,A,H,0.55108374,0.11650571,0.3324105,3.75,3.5,2.1,H,3.75,False,-100.0
2015-12-28,2015,D,H,0.4205245,0.21213706,0.3673384,2.1,3.4,4.0,H,2.1,False,-100.0
2015-12-28,2015,H,H,0.9114769,0.060853794,0.027669355,1.44,4.75,8.0,H,1.44,True,43.99999999999999
2015-12-28,2015,D,A,0.28748307,0.049343746,0.66317314,2.6,3.3,3.0,A,3.0,False,-100.0
2015-12-28,2015,A,H,0.7524649,0.11018367,0.13735142,1.95,3.6,4.2,H,1.95,False,-100.0
2015-12-29,2015,D,A,0.11606501,0.16920644,0.71472853,4.33,4.0,1.85,A,1.85,False,-100.0
2015-12-30,2015,A,A,0.11623264,0.30886027,0.57490706,5.5,3.9,1.7,A,1.7,True,70.0
2016-01-02,2015,H,A,0.050952505,0.15083106,0.7982164,4.0,3.5,2.05,A,2.05,False,-100.0
2016-01-02,2015,H,A,0.27591345,0.35364124,0.3704453,2.5,3.25,3.2,A,3.2,False,-100.0
2016-01-02,2015,H,H,0.6333822,0.11840616,0.24821159,2.8,3.2,2.8,H,2.8,True,179.99999999999997
2016-01-02,2015,A,A,0.06574193,0.3465678,0.5876903,5.0,4.0,1.75,A,1.75,True,75.0
2016-01-02,2015,H,D,0.23045067,0.4469831,0.32256624,3.2,3.4,2.4,D,3.4,False,-100.0
2016-01-02,2015,D,D,0.39402646,0.452939,0.15303452,1.91,3.75,4.33,D,3.75,True,275.0
2016-01-02,2015,H,H,0.9559029,0.039463628,0.0046335175,1.29,6.5,11.0,H,1.29,True,29.000000000000004
2016-01-02,2015,H,H,0.9094956,0.024157623,0.06634683,1.55,4.2,7.0,H,1.55,True,55.00000000000001
2016-01-03,2015,D,A,0.26673183,0.23466817,0.4986,2.8,3.5,2.63,A,2.63,False,-100.0
2016-01-03,2015,A,H,0.6266474,0.15148412,0.2218685,3.8,3.5,2.1,H,3.8,False,-100.0
2016-01-12,2015,H,A,0.1063263,0.23420677,0.6594669,3.2,3.25,2.45,A,2.45,False,-100.0
2016-01-12,2015,A,D,0.28782374,0.3573556,0.3548207,2.0,3.6,4.0,D,3.6,False,-100.0
2016-01-12,2015,D,A,0.17353904,0.1133364,0.7131245,5.0,3.7,1.8,A,1.8,False,-100.0
2016-01-13,2015,A,H,0.79142934,0.14948598,0.05908467,1.75,3.8,5.25,H,1.75,False,-100.0
2016-01-13,2015,A,H,0.63744026,0.25058997,0.1119698,1.8,3.6,5.25,H,1.8,False,-100.0
2016-01-13,2015,H,D,0.32165053,0.39272177,0.2856277,2.05,3.3,4.2,D,3.3,False,-100.0
2016-01-13,2015,D,H,0.70968044,0.079797335,0.21052223,1.44,4.5,9.0,H,1.44,False,-100.0
2016-01-13,2015,D,H,0.9284328,0.022598872,0.048968267,1.53,4.75,6.0,H,1.53,False,-100.0
2016-01-13,2015,D,A,0.22126749,0.21815194,0.56058055,2.88,3.4,2.6,A,2.6,False,-100.0
2016-01-13,2015,H,A,0.2917036,0.35149026,0.35680613,1.95,3.5,4.33,A,4.33,False,-100.0
2016-01-16,2015,H,H,0.39553398,0.3570126,0.24745342,1.91,3.6,4.5,H,1.91,True,90.99999999999999
2016-01-16,2015,D,H,0.5244851,0.16202216,0.3134927,1.83,3.75,4.75,H,1.83,False,-100.0
2016-01-16,2015,H,H,0.79148215,0.14406845,0.06444939,1.36,5.25,9.5,H,1.36,True,36.00000000000001
2016-01-16,2015,D,H,0.46607593,0.13178472,0.4021393,3.6,3.4,2.2,H,3.6,False,-100.0
2016-01-16,2015,H,A,0.30011067,0.13760747,0.5622819,2.5,3.4,3.0,A,3.0,False,-100.0
2016-01-16,2015,H,A,0.3600348,0.17819627,0.46176887,1.73,3.75,5.5,A,5.5,False,-100.0
2016-01-16,2015,H,H,0.8964919,0.0134000555,0.09010804,1.4,5.25,8.5,H,1.4,True,39.99999999999999
2016-01-17,2015,D,A,0.13946144,0.20210473,0.6584338,4.33,3.6,1.95,A,1.95,False,-100.0
2016-01-17,2015,A,H,0.7583959,0.06018616,0.18141796,2.3,3.25,3.5,H,2.3,False,-100.0
2016-01-18,2015,H,H,0.48040417,0.3777883,0.14180759,2.38,3.25,3.4,H,2.38,True,138.0
2016-01-23,2015,A,A,0.2521258,0.26405287,0.48382136,3.6,3.5,2.15,A,2.15,True,114.99999999999999
2016-01-23,2015,H,H,0.5800688,0.21692967,0.20300147,2.1,3.5,3.8,H,2.1,True,110.00000000000001
2016-01-23,2015,A,A,0.2818272,0.13221468,0.58595806,1.91,3.5,4.75,A,4.75,True,375.0
2016-01-23,2015,A,A,0.11968576,0.012071634,0.8682427,4.33,3.5,1.95,A,1.95,True,95.0
2016-01-23,2015,D,D,0.18333995,0.5227543,0.2939057,3.0,3.4,2.5,D,3.4,True,240.0
2016-01-23,2015,H,A,0.2748239,0.087443784,0.63773227,2.05,3.5,4.0,A,4.0,False,-100.0
2016-01-23,2015,D,A,0.2452342,0.10942447,0.64534134,2.1,3.3,4.0,A,4.0,False,-100.0
2016-01-23,2015,D,A,0.08746653,0.17561533,0.73691815,5.0,4.0,1.73,A,1.73,False,-100.0
2016-01-24,2015,A,H,0.44661435,0.16667116,0.38671452,1.73,3.8,5.5,H,1.73,False,-100.0
2016-01-24,2015,A,A,0.32664,0.18738063,0.4859794,2.1,3.5,3.9,A,3.9,True,290.0
2016-02-02,2015,H,H,0.5178849,0.18195416,0.30016094,1.91,3.5,4.75,H,1.91,True,90.99999999999999
2016-02-02,2015,D,H,0.720245,0.21021001,0.069544986,2.63,3.1,3.1,H,2.63,False,-100.0
2016-02-02,2015,A,A,0.2603034,0.1214019,0.61829466,4.5,3.75,1.85,A,1.85,True,85.00000000000001
2016-02-02,2015,A,A,0.03414817,0.18987599,0.7759759,8.0,4.75,1.45,A,1.45,True,44.99999999999999
2016-02-02,2015,H,A,0.05911914,0.2710144,0.66986644,2.63,3.4,2.88,A,2.88,False,-100.0
2016-02-02,2015,A,H,0.62586844,0.2540869,0.12004466,2.45,3.3,3.2,H,2.45,False,-100.0
2016-02-02,2015,D,H,0.62306017,0.20859112,0.1683487,1.75,3.75,5.25,H,1.75,False,-100.0
2016-02-02,2015,H,H,0.5745541,0.289699,0.13574693,1.7,3.75,5.75,H,1.7,True,70.0
2016-02-03,2015,H,H,0.8671171,0.07653938,0.05634355,1.65,4.2,5.5,H,1.65,True,64.99999999999999
2016-02-03,2015,D,H,0.47054526,0.23970173,0.28975305,4.33,3.5,1.95,H,4.33,False,-100.0
2016-02-06,2015,H,H,0.6041862,0.29933074,0.0964831,2.15,3.4,3.8,H,2.15,True,114.99999999999999
2016-02-06,2015,H,H,0.60200435,0.10518991,0.29280573,2.45,3.2,3.3,H,2.45,True,145.00000000000003
2016-02-06,2015,D,H,0.9438079,0.03803397,0.01815813,1.44,4.75,8.5,H,1.44,False,-100.0
2016-02-06,2015,A,H,0.5052221,0.14324611,0.3515318,1.62,4.2,6.0,H,1.62,False,-100.0
2016-02-06,2015,H,H,0.6095211,0.2734845,0.11699445,1.73,3.8,5.5,H,1.73,True,73.0
2016-02-06,2015,A,H,0.38766944,0.27096736,0.3413632,2.7,3.4,2.8,H,2.7,False,-100.0
2016-02-06,2015,D,H,0.59884596,0.10806713,0.29308692,2.25,3.3,3.6,H,2.25,False,-100.0
2016-02-06,2015,H,H,0.86958283,0.11164626,0.018770918,1.5,4.33,8.0,H,1.5,True,50.0
2016-02-07,2015,A,A,0.34100989,0.2351108,0.4238793,3.8,3.5,2.1,A,2.1,True,110.00000000000001
2016-02-07,2015,D,H,0.636795,0.18596615,0.17723885,2.15,3.3,3.9,H,2.15,False,-100.0
2016-02-13,2015,D,H,0.49183685,0.26989442,0.23826875,2.38,3.4,3.25,H,2.38,False,-100.0
2016-02-13,2015,H,A,0.18993182,0.38418224,0.42588598,5.25,3.75,1.75,A,1.75,False,-100.0
2016-02-13,2015,A,H,0.6993338,0.20310971,0.09755652,1.53,4.2,7.5,H,1.53,False,-100.0
2016-02-13,2015,A,D,0.24328828,0.5519462,0.20476551,3.2,3.25,2.5,D,3.25,False,-100.0
2016-02-13,2015,H,H,0.7172805,0.08833958,0.19437993,1.44,4.75,8.0,H,1.44,True,43.99999999999999
2016-02-13,2015,A,A,0.26876846,0.35837346,0.37285808,2.25,3.3,3.6,A,3.6,True,260.0
2016-02-13,2015,A,H,0.5255146,0.31848663,0.1559988,2.05,3.4,4.1,H,2.05,False,-100.0
2016-02-14,2015,A,A,0.02556585,0.039002195,0.935432,4.75,3.6,1.85,A,1.85,True,85.00000000000001
2016-02-14,2015,A,H,0.8731236,0.03645793,0.090418495,2.1,3.75,3.6,H,2.1,False,-100.0
2016-02-14,2015,H,H,0.80949134,0.12173734,0.06877138,1.75,4.0,5.0,H,1.75,True,75.0
2016-02-27,2015,H,H,0.5626549,0.22724052,0.21010457,1.8,3.5,4.5,H,1.8,True,80.0
2016-02-27,2015,D,H,0.6323471,0.17762655,0.19002633,2.38,3.25,3.0,H,2.38,False,-100.0
2016-02-27,2015,H,D,0.06368852,0.6374113,0.29890016,2.6,3.1,2.8,D,3.1,False,-100.0
2016-02-27,2015,A,H,0.61811596,0.22868976,0.15319431,2.8,3.25,2.5,H,2.8,False,-100.0
2016-02-27,2015,H,H,0.6338453,0.24295707,0.12319761,1.5,4.33,6.0,H,1.5,True,50.0
2016-02-27,2015,H,H,0.5314844,0.21691497,0.25160062,1.62,3.75,5.5,H,1.62,True,62.000000000000014
2016-02-28,2015,H,H,0.9338059,0.058794394,0.007399746,1.4,4.2,9.0,H,1.4,True,39.99999999999999
2016-02-28,2015,H,A,0.18794289,0.25887558,0.5531815,3.0,3.25,2.38,A,2.38,False,-100.0
2016-03-01,2015,A,A,0.03007719,0.023453198,0.94646955,4.5,3.6,1.91,A,1.91,True,90.99999999999999
2016-03-01,2015,H,D,0.29283792,0.54785085,0.15931126,2.9,3.25,2.7,D,3.25,False,-100.0
2016-03-01,2015,D,H,0.62715805,0.106287025,0.26655492,1.73,3.8,5.5,H,1.73,False,-100.0
2016-03-01,2015,A,A,0.037871204,0.14550926,0.8166195,5.25,4.0,1.7,A,1.7,True,70.0
2016-03-01,2015,D,H,0.5463514,0.22733293,0.2263157,2.5,3.3,3.1,H,2.5,False,-100.0
2016-03-02,2015,H,H,0.5822518,0.18568303,0.2320652,2.63,3.4,2.88,H,2.63,True,163.0
2016-03-02,2015,A,H,0.84579444,0.10051407,0.053691432,1.36,5.25,10.0,H,1.36,False,-100.0
2016-03-02,2015,H,H,0.87548864,0.07432484,0.05018653,2.0,3.5,4.2,H,2.0,True,100.0
2016-03-02,2015,H,A,0.2877345,0.19109666,0.5211688,4.0,3.6,2.0,A,2.0,False,-100.0
2016-03-02,2015,H,H,0.53574765,0.069183975,0.39506835,1.67,3.8,6.0,H,1.67,True,67.0
2016-03-05,2015,D,H,0.7181588,0.23780935,0.044031873,2.38,3.4,3.25,H,2.38,False,-100.0
2016-03-05,2015,H,D,0.2969667,0.59009403,0.112939246,2.05,3.5,4.0,D,3.5,False,-100.0
2016-03-05,2015,D,H,0.87620556,0.02995142,0.09384302,1.6,4.0,6.5,H,1.6,False,-100.0
2016-03-05,2015,A,A,0.116201244,0.34363842,0.5401603,3.0,3.4,2.55,A,2.55,True,154.99999999999997
2016-03-05,2015,H,H,0.7436346,0.24278408,0.013581277,1.22,7.0,15.0,H,1.22,True,21.999999999999996
2016-03-05,2015,A,H,0.86204374,0.081691764,0.056264523,1.73,4.0,5.0,H,1.73,False,-100.0
2016-03-05,2015,D,H,0.86809576,0.034300715,0.09760355,1.5,4.5,7.5,H,1.5,False,-100.0
2016-03-05,2015,A,D,0.28762117,0.35750774,0.35487106,2.63,3.4,2.88,D,3.4,False,-100.0
2016-03-06,2015,A,A,0.11395274,0.07998344,0.80606383,3.8,3.5,2.1,A,2.1,True,110.00000000000001
2016-03-06,2015,H,A,0.26091146,0.23918329,0.49990532,4.33,3.4,2.0,A,2.0,False,-100.0
2016-03-12,2015,H,H,0.51631284,0.2186067,0.2650805,1.95,3.5,4.33,H,1.95,True,95.0
2016-03-12,2015,D,A,0.2310233,0.029631168,0.7393455,6.0,4.2,1.6,A,1.6,False,-100.0
2016-03-12,2015,A,A,0.2338071,0.3196369,0.446556,2.7,3.2,2.9,A,2.9,True,190.0
2016-03-13,2015,A,H,0.73760223,0.044138156,0.21825962,7.5,4.5,1.5,H,7.5,False,-100.0
2016-03-14,2015,H,H,0.69217795,0.16394046,0.14388159,1.57,4.33,6.25,H,1.57,True,57.00000000000001
2016-03-19,2015,A,A,0.19262934,0.21313938,0.59423125,2.25,3.3,3.6,A,3.6,True,260.0
2016-03-19,2015,A,D,0.10618181,0.74724644,0.14657179,2.4,3.25,3.3,D,3.25,False,-100.0
2016-03-19,2015,H,D,0.34454855,0.35480854,0.30064288,1.67,3.8,6.0,D,3.8,False,-100.0
2016-03-19,2015,A,H,0.48498714,0.33151442,0.18349844,2.7,3.5,2.7,H,2.7,False,-100.0
2016-03-19,2015,A,A,0.17528564,0.3701468,0.45456755,3.0,3.4,2.5,A,2.5,True,150.0
2016-03-19,2015,D,H,0.8027002,0.073784664,0.12351511,1.75,3.8,5.25,H,1.75,False,-100.0
2016-03-20,2015,A,H,0.77527255,0.12566623,0.09906125,1.83,3.75,4.75,H,1.83,False,-100.0
2016-03-20,2015,D,H,0.78263295,0.114065796,0.10330126,2.1,3.5,3.8,H,2.1,False,-100.0
2016-03-20,2015,H,D,0.31348905,0.40294886,0.2835621,2.63,3.4,2.88,D,3.4,False,-100.0
2016-03-20,2015,H,H,0.66063225,0.10071481,0.2386529,1.53,4.33,7.0,H,1.53,True,53.0
2016-04-02,2015,D,H,0.50502735,0.17759702,0.31737563,2.5,3.4,3.0,H,2.5,False,-100.0
2016-04-02,2015,H,H,0.803425,0.093032,0.103543006,1.36,5.25,10.0,H,1.36,True,36.00000000000001
2016-04-02,2015,A,H,0.6806256,0.16681574,0.15255864,3.75,3.6,2.1,H,3.75,False,-100.0
2016-04-02,2015,A,A,0.034016408,0.022257667,0.94372594,6.5,4.33,1.57,A,1.57,True,57.00000000000001
2016-04-02,2015,D,D,0.22828555,0.44322562,0.32848883,2.2,3.4,3.6,D,3.4,True,240.0
2016-04-02,2015,D,D,0.3112279,0.55377156,0.13500054,2.1,3.3,4.0,D,3.3,True,229.99999999999997
2016-04-02,2015,D,H,0.5370776,0.37653476,0.08638759,1.95,3.6,4.2,H,1.95,False,-100.0
2016-04-02,2015,H,A,0.2089679,0.13251603,0.6585161,2.2,3.4,3.6,A,3.6,False,-100.0
2016-04-03,2015,H,H,0.48792592,0.3537761,0.15829803,2.25,3.4,3.5,H,2.25,True,125.0
2016-04-03,2015,H,H,0.58083725,0.28506473,0.13409804,2.1,3.5,3.75,H,2.1,True,110.00000000000001
2016-04-09,2015,D,H,0.65822375,0.07672087,0.2650554,3.4,3.3,2.15,H,3.4,False,-100.0
2016-04-09,2015,D,H,0.3857811,0.32904088,0.28517804,3.6,3.5,2.0,H,3.6,False,-100.0
2016-04-09,2015,H,A,0.16924492,0.07988697,0.75086814,3.75,3.4,2.0,A,2.0,False,-100.0
2016-04-09,2015,H,H,0.45572418,0.3458768,0.19839895,2.05,3.4,3.6,H,2.05,True,104.99999999999999
2016-04-09,2015,H,H,0.9635655,0.017100232,0.019334212,1.33,5.0,9.0,H,1.33,True,33.00000000000001
2016-04-09,2015,A,A,0.08767851,0.28211814,0.6302033,3.4,3.2,2.2,A,2.2,True,120.00000000000001
2016-04-09,2015,H,H,0.3857214,0.33037233,0.2839063,1.53,4.0,6.0,H,1.53,True,53.0
2016-04-10,2015,H,H,0.69195855,0.25126305,0.0567784,1.91,3.5,4.0,H,1.91,True,90.99999999999999
2016-04-10,2015,H,H,0.65062654,0.26111102,0.08826247,1.55,4.0,5.75,H,1.55,True,55.00000000000001
2016-04-10,2015,A,A,0.3841176,0.15169096,0.46419147,3.4,3.4,2.1,A,2.1,True,110.00000000000001
2016-04-13,2015,D,A,0.26049504,0.1490021,0.59050286,2.9,3.4,2.6,A,2.6,False,-100.0
2016-04-16,2015,A,A,0.24887627,0.35060364,0.4005201,2.4,3.2,3.4,A,3.4,True,240.0
2016-04-16,2015,A,H,0.63896817,0.11334742,0.2476844,2.4,3.3,3.25,H,2.4,False,-100.0
2016-04-16,2015,H,H,0.46125478,0.41021845,0.1285268,2.3,3.4,3.4,H,2.3,True,129.99999999999997
2016-04-16,2015,D,A,0.2874286,0.2035735,0.5089979,2.7,3.4,2.8,A,2.8,False,-100.0
2016-04-16,2015,A,A,0.04316347,0.45089853,0.505938,2.75,3.4,2.7,A,2.7,True,170.00000000000003
2016-04-16,2015,H,H,0.9896674,0.009348084,0.0009845364,1.22,7.0,17.0,H,1.22,True,21.999999999999996
2016-04-17,2015,A,A,0.15698174,0.40321854,0.43979967,3.6,3.5,2.15,A,2.15,True,114.99999999999999
2016-04-17,2015,D,A,0.32031852,0.26150993,0.41817153,1.95,3.6,4.2,A,4.2,False,-100.0
2016-04-17,2015,D,H,0.5484817,0.046168886,0.4053494,1.33,5.75,9.5,H,1.33,False,-100.0
2016-04-18,2015,A,A,0.15571317,0.2294246,0.6148622,4.5,3.75,1.85,A,1.85,True,85.00000000000001
2016-04-19,2015,D,A,0.09444037,0.08478619,0.8207734,6.0,4.5,1.57,A,1.57,False,-100.0
2016-04-20,2015,H,H,0.5267417,0.17780124,0.2954571,1.73,4.0,5.0,H,1.73,True,73.0
2016-04-20,2015,H,D,0.28618333,0.37865317,0.33516344,1.53,4.33,7.0,D,4.33,False,-100.0
2016-04-20,2015,H,H,0.5231543,0.3182463,0.1585994,1.57,4.33,6.5,H,1.57,True,57.00000000000001
2016-04-21,2015,H,H,0.9287055,0.025065402,0.04622904,1.29,6.0,13.0,H,1.29,True,29.000000000000004
2016-04-23,2015,A,A,0.18210801,0.027176227,0.79071575,7.5,4.2,1.53,A,1.53,True,53.0
2016-04-23,2015,A,D,0.1359654,0.47930163,0.384733,3.1,3.5,2.4,D,3.5,False,-100.0
2016-04-23,2015,D,H,0.95234585,0.01181877,0.035835415,1.57,4.5,6.0,H,1.57,False,-100.0
2016-04-23,2015,H,H,0.7872424,0.12474883,0.08800876,1.3,6.0,11.0,H,1.3,True,30.000000000000004
2016-04-24,2015,D,A,0.024043366,0.18412912,0.7918275,4.5,4.0,1.8,A,1.8,False,-100.0
2016-04-24,2015,H,H,0.74649256,0.17281166,0.08069581,1.75,3.7,5.5,H,1.75,True,75.0
2016-04-25,2015,D,H,0.950241,0.03703363,0.012725383,1.22,7.0,15.0,H,1.22,False,-100.0
2016-04-30,2015,A,A,0.4137218,0.03800611,0.5482721,4.0,3.4,2.1,A,2.1,True,110.00000000000001
2016-04-30,2015,H,A,0.32250497,0.32882595,0.34866905,1.7,3.8,5.75,A,5.75,False,-100.0
2016-04-30,2015,D,H,0.7475451,0.105394796,0.14706008,2.75,3.3,2.8,H,2.75,False,-100.0
2016-04-30,2015,H,D,0.38601324,0.49863645,0.11535027,2.0,3.8,3.8,D,3.8,False,-100.0
2016-04-30,2015,H,H,0.7999845,0.16695802,0.033057477,1.29,6.5,11.0,H,1.29,True,29.000000000000004
2016-04-30,2015,H,D,0.21632884,0.4321447,0.3515264,2.0,3.6,4.0,D,3.6,False,-100.0
2016-05-01,2015,H,D,0.090860605,0.605706,0.30343345,3.1,3.5,2.4,D,3.5,False,-100.0
2016-05-01,2015,D,H,0.48991105,0.20230535,0.3077836,2.1,3.4,3.9,H,2.1,False,-100.0
2016-05-01,2015,H,A,0.21020621,0.30995053,0.47984323,2.8,3.4,2.7,A,2.7,False,-100.0
2016-05-02,2015,D,A,0.19911835,0.35800216,0.44287944,2.75,3.6,2.63,A,2.63,False,-100.0
2016-05-07,2015,H,D,0.034267016,0.5828422,0.38289082,3.0,3.5,2.45,D,3.5,False,-100.0
2016-05-07,2015,A,H,0.7669849,0.05702417,0.17599092,1.44,4.75,8.0,H,1.44,False,-100.0
2016-05-07,2015,D,D,0.0059908056,0.94897854,0.045030575,5.75,4.2,1.65,D,4.2,True,320.0
2016-05-07,2015,D,H,0.79931754,0.15495528,0.045727205,1.95,3.6,4.2,H,1.95,False,-100.0
2016-05-07,2015,H,H,0.5231834,0.312529,0.16428757,2.05,3.5,3.9,H,2.05,True,104.99999999999999
2016-05-07,2015,H,H,0.67934763,0.19160753,0.12904485,1.91,4.0,4.0,H,1.91,True,90.99999999999999
2016-05-07,2015,A,A,0.12691543,0.16728264,0.7058019,4.5,3.6,1.91,A,1.91,True,90.99999999999999
2016-05-08,2015,A,H,0.5888801,0.34823114,0.06288871,2.05,3.6,3.9,H,2.05,False,-100.0
2016-05-08,2015,D,H,0.37487036,0.29486445,0.3302652,2.5,3.6,2.9,H,2.5,False,-100.0
2016-05-08,2015,H,H,0.63127947,0.038979445,0.32974103,1.5,4.5,7.5,H,1.5,True,50.0
2016-05-10,2015,H,D,0.20308901,0.6589159,0.13799508,3.0,3.5,2.45,D,3.5,False,-100.0
2016-05-11,2015,H,H,0.5568404,0.24512318,0.19803642,1.83,3.75,4.75,H,1.83,True,83.0
2016-05-11,2015,H,H,0.7107832,0.22251895,0.06669785,1.75,4.0,5.0,H,1.75,True,75.0
2016-05-11,2015,D,H,0.68728405,0.20634241,0.10637354,2.0,3.8,3.8,H,2.0,False,-100.0
2016-05-15,2015,D,H,0.49610314,0.31237096,0.19152586,2.05,3.75,3.7,H,2.05,False,-100.0
2016-05-15,2015,D,A,0.020776952,0.041189183,0.9380339,6.0,4.75,1.53,A,1.53,False,-100.0
2016-05-15,2015,D,A,0.28743386,0.06706297,0.64550316,2.4,3.6,3.0,A,3.0,False,-100.0
2016-05-15,2015,H,A,0.19551274,0.22870374,0.5757835,3.5,3.6,2.15,A,2.15,False,-100.0
2016-05-15,2015,H,H,0.64088476,0.13956861,0.21954666,1.8,4.0,4.5,H,1.8,True,80.0
2016-05-15,2015,H,A,0.2169868,0.1402515,0.6427617,4.5,4.0,1.8,A,1.8,False,-100.0
2016-05-15,2015,H,H,0.9705474,0.0123793,0.017073262,1.36,5.5,9.0,H,1.36,True,36.00000000000001
2016-05-15,2015,D,D,0.2864197,0.39127144,0.32230887,2.3,3.75,3.1,D,3.75,True,275.0
2016-05-15,2015,H,H,0.958925,0.039652534,0.0014224224,1.17,9.0,17.0,H,1.17,True,16.999999999999993
2016-05-17,2015,H,A,0.24039453,0.0348843,0.72472113,1.67,4.2,5.25,A,5.25,False,-100.0
2016-08-13,2016,D,H,0.47999552,0.3991102,0.1208943,1.8,3.75,5.0,H,1.8,False,-100.0
2016-08-13,2016,D,H,0.55634797,0.317873,0.12577905,2.38,3.2,3.4,H,2.38,False,-100.0
2016-08-13,2016,H,A,0.047836073,0.18481743,0.7673465,4.5,3.6,1.91,A,1.91,False,-100.0
2016-08-13,2016,H,H,0.9214341,0.06799881,0.010567119,1.25,6.5,15.0,H,1.25,True,25.0
2016-08-13,2016,A,H,0.53288305,0.37111494,0.09600199,2.0,3.3,4.5,H,2.0,False,-100.0
2016-08-13,2016,A,H,0.4099928,0.2049015,0.3851057,2.4,3.3,3.25,H,2.4,False,-100.0
2016-08-13,2016,D,A,0.03592657,0.23605408,0.72801936,3.2,3.4,2.4,A,2.4,False,-100.0
2016-08-14,2016,A,H,0.64419293,0.18735412,0.16845293,2.4,3.5,3.1,H,2.4,False,-100.0
2016-08-14,2016,A,A,0.11725425,0.19124793,0.69149786,4.75,3.6,1.85,A,1.85,True,85.00000000000001
2016-08-15,2016,H,H,0.50142837,0.12324414,0.37532753,1.65,4.0,6.0,H,1.65,True,64.99999999999999
2016-08-19,2016,H,H,0.61672497,0.20553607,0.17773895,1.53,4.2,7.5,H,1.53,True,53.0
2016-08-20,2016,H,A,0.03953631,0.103564665,0.856899,6.5,4.2,1.57,A,1.57,False,-100.0
2016-08-20,2016,A,H,0.3821645,0.2422913,0.3755442,5.5,3.8,1.73,H,5.5,False,-100.0
2016-08-20,2016,D,D,0.05308547,0.76036465,0.18654993,2.88,3.6,2.5,D,3.6,True,260.0
2016-08-20,2016,A,D,0.214786,0.40743083,0.3777832,3.0,3.25,2.6,D,3.25,False,-100.0
2016-08-20,2016,A,H,0.6630815,0.13286376,0.20405468,1.8,3.6,5.25,H,1.8,False,-100.0
2016-08-20,2016,H,H,0.8107795,0.08873149,0.10048895,1.45,4.75,8.0,H,1.45,True,44.99999999999999
2016-08-20,2016,A,A,0.085139595,0.12489815,0.78996223,5.5,3.8,1.73,A,1.73,True,73.0
2016-08-21,2016,A,A,0.39001927,0.17032345,0.43965733,2.55,3.2,3.1,A,3.1,True,210.0
2016-08-21,2016,H,D,0.40307456,0.5396384,0.057287034,1.95,3.75,4.0,D,3.75,False,-100.0
2016-08-27,2016,A,A,0.08982934,0.35846913,0.55170155,5.0,3.75,1.73,A,1.73,True,73.0
2016-08-27,2016,D,D,0.24492268,0.5732166,0.18186069,2.38,3.4,3.0,D,3.4,True,240.0
2016-08-27,2016,D,D,0.3172356,0.65001565,0.03274877,1.57,3.6,6.5,D,3.6,True,260.0
2016-08-27,2016,H,H,0.70451194,0.14900169,0.14648639,1.73,3.6,5.25,H,1.73,True,73.0
2016-08-27,2016,H,H,0.6256131,0.3175669,0.056819983,1.73,3.6,5.25,H,1.73,True,73.0
2016-08-27,2016,D,H,0.49934575,0.27697027,0.22368398,2.3,3.2,3.3,H,2.3,False,-100.0
2016-08-27,2016,H,H,0.95494854,0.028484778,0.01656663,1.25,5.5,15.0,H,1.25,True,25.0
2016-08-27,2016,A,A,0.21557394,0.0073571405,0.7770689,8.0,4.1,1.44,A,1.44,True,43.99999999999999
2016-08-28,2016,D,D,0.35519257,0.4486531,0.19615428,2.6,3.1,2.9,D,3.1,True,210.0
2016-08-28,2016,H,H,0.5247959,0.06443403,0.4107701,1.25,6.0,11.0,H,1.25,True,25.0
2016-09-10,2016,A,H,0.5045365,0.34712377,0.14833972,2.3,3.2,3.6,H,2.3,False,-100.0
2016-09-10,2016,A,D,0.41005468,0.448873,0.14107235,1.91,3.6,4.5,D,3.6,False,-100.0
2016-09-10,2016,A,A,0.06454837,0.061278377,0.8741732,4.6,3.75,1.85,A,1.85,True,85.00000000000001
2016-09-10,2016,A,D,0.30264527,0.5630302,0.13432452,2.38,3.25,3.4,D,3.25,False,-100.0
2016-09-10,2016,H,H,0.77821827,0.1115528,0.110228874,1.7,4.0,5.5,H,1.7,True,70.0
2016-09-10,2016,D,A,0.28962994,0.2546919,0.4556782,2.45,3.1,3.4,A,3.4,False,-100.0
2016-09-10,2016,H,H,0.71525407,0.2469679,0.037777986,2.05,3.25,4.33,H,2.05,True,104.99999999999999
2016-09-10,2016,H,H,0.6773796,0.057334274,0.2652861,1.57,4.2,6.5,H,1.57,True,57.00000000000001
2016-09-11,2016,D,A,0.10414352,0.22435805,0.6714984,5.75,4.0,1.67,A,1.67,False,-100.0
2016-09-12,2016,A,A,0.22254388,0.29442424,0.4830319,3.8,3.5,2.1,A,2.1,True,110.00000000000001
2016-09-16,2016,A,A,0.38722402,0.09480543,0.51797056,2.25,3.5,3.4,A,3.4,True,240.0
2016-09-17,2016,H,H,0.7972228,0.14931284,0.053464312,1.67,3.8,6.0,H,1.67,True,67.0
2016-09-17,2016,H,H,0.49008375,0.085771054,0.4241452,1.5,4.33,8.0,H,1.5,True,50.0
2016-09-17,2016,A,A,0.05606855,0.2426786,0.7012529,6.0,4.2,1.6,A,1.6,True,60.00000000000001
2016-09-17,2016,H,H,0.6453967,0.18008102,0.17452224,2.8,3.2,2.8,H,2.8,True,179.99999999999997
2016-09-17,2016,H,H,0.9357585,0.032760397,0.031481054,1.29,6.0,12.0,H,1.29,True,29.000000000000004
2016-09-18,2016,H,H,0.5408842,0.31740764,0.1417082,2.0,3.5,4.2,H,2.0,True,100.0
2016-09-18,2016,H,H,0.5580946,0.29650316,0.14540222,1.7,3.8,5.75,H,1.7,True,70.0
2016-09-18,2016,H,H,0.84366995,0.070917055,0.08541295,1.33,5.5,11.0,H,1.33,True,33.00000000000001
2016-09-18,2016,H,A,0.054861628,0.25567132,0.6894671,6.0,4.2,1.62,A,1.62,False,-100.0
2016-09-24,2016,D,A,0.3267671,0.32229936,0.35093358,2.38,3.3,3.3,A,3.3,False,-100.0
2016-09-24,2016,A,A,0.104413964,0.040103775,0.8554823,9.0,5.5,1.36,A,1.36,True,36.00000000000001
2016-09-24,2016,A,H,0.46702293,0.30083504,0.23214205,2.88,3.25,2.7,H,2.88,False,-100.0
2016-09-24,2016,A,A,0.04542691,0.19288735,0.7616857,3.75,3.5,2.1,A,2.1,True,110.00000000000001
2016-09-24,2016,H,H,0.708304,0.15762219,0.1340738,1.73,3.9,5.25,H,1.73,True,73.0
2016-09-24,2016,H,H,0.8005394,0.17407392,0.025386678,1.22,7.0,15.0,H,1.22,True,21.999999999999996
2016-09-24,2016,H,A,0.16888879,0.41098186,0.42012936,3.6,3.5,2.15,A,2.15,False,-100.0
2016-09-24,2016,H,D,0.2656391,0.49096233,0.24339856,2.4,3.5,3.1,D,3.5,False,-100.0
2016-09-25,2016,A,H,0.63644236,0.15042554,0.2131321,2.8,3.3,2.75,H,2.8,False,-100.0
2016-09-26,2016,H,D,0.08457892,0.5215992,0.39382192,2.9,3.2,2.7,D,3.2,False,-100.0
2016-09-30,2016,D,H,0.45993045,0.2938651,0.24620445,1.73,4.0,5.0,H,1.73,False,-100.0
2016-10-01,2016,D,H,0.38886747,0.3513324,0.25980014,2.25,3.4,3.5,H,2.25,False,-100.0
2016-10-01,2016,D,H,0.38516614,0.24572116,0.36911267,2.38,3.3,3.3,H,2.38,False,-100.0
2016-10-01,2016,A,A,0.058904637,0.43414977,0.5069456,8.0,4.75,1.45,A,1.45,True,44.99999999999999
2016-10-01,2016,D,A,0.3536104,0.19292492,0.45346475,2.5,3.25,3.2,A,3.2,False,-100.0
2016-10-01,2016,A,A,0.043441232,0.02585118,0.9307076,7.5,4.5,1.5,A,1.5,True,50.0
2016-10-02,2016,A,A,0.0031913025,0.03811904,0.95868963,9.0,5.0,1.4,A,1.4,True,39.99999999999999
2016-10-02,2016,D,H,0.48812774,0.22034824,0.29152402,2.25,3.4,3.5,H,2.25,False,-100.0
2016-10-02,2016,D,H,0.88536197,0.021184646,0.09345344,1.33,5.75,10.0,H,1.33,False,-100.0
2016-10-02,2016,H,D,0.34592405,0.50735855,0.14671738,3.0,3.5,2.5,D,3.5,False,-100.0
2016-10-15,2016,H,H,0.9335862,0.042583015,0.023830818,1.29,6.5,11.0,H,1.29,True,29.000000000000004
2016-10-15,2016,H,H,0.71823925,0.1400794,0.14168139,1.85,3.5,5.0,H,1.85,True,85.00000000000001
2016-10-15,2016,H,H,0.63469106,0.34295636,0.022352548,1.57,4.5,6.0,H,1.57,True,57.00000000000001
2016-10-15,2016,D,D,0.14919123,0.606127,0.24468173,5.5,3.8,1.73,D,3.8,True,280.0
2016-10-15,2016,D,H,0.88569033,0.07218904,0.04212058,1.5,4.75,7.0,H,1.5,False,-100.0
2016-10-15,2016,H,H,0.5122739,0.37136817,0.11635793,2.0,3.6,4.0,H,2.0,True,100.0
2016-10-15,2016,A,H,0.58522505,0.178294,0.23648095,2.15,3.5,3.6,H,2.15,False,-100.0
2016-10-16,2016,A,A,0.33840823,0.23384832,0.42774343,2.25,3.3,3.6,A,3.6,True,260.0
2016-10-16,2016,H,H,0.70197445,0.17675044,0.12127515,1.4,4.8,9.5,H,1.4,True,39.99999999999999
2016-10-17,2016,D,H,0.5932924,0.20360117,0.20310642,2.2,3.5,3.5,H,2.2,False,-100.0
2016-10-22,2016,A,H,0.39792758,0.27212068,0.32995167,3.1,3.3,2.5,H,3.1,False,-100.0
2016-10-22,2016,D,H,0.9150476,0.069528125,0.015424347,1.25,6.5,15.0,H,1.25,False,-100.0
2016-10-22,2016,D,A,0.16119832,0.2734879,0.5653138,4.2,3.6,1.95,A,1.95,False,-100.0
2016-10-22,2016,H,A,0.030692477,0.09072693,0.8785806,6.0,3.8,1.67,A,1.67,False,-100.0
2016-10-22,2016,H,H,0.87981784,0.09100145,0.029180778,1.67,4.0,5.75,H,1.67,True,67.0
2016-10-22,2016,H,H,0.45899454,0.3271484,0.2138571,2.05,3.5,3.9,H,2.05,True,104.99999999999999
2016-10-22,2016,H,H,0.8651179,0.09159775,0.043284323,1.29,6.0,13.0,H,1.29,True,29.000000000000004
2016-10-22,2016,D,D,0.40701082,0.45355532,0.13943383,2.38,3.3,3.3,D,3.3,True,229.99999999999997
2016-10-23,2016,H,H,0.58654803,0.21099259,0.20245938,2.15,3.4,3.8,H,2.15,True,114.99999999999999
2016-10-23,2016,D,H,0.7353644,0.15647858,0.10815707,1.5,4.5,7.5,H,1.5,False,-100.0
2016-10-29,2016,A,A,0.105028175,0.13140728,0.7635645,9.0,5.0,1.4,A,1.4,True,39.99999999999999
2016-10-29,2016,A,A,0.36921406,0.1463696,0.48441637,5.25,4.0,1.7,A,1.7,True,70.0
2016-10-29,2016,D,H,0.9653058,0.03278943,0.001904803,1.2,7.0,19.0,H,1.2,False,-100.0
2016-10-29,2016,H,H,0.56013584,0.10975342,0.33011076,2.5,3.2,3.2,H,2.5,True,150.0
2016-10-29,2016,D,H,0.87430185,0.08424862,0.041449584,1.62,4.2,6.0,H,1.62,False,-100.0
2016-10-29,2016,H,H,0.59609187,0.2143014,0.18960671,1.75,3.75,5.25,H,1.75,True,75.0
2016-10-29,2016,A,A,0.09258214,0.10633389,0.801084,8.0,4.75,1.44,A,1.44,True,43.99999999999999
2016-10-30,2016,H,H,0.48972076,0.2074238,0.30285546,1.8,3.8,4.75,H,1.8,True,80.0
2016-10-30,2016,A,H,0.3952454,0.2944874,0.31026718,3.2,3.4,2.4,H,3.2,False,-100.0
2016-10-31,2016,H,H,0.49877012,0.17988256,0.3213474,2.05,3.6,3.8,H,2.05,True,104.99999999999999
2016-11-05,2016,H,A,0.018355189,0.053501956,0.92814285,3.3,3.3,2.38,A,2.38,False,-100.0
2016-11-05,2016,D,H,0.989814,0.007846072,0.0023399207,1.22,7.0,15.0,H,1.22,False,-100.0
2016-11-05,2016,A,H,0.7406695,0.15649353,0.102836944,1.65,4.2,5.5,H,1.65,False,-100.0
2016-11-05,2016,D,H,0.49524128,0.33196846,0.17279026,2.0,3.6,4.0,H,2.0,False,-100.0
2016-11-05,2016,H,H,0.67621154,0.19959772,0.12419079,1.53,4.33,7.0,H,1.53,True,53.0
2016-11-06,2016,D,A,0.23861276,0.25720432,0.50418293,1.95,3.6,4.2,A,4.2,False,-100.0
2016-11-06,2016,H,A,0.12832658,0.32539046,0.54628295,5.75,3.8,1.7,A,1.7,False,-100.0
2016-11-06,2016,A,A,0.13829784,0.15379328,0.7079089,1.8,3.6,5.25,A,5.25,True,425.0
2016-11-06,2016,H,H,0.9417307,0.021795776,0.036473565,1.29,6.0,12.0,H,1.29,True,29.000000000000004
2016-11-06,2016,A,A,0.1289194,0.32379052,0.54729015,5.0,4.0,1.73,A,1.73,True,73.0
2016-11-19,2016,D,H,0.79336417,0.106549285,0.10008661,1.6,4.33,6.0,H,1.6,False,-100.0
2016-11-19,2016,D,D,0.3418457,0.36352658,0.2946277,3.4,3.6,2.2,D,3.6,True,260.0
2016-11-19,2016,A,A,0.058843642,0.16272594,0.7784304,6.5,4.5,1.53,A,1.53,True,53.0
2016-11-19,2016,D,A,0.31908187,0.33986697,0.34105113,2.6,3.4,2.9,A,2.9,False,-100.0
2016-11-19,2016,H,A,0.32774976,0.24552469,0.42672554,2.8,3.3,2.75,A,2.75,False,-100.0
2016-11-19,2016,A,H,0.65137094,0.10510353,0.24352553,2.3,3.4,3.4,H,2.3,False,-100.0
2016-11-19,2016,H,H,0.47995442,0.37508777,0.14495781,2.15,3.4,3.8,H,2.15,True,114.99999999999999
2016-11-19,2016,H,H,0.8922865,0.06662912,0.041084483,1.5,4.5,7.5,H,1.5,True,50.0
2016-11-20,2016,A,A,0.05568877,0.09816284,0.84614843,7.0,4.0,1.57,A,1.57,True,57.00000000000001
2016-11-21,2016,H,H,0.7003827,0.17620312,0.12341417,1.95,3.4,4.5,H,1.95,True,95.0
2016-11-26,2016,H,H,0.59419435,0.15775917,0.24804644,2.63,3.4,2.88,H,2.63,True,163.0
2016-11-26,2016,H,H,0.98230547,0.016328955,0.0013655972,1.17,8.5,19.0,H,1.17,True,16.999999999999993
2016-11-26,2016,D,A,0.10311911,0.07942611,0.81745476,1.91,3.6,4.5,A,4.5,False,-100.0
2016-11-26,2016,H,H,0.5193841,0.281618,0.19899796,1.75,3.8,5.25,H,1.75,True,75.0
2016-11-26,2016,A,A,0.07359765,0.108501285,0.817901,9.0,6.0,1.33,A,1.33,True,33.00000000000001
2016-11-26,2016,D,A,0.27313426,0.28175247,0.44511327,3.1,3.2,2.6,A,2.6,False,-100.0
2016-11-27,2016,H,H,0.44163576,0.38833612,0.17002814,2.2,3.4,3.6,H,2.2,True,120.00000000000001
2016-11-27,2016,H,H,0.6131604,0.19250716,0.1943324,1.4,5.0,9.0,H,1.4,True,39.99999999999999
2016-11-27,2016,D,H,0.7910359,0.09189236,0.11707172,1.45,4.75,8.0,H,1.45,False,-100.0
2016-11-27,2016,A,A,0.24284887,0.33030757,0.42684352,2.4,3.3,3.3,A,3.3,True,229.99999999999997
2016-12-03,2016,H,A,0.108950615,0.13440937,0.75663996,3.5,3.3,2.3,A,2.3,False,-100.0
2016-12-03,2016,H,H,0.746638,0.15879457,0.09456744,1.62,4.0,6.5,H,1.62,True,62.000000000000014
2016-12-03,2016,A,H,0.79571295,0.036180772,0.1681063,2.15,3.6,3.6,H,2.15,False,-100.0
2016-12-03,2016,H,H,0.49785495,0.40649715,0.09564794,1.36,5.5,9.0,H,1.36,True,36.00000000000001
2016-12-03,2016,H,D,0.023808561,0.721851,0.2543404,3.4,3.4,2.3,D,3.4,False,-100.0
2016-12-03,2016,A,A,0.12367679,0.14651668,0.72980654,4.75,4.2,1.75,A,1.75,True,75.0
2016-12-03,2016,H,H,0.5042414,0.29579642,0.19996224,2.2,3.3,3.75,H,2.2,True,120.00000000000001
2016-12-04,2016,H,A,0.016599284,0.46848345,0.51491725,5.0,4.0,1.75,A,1.75,False,-100.0
2016-12-04,2016,D,A,0.25239432,0.27147403,0.47613162,3.6,3.5,2.15,A,2.15,False,-100.0
2016-12-05,2016,H,H,0.44712916,0.39353713,0.15933372,1.83,3.5,5.25,H,1.83,True,83.0
2016-12-10,2016,H,D,0.09055879,0.47795308,0.43148816,3.1,3.4,2.45,D,3.4,False,-100.0
2016-12-10,2016,H,H,0.83158344,0.008155049,0.16026148,1.35,5.5,9.5,H,1.35,True,35.00000000000001
2016-12-10,2016,H,A,0.19330217,0.20530984,0.60138804,3.5,3.5,2.2,A,2.2,False,-100.0
2016-12-10,2016,D,A,0.3688032,0.026896445,0.6043004,3.5,3.3,2.3,A,2.3,False,-100.0
2016-12-10,2016,H,A,0.051351815,0.14426984,0.8043784,5.25,4.0,1.7,A,1.7,False,-100.0
2016-12-10,2016,H,A,0.32157317,0.2782182,0.40020862,2.15,3.5,3.6,A,3.6,False,-100.0
2016-12-11,2016,D,H,0.74937904,0.12611581,0.124505185,1.3,6.0,11.0,H,1.3,False,-100.0
2016-12-11,2016,H,H,0.65939265,0.10114087,0.23946646,1.25,6.25,15.0,H,1.25,True,25.0
2016-12-11,2016,H,H,0.60583496,0.22147782,0.1726872,2.2,3.4,3.6,H,2.2,True,120.00000000000001
2016-12-11,2016,H,H,0.7801611,0.1459306,0.07390831,1.7,3.7,6.0,H,1.7,True,70.0
2016-12-13,2016,H,H,0.48394558,0.28395844,0.23209599,2.4,3.4,3.2,H,2.4,True,140.0
2016-12-13,2016,H,A,0.17893136,0.27767953,0.54338914,4.2,3.75,1.91,A,1.91,False,-100.0
2016-12-14,2016,A,A,0.079270266,0.34081522,0.5799145,5.25,4.0,1.7,A,1.7,True,70.0
2016-12-14,2016,H,H,0.9034464,0.05849944,0.03805418,1.29,6.5,11.0,H,1.29,True,29.000000000000004
2016-12-14,2016,A,A,0.09324114,0.10177618,0.8049827,6.0,4.33,1.6,A,1.6,True,60.00000000000001
2016-12-14,2016,D,D,0.33346835,0.3446315,0.3219002,3.1,3.3,2.5,D,3.3,True,229.99999999999997
2016-12-14,2016,A,A,0.1300373,0.13807176,0.7318909,10.0,5.75,1.33,A,1.33,True,33.00000000000001
2016-12-14,2016,H,H,0.85380167,0.13394389,0.0122544505,1.22,7.0,15.0,H,1.22,True,21.999999999999996
2016-12-14,2016,H,A,0.36239645,0.16851488,0.46908864,2.05,3.5,4.0,A,4.0,False,-100.0
2016-12-14,2016,H,H,0.7357792,0.17520027,0.089020506,1.67,4.0,5.75,H,1.67,True,67.0
2016-12-17,2016,H,H,0.61244565,0.16299616,0.22455814,2.1,3.4,4.0,H,2.1,True,110.00000000000001
2016-12-17,2016,D,H,0.34830236,0.31763408,0.33406353,2.6,3.4,2.9,H,2.6,False,-100.0
2016-12-17,2016,A,A,0.22567257,0.09502753,0.6792999,6.5,4.2,1.57,A,1.57,True,57.00000000000001
2016-12-17,2016,H,H,0.5888336,0.13658905,0.27457738,1.62,4.1,6.0,H,1.62,True,62.000000000000014
2016-12-17,2016,A,A,0.10557015,0.3403274,0.5541025,5.75,3.8,1.7,A,1.7,True,70.0
2016-12-17,2016,H,D,0.1592475,0.58205485,0.25869766,2.63,3.3,2.9,D,3.3,False,-100.0
2016-12-18,2016,A,A,0.18389753,0.1303249,0.68577754,3.0,3.3,2.6,A,2.6,True,160.0
2016-12-18,2016,H,H,0.64791435,0.2348937,0.117191955,2.15,3.6,3.5,H,2.15,True,114.99999999999999
2016-12-18,2016,H,H,0.8657061,0.123161554,0.011132324,1.22,7.0,15.0,H,1.22,True,21.999999999999996
2016-12-19,2016,A,H,0.45296797,0.15263903,0.394393,4.2,3.6,1.95,H,4.2,False,-100.0
2016-12-26,2016,A,A,0.022986181,0.05786161,0.91915226,10.0,5.5,1.3,A,1.3,True,30.000000000000004
2016-12-26,2016,H,H,0.6697059,0.27894557,0.051348455,1.33,5.5,8.5,H,1.33,True,33.00000000000001
2016-12-26,2016,H,A,0.19114074,0.39877886,0.41008037,2.9,3.1,2.6,A,2.6,False,-100.0
2016-12-26,2016,H,H,0.8215431,0.13272072,0.04573617,1.36,5.0,8.5,H,1.36,True,36.00000000000001
2016-12-26,2016,D,H,0.40974772,0.32763055,0.2626217,2.5,3.3,2.9,H,2.5,False,-100.0
2016-12-26,2016,H,H,0.9759939,0.017686218,0.006319891,1.22,6.5,13.0,H,1.22,True,21.999999999999996
2016-12-26,2016,A,H,0.43466616,0.19244231,0.3728916,2.63,3.2,2.8,H,2.63,False,-100.0
2016-12-26,2016,A,H,0.63861096,0.18950741,0.1718816,2.5,3.3,2.9,H,2.5,False,-100.0
2016-12-27,2016,H,H,0.7535945,0.15737075,0.089034766,1.3,5.5,10.0,H,1.3,True,30.000000000000004
2016-12-28,2016,A,A,0.30039808,0.27805775,0.42154413,2.8,3.25,2.6,A,2.6,True,160.0
2016-12-30,2016,D,A,0.14795569,0.13181564,0.7202286,4.33,3.5,1.95,A,1.95,False,-100.0
2016-12-31,2016,H,H,0.40713844,0.23923384,0.35362774,2.4,3.25,3.3,H,2.4,True,140.0
2016-12-31,2016,H,D,0.32587144,0.38844997,0.28567857,2.35,3.6,3.1,D,3.6,False,-100.0
2016-12-31,2016,H,H,0.82945544,0.12334943,0.047195096,1.25,6.5,14.0,H,1.25,True,25.0
2016-12-31,2016,H,H,0.5372855,0.23787138,0.22484311,2.1,3.6,3.7,H,2.1,True,110.00000000000001
2016-12-31,2016,H,H,0.8675028,0.120629266,0.01186798,1.25,6.0,16.0,H,1.25,True,25.0
2016-12-31,2016,A,H,0.46485126,0.24893136,0.2862174,1.75,3.7,5.5,H,1.75,False,-100.0
2016-12-31,2016,A,A,0.2535053,0.35239753,0.3940972,2.9,3.4,2.6,A,2.6,True,160.0
2017-01-01,2016,H,H,0.7358309,0.24394047,0.020228568,1.29,5.5,9.5,H,1.29,True,29.000000000000004
2017-01-01,2016,A,A,0.013455603,0.027595384,0.958949,5.5,3.75,1.62,A,1.62,True,62.000000000000014
2017-01-02,2016,D,D,0.3815704,0.4560216,0.16240793,2.75,3.2,2.88,D,3.2,True,220.00000000000003
2017-01-02,2016,H,H,0.9435574,0.0515282,0.004914399,1.17,8.5,19.0,H,1.17,True,16.999999999999993
2017-01-02,2016,H,A,0.3193401,0.20899518,0.47166473,2.2,3.4,3.6,A,3.6,False,-100.0
2017-01-02,2016,D,A,0.027564751,0.023198701,0.9492365,11.0,5.5,1.33,A,1.33,False,-100.0
2017-01-02,2016,H,H,0.43218893,0.2819812,0.2858299,1.75,3.7,5.5,H,1.75,True,75.0
2017-01-02,2016,A,A,0.15349826,0.029140277,0.8173614,6.0,4.0,1.65,A,1.65,True,64.99999999999999
2017-01-03,2016,D,A,0.13395004,0.21908158,0.6469684,4.33,3.4,1.85,A,1.85,False,-100.0
2017-01-03,2016,A,H,0.4309218,0.40131322,0.167765,1.75,3.5,4.75,H,1.75,False,-100.0
2017-01-03,2016,H,A,0.38566655,0.16863035,0.44570312,1.8,3.5,4.5,A,4.5,False,-100.0
2017-01-04,2016,H,H,0.6509889,0.24038647,0.108624674,2.63,3.25,2.63,H,2.63,True,163.0
2017-01-14,2016,H,A,0.14588635,0.27919522,0.5749184,3.3,3.5,2.3,A,2.3,False,-100.0
2017-01-14,2016,A,A,0.17143397,0.29389495,0.5346711,3.1,3.3,2.5,A,2.5,True,150.0
2017-01-14,2016,H,A,0.1603784,0.11704088,0.72258073,3.6,3.4,2.2,A,2.2,False,-100.0
2017-01-14,2016,A,A,0.20153846,0.18598084,0.6124807,6.0,4.1,1.62,A,1.62,True,62.000000000000014
2017-01-14,2016,A,A,0.027519457,0.35413283,0.6183477,7.0,4.75,1.5,A,1.5,True,50.0
2017-01-14,2016,H,H,0.73532283,0.076355964,0.18832116,1.33,5.5,11.0,H,1.33,True,33.00000000000001
2017-01-14,2016,D,H,0.41975793,0.22633216,0.35390988,2.5,3.2,3.2,H,2.5,False,-100.0
2017-01-14,2016,H,H,0.5902528,0.32875198,0.08099522,2.38,3.4,3.2,H,2.38,True,138.0
2017-01-15,2016,H,A,0.035697803,0.20346811,0.7608341,4.5,4.0,1.8,A,1.8,False,-100.0
2017-01-15,2016,D,H,0.6485204,0.21425408,0.13722551,2.15,3.4,3.75,H,2.15,False,-100.0
2017-01-21,2016,H,A,0.3705032,0.19774012,0.4317567,1.7,3.8,5.75,A,5.75,False,-100.0
2017-01-21,2016,D,A,0.012077886,0.21945305,0.7684691,6.0,4.2,1.6,A,1.6,False,-100.0
2017-01-21,2016,A,A,0.41429272,0.15659343,0.42911386,2.5,3.2,3.25,A,3.25,True,225.0
2017-01-21,2016,D,D,0.28044438,0.56589323,0.1536624,2.15,3.5,3.6,D,3.5,True,250.0
2017-01-21,2016,A,H,0.43184963,0.21267271,0.3554777,3.25,3.4,2.38,H,3.25,False,-100.0
2017-01-21,2016,D,H,0.76236385,0.12283709,0.11479908,1.83,3.75,4.75,H,1.83,False,-100.0
2017-01-21,2016,A,H,0.9241381,0.06785569,0.008006169,1.22,7.0,15.0,H,1.22,False,-100.0
2017-01-22,2016,H,H,0.5867639,0.23321436,0.18002172,1.83,3.5,5.25,H,1.83,True,83.0
2017-01-22,2016,H,H,0.8539267,0.13473,0.0113432845,1.2,7.5,17.0,H,1.2,True,19.999999999999996
2017-01-22,2016,H,H,0.94539064,0.050599363,0.0040100086,1.18,8.0,19.0,H,1.18,True,17.999999999999993
2017-01-31,2016,A,H,0.9586018,0.038534746,0.00286355,1.22,7.0,15.0,H,1.22,False,-100.0
2017-01-31,2016,A,H,0.69739103,0.24981917,0.05278977,2.05,3.5,3.9,H,2.05,False,-100.0
2017-01-31,2016,H,H,0.40094703,0.27577138,0.32328156,2.9,3.25,2.7,H,2.9,True,190.0
2017-01-31,2016,D,D,0.19035114,0.60564846,0.20400038,2.7,3.1,3.0,D,3.1,True,210.0
2017-01-31,2016,D,H,0.455013,0.4421005,0.10288649,2.65,3.25,2.9,H,2.65,False,-100.0
2017-01-31,2016,D,A,0.031540684,0.18650505,0.7819542,9.5,5.25,1.36,A,1.36,False,-100.0
2017-01-31,2016,H,A,0.27991205,0.14871508,0.5713729,3.4,3.4,2.3,A,2.3,False,-100.0
2017-02-01,2016,D,H,0.9580468,0.03775155,0.004201597,1.2,7.5,17.0,H,1.2,False,-100.0
2017-02-01,2016,D,D,0.18572868,0.48892167,0.3253497,2.88,3.4,2.63,D,3.4,True,240.0
2017-02-01,2016,A,A,0.11821253,0.22819069,0.65359676,6.0,4.5,1.57,A,1.57,True,57.00000000000001
2017-02-04,2016,H,D,0.17250133,0.42313528,0.40436336,1.95,3.6,4.2,D,3.6,False,-100.0
2017-02-04,2016,A,H,0.7468891,0.2242636,0.028847279,1.7,3.9,5.5,H,1.7,False,-100.0
2017-02-04,2016,H,H,0.5237902,0.36835298,0.107856885,1.7,4.0,5.25,H,1.7,True,70.0
2017-02-04,2016,H,A,0.031240506,0.0332403,0.9355192,8.0,4.75,1.45,A,1.45,False,-100.0
2017-02-04,2016,A,H,0.84814245,0.086447105,0.06541046,1.85,3.75,4.5,H,1.85,False,-100.0
2017-02-04,2016,H,H,0.9382558,0.023271807,0.038472407,1.29,6.0,13.0,H,1.29,True,29.000000000000004
2017-02-04,2016,H,A,0.28826484,0.26957405,0.44216114,2.15,3.3,3.9,A,3.9,False,-100.0
2017-02-04,2016,H,H,0.5872959,0.33233485,0.080369264,2.3,3.25,3.5,H,2.3,True,129.99999999999997
2017-02-05,2016,A,A,0.10885136,0.24816482,0.64298385,5.75,4.0,1.65,A,1.65,True,64.99999999999999
2017-02-05,2016,H,H,0.8461549,0.13428268,0.019562403,1.22,7.0,15.0,H,1.22,True,21.999999999999996
2017-02-11,2016,D,H,0.41579527,0.1949241,0.3892806,3.9,3.3,2.15,H,3.9,False,-100.0
2017-02-11,2016,H,H,0.5042268,0.46933743,0.026435705,2.3,3.4,3.4,H,2.3,True,129.99999999999997
2017-02-11,2016,H,H,0.4648095,0.46038026,0.07481022,1.25,6.5,14.0,H,1.25,True,25.0
2017-02-11,2016,H,A,0.18900134,0.28749475,0.5235039,2.15,3.3,3.9,A,3.9,False,-100.0
2017-02-11,2016,A,A,0.2675081,0.33392644,0.39856547,3.9,3.4,2.1,A,2.1,True,110.00000000000001
2017-02-11,2016,D,H,0.6244944,0.23633537,0.13917027,2.25,3.3,3.6,H,2.25,False,-100.0
2017-02-11,2016,H,H,0.881006,0.10130395,0.017690074,1.29,6.0,13.0,H,1.29,True,29.000000000000004
2017-02-12,2016,D,A,0.11927698,0.057080533,0.82364243,9.0,5.0,1.4,A,1.4,False,-100.0
2017-02-12,2016,H,H,0.66928357,0.13641988,0.19429657,2.4,3.3,3.25,H,2.4,True,140.0
2017-02-13,2016,A,A,0.08193883,0.1437711,0.77429014,7.5,5.0,1.44,A,1.44,True,43.99999999999999
2017-02-25,2016,H,A,0.37812176,0.09646337,0.5254148,2.1,3.2,4.2,A,4.2,False,-100.0
2017-02-25,2016,H,A,0.28661233,0.23244801,0.48093972,2.1,3.4,4.0,A,4.0,False,-100.0
2017-02-25,2016,H,H,0.92832494,0.06533513,0.006339954,1.25,6.5,15.0,H,1.25,True,25.0
2017-02-25,2016,H,H,0.9144497,0.05252208,0.033028286,1.4,5.25,8.5,H,1.4,True,39.99999999999999
2017-02-25,2016,D,D,0.34186265,0.39633366,0.2618037,2.15,3.3,3.9,D,3.3,True,229.99999999999997
2017-02-25,2016,D,D,0.12787166,0.5422046,0.32992372,2.63,3.3,2.9,D,3.3,True,229.99999999999997
2017-02-26,2016,H,H,0.854376,0.040893566,0.10473038,1.44,5.0,7.5,H,1.44,True,43.99999999999999
2017-02-27,2016,H,A,0.040472526,0.14255245,0.816975,5.5,4.2,1.65,A,1.65,False,-100.0
2017-03-04,2016,A,A,0.1043297,0.28899965,0.6066707,3.6,3.4,2.2,A,2.2,True,120.00000000000001
2017-03-04,2016,A,H,0.35025758,0.3417223,0.3080201,2.2,3.3,3.8,H,2.2,False,-100.0
2017-03-04,2016,H,H,0.50569355,0.23944798,0.2548584,2.0,3.5,4.2,H,2.0,True,100.0
2017-03-04,2016,D,H,0.66556126,0.3109353,0.023503464,1.25,6.5,15.0,H,1.25,False,-100.0
2017-03-04,2016,H,H,0.47342852,0.19835626,0.32821518,2.15,3.6,3.6,H,2.15,True,114.99999999999999
2017-03-04,2016,H,H,0.5393824,0.33187443,0.12874311,1.85,3.6,4.75,H,1.85,True,85.00000000000001
2017-03-04,2016,H,H,0.72839975,0.17775074,0.09384948,1.95,3.4,4.5,H,1.95,True,95.0
2017-03-05,2016,A,A,0.0038571863,0.010136324,0.9860065,11.0,6.5,1.29,A,1.29,True,29.000000000000004
2017-03-05,2016,H,D,0.3106943,0.34934944,0.33995628,1.67,4.2,5.25,D,4.2,False,-100.0
2017-03-06,2016,A,A,0.15469608,0.1129372,0.73236674,6.0,4.1,1.62,A,1.62,True,62.000000000000014
2017-03-08,2016,D,H,0.7104231,0.27627596,0.01330091,1.25,6.5,15.0,H,1.25,False,-100.0
2017-03-11,2016,H,H,0.5903196,0.22576018,0.18392026,2.6,3.5,2.8,H,2.6,True,160.0
2017-03-11,2016,H,H,0.7018033,0.17894322,0.119253464,1.67,3.8,6.0,H,1.67,True,67.0
2017-03-11,2016,H,H,0.34021416,0.33582196,0.3239639,2.55,3.3,3.0,H,2.55,True,154.99999999999997
2017-03-12,2016,H,H,0.9378936,0.058329575,0.0037767834,1.25,6.5,14.0,H,1.25,True,25.0
2017-03-18,2016,A,A,0.36969435,0.22180116,0.40850455,2.3,3.5,3.3,A,3.3,True,229.99999999999997
2017-03-18,2016,H,A,0.09692485,0.39277992,0.5102952,5.25,4.0,1.73,A,1.73,False,-100.0
2017-03-18,2016,A,A,0.11795208,0.4373199,0.44472805,6.5,4.0,1.62,A,1.62,True,62.000000000000014
2017-03-18,2016,D,H,0.65985376,0.21454816,0.1255981,2.55,3.3,3.0,H,2.55,False,-100.0
2017-03-18,2016,H,H,0.548546,0.14552194,0.30593202,1.91,3.5,4.75,H,1.91,True,90.99999999999999
2017-03-18,2016,H,A,0.36946696,0.23692286,0.3936102,2.15,3.5,3.6,A,3.6,False,-100.0
2017-03-18,2016,H,H,0.7037743,0.08245564,0.2137701,1.53,4.33,7.0,H,1.53,True,53.0
2017-03-19,2016,D,H,0.45338523,0.30888858,0.23772623,2.0,3.75,3.8,H,2.0,False,-100.0
2017-03-19,2016,A,H,0.5595802,0.08660735,0.35381243,6.0,3.7,1.7,H,6.0,False,-100.0
2017-03-19,2016,H,A,0.34737825,0.17369688,0.47892484,1.73,3.8,5.5,A,5.5,False,-100.0
2017-04-01,2016,D,H,0.8835691,0.057373177,0.059057727,1.36,5.0,11.0,H,1.36,False,-100.0
2017-04-01,2016,H,D,0.29552412,0.52519643,0.17927945,1.85,3.6,4.75,D,3.6,False,-100.0
2017-04-01,2016,D,H,0.5354286,0.39030388,0.07426756,1.65,4.0,6.0,H,1.65,False,-100.0
2017-04-01,2016,H,D,0.3091942,0.40774828,0.28305748,1.73,3.9,5.25,D,3.9,False,-100.0
2017-04-01,2016,H,A,0.3082314,0.24820077,0.44356775,2.05,3.5,4.0,A,4.0,False,-100.0
2017-04-01,2016,H,H,0.49792227,0.35317603,0.14890167,2.45,3.4,3.1,H,2.45,True,145.00000000000003
2017-04-01,2016,A,H,0.79162633,0.083808795,0.12456485,1.3,5.75,12.0,H,1.3,False,-100.0
2017-04-01,2016,A,A,0.06760471,0.103748806,0.8286465,5.75,3.8,1.7,A,1.7,True,70.0
2017-04-02,2016,D,D,0.3715884,0.37391883,0.25449276,2.0,3.4,4.33,D,3.4,True,240.0
2017-04-02,2016,D,A,0.3341148,0.17593886,0.48994637,3.1,3.75,2.3,A,2.3,False,-100.0
2017-04-04,2016,H,H,0.8118785,0.15534107,0.032780394,1.45,4.5,8.5,H,1.45,True,44.99999999999999
2017-04-04,2016,D,H,0.85016435,0.10421789,0.04561778,1.57,4.2,6.5,H,1.57,False,-100.0
2017-04-04,2016,H,H,0.38656256,0.37496257,0.23847489,2.5,3.1,3.3,H,2.5,True,150.0
2017-04-04,2016,H,H,0.40266323,0.25043017,0.3469066,2.5,3.2,3.2,H,2.5,True,150.0
2017-04-05,2016,H,H,0.43897226,0.24685217,0.3141756,2.05,3.3,4.2,H,2.05,True,104.99999999999999
2017-04-05,2016,H,H,0.4471293,0.36550912,0.18736163,2.4,3.5,3.1,H,2.4,True,140.0
2017-04-05,2016,H,H,0.881563,0.044947565,0.07348946,1.4,5.25,8.0,H,1.4,True,39.99999999999999
2017-04-05,2016,D,H,0.94283587,0.029032229,0.028131891,1.36,5.25,9.5,H,1.36,False,-100.0
2017-04-05,2016,H,H,0.7024459,0.14867303,0.14888099,1.83,3.7,4.75,H,1.83,True,83.0
2017-04-05,2016,A,A,0.042744197,0.21132651,0.74592936,5.0,4.0,1.73,A,1.73,True,73.0
2017-04-08,2016,A,A,0.06395249,0.29607278,0.6399748,6.5,4.0,1.6,A,1.6,True,60.00000000000001
2017-04-08,2016,H,H,0.79703695,0.19930047,0.0036625846,1.2,7.5,17.0,H,1.2,True,19.999999999999996
2017-04-08,2016,D,H,0.47128737,0.16583061,0.36288196,2.45,3.1,3.4,H,2.45,False,-100.0
2017-04-08,2016,A,H,0.45488924,0.16041076,0.3847,4.0,3.75,1.95,H,4.0,False,-100.0
2017-04-08,2016,H,H,0.859892,0.0907506,0.049357362,1.25,6.5,15.0,H,1.25,True,25.0
2017-04-08,2016,A,D,0.27582136,0.51876664,0.20541197,3.0,3.3,2.55,D,3.3,False,-100.0
2017-04-08,2016,H,D,0.29160956,0.43039188,0.27799854,2.1,3.6,3.7,D,3.6,False,-100.0
2017-04-09,2016,H,H,0.46501467,0.29343283,0.24155246,1.75,3.9,5.0,H,1.75,True,75.0
2017-04-09,2016,A,A,0.106004074,0.050001077,0.8439948,10.0,5.25,1.36,A,1.36,True,36.00000000000001
2017-04-10,2016,H,A,0.144934,0.07304915,0.7820169,4.5,3.9,1.83,A,1.83,False,-100.0
2017-04-15,2016,H,D,0.14343259,0.51001424,0.3465532,1.95,3.3,4.0,D,3.3,False,-100.0
2017-04-15,2016,D,H,0.6897257,0.20063253,0.10964182,1.73,3.6,4.75,H,1.73,False,-100.0
2017-04-15,2016,A,A,0.3463139,0.18119143,0.47249466,4.33,4.0,1.73,A,1.73,True,73.0
2017-04-15,2016,H,H,0.769579,0.16105199,0.06936906,1.4,4.5,8.0,H,1.4,True,39.99999999999999
2017-04-15,2016,H,A,0.15582116,0.38242885,0.46175003,2.4,3.3,2.9,A,2.9,False,-100.0
2017-04-15,2016,H,H,0.9320797,0.024885345,0.04303502,1.25,6.0,10.0,H,1.25,True,25.0
2017-04-15,2016,D,A,0.21971776,0.2901796,0.49010262,3.3,3.25,2.2,A,2.2,False,-100.0
2017-04-16,2016,H,H,0.38751978,0.3441704,0.26830986,2.55,3.2,2.8,H,2.55,True,154.99999999999997
2017-04-16,2016,A,A,0.20091237,0.24576001,0.5533276,4.0,3.8,1.8,A,1.8,True,80.0
2017-04-17,2016,A,A,0.12700844,0.07052421,0.8024673,7.0,4.0,1.5,A,1.5,True,50.0
2017-04-22,2016,D,A,0.08204325,0.45132664,0.46663013,3.3,3.6,2.25,A,2.25,False,-100.0
2017-04-22,2016,H,A,0.134391,0.26304165,0.6025674,2.2,3.4,3.6,A,3.6,False,-100.0
2017-04-22,2016,H,D,0.3122182,0.6256406,0.062141236,1.85,3.75,4.5,D,3.75,False,-100.0
2017-04-22,2016,H,H,0.67658156,0.23117033,0.09224812,1.91,3.7,4.33,H,1.91,True,90.99999999999999
2017-04-23,2016,A,A,0.26513806,0.23725337,0.4976086,5.75,4.0,1.67,A,1.67,True,67.0
2017-04-23,2016,A,H,0.5097667,0.3740869,0.116146356,1.5,4.75,7.0,H,1.5,False,-100.0
2017-04-25,2016,H,H,0.75946057,0.1633621,0.07717735,1.45,4.6,8.5,H,1.45,True,44.99999999999999
2017-04-26,2016,H,H,0.44193748,0.16073154,0.397331,1.6,4.5,5.75,H,1.6,True,60.00000000000001
2017-04-26,2016,A,A,0.17112039,0.07439833,0.75448126,5.5,4.2,1.65,A,1.65,True,64.99999999999999
2017-04-26,2016,H,D,0.3411359,0.4217252,0.23713891,2.3,3.4,3.4,D,3.4,False,-100.0
2017-04-27,2016,D,H,0.48941246,0.22037004,0.2902175,1.91,3.75,4.2,H,1.91,False,-100.0
2017-04-29,2016,A,H,0.3908831,0.3723273,0.23678961,2.4,3.5,2.75,H,2.4,False,-100.0
2017-04-29,2016,A,A,0.18215252,0.1931667,0.62468076,3.0,3.4,2.3,A,2.3,True,129.99999999999997
2017-04-29,2016,D,H,0.60063887,0.22001499,0.17934614,2.0,3.5,3.6,H,2.0,False,-100.0
2017-04-29,2016,D,D,0.3261163,0.5635533,0.11033044,1.6,3.75,5.75,D,3.75,True,275.0
2017-04-29,2016,A,H,0.7018427,0.16325839,0.13489895,1.75,3.5,4.75,H,1.75,False,-100.0
2017-04-30,2016,D,A,0.013874213,0.061873477,0.9242523,13.0,5.25,1.25,A,1.25,False,-100.0
2017-04-30,2016,A,A,0.10464704,0.31962505,0.57572794,3.5,3.6,2.0,A,2.0,True,100.0
2017-04-30,2016,D,H,0.7499874,0.18278247,0.067230135,1.36,4.75,8.0,H,1.36,False,-100.0
2017-04-30,2016,H,H,0.9530857,0.03022771,0.016686594,1.85,3.75,4.0,H,1.85,True,85.00000000000001
2017-05-01,2016,A,A,0.14986618,0.25040284,0.599731,5.75,4.5,1.5,A,1.5,True,50.0
2017-05-05,2016,H,A,0.09629001,0.24070132,0.66300863,8.5,5.25,1.4,A,1.4,False,-100.0
2017-05-06,2016,A,H,0.85720533,0.08198667,0.060807947,1.44,4.75,8.0,H,1.44,False,-100.0
2017-05-06,2016,D,H,0.51886934,0.2941138,0.18701686,2.25,3.3,3.6,H,2.25,False,-100.0
2017-05-06,2016,D,D,0.15837401,0.50922936,0.3323966,2.25,3.6,3.3,D,3.6,True,260.0
2017-05-06,2016,H,H,0.45277092,0.39984682,0.14738226,2.8,3.5,2.63,H,2.8,True,179.99999999999997
2017-05-06,2016,H,H,0.90933037,0.03497946,0.05569017,1.29,6.5,11.0,H,1.29,True,29.000000000000004
2017-05-06,2016,H,H,0.48060355,0.35800442,0.1613921,1.57,4.2,6.5,H,1.57,True,57.00000000000001
2017-05-07,2016,H,H,0.6501811,0.14990197,0.1999169,1.91,3.7,4.33,H,1.91,True,90.99999999999999
2017-05-07,2016,D,H,0.6231255,0.098950766,0.27792376,1.62,4.2,6.0,H,1.62,False,-100.0
2017-05-08,2016,H,H,0.9469279,0.050194684,0.0028773907,1.17,9.0,19.0,H,1.17,True,16.999999999999993
2017-05-10,2016,A,A,0.08193679,0.1604876,0.7575756,3.6,3.8,2.05,A,2.05,True,104.99999999999999
2017-05-12,2016,A,A,0.072263904,0.04798752,0.8797486,10.0,5.25,1.36,A,1.36,True,36.00000000000001
2017-05-12,2016,H,A,0.16968396,0.077721454,0.7525946,1.5,4.5,7.5,A,7.5,False,-100.0
2017-05-13,2016,A,D,0.1439157,0.49520084,0.3608835,4.2,3.8,1.91,D,3.8,False,-100.0
2017-05-13,2016,A,A,0.08291051,0.2786379,0.63845164,4.75,4.1,1.75,A,1.75,True,75.0
2017-05-13,2016,A,D,0.20324239,0.54938406,0.2473735,4.0,3.6,2.0,D,3.6,False,-100.0
2017-05-13,2016,H,D,0.208508,0.5410752,0.2504168,1.91,3.75,4.2,D,3.75,False,-100.0
2017-05-13,2016,H,H,0.89474803,0.10197972,0.0032722668,1.25,7.0,12.0,H,1.25,True,25.0
2017-05-14,2016,H,H,0.61914366,0.28467792,0.09617843,2.1,3.6,3.75,H,2.1,True,110.00000000000001
2017-05-14,2016,H,H,0.4279488,0.18800563,0.3840456,1.73,3.9,5.25,H,1.73,True,73.0
2017-05-14,2016,A,A,0.038105775,0.4465694,0.51532483,5.25,4.0,1.7,A,1.7,True,70.0
2017-05-15,2016,H,H,0.91368055,0.074169785,0.0121496525,1.25,6.75,13.0,H,1.25,True,25.0
2017-05-16,2016,H,H,0.9404037,0.05365059,0.005945694,1.09,13.0,29.0,H,1.09,True,9.000000000000007
2017-05-16,2016,H,H,0.8910476,0.092752464,0.016199937,1.14,9.0,23.0,H,1.14,True,13.99999999999999
2017-05-17,2016,D,H,0.3777061,0.30404803,0.31824586,2.75,3.3,2.8,H,2.75,False,-100.0
2017-05-18,2016,A,A,0.052859914,0.16348156,0.78365856,4.5,3.8,1.85,A,1.85,True,85.00000000000001
2017-05-21,2016,A,H,0.5637845,0.1521115,0.28410405,2.45,3.5,3.0,H,2.45,False,-100.0
2017-05-21,2016,H,H,0.71366876,0.12787351,0.15845774,1.45,5.0,7.5,H,1.45,True,44.99999999999999
2017-05-21,2016,A,A,0.27201226,0.28810447,0.4398832,7.0,4.75,1.5,A,1.5,True,50.0
2017-05-21,2016,D,H,0.43498883,0.18838882,0.37662235,2.0,3.6,4.0,H,2.0,False,-100.0
2017-05-21,2016,H,H,0.95544016,0.023746211,0.020813586,1.14,9.0,23.0,H,1.14,True,13.99999999999999
2017-05-21,2016,H,H,0.59238166,0.2905763,0.117042035,2.5,3.3,3.1,H,2.5,True,150.0
2017-05-21,2016,A,A,0.13263083,0.18661806,0.6807511,11.0,6.0,1.3,A,1.3,True,30.000000000000004
2017-05-21,2016,A,H,0.7924718,0.14761683,0.05991138,1.8,3.8,4.75,H,1.8,False,-100.0
2017-05-21,2016,H,H,0.45734373,0.4458255,0.09683078,2.1,3.5,3.75,H,2.1,True,110.00000000000001
2017-05-21,2016,H,H,0.87118995,0.119951114,0.008858912,1.14,9.0,23.0,H,1.14,True,13.99999999999999
2017-08-11,2017,H,H,0.8280815,0.14306685,0.028851684,1.53,4.5,6.5,H,1.53,True,53.0
2017-08-12,2017,A,H,0.80957437,0.15636738,0.034058265,1.25,6.5,15.0,H,1.25,False,-100.0
2017-08-12,2017,H,H,0.54357594,0.08691617,0.3695079,1.7,3.8,5.75,H,1.7,True,70.0
2017-08-12,2017,D,H,0.5594846,0.30991754,0.13059781,1.62,4.0,6.5,H,1.62,False,-100.0
2017-08-12,2017,D,A,0.23464353,0.32083672,0.44451982,6.0,4.2,1.62,A,1.62,False,-100.0
2017-08-12,2017,H,D,0.22970624,0.5277787,0.2425151,2.4,3.3,3.3,D,3.3,False,-100.0
2017-08-13,2017,A,D,0.15960784,0.6678836,0.17250852,5.5,4.0,1.7,D,4.0,False,-100.0
2017-08-13,2017,H,H,0.7829988,0.06461955,0.15238166,1.3,5.75,12.0,H,1.3,True,30.000000000000004
2017-08-19,2017,A,A,0.15099384,0.14033094,0.7086752,11.0,5.0,1.36,A,1.36,True,36.00000000000001
2017-08-19,2017,H,A,0.12716945,0.13511917,0.7377114,4.5,3.8,1.85,A,1.85,False,-100.0
2017-08-19,2017,H,H,0.5126979,0.38987228,0.09742987,1.36,5.25,9.5,H,1.36,True,36.00000000000001
2017-08-19,2017,H,H,0.7236135,0.19583367,0.08055281,1.75,3.8,5.25,H,1.75,True,75.0
2017-08-19,2017,A,H,0.39377886,0.22823939,0.3779818,2.63,3.2,3.0,H,2.63,False,-100.0
2017-08-19,2017,A,H,0.579771,0.25202164,0.16820738,2.0,3.6,4.0,H,2.0,False,-100.0
2017-08-19,2017,H,H,0.84862185,0.11495362,0.03642458,1.73,3.8,5.5,H,1.73,True,73.0
2017-08-20,2017,H,H,0.91696775,0.019318134,0.06371414,2.5,3.25,3.2,H,2.5,True,150.0
2017-08-20,2017,A,A,0.35537842,0.082502425,0.5621192,2.1,3.6,3.75,A,3.75,True,275.0
2017-08-21,2017,D,H,0.8890979,0.05660461,0.054297477,1.33,5.75,10.0,H,1.33,False,-100.0
2017-08-26,2017,A,H,0.7809581,0.04421644,0.17482543,1.95,3.5,4.33,H,1.95,False,-100.0
2017-08-26,2017,D,H,0.853495,0.09932017,0.04718484,1.91,3.4,4.0,H,1.91,False,-100.0
2017-08-26,2017,H,H,0.61912876,0.18463963,0.19623156,1.33,5.5,11.0,H,1.33,True,33.00000000000001
2017-08-26,2017,H,H,0.69044226,0.21879084,0.0907669,2.3,3.4,3.4,H,2.3,True,129.99999999999997
2017-08-26,2017,D,H,0.66903824,0.05468221,0.2762796,3.9,3.4,2.1,H,3.9,False,-100.0
2017-08-26,2017,A,A,0.007955013,0.1417565,0.8502885,11.0,6.0,1.3,A,1.3,True,30.000000000000004
2017-08-27,2017,H,H,0.9429496,0.04244567,0.014604667,1.45,4.5,8.5,H,1.45,True,44.99999999999999
2017-08-27,2017,H,H,0.8891123,0.05365964,0.057228133,2.15,3.7,3.5,H,2.15,True,114.99999999999999
2017-08-27,2017,D,H,0.92264813,0.054339454,0.023012422,1.25,6.5,15.0,H,1.25,False,-100.0
2017-08-27,2017,D,H,0.5175813,0.2869333,0.19548537,2.4,3.1,3.5,H,2.4,False,-100.0
2017-09-09,2017,H,H,0.49768046,0.27503684,0.22728267,1.85,4.0,4.2,H,1.85,True,85.00000000000001
2017-09-09,2017,A,H,0.78368527,0.17188819,0.044426523,1.65,4.0,6.0,H,1.65,False,-100.0
2017-09-09,2017,A,A,0.015898682,0.15624182,0.82785946,4.75,3.9,1.8,A,1.8,True,80.0
2017-09-09,2017,D,A,0.14282425,0.2773428,0.579833,7.5,4.5,1.5,A,1.5,False,-100.0
2017-09-09,2017,H,A,0.13130413,0.23286198,0.63583386,2.7,3.1,3.0,A,3.0,False,-100.0
2017-09-09,2017,H,H,0.94433594,0.0521753,0.0034888054,1.36,5.5,9.0,H,1.36,True,36.00000000000001
2017-09-09,2017,A,A,0.37108183,0.058967557,0.56995064,3.8,3.5,2.1,A,2.1,True,110.00000000000001
2017-09-10,2017,A,D,0.10587246,0.55271006,0.3414175,2.4,3.25,3.3,D,3.25,False,-100.0
2017-09-10,2017,H,A,0.23545966,0.31719142,0.44734895,2.3,3.25,3.5,A,3.5,False,-100.0
2017-09-11,2017,H,D,0.117027,0.5562851,0.32668796,1.95,3.5,4.5,D,3.5,False,-100.0
2017-09-15,2017,H,H,0.6408829,0.29048806,0.068629034,2.15,3.4,3.8,H,2.15,True,114.99999999999999
2017-09-16,2017,D,D,0.29412085,0.42692327,0.27895585,2.38,3.25,3.4,D,3.25,True,225.0
2017-09-16,2017,A,A,0.06378471,0.22896944,0.7072458,9.0,6.0,1.33,A,1.33,True,33.00000000000001
2017-09-16,2017,D,H,0.89965343,0.03516317,0.06518337,1.22,7.0,15.0,H,1.22,False,-100.0
2017-09-16,2017,D,H,0.9532754,0.024496626,0.022227984,1.29,6.0,13.0,H,1.29,False,-100.0
2017-09-16,2017,D,H,0.420056,0.18962325,0.39032072,3.5,3.4,2.25,H,3.5,False,-100.0
2017-09-16,2017,A,A,0.19388947,0.106715575,0.69939494,3.0,3.3,2.6,A,2.6,True,160.0
2017-09-16,2017,H,H,0.4735247,0.23482284,0.2916525,2.38,3.25,3.4,H,2.38,True,138.0
2017-09-17,2017,D,H,0.7022702,0.18383464,0.11389516,1.8,4.0,4.5,H,1.8,False,-100.0
2017-09-17,2017,H,H,0.7887176,0.08546377,0.1258186,1.36,5.25,10.0,H,1.36,True,36.00000000000001
2017-09-23,2017,A,A,0.24244504,0.14395514,0.61359984,5.5,3.8,1.73,A,1.73,True,73.0
2017-09-23,2017,D,H,0.508119,0.16348395,0.32839707,2.15,3.25,3.9,H,2.15,False,-100.0
2017-09-23,2017,A,A,0.26965323,0.1774811,0.5528657,4.1,3.9,1.91,A,1.91,True,90.99999999999999
2017-09-23,2017,H,H,0.89631265,0.05789685,0.045790546,1.65,4.0,5.75,H,1.65,True,64.99999999999999
2017-09-23,2017,A,D,0.09337526,0.5031412,0.40348354,2.4,3.3,3.25,D,3.3,False,-100.0
2017-09-23,2017,A,A,0.025300445,0.13117236,0.8435272,6.0,4.33,1.6,A,1.6,True,60.00000000000001
2017-09-23,2017,A,A,0.21293665,0.104294024,0.6827693,6.0,4.1,1.62,A,1.62,True,62.000000000000014
2017-09-23,2017,H,H,0.98285,0.013805065,0.0033449961,1.14,10.0,21.0,H,1.14,True,13.99999999999999
2017-09-24,2017,H,D,0.24651694,0.51290786,0.24057518,2.8,3.1,2.9,D,3.1,False,-100.0
2017-09-25,2017,H,H,0.8318008,0.10528518,0.06291403,1.33,5.5,11.0,H,1.33,True,33.00000000000001
2017-09-30,2017,H,H,0.63771707,0.2660177,0.0962652,1.8,3.5,4.5,H,1.8,True,80.0
2017-09-30,2017,H,D,0.31267512,0.39365557,0.29366928,2.88,3.2,2.45,D,3.2,False,-100.0
2017-09-30,2017,H,H,0.9467392,0.035107575,0.018153237,1.17,7.0,15.0,H,1.17,True,16.999999999999993
2017-09-30,2017,D,A,0.17581059,0.1666631,0.6575263,2.15,3.2,3.5,A,3.5,False,-100.0
2017-09-30,2017,A,A,0.08342818,0.31601197,0.60055983,2.75,3.3,2.5,A,2.5,True,150.0
2017-09-30,2017,D,D,0.12912905,0.43592194,0.43494898,2.8,3.25,2.5,D,3.25,True,225.0
2017-09-30,2017,A,A,0.14210214,0.053291786,0.8046061,8.5,4.75,1.36,A,1.36,True,36.00000000000001
2017-10-01,2017,D,A,0.04744329,0.0093544815,0.94320226,5.0,3.8,1.67,A,1.67,False,-100.0
2017-10-01,2017,H,H,0.96345323,0.027815593,0.008731144,1.2,6.5,13.0,H,1.2,True,19.999999999999996
2017-10-01,2017,A,H,0.59222364,0.29689503,0.110881336,1.67,3.6,5.75,H,1.67,False,-100.0
2017-10-14,2017,H,H,0.9013921,0.041629456,0.05697848,1.2,8.0,15.0,H,1.2,True,19.999999999999996
2017-10-14,2017,D,A,0.31097218,0.1325198,0.55650806,2.75,3.25,2.8,A,2.8,False,-100.0
2017-10-14,2017,H,A,0.10371491,0.0866885,0.80959654,9.0,5.0,1.4,A,1.4,False,-100.0
2017-10-14,2017,D,D,0.3363045,0.60789484,0.055800732,2.8,3.25,2.8,D,3.25,True,225.0
2017-10-14,2017,H,H,0.9504246,0.031714644,0.01786073,1.14,9.5,21.0,H,1.14,True,13.99999999999999
2017-10-14,2017,H,D,0.44744498,0.47059563,0.081959344,2.2,3.25,3.75,D,3.25,False,-100.0
2017-10-14,2017,H,A,0.1354483,0.15837993,0.7061718,5.25,4.33,1.65,A,1.65,False,-100.0
2017-10-15,2017,D,A,0.22279966,0.2127002,0.56450015,3.25,3.3,2.4,A,2.4,False,-100.0
2017-10-15,2017,D,H,0.45866117,0.34830222,0.19303663,1.91,3.6,4.5,H,1.91,False,-100.0
2017-10-16,2017,D,H,0.7718032,0.0923369,0.1358599,2.05,3.4,4.2,H,2.05,False,-100.0
2017-10-20,2017,A,H,0.50621045,0.1634438,0.33034575,1.83,3.5,5.25,H,1.83,False,-100.0
2017-10-21,2017,A,H,0.48749408,0.31765303,0.1948529,2.14,3.5,3.6,H,2.14,False,-100.0
2017-10-21,2017,A,D,0.24347298,0.4470621,0.30946493,2.79,3.25,2.75,D,3.25,False,-100.0
2017-10-21,2017,H,H,0.4709599,0.21074854,0.3182916,1.85,3.39,5.25,H,1.85,True,85.00000000000001
2017-10-21,2017,H,A,0.02672817,0.04800709,0.9252647,11.0,5.0,1.36,A,1.36,False,-100.0
2017-10-21,2017,H,H,0.98228055,0.014065333,0.003654163,1.11,12.0,26.0,H,1.11,True,11.00000000000001
2017-10-21,2017,H,H,0.76235825,0.15989545,0.07774627,1.36,5.25,10.0,H,1.36,True,36.00000000000001
2017-10-21,2017,H,A,0.26595077,0.24826121,0.48578796,2.0,3.5,4.2,A,4.2,False,-100.0
2017-10-22,2017,A,A,0.14287834,0.2154767,0.64164495,3.79,3.6,2.04,A,2.04,True,104.0
2017-10-22,2017,H,H,0.44511023,0.3521865,0.20270325,2.25,3.5,3.39,H,2.25,True,125.0
2017-10-28,2017,H,H,0.88508594,0.08629362,0.028620413,1.25,7.0,12.0,H,1.25,True,25.0
2017-10-28,2017,A,A,0.057998616,0.22551247,0.71648896,6.0,4.2,1.61,A,1.61,True,61.00000000000001
2017-10-28,2017,A,D,0.3134983,0.36195055,0.32455114,2.04,3.6,3.79,D,3.6,False,-100.0
2017-10-28,2017,D,A,0.039172754,0.25717437,0.7036529,2.39,3.29,3.29,A,3.29,False,-100.0
2017-10-28,2017,H,H,0.43568245,0.19779992,0.36651763,2.14,3.39,3.79,H,2.14,True,114.00000000000001
2017-10-28,2017,A,A,0.022681452,0.115328215,0.86199033,11.0,6.5,1.28,A,1.28,True,28.000000000000004
2017-10-28,2017,H,H,0.7920775,0.14696784,0.060954746,1.25,6.75,13.0,H,1.25,True,25.0
2017-10-29,2017,D,A,0.33489063,0.11778627,0.5473231,3.29,3.2,2.45,A,2.45,False,-100.0
2017-10-29,2017,H,H,0.47507337,0.2031911,0.32173553,2.14,3.39,3.75,H,2.14,True,114.00000000000001
2017-10-30,2017,H,H,0.36514592,0.35543275,0.2794213,2.89,3.2,2.7,H,2.89,True,189.0
2017-11-04,2017,A,H,0.5673987,0.30334616,0.1292551,2.39,3.2,3.39,H,2.39,False,-100.0
2017-11-04,2017,D,D,0.34178284,0.38047847,0.2777387,2.7,3.29,2.87,D,3.29,True,229.0
2017-11-04,2017,A,H,0.92535025,0.054875363,0.019774446,1.66,3.75,6.5,H,1.66,False,-100.0
2017-11-04,2017,H,A,0.057593267,0.4187037,0.523703,2.79,3.0,3.0,A,3.0,False,-100.0
2017-11-04,2017,A,A,0.15120848,0.15341245,0.6953791,5.25,4.33,1.66,A,1.66,True,65.99999999999999
2017-11-04,2017,A,H,0.5468392,0.30281106,0.15034975,2.0,3.5,4.2,H,2.0,False,-100.0
2017-11-05,2017,H,D,0.33927548,0.41929087,0.24143362,2.2,3.39,3.6,D,3.39,False,-100.0
2017-11-05,2017,H,H,0.75074255,0.20399286,0.045264557,1.39,5.5,7.5,H,1.39,True,38.99999999999999
2017-11-05,2017,H,A,0.30314216,0.23433128,0.4625265,2.5,3.2,3.2,A,3.2,False,-100.0
2017-11-05,2017,H,H,0.7283042,0.24969476,0.022001058,1.28,6.0,12.0,H,1.28,True,28.000000000000004
2017-11-18,2017,H,H,0.5011549,0.38409987,0.11474523,2.5,3.6,2.89,H,2.5,True,150.0
2017-11-18,2017,H,H,0.84371656,0.08962541,0.06665801,1.83,3.5,5.25,H,1.83,True,83.0
2017-11-18,2017,H,A,0.32403925,0.24445325,0.43150753,2.14,3.2,4.0,A,4.0,False,-100.0
2017-11-18,2017,D,D,0.2508277,0.6617577,0.0874146,2.39,3.25,3.29,D,3.25,True,225.0
2017-11-18,2017,A,A,0.01766697,0.035443384,0.94688964,9.5,5.75,1.33,A,1.33,True,33.00000000000001
2017-11-18,2017,A,A,0.39844385,0.056011368,0.5455448,6.5,4.0,1.61,A,1.61,True,61.00000000000001
2017-11-18,2017,H,H,0.87429667,0.109676585,0.016026799,1.28,5.75,13.0,H,1.28,True,28.000000000000004
2017-11-18,2017,H,H,0.7199346,0.16365165,0.116413765,1.39,5.0,9.0,H,1.39,True,38.99999999999999
2017-11-19,2017,H,H,0.650016,0.18851909,0.16146493,2.1,3.5,3.75,H,2.1,True,110.00000000000001
2017-11-20,2017,D,H,0.41512915,0.32483602,0.26003483,2.39,3.2,3.39,H,2.39,False,-100.0
2017-11-24,2017,D,H,0.41841847,0.22396317,0.3576184,2.7,3.39,2.75,H,2.7,False,-100.0
2017-11-25,2017,D,H,0.95140105,0.047398232,0.0012006512,1.25,6.0,16.0,H,1.25,False,-100.0
2017-11-25,2017,D,D,0.22054715,0.47206855,0.3073843,2.79,3.25,2.79,D,3.25,True,225.0
2017-11-25,2017,A,H,0.63494545,0.17688581,0.18816873,2.2,3.5,3.5,H,2.2,False,-100.0
2017-11-25,2017,D,H,0.5963682,0.29274255,0.110889226,2.14,3.6,3.5,H,2.14,False,-100.0
2017-11-25,2017,H,H,0.68155736,0.20213339,0.11630921,2.04,3.5,4.0,H,2.04,True,104.0
2017-11-25,2017,H,H,0.7392602,0.25410473,0.006635083,1.19,7.0,19.0,H,1.19,True,18.999999999999993
2017-11-26,2017,A,A,0.29252204,0.27881953,0.42865843,6.5,4.5,1.53,A,1.53,True,53.0
2017-11-26,2017,A,A,0.004609429,0.11240524,0.88298535,17.0,8.0,1.18,A,1.18,True,17.999999999999993
2017-11-26,2017,H,H,0.6294035,0.20872436,0.1618722,1.9,3.39,4.75,H,1.9,True,89.99999999999999
2017-11-28,2017,A,A,0.1482528,0.15946518,0.692282,5.25,3.89,1.72,A,1.72,True,72.0
2017-11-28,2017,D,D,0.2758764,0.6225998,0.10152381,2.37,3.1,3.5,D,3.1,True,210.0
2017-11-28,2017,D,D,0.2933985,0.5068477,0.19975382,2.7,3.1,3.0,D,3.1,True,210.0
2017-11-28,2017,H,A,0.27255297,0.06750069,0.6599464,5.0,3.89,1.75,A,1.75,False,-100.0
2017-11-29,2017,H,H,0.93135643,0.049310915,0.019332636,1.19,7.5,17.0,H,1.19,True,18.999999999999993
2017-11-29,2017,A,H,0.64571345,0.14003131,0.21425527,2.0,3.39,4.33,H,2.0,False,-100.0
2017-11-29,2017,H,H,0.6389267,0.34678409,0.014289212,1.18,8.0,17.0,H,1.18,True,17.999999999999993
2017-11-29,2017,H,H,0.44297543,0.14710206,0.40992248,2.37,3.29,3.29,H,2.37,True,137.0
2017-11-29,2017,H,H,0.7343973,0.18456563,0.08103708,1.19,8.0,15.0,H,1.19,True,18.999999999999993
2017-11-29,2017,A,A,0.09455471,0.10845266,0.7969926,6.5,4.5,1.55,A,1.55,True,55.00000000000001
2017-12-02,2017,H,H,0.5933669,0.061211627,0.34542146,1.72,3.79,5.5,H,1.72,True,72.0
2017-12-02,2017,A,D,0.29835826,0.5464542,0.15518756,2.5,3.39,3.0,D,3.39,False,-100.0
2017-12-02,2017,A,A,0.07744042,0.14360458,0.77895504,7.5,4.5,1.5,A,1.5,True,50.0
2017-12-02,2017,H,H,0.7254448,0.22678371,0.04777156,1.25,6.5,15.0,H,1.25,True,25.0
2017-12-02,2017,H,H,0.67222446,0.054917317,0.27285817,1.95,3.39,4.5,H,1.95,True,95.0
2017-12-02,2017,D,H,0.51381797,0.040658265,0.44552377,2.5,3.2,3.2,H,2.5,False,-100.0
2017-12-02,2017,D,A,0.050960116,0.13781519,0.8112247,5.0,4.0,1.72,A,1.72,False,-100.0
2017-12-02,2017,H,H,0.46633202,0.44739443,0.086273536,1.83,3.6,5.0,H,1.83,True,83.0
2017-12-03,2017,D,A,0.31980726,0.2426184,0.4375744,2.89,3.25,2.39,A,2.39,False,-100.0
2017-12-03,2017,H,H,0.9780213,0.021096483,0.00088223274,1.08,11.0,21.0,H,1.08,True,8.000000000000007
2017-12-09,2017,A,D,0.3639123,0.4096732,0.22641449,2.62,3.29,2.89,D,3.29,False,-100.0
2017-12-09,2017,H,A,0.29684815,0.26819757,0.43495432,2.7,3.1,3.0,A,3.0,False,-100.0
2017-12-09,2017,H,D,0.31861654,0.5191546,0.16222884,2.7,3.1,3.0,D,3.1,False,-100.0
2017-12-09,2017,H,H,0.91961646,0.05689731,0.023486262,1.28,6.5,11.0,H,1.28,True,28.000000000000004
2017-12-09,2017,H,H,0.44884735,0.22347423,0.32767838,2.6,3.25,3.0,H,2.6,True,160.0
2017-12-09,2017,D,H,0.5133436,0.27599534,0.2106611,2.04,3.5,4.0,H,2.04,False,-100.0
2017-12-09,2017,H,A,0.12942691,0.17450769,0.69606537,7.5,4.5,1.5,A,1.5,False,-100.0
2017-12-10,2017,D,A,0.3111643,0.20440535,0.4844304,4.0,3.75,1.95,A,1.95,False,-100.0
2017-12-10,2017,D,H,0.92017573,0.05907365,0.020750647,1.3,6.0,11.0,H,1.3,False,-100.0
2017-12-10,2017,A,D,0.08829809,0.51989156,0.3918104,3.39,3.5,2.25,D,3.5,False,-100.0
2017-12-12,2017,H,H,0.78413004,0.071088545,0.14478146,2.29,3.2,3.6,H,2.29,True,129.0
2017-12-12,2017,H,H,0.4830443,0.31844008,0.19851565,2.29,3.5,3.25,H,2.29,True,129.0
2017-12-12,2017,A,A,0.2582184,0.18642585,0.5553557,9.0,4.5,1.44,A,1.44,True,43.99999999999999
2017-12-13,2017,D,A,0.1587511,0.19791138,0.64333755,5.25,4.2,1.66,A,1.66,False,-100.0
2017-12-13,2017,A,A,0.0069696577,0.03890127,0.95412904,15.0,6.5,1.25,A,1.25,True,25.0
2017-12-13,2017,A,H,0.4267455,0.3299763,0.24327815,2.1,3.39,3.89,H,2.1,False,-100.0
2017-12-13,2017,D,H,0.94297844,0.052612208,0.004409376,1.22,7.0,15.0,H,1.22,False,-100.0
2017-12-13,2017,H,H,0.94657904,0.029327866,0.024093054,1.28,6.0,12.0,H,1.28,True,28.000000000000004
2017-12-13,2017,H,H,0.63629204,0.35714558,0.0065623787,1.25,6.5,15.0,H,1.25,True,25.0
2017-12-13,2017,A,D,0.041377265,0.6307948,0.3278279,2.39,3.29,3.25,D,3.29,False,-100.0
2017-12-16,2017,H,H,0.7631717,0.12603767,0.110790685,1.39,5.0,9.0,H,1.39,True,38.99999999999999
2017-12-16,2017,D,D,0.3210919,0.5838494,0.095058784,2.62,3.0,3.2,D,3.0,True,200.0
2017-12-16,2017,H,D,0.4208534,0.5069036,0.07224298,1.25,6.5,14.0,D,6.5,False,-100.0
2017-12-16,2017,A,H,0.52392805,0.23822828,0.23784363,1.89,3.6,4.5,H,1.89,False,-100.0
2017-12-16,2017,H,H,0.7217823,0.10567146,0.17254627,1.55,4.59,6.0,H,1.55,True,55.00000000000001
2017-12-16,2017,A,H,0.6000959,0.16982573,0.23007828,2.29,3.29,3.5,H,2.29,False,-100.0
2017-12-16,2017,A,H,0.7595867,0.16120967,0.0792036,1.8,3.75,5.0,H,1.8,False,-100.0
2017-12-17,2017,A,A,0.19919199,0.27997118,0.52083683,6.5,4.5,1.53,A,1.53,True,53.0
2017-12-17,2017,A,A,0.037805505,0.110572085,0.85162234,6.5,4.0,1.6,A,1.6,True,60.00000000000001
2017-12-18,2017,H,H,0.6352082,0.056518704,0.30827314,1.72,3.75,5.5,H,1.72,True,72.0
2017-12-22,2017,D,H,0.65336573,0.28976843,0.056865826,2.54,3.6,2.79,H,2.54,False,-100.0
2017-12-23,2017,D,A,0.23294498,0.22065355,0.54640144,4.5,3.6,1.9,A,1.9,False,-100.0
2017-12-23,2017,H,H,0.41544142,0.37852424,0.20603432,2.62,3.2,3.0,H,2.62,True,162.0
2017-12-23,2017,A,A,0.15293874,0.06684257,0.7802187,7.0,4.2,1.55,A,1.55,True,55.00000000000001
2017-12-23,2017,D,A,0.0961087,0.031449627,0.8724417,6.0,3.89,1.66,A,1.66,False,-100.0
2017-12-23,2017,D,H,0.81515306,0.12540622,0.059440754,1.61,3.89,6.5,H,1.61,False,-100.0
2017-12-23,2017,H,H,0.9909146,0.0063619725,0.0027234848,1.12,11.0,23.0,H,1.12,True,12.00000000000001
2017-12-23,2017,D,H,0.58394814,0.2669106,0.14914125,3.29,3.2,2.45,H,3.29,False,-100.0
2017-12-23,2017,A,D,0.3604433,0.46879032,0.17076637,2.1,3.39,3.89,D,3.39,False,-100.0
2017-12-23,2017,H,D,0.34853843,0.38455355,0.26690808,2.29,3.25,3.5,D,3.25,False,-100.0
2017-12-26,2017,D,H,0.50551355,0.19818838,0.29629803,2.5,3.2,3.2,H,2.5,False,-100.0
2017-12-26,2017,D,A,0.2880842,0.23759848,0.47431737,2.79,3.29,2.75,A,2.75,False,-100.0
2017-12-26,2017,H,H,0.85916144,0.10658696,0.034251623,1.19,7.5,17.0,H,1.19,True,18.999999999999993
2017-12-26,2017,H,H,0.94861704,0.047878273,0.0035047154,1.16,9.0,19.0,H,1.16,True,15.999999999999993
2017-12-26,2017,D,H,0.8792116,0.1112641,0.009524248,1.25,6.5,15.0,H,1.25,False,-100.0
2017-12-26,2017,H,H,0.48448092,0.15946233,0.35605678,2.54,3.5,2.87,H,2.54,True,154.0
2017-12-26,2017,D,H,0.43485054,0.19209766,0.37305176,2.54,3.2,3.1,H,2.54,False,-100.0
2017-12-26,2017,H,H,0.7624216,0.1672012,0.07037712,1.36,5.25,10.0,H,1.36,True,36.00000000000001
2017-12-27,2017,A,A,0.008962693,0.030485244,0.9605521,13.0,6.75,1.25,A,1.25,True,25.0
2017-12-28,2017,A,A,0.18755233,0.14997593,0.6624717,4.5,4.0,1.8,A,1.8,True,80.0
2017-12-30,2017,D,H,0.5631496,0.13750786,0.2993426,1.36,5.5,9.0,H,1.36,False,-100.0
2017-12-30,2017,D,H,0.59691286,0.25740325,0.1456839,2.14,3.2,4.0,H,2.14,False,-100.0
2017-12-30,2017,A,H,0.9218906,0.039672278,0.038437136,1.66,3.79,6.0,H,1.66,False,-100.0
2017-12-30,2017,D,H,0.61460334,0.33291426,0.05248238,2.37,3.1,3.5,H,2.37,False,-100.0
2017-12-30,2017,H,H,0.94976765,0.044311047,0.005921338,1.16,8.5,19.0,H,1.16,True,15.999999999999993
2017-12-30,2017,H,D,0.088078566,0.734299,0.17762248,2.37,3.29,3.29,D,3.29,False,-100.0
2017-12-30,2017,H,H,0.5593001,0.2775785,0.16312142,1.3,6.0,11.0,H,1.3,True,30.000000000000004
2017-12-31,2017,D,A,0.05393727,0.017026572,0.92903614,11.0,6.5,1.28,A,1.28,False,-100.0
2017-12-31,2017,D,A,0.07649111,0.15420471,0.76930416,5.0,4.0,1.72,A,1.72,False,-100.0
2018-01-01,2017,H,H,0.64280504,0.17847183,0.1787231,1.66,3.79,6.0,H,1.66,True,65.99999999999999
2018-01-01,2017,A,A,0.25666672,0.19369106,0.5496422,5.5,3.5,1.8,A,1.8,True,80.0
2018-01-01,2017,A,H,0.5157732,0.25774944,0.2264774,2.29,3.29,3.5,H,2.29,False,-100.0
2018-01-01,2017,D,D,0.3715038,0.37162897,0.2568673,2.37,3.2,3.39,D,3.2,True,220.00000000000003
2018-01-01,2017,A,A,0.11021305,0.23014693,0.65964,7.5,4.5,1.5,A,1.5,True,50.0
2018-01-02,2017,H,H,0.9339189,0.058034636,0.008046524,1.12,8.5,19.0,H,1.12,True,12.00000000000001
2018-01-02,2017,A,H,0.42022133,0.22148332,0.35829532,1.9,3.39,4.0,H,1.9,False,-100.0
2018-01-02,2017,A,A,0.022815872,0.088442475,0.8887417,12.0,4.75,1.3,A,1.3,True,30.000000000000004
2018-01-02,2017,H,A,0.22721337,0.1562181,0.61656857,1.9,3.39,4.09,A,4.09,False,-100.0
2018-01-03,2017,D,D,0.14125663,0.7195399,0.13920352,2.6,3.39,2.6,D,3.39,True,239.0
2018-01-04,2017,D,H,0.85734624,0.0920527,0.05060104,1.25,6.0,10.0,H,1.25,False,-100.0
2018-01-13,2017,H,A,0.35840192,0.13483079,0.5067673,2.14,3.0,4.33,A,4.33,False,-100.0
2018-01-13,2017,D,H,0.46663725,0.2970458,0.236317,2.5,3.39,3.0,H,2.5,False,-100.0
2018-01-13,2017,H,H,0.9135425,0.06680198,0.019655503,1.28,6.0,13.0,H,1.28,True,28.000000000000004
2018-01-13,2017,A,H,0.4753285,0.33288193,0.19178957,2.62,3.1,3.1,H,2.62,False,-100.0
2018-01-13,2017,H,H,0.37776116,0.32791433,0.29432455,2.0,3.29,4.5,H,2.0,True,100.0
2018-01-13,2017,D,H,0.87400734,0.10543275,0.020559903,1.3,5.75,12.0,H,1.3,False,-100.0
2018-01-13,2017,D,H,0.42222196,0.33762488,0.2401532,1.95,3.39,4.5,H,1.95,False,-100.0
2018-01-14,2017,H,A,0.42377052,0.13845617,0.4377733,4.75,4.2,1.75,A,1.75,False,-100.0
2018-01-14,2017,H,A,0.24988721,0.31351396,0.43659878,3.1,3.75,2.29,A,2.29,False,-100.0
2018-01-15,2017,H,H,0.6257633,0.34217155,0.032065123,1.22,7.0,15.0,H,1.22,True,21.999999999999996
2018-01-20,2017,H,H,0.72066474,0.113540344,0.16579494,1.5,4.75,7.0,H,1.5,True,50.0
2018-01-20,2017,A,A,0.07020279,0.037893932,0.8919033,6.5,3.89,1.61,A,1.61,True,61.00000000000001
2018-01-20,2017,A,A,0.03348665,0.023775626,0.9427377,7.5,3.89,1.57,A,1.57,True,57.00000000000001
2018-01-20,2017,D,A,0.21056654,0.043477934,0.7459555,2.14,3.2,4.0,A,4.0,False,-100.0
2018-01-20,2017,H,H,0.92739606,0.070705675,0.0018982791,1.12,10.0,26.0,H,1.12,True,12.00000000000001
2018-01-20,2017,D,H,0.55528486,0.19544975,0.24926539,2.0,3.6,4.0,H,2.0,False,-100.0
2018-01-20,2017,H,H,0.61572766,0.2507005,0.13357185,1.85,3.89,4.33,H,1.85,True,85.00000000000001
2018-01-20,2017,H,H,0.4589068,0.19667554,0.34441766,2.04,3.39,4.09,H,2.04,True,104.0
2018-01-21,2017,D,A,0.037178148,0.21298268,0.7498391,5.75,4.09,1.64,A,1.64,False,-100.0
2018-01-22,2017,H,A,0.017090928,0.028225694,0.95468336,12.0,5.75,1.3,A,1.3,False,-100.0
2018-01-30,2017,A,A,0.021556946,0.13672686,0.8417162,12.0,5.75,1.3,A,1.3,True,30.000000000000004
2018-01-30,2017,H,A,0.19041309,0.028458772,0.78112817,7.0,4.59,1.5,A,1.5,False,-100.0
2018-01-30,2017,D,H,0.4150068,0.39507896,0.18991421,3.1,3.25,2.54,H,3.1,False,-100.0
2018-01-31,2017,H,H,0.9970067,0.0020610746,0.0009322261,1.14,10.0,21.0,H,1.14,True,13.99999999999999
2018-01-31,2017,A,H,0.8272703,0.050103176,0.12262654,1.28,6.5,11.0,H,1.28,False,-100.0
2018-01-31,2017,H,D,0.29776305,0.42197284,0.28026408,3.0,3.2,2.62,D,3.2,False,-100.0
2018-01-31,2017,H,H,0.4540747,0.27780217,0.26812315,2.35,3.29,3.39,H,2.35,True,135.0
2018-01-31,2017,D,D,0.3615989,0.3745838,0.26381728,2.2,3.2,3.89,D,3.2,True,220.00000000000003
2018-01-31,2017,D,H,0.4599327,0.26147556,0.27859172,2.25,3.5,3.39,H,2.25,False,-100.0
2018-01-31,2017,D,H,0.53661436,0.24204202,0.22134365,1.75,3.5,6.0,H,1.75,False,-100.0
2018-02-03,2017,H,H,0.9822807,0.017334199,0.00038511606,1.16,8.5,19.0,H,1.16,True,15.999999999999993
2018-02-03,2017,A,A,0.31892264,0.22466092,0.4564165,2.54,3.2,3.1,A,3.1,True,210.0
2018-02-03,2017,D,H,0.56518525,0.2753338,0.15948094,1.8,3.6,5.25,H,1.8,False,-100.0
2018-02-03,2017,D,A,0.014052184,0.016594391,0.96935344,13.0,6.0,1.28,A,1.28,False,-100.0
2018-02-03,2017,H,D,0.40559772,0.45720336,0.13719891,2.35,3.0,3.7,D,3.0,False,-100.0
2018-02-03,2017,H,H,0.7551651,0.185298,0.05953688,1.9,3.7,4.33,H,1.9,True,89.99999999999999
2018-02-03,2017,H,H,0.8763845,0.056543652,0.06707187,1.3,5.75,12.0,H,1.3,True,30.000000000000004
2018-02-04,2017,D,H,0.5096385,0.18657362,0.3037879,2.04,3.39,4.2,H,2.04,False,-100.0
2018-02-04,2017,D,D,0.27311894,0.5754616,0.15141943,2.1,3.75,3.6,D,3.75,True,275.0
2018-02-05,2017,H,A,0.10562062,0.28560093,0.6087785,6.25,4.0,1.61,A,1.61,False,-100.0
2018-02-10,2017,D,H,0.4136283,0.17725357,0.4091181,2.2,3.2,3.39,H,2.2,False,-100.0
2018-02-10,2017,H,A,0.07797906,0.08818489,0.833836,2.25,3.25,3.2,A,3.2,False,-100.0
2018-02-10,2017,H,H,0.990853,0.0071957093,0.0019512716,1.19,6.5,13.0,H,1.19,True,18.999999999999993
2018-02-10,2017,H,H,0.47016317,0.27181488,0.258022,2.5,3.29,2.79,H,2.5,True,150.0
2018-02-10,2017,H,D,0.38115838,0.55984116,0.059000473,2.0,3.6,3.5,D,3.6,False,-100.0
2018-02-10,2017,H,D,0.21974753,0.685241,0.095011465,2.37,3.0,3.25,D,3.0,False,-100.0
2018-02-11,2017,H,A,0.1504085,0.07534123,0.7742502,3.25,3.2,2.25,A,2.25,False,-100.0
2018-02-11,2017,H,A,0.09531958,0.1893062,0.71537423,5.5,3.75,1.61,A,1.61,False,-100.0
2018-02-11,2017,A,A,0.13094957,0.28877863,0.58027184,4.2,3.79,1.8,A,1.8,True,80.0
2018-02-12,2017,H,H,0.82422286,0.07185015,0.10392699,1.36,4.75,8.0,H,1.36,True,36.00000000000001
2018-02-24,2017,H,H,0.68058085,0.13632655,0.18309262,2.25,3.39,3.5,H,2.25,True,125.0
2018-02-24,2017,A,H,0.8054285,0.073487855,0.12108366,1.95,3.29,4.75,H,1.95,False,-100.0
2018-02-24,2017,H,H,0.81037295,0.17817768,0.011449384,1.22,7.5,13.0,H,1.22,True,21.999999999999996
2018-02-24,2017,D,D,0.26934442,0.37920594,0.35144964,2.89,3.1,2.79,D,3.1,True,210.0
2018-02-24,2017,H,H,0.55633485,0.25544554,0.18821964,2.14,3.25,4.0,H,2.14,True,114.00000000000001
2018-02-24,2017,D,H,0.4565079,0.25264043,0.29085162,2.1,3.5,3.79,H,2.1,False,-100.0
2018-02-24,2017,D,H,0.4282485,0.16994707,0.40180445,1.72,3.89,5.25,H,1.72,False,-100.0
2018-02-25,2017,H,H,0.5441452,0.22086172,0.2349931,2.29,3.25,3.5,H,2.29,True,129.0
2018-02-25,2017,A,A,0.062438156,0.04724057,0.89032125,7.5,4.5,1.5,A,1.5,True,50.0
2018-03-01,2017,A,A,0.050802175,0.4557843,0.4934135,4.5,4.0,1.72,A,1.72,True,72.0
2018-03-03,2017,D,H,0.5715976,0.18022181,0.24818063,1.75,3.75,5.25,H,1.75,False,-100.0
2018-03-03,2017,H,H,0.4258121,0.35899803,0.2151899,2.14,3.29,3.89,H,2.14,True,114.00000000000001
2018-03-03,2017,H,H,0.9647844,0.03281085,0.0024047706,1.19,7.5,17.0,H,1.19,True,18.999999999999993
2018-03-03,2017,H,H,0.54087657,0.1821213,0.2770022,2.6,3.25,3.0,H,2.6,True,160.0
2018-03-03,2017,H,H,0.84001476,0.14409117,0.015894061,1.22,7.0,15.0,H,1.22,True,21.999999999999996
2018-03-03,2017,D,H,0.7328579,0.11146088,0.1556812,1.85,3.75,4.5,H,1.85,False,-100.0
2018-03-03,2017,H,A,0.18254364,0.3007796,0.5166768,2.5,3.1,3.29,A,3.29,False,-100.0
2018-03-04,2017,H,D,0.21543662,0.39487892,0.38968444,4.2,3.79,1.9,D,3.79,False,-100.0
2018-03-04,2017,H,H,0.90762395,0.079741515,0.012634599,1.61,4.2,6.0,H,1.61,True,61.00000000000001
2018-03-05,2017,A,A,0.18700096,0.07606884,0.73693025,7.0,4.0,1.57,A,1.57,True,57.00000000000001
2018-03-10,2017,H,H,0.82225406,0.026933853,0.15081209,1.3,5.75,12.0,H,1.3,True,30.000000000000004
2018-03-10,2017,H,D,0.16192219,0.4983375,0.33974034,2.75,3.39,2.75,D,3.39,False,-100.0
2018-03-10,2017,D,D,0.28479502,0.5201297,0.19507529,2.54,3.1,3.2,D,3.1,True,210.0
2018-03-10,2017,H,H,0.41179037,0.3244051,0.2638045,2.2,3.2,3.89,H,2.2,True,120.00000000000001
2018-03-10,2017,A,A,0.11772228,0.10217615,0.78010154,3.0,3.25,2.6,A,2.6,True,160.0
2018-03-10,2017,A,D,0.37997237,0.52845454,0.09157309,2.29,3.2,3.6,D,3.2,False,-100.0
2018-03-10,2017,H,D,0.21390471,0.44588047,0.34021485,2.79,3.2,2.79,D,3.2,False,-100.0
2018-03-11,2017,H,H,0.71233606,0.2159336,0.071730345,1.44,5.0,7.5,H,1.44,True,43.99999999999999
2018-03-11,2017,A,A,0.2094519,0.13823318,0.6523149,6.5,4.5,1.55,A,1.55,True,55.00000000000001
2018-03-12,2017,A,A,0.012108005,0.041019466,0.94687253,15.0,6.5,1.25,A,1.25,True,25.0
2018-03-17,2017,H,D,0.42233628,0.49540272,0.08226097,1.83,3.6,5.0,D,3.6,False,-100.0
2018-03-17,2017,A,D,0.22091462,0.42773256,0.35135284,3.0,3.1,2.7,D,3.1,False,-100.0
2018-03-17,2017,H,H,0.8866553,0.08398695,0.029357772,1.19,8.0,15.0,H,1.19,True,18.999999999999993
2018-03-17,2017,A,D,0.3571374,0.37772334,0.2651393,2.5,3.29,3.1,D,3.29,False,-100.0
2018-03-31,2017,A,A,0.19630304,0.23595479,0.5677421,9.0,5.0,1.33,A,1.33,True,33.00000000000001
2018-03-31,2017,A,A,0.30951756,0.14923306,0.5412494,7.0,4.33,1.44,A,1.44,True,43.99999999999999
2018-03-31,2017,A,H,0.5205749,0.16667973,0.31274533,2.5,3.0,3.1,H,2.5,False,-100.0
2018-03-31,2017,A,H,0.529432,0.2676668,0.20290118,2.7,3.2,2.62,H,2.7,False,-100.0
2018-03-31,2017,D,A,0.39755285,0.15152752,0.45091966,2.29,3.29,3.1,A,3.1,False,-100.0
2018-03-31,2017,H,A,0.20549455,0.25655115,0.53795433,2.7,3.25,2.6,A,2.6,False,-100.0
2018-03-31,2017,H,H,0.4475972,0.39354149,0.15886132,1.75,3.39,5.0,H,1.75,True,75.0
2018-03-31,2017,H,H,0.9697759,0.018206824,0.012017314,1.25,6.0,10.0,H,1.25,True,25.0
2018-04-01,2017,A,D,0.3698074,0.5114974,0.11869518,2.29,3.29,3.1,D,3.29,False,-100.0
2018-04-01,2017,H,H,0.69760597,0.23133655,0.07105744,1.28,5.5,10.0,H,1.28,True,28.000000000000004
2018-04-07,2017,D,H,0.47587973,0.21665387,0.30746645,2.5,3.39,3.0,H,2.5,False,-100.0
2018-04-07,2017,D,H,0.46359158,0.29255003,0.24385841,1.85,3.5,5.0,H,1.85,False,-100.0
2018-04-07,2017,A,H,0.7297773,0.25542173,0.01480098,1.95,3.6,4.2,H,1.95,False,-100.0
2018-04-07,2017,D,A,0.22571419,0.27537018,0.49891558,4.2,3.75,1.9,A,1.9,False,-100.0
2018-04-07,2017,A,A,0.026573157,0.23806563,0.7353612,11.0,5.5,1.33,A,1.33,True,33.00000000000001
2018-04-07,2017,A,A,0.14389378,0.24230127,0.61380494,2.39,3.2,3.39,A,3.39,True,239.0
2018-04-07,2017,D,D,0.27192342,0.538195,0.18988155,2.37,3.2,3.39,D,3.2,True,220.00000000000003
2018-04-07,2017,A,H,0.9439789,0.032521926,0.023499127,1.89,3.79,4.2,H,1.89,False,-100.0
2018-04-08,2017,H,H,0.70516396,0.2428523,0.05198375,1.57,4.5,6.0,H,1.57,True,57.00000000000001
2018-04-08,2017,D,H,0.78034556,0.19824366,0.021410748,1.28,6.0,12.0,H,1.28,False,-100.0
2018-04-14,2017,H,H,0.59890413,0.21380353,0.18729238,1.9,3.5,4.75,H,1.9,True,89.99999999999999
2018-04-14,2017,D,D,0.25626513,0.5231776,0.22055724,2.54,3.25,3.1,D,3.25,True,225.0
2018-04-14,2017,A,D,0.35018843,0.45122802,0.19858353,2.62,3.6,2.7,D,3.6,False,-100.0
2018-04-14,2017,A,A,0.037188303,0.11082475,0.85198694,4.5,3.75,1.85,A,1.85,True,85.00000000000001
2018-04-14,2017,H,H,0.6261386,0.24154617,0.13231519,2.62,3.2,3.0,H,2.62,True,162.0
2018-04-14,2017,H,H,0.43978304,0.2799038,0.28031316,2.62,3.25,3.0,H,2.62,True,162.0
2018-04-14,2017,H,H,0.9496426,0.018722313,0.031635076,1.25,7.0,12.0,H,1.25,True,25.0
2018-04-15,2017,H,A,0.24966389,0.16257532,0.5877608,3.29,3.6,2.25,A,2.25,False,-100.0
2018-04-15,2017,A,H,0.88577384,0.103592224,0.010633909,1.18,8.0,19.0,H,1.18,False,-100.0
2018-04-16,2017,D,H,0.48113737,0.475554,0.04330866,2.0,3.6,4.0,H,2.0,False,-100.0
2018-04-17,2017,D,A,0.0363488,0.046355568,0.91729563,6.5,4.33,1.55,A,1.55,False,-100.0
2018-04-18,2017,A,A,0.05372854,0.34117863,0.6050928,5.0,3.89,1.75,A,1.75,True,75.0
2018-04-19,2017,A,H,0.7276275,0.1386153,0.13375717,4.0,3.39,1.9,H,4.0,False,-100.0
2018-04-19,2017,D,H,0.6021952,0.19133505,0.20646976,2.25,3.29,3.2,H,2.25,False,-100.0
2018-04-21,2017,D,A,0.2569479,0.3442596,0.39879254,2.89,3.39,2.54,A,2.54,False,-100.0
2018-04-21,2017,D,A,0.11423061,0.21024987,0.6755195,7.5,4.5,1.5,A,1.5,False,-100.0
2018-04-22,2017,H,H,0.98016584,0.018899396,0.0009348009,1.14,9.0,23.0,H,1.14,True,13.99999999999999
2018-04-22,2017,D,H,0.44291386,0.2140703,0.34301585,2.29,3.29,3.5,H,2.29,False,-100.0
2018-04-22,2017,H,H,0.60440505,0.335388,0.06020694,1.55,4.59,6.0,H,1.55,True,55.00000000000001
2018-04-23,2017,H,A,0.2853899,0.20001738,0.5145927,2.29,3.39,3.39,A,3.39,False,-100.0
2018-04-28,2017,H,H,0.71660763,0.23386872,0.049523693,1.72,4.0,5.0,H,1.72,True,72.0
2018-04-28,2017,A,H,0.7363438,0.21286467,0.050791513,1.85,3.6,4.75,H,1.85,False,-100.0
2018-04-28,2017,D,H,0.9130898,0.04328613,0.04362408,1.33,5.75,10.0,H,1.33,False,-100.0
2018-04-28,2017,A,A,0.06827409,0.012470747,0.9192552,7.0,4.33,1.53,A,1.53,True,53.0
2018-04-28,2017,H,H,0.47267315,0.20164989,0.32567695,2.04,3.6,3.79,H,2.04,True,104.0
2018-04-28,2017,D,H,0.6099267,0.19326113,0.19681217,2.25,3.2,3.7,H,2.25,False,-100.0
2018-04-28,2017,A,D,0.39105138,0.44985032,0.15909831,2.62,3.1,3.1,D,3.1,False,-100.0
2018-04-29,2017,A,A,0.018988186,0.059565313,0.92144656,10.0,5.75,1.33,A,1.33,True,33.00000000000001
2018-04-29,2017,H,H,0.7353457,0.22149219,0.04316207,1.44,4.75,8.0,H,1.44,True,43.99999999999999
2018-04-30,2017,H,H,0.9966582,0.002750842,0.00059091585,1.16,8.5,21.0,H,1.16,True,15.999999999999993
2018-05-04,2017,H,A,0.11570687,0.18761814,0.696675,4.75,3.6,1.85,A,1.85,False,-100.0
2018-05-05,2017,H,A,0.15101455,0.16787241,0.68111306,8.0,4.75,1.44,A,1.44,False,-100.0
2018-05-05,2017,A,H,0.41824052,0.32893646,0.252823,2.7,3.39,2.79,H,2.7,False,-100.0
2018-05-05,2017,H,A,0.23957726,0.36788952,0.39253315,2.37,3.39,3.2,A,3.2,False,-100.0
2018-05-05,2017,D,D,0.2633204,0.3940059,0.34267375,2.89,3.29,2.62,D,3.29,True,229.0
2018-05-05,2017,A,H,0.538766,0.22925553,0.23197843,2.25,3.5,3.39,H,2.25,False,-100.0
2018-05-05,2017,H,H,0.38464066,0.3778069,0.2375525,2.1,3.6,3.7,H,2.1,True,110.00000000000001
2018-05-06,2017,H,H,0.43288448,0.3515662,0.21554933,2.25,3.6,3.29,H,2.25,True,125.0
2018-05-06,2017,D,H,0.9875644,0.010011852,0.002423759,1.08,13.0,34.0,H,1.08,False,-100.0
2018-05-06,2017,H,H,0.78182465,0.16327435,0.054901015,1.57,4.2,6.5,H,1.57,True,57.00000000000001
2018-05-08,2017,A,A,0.19056226,0.216411,0.59302676,3.1,3.25,2.54,A,2.54,True,154.0
2018-05-09,2017,H,H,0.9648027,0.030398196,0.004799136,1.18,8.5,17.0,H,1.18,True,17.999999999999993
2018-05-09,2017,H,H,0.96415985,0.03391043,0.0019297655,1.12,10.0,27.0,H,1.12,True,12.00000000000001
2018-05-09,2017,H,H,0.6429596,0.17313007,0.1839103,3.75,3.79,2.0,H,3.75,True,275.0
2018-05-09,2017,D,H,0.94720656,0.043653287,0.009140123,1.16,8.5,19.0,H,1.16,False,-100.0
2018-05-10,2017,D,A,0.23608673,0.12276305,0.64115024,4.75,3.79,1.8,A,1.8,False,-100.0
2018-05-13,2017,H,H,0.9498128,0.04469671,0.005490477,1.19,8.0,15.0,H,1.19,True,18.999999999999993
2018-05-13,2017,H,H,0.7284445,0.14778985,0.12376564,1.39,5.25,8.5,H,1.39,True,38.99999999999999
2018-05-13,2017,A,H,0.51023054,0.2710942,0.21867529,2.14,3.5,3.6,H,2.14,False,-100.0
2018-05-13,2017,H,H,0.5049401,0.15099956,0.34406036,1.8,3.79,4.75,H,1.8,True,80.0
2018-05-13,2017,A,A,0.057747662,0.055756442,0.8864958,6.0,4.33,1.6,A,1.6,True,60.00000000000001
2018-05-13,2017,H,H,0.76728463,0.05924504,0.1734703,1.33,6.0,9.0,H,1.33,True,33.00000000000001
2018-05-13,2017,A,A,0.071529746,0.216854,0.7116163,9.0,5.0,1.39,A,1.39,True,38.99999999999999
2018-05-13,2017,A,H,0.47087193,0.2869274,0.2422007,1.9,3.79,4.2,H,1.9,False,-100.0
2018-05-13,2017,H,H,0.42409253,0.33704317,0.23886429,2.45,3.5,3.0,H,2.45,True,145.00000000000003
2018-05-13,2017,H,A,0.27795345,0.18411523,0.5379313,6.5,4.2,1.6,A,1.6,False,-100.0
2018-08-10,2018,H,D,0.36303362,0.51490045,0.12206588,1.57,3.9,7.5,D,3.9,False,-100.0
2018-08-11,2018,D,H,0.55315477,0.26764646,0.17919879,2.37,3.3,3.3,H,2.37,False,-100.0
2018-08-11,2018,H,A,0.29371107,0.19588971,0.5103992,1.9,3.6,4.5,A,4.5,False,-100.0
2018-08-11,2018,A,A,0.26497266,0.36234617,0.37268117,2.5,3.4,3.0,A,3.0,True,200.0
2018-08-11,2018,A,A,0.114215754,0.10282707,0.7829572,6.5,4.0,1.61,A,1.61,True,61.00000000000001
2018-08-11,2018,A,A,0.3548381,0.23042534,0.41473654,3.9,3.5,2.04,A,2.04,True,104.0
2018-08-11,2018,H,D,0.3419903,0.42432323,0.23368646,2.37,3.2,3.4,D,3.2,False,-100.0
2018-08-12,2018,A,A,0.17270371,0.1438887,0.6834076,4.0,3.8,1.95,A,1.95,True,95.0
2018-08-12,2018,D,H,0.70954704,0.12642923,0.16402368,1.85,3.5,5.0,H,1.85,False,-100.0
2018-08-12,2018,H,H,0.8748081,0.09524548,0.029946487,1.25,6.5,14.0,H,1.25,True,25.0
2018-08-18,2018,H,H,0.68874586,0.2646685,0.046585612,1.28,6.0,12.0,H,1.28,True,28.000000000000004
2018-08-18,2018,A,H,0.533617,0.24497023,0.22141275,2.1,3.6,3.7,H,2.1,False,-100.0
2018-08-18,2018,H,H,0.46970436,0.33215442,0.19814126,2.04,3.5,3.9,H,2.04,True,104.0
2018-08-18,2018,D,D,0.30524182,0.40838218,0.28637597,3.25,3.1,2.54,D,3.1,True,210.0
2018-08-18,2018,H,H,0.52304196,0.26350817,0.21344985,1.8,4.0,4.5,H,1.8,True,80.0
2018-08-18,2018,H,H,0.3915188,0.27186406,0.33661717,1.9,3.5,4.75,H,1.9,True,89.99999999999999
2018-08-19,2018,H,A,0.20660058,0.2122495,0.58114994,5.5,3.6,1.75,A,1.75,False,-100.0
2018-08-19,2018,A,H,0.42932445,0.17660451,0.39407104,2.45,3.1,3.4,H,2.45,False,-100.0
2018-08-19,2018,H,H,0.8188966,0.17401466,0.007088774,1.1,13.0,26.0,H,1.1,True,10.000000000000009
2018-08-20,2018,A,A,0.09988285,0.18150416,0.71861297,7.0,5.0,1.44,A,1.44,True,43.99999999999999
2018-08-25,2018,D,H,0.86177343,0.07907855,0.059147947,2.37,3.0,3.7,H,2.37,False,-100.0
2018-08-25,2018,H,H,0.726899,0.20417322,0.06892777,1.36,5.5,9.0,H,1.36,True,36.00000000000001
2018-08-25,2018,D,H,0.38562962,0.3646864,0.24968398,2.62,3.6,2.75,H,2.62,False,-100.0
2018-08-25,2018,D,A,0.013079577,0.12091957,0.86600083,11.0,6.5,1.28,A,1.28,False,-100.0
2018-08-25,2018,H,H,0.9898846,0.0087951645,0.0013202211,1.16,8.5,19.0,H,1.16,True,15.999999999999993
2018-08-25,2018,A,H,0.5131777,0.18534154,0.30148077,2.45,3.2,3.25,H,2.45,False,-100.0
2018-08-26,2018,H,H,0.3962498,0.33077756,0.2729727,2.0,3.4,4.33,H,2.0,True,100.0
2018-08-26,2018,A,A,0.06683562,0.06581792,0.86734647,5.75,4.0,1.66,A,1.66,True,65.99999999999999
2018-08-26,2018,H,H,0.42680144,0.35724396,0.21595468,2.6,3.25,3.0,H,2.6,True,160.0
2018-08-27,2018,A,D,0.17714675,0.47529188,0.3475614,2.62,3.3,2.9,D,3.3,False,-100.0
2018-09-01,2018,D,D,0.1809366,0.5411728,0.27789056,2.3,3.4,3.4,D,3.4,True,240.0
2018-09-01,2018,A,D,0.34065273,0.37663153,0.2827157,2.0,3.5,4.2,D,3.5,False,-100.0
2018-09-01,2018,A,D,0.34584317,0.35639945,0.2977574,2.6,3.4,2.87,D,3.4,False,-100.0
2018-09-01,2018,H,H,0.8585732,0.08476369,0.05666309,1.3,6.0,11.0,H,1.3,True,30.000000000000004
2018-09-01,2018,H,H,0.94374496,0.02429721,0.031957824,1.11,11.0,26.0,H,1.11,True,11.00000000000001
2018-09-01,2018,A,A,0.050980456,0.31275928,0.6362603,7.5,5.0,1.44,A,1.44,True,43.99999999999999
2018-09-01,2018,D,H,0.9139834,0.06845739,0.017559197,1.53,4.2,7.5,H,1.53,False,-100.0
2018-09-02,2018,H,A,0.112939425,0.10393845,0.7831222,5.5,4.2,1.64,A,1.64,False,-100.0
2018-09-02,2018,A,A,0.14020386,0.11459226,0.74520385,6.0,3.75,1.7,A,1.7,True,70.0
2018-09-02,2018,A,A,0.19406636,0.0512848,0.7546488,6.5,4.33,1.57,A,1.57,True,57.00000000000001
2018-09-15,2018,H,H,0.85154283,0.027990358,0.120466866,1.12,10.0,26.0,H,1.12,True,12.00000000000001
2018-09-15,2018,H,H,0.53772116,0.2712211,0.19105771,2.45,3.5,3.0,H,2.45,True,145.00000000000003
2018-09-15,2018,H,H,0.69578177,0.27050528,0.033712935,1.18,8.0,19.0,H,1.18,True,17.999999999999993
2018-09-15,2018,A,A,0.30602232,0.2630184,0.43095928,3.3,3.1,2.5,A,2.5,True,150.0
2018-09-15,2018,A,A,0.33022115,0.32399493,0.34578395,4.2,3.8,1.9,A,1.9,True,89.99999999999999
2018-09-15,2018,A,A,0.0855701,0.38286826,0.5315617,3.0,3.6,2.4,A,2.4,True,140.0
2018-09-15,2018,A,A,0.32166994,0.20699754,0.4713325,4.33,3.6,1.95,A,1.95,True,95.0
2018-09-16,2018,A,H,0.4032428,0.36868742,0.22806978,2.0,3.75,3.9,H,2.0,False,-100.0
2018-09-16,2018,H,H,0.40259287,0.37125388,0.22615325,1.75,3.6,5.75,H,1.75,True,75.0
2018-09-17,2018,D,H,0.7348849,0.215725,0.049390025,2.1,3.4,3.9,H,2.1,False,-100.0
2018-09-22,2018,H,A,0.3182043,0.25520372,0.426592,3.0,3.4,2.5,A,2.5,False,-100.0
2018-09-22,2018,D,D,0.4051705,0.4826051,0.112224415,2.14,3.4,3.75,D,3.4,True,240.0
2018-09-22,2018,A,A,0.008331887,0.01400453,0.97766364,23.0,8.0,1.16,A,1.16,True,15.999999999999993
2018-09-22,2018,A,A,0.14894624,0.24216984,0.6088839,5.0,4.0,1.75,A,1.75,True,75.0
2018-09-22,2018,D,D,0.36291945,0.46555007,0.17153043,2.54,3.5,2.9,D,3.5,True,250.0
2018-09-22,2018,H,H,0.7366686,0.22602747,0.037303977,1.61,4.0,6.5,H,1.61,True,61.00000000000001
2018-09-22,2018,H,H,0.635439,0.23177862,0.13278241,1.2,7.5,17.0,H,1.2,True,19.999999999999996
2018-09-22,2018,D,H,0.78376925,0.12764333,0.088587426,1.57,4.33,6.5,H,1.57,False,-100.0
2018-09-23,2018,H,H,0.80041003,0.108637735,0.09095224,1.44,5.0,7.5,H,1.44,True,43.99999999999999
2018-09-23,2018,D,A,0.12388668,0.25360996,0.6225034,6.0,4.5,1.57,A,1.57,False,-100.0
2018-09-29,2018,A,A,0.24895951,0.056463186,0.6945773,8.5,4.5,1.44,A,1.44,True,43.99999999999999
2018-09-29,2018,H,H,0.6201858,0.30404636,0.07576787,1.44,5.1,7.0,H,1.44,True,43.99999999999999
2018-09-29,2018,D,D,0.10392502,0.7282948,0.16778015,2.8,3.6,2.54,D,3.6,True,260.0
2018-09-29,2018,H,H,0.79615057,0.12910704,0.07474237,1.75,4.2,4.75,H,1.75,True,75.0
2018-09-29,2018,A,D,0.15707365,0.45774773,0.38517863,2.6,3.3,3.0,D,3.3,False,-100.0
2018-09-29,2018,H,H,0.9277525,0.058364645,0.013882835,1.1,12.0,34.0,H,1.1,True,10.000000000000009
2018-09-29,2018,H,A,0.14908288,0.17078659,0.68013054,4.5,3.8,1.85,A,1.85,False,-100.0
2018-09-29,2018,H,H,0.39233547,0.2875684,0.3200961,1.8,3.6,5.25,H,1.8,True,80.0
2018-09-30,2018,A,H,0.60900056,0.2142226,0.17677678,2.62,3.0,3.2,H,2.62,False,-100.0
2018-10-01,2018,H,A,0.22475067,0.38702336,0.388226,2.25,3.5,3.4,A,3.4,False,-100.0
2018-10-05,2018,H,A,0.31458834,0.3142825,0.37112916,2.7,3.3,2.87,A,2.87,False,-100.0
2018-10-06,2018,A,H,0.49525654,0.30121762,0.20352578,2.14,3.6,3.5,H,2.14,False,-100.0
2018-10-06,2018,H,H,0.93987393,0.049230658,0.0108954515,1.22,7.0,15.0,H,1.22,True,21.999999999999996
2018-10-06,2018,A,H,0.55836606,0.20503807,0.23659585,2.2,3.4,3.6,H,2.2,False,-100.0
2018-10-06,2018,D,D,0.37635267,0.5620702,0.061577093,2.14,3.1,4.2,D,3.1,True,210.0
2018-10-06,2018,A,A,0.26335955,0.3632518,0.37338862,3.0,3.2,2.62,A,2.62,True,162.0
2018-10-06,2018,H,H,0.7971537,0.14339568,0.05945062,1.44,4.5,9.0,H,1.44,True,43.99999999999999
2018-10-07,2018,A,A,0.061531793,0.05035575,0.8881125,6.0,4.1,1.61,A,1.61,True,61.00000000000001
2018-10-07,2018,A,A,0.09115809,0.24568829,0.6631536,5.25,4.33,1.66,A,1.66,True,65.99999999999999
2018-10-07,2018,D,A,0.3120282,0.045204073,0.6427678,2.54,3.6,2.8,A,2.8,False,-100.0
2018-10-20,2018,D,H,0.46183652,0.25669304,0.28147045,2.04,3.7,3.75,H,2.04,False,-100.0
2018-10-20,2018,H,H,0.4780809,0.18444172,0.3374774,2.5,3.5,2.95,H,2.5,True,150.0
2018-10-20,2018,D,H,0.61507064,0.32226282,0.06266655,1.75,3.8,5.25,H,1.75,False,-100.0
2018-10-20,2018,A,A,0.035204783,0.034244385,0.9305509,11.0,5.5,1.33,A,1.33,True,33.00000000000001
2018-10-20,2018,H,H,0.9016482,0.08394943,0.01440237,1.08,13.0,34.0,H,1.08,True,8.000000000000007
2018-10-20,2018,A,A,0.25642967,0.2722797,0.47129062,2.2,3.25,3.8,A,3.8,True,280.0
2018-10-20,2018,A,A,0.29598323,0.23580638,0.46821037,4.1,3.9,1.9,A,1.9,True,89.99999999999999
2018-10-20,2018,A,H,0.6592802,0.25630042,0.084419414,1.75,3.75,5.25,H,1.75,False,-100.0
2018-10-21,2018,H,H,0.4953127,0.2053245,0.29936275,1.85,3.6,4.75,H,1.85,True,85.00000000000001
2018-10-22,2018,H,H,0.9090834,0.027386528,0.06353009,1.53,4.5,6.5,H,1.53,True,53.0
2018-10-27,2018,H,D,0.2952585,0.5469091,0.15783243,3.2,3.2,2.5,D,3.2,False,-100.0
2018-10-27,2018,D,H,0.4796451,0.23004347,0.29031143,2.1,3.5,3.8,H,2.1,False,-100.0
2018-10-27,2018,A,D,0.2825125,0.56351984,0.15396766,2.9,3.75,2.4,D,3.75,False,-100.0
2018-10-27,2018,H,H,0.9576991,0.030092949,0.012207944,1.11,11.0,26.0,H,1.11,True,11.00000000000001
2018-10-27,2018,D,H,0.675308,0.18372783,0.14096412,2.1,3.4,3.9,H,2.1,False,-100.0
2018-10-27,2018,H,D,0.35771057,0.35912547,0.28316396,1.75,3.75,5.25,D,3.75,False,-100.0
2018-10-28,2018,H,H,0.57786965,0.25364292,0.16848743,1.72,3.9,5.25,H,1.72,True,72.0
2018-10-28,2018,D,A,0.24057211,0.32224736,0.43718055,4.75,4.1,1.75,A,1.75,False,-100.0
2018-10-28,2018,A,A,0.13986436,0.037140906,0.8229947,11.0,5.0,1.36,A,1.36,True,36.00000000000001
2018-10-29,2018,A,H,0.5255621,0.03547642,0.43896148,4.75,4.1,1.75,H,4.75,False,-100.0
2018-11-03,2018,A,H,0.40558994,0.24628514,0.34812492,3.1,3.4,2.45,H,3.1,False,-100.0
2018-11-03,2018,H,H,0.5906495,0.2521307,0.15721984,1.75,3.75,5.25,H,1.75,True,75.0
2018-11-03,2018,H,H,0.4391705,0.33669055,0.22413899,2.75,3.25,2.8,H,2.75,True,175.0
2018-11-03,2018,H,H,0.80153984,0.18787949,0.010580648,1.61,4.0,6.5,H,1.61,True,61.00000000000001
2018-11-03,2018,A,D,0.33825696,0.4666784,0.19506465,3.8,3.4,2.14,D,3.4,False,-100.0
2018-11-03,2018,A,A,0.1136352,0.2163525,0.6700123,3.6,3.7,2.1,A,2.1,True,110.00000000000001
2018-11-03,2018,D,A,0.28423274,0.13539088,0.5803764,3.9,3.9,1.95,A,1.95,False,-100.0
2018-11-04,2018,H,H,0.9320072,0.034522865,0.033469908,1.25,6.75,13.0,H,1.25,True,25.0
2018-11-04,2018,H,H,0.97361666,0.015534189,0.010849148,1.11,11.0,29.0,H,1.11,True,11.00000000000001
2018-11-05,2018,H,H,0.7140547,0.13488431,0.15106103,2.3,3.5,3.3,H,2.3,True,129.99999999999997
2018-11-10,2018,D,H,0.58838475,0.17409723,0.23751801,3.4,3.25,2.35,H,3.4,False,-100.0
2018-11-10,2018,A,A,0.077756494,0.26369557,0.65854794,4.5,3.75,1.85,A,1.85,True,85.00000000000001
2018-11-10,2018,H,D,0.069044404,0.8147881,0.11616749,2.6,3.1,3.1,D,3.1,False,-100.0
2018-11-10,2018,H,H,0.35734427,0.32509524,0.31756046,2.9,3.4,2.6,H,2.9,True,190.0
2018-11-10,2018,D,H,0.41404796,0.25960502,0.32634705,2.5,3.3,3.1,H,2.5,False,-100.0
2018-11-10,2018,D,H,0.87510246,0.097680934,0.027216576,1.5,4.33,8.0,H,1.5,False,-100.0
2018-11-11,2018,D,H,0.59372497,0.30768728,0.0985877,1.66,4.2,5.25,H,1.66,False,-100.0
2018-11-11,2018,D,D,0.35182664,0.35426456,0.29390875,1.4,5.25,8.5,D,5.25,True,425.0
2018-11-11,2018,H,H,0.9896543,0.0069271657,0.0034184677,1.11,11.0,26.0,H,1.11,True,11.00000000000001
2018-11-11,2018,H,H,0.82066387,0.13210857,0.047227543,1.4,5.25,8.5,H,1.4,True,39.99999999999999
2018-11-24,2018,H,A,0.1743068,0.37186474,0.45382842,2.8,3.5,2.6,A,2.6,False,-100.0
2018-11-24,2018,A,A,0.038557984,0.07054775,0.8908943,13.0,6.5,1.25,A,1.25,True,25.0
2018-11-24,2018,D,H,0.7577786,0.10619412,0.13602732,1.4,5.25,8.0,H,1.4,False,-100.0
2018-11-24,2018,A,A,0.07528119,0.17960168,0.7451172,6.5,4.33,1.55,A,1.55,True,55.00000000000001
2018-11-24,2018,H,H,0.7071124,0.13480057,0.15808703,1.4,5.0,9.0,H,1.4,True,39.99999999999999
2018-11-24,2018,D,D,0.33290684,0.51879185,0.14830129,2.9,3.4,2.6,D,3.4,True,240.0
2018-11-24,2018,H,H,0.736068,0.111020535,0.15291148,2.62,3.5,2.8,H,2.62,True,162.0
2018-11-25,2018,A,H,0.5240152,0.2274478,0.24853705,1.5,4.33,8.0,H,1.5,False,-100.0
2018-11-25,2018,A,H,0.4603845,0.22174554,0.31786993,3.5,3.75,1.95,H,3.5,False,-100.0
2018-11-26,2018,A,H,0.62943953,0.26425213,0.10630834,2.9,3.2,2.75,H,2.9,False,-100.0
2018-11-30,2018,H,H,0.47345412,0.14349733,0.3830485,3.8,3.25,2.2,H,3.8,True,280.0
2018-12-01,2018,H,H,0.7103797,0.0572246,0.23239566,1.61,3.9,6.5,H,1.61,True,61.00000000000001
2018-12-01,2018,A,D,0.3955414,0.5197815,0.0846771,2.5,3.0,3.4,D,3.0,False,-100.0
2018-12-01,2018,H,H,0.4292396,0.32883206,0.24192832,2.25,3.3,3.6,H,2.25,True,125.0
2018-12-01,2018,H,H,0.81707036,0.17607309,0.0068565947,1.11,11.0,26.0,H,1.11,True,11.00000000000001
2018-12-01,2018,A,A,0.30541444,0.23612963,0.45845595,2.5,3.3,3.1,A,3.1,True,210.0
2018-12-01,2018,D,A,0.26097342,0.3498381,0.3891885,4.33,3.6,1.95,A,1.95,False,-100.0
2018-12-02,2018,H,H,0.74891156,0.1592811,0.09180727,1.4,5.0,9.0,H,1.4,True,39.99999999999999
2018-12-02,2018,H,H,0.90418625,0.08120512,0.014608637,1.18,8.0,17.0,H,1.18,True,17.999999999999993
2018-12-02,2018,H,H,0.5194654,0.27626818,0.2042664,2.62,3.6,2.75,H,2.62,True,162.0
2018-12-04,2018,H,H,0.7369279,0.1670731,0.09599903,1.66,3.8,6.0,H,1.66,True,65.99999999999999
2018-12-04,2018,H,H,0.4194309,0.36888096,0.21168818,3.0,3.1,2.7,H,3.0,True,200.0
2018-12-04,2018,A,A,0.08202084,0.082310766,0.8356684,11.0,6.0,1.3,A,1.3,True,30.000000000000004
2018-12-04,2018,H,H,0.59964126,0.20314747,0.19721133,1.66,4.0,5.75,H,1.66,True,65.99999999999999
2018-12-05,2018,H,H,0.715563,0.09454658,0.18989046,1.36,5.25,9.5,H,1.36,True,36.00000000000001
2018-12-05,2018,D,H,0.43741107,0.26761895,0.29496998,2.45,3.5,3.0,H,2.45,False,-100.0
2018-12-05,2018,H,A,0.25395358,0.12735625,0.6186902,5.0,3.75,1.8,A,1.8,False,-100.0
2018-12-05,2018,D,H,0.6311126,0.26566184,0.10322558,1.6,4.0,6.5,H,1.6,False,-100.0
2018-12-05,2018,A,A,0.040497042,0.021620195,0.9378827,14.0,5.75,1.28,A,1.28,True,28.000000000000004
2018-12-05,2018,D,D,0.40206698,0.46242943,0.13550352,3.0,3.5,2.45,D,3.5,True,250.0
2018-12-08,2018,H,H,0.83300585,0.12476875,0.04222535,1.28,6.0,12.0,H,1.28,True,28.000000000000004
2018-12-08,2018,A,A,0.16452804,0.24805434,0.5874176,5.75,4.5,1.6,A,1.6,True,60.00000000000001
2018-12-08,2018,H,H,0.7558707,0.13419676,0.10993255,2.9,3.2,2.75,H,2.9,True,190.0
2018-12-08,2018,H,H,0.4597817,0.18978891,0.3504294,2.9,3.25,2.7,H,2.9,True,190.0
2018-12-08,2018,H,A,0.2416804,0.25451174,0.50380784,4.0,3.8,1.95,A,1.95,False,-100.0
2018-12-08,2018,H,H,0.8100293,0.07031136,0.119659305,1.33,5.75,10.0,H,1.33,True,33.00000000000001
2018-12-08,2018,A,H,0.6619591,0.14046104,0.19757988,3.8,3.75,2.0,H,3.8,False,-100.0
2018-12-08,2018,H,H,0.4786819,0.26732987,0.25398824,2.3,3.4,3.4,H,2.3,True,129.99999999999997
2018-12-09,2018,A,A,0.303067,0.20554675,0.49138626,2.9,3.2,2.7,A,2.7,True,170.00000000000003
2018-12-10,2018,D,H,0.41742113,0.2601757,0.3224031,1.8,3.75,5.0,H,1.8,False,-100.0
2018-12-15,2018,H,H,0.46742055,0.2964815,0.23609789,1.95,3.6,4.33,H,1.95,True,95.0
2018-12-15,2018,H,H,0.5084495,0.22676054,0.26478997,2.62,3.2,3.0,H,2.62,True,162.0
2018-12-15,2018,A,A,0.2794171,0.3131969,0.40738595,2.9,3.6,2.5,A,2.5,True,150.0
2018-12-15,2018,A,H,0.43538228,0.34180936,0.22280838,2.6,3.1,3.1,H,2.6,False,-100.0
2018-12-15,2018,H,H,0.9348457,0.038309757,0.026844582,1.22,7.5,13.0,H,1.22,True,21.999999999999996
2018-12-15,2018,H,H,0.9214615,0.05397037,0.024568116,1.18,8.0,19.0,H,1.18,True,17.999999999999993
2018-12-15,2018,H,H,0.7163237,0.21244492,0.071231395,1.64,3.9,6.0,H,1.64,True,63.99999999999999
2018-12-16,2018,A,A,0.4231651,0.084901474,0.4919334,7.5,4.5,1.5,A,1.5,True,50.0
2018-12-16,2018,H,A,0.1337049,0.06989964,0.7963955,4.1,3.9,1.9,A,1.9,False,-100.0
2018-12-16,2018,H,H,0.89741045,0.06580428,0.036785297,1.57,4.5,6.0,H,1.57,True,57.00000000000001
2018-12-21,2018,A,A,0.17108579,0.18571837,0.6431958,7.0,4.0,1.57,A,1.57,True,57.00000000000001
2018-12-22,2018,H,H,0.8502483,0.13611117,0.013640581,1.25,6.5,15.0,H,1.25,True,25.0
2018-12-22,2018,H,H,0.5631033,0.25483847,0.18205823,1.9,3.7,4.33,H,1.9,True,89.99999999999999
2018-12-22,2018,A,A,0.1864364,0.071912184,0.7416514,6.5,4.2,1.57,A,1.57,True,57.00000000000001
2018-12-22,2018,A,H,0.6919339,0.1164648,0.19160128,1.33,5.5,11.0,H,1.33,False,-100.0
2018-12-22,2018,A,D,0.25853074,0.4519994,0.2894698,3.1,3.1,2.6,D,3.1,False,-100.0
2018-12-22,2018,A,H,0.94780535,0.018299993,0.033894613,1.14,10.0,21.0,H,1.14,False,-100.0
2018-12-22,2018,D,D,0.37582847,0.42860118,0.19557035,2.0,3.6,4.0,D,3.6,True,260.0
2018-12-22,2018,A,H,0.44676986,0.24391517,0.3093149,2.37,3.5,3.1,H,2.37,False,-100.0
2018-12-23,2018,A,A,0.2801035,0.33047953,0.38941693,3.25,3.5,2.3,A,2.3,True,129.99999999999997
2018-12-26,2018,D,A,0.21730097,0.35144162,0.43125746,3.25,3.4,2.37,A,2.37,False,-100.0
2018-12-26,2018,A,A,0.31251088,0.07813648,0.60935265,4.33,3.5,1.95,A,1.95,True,95.0
2018-12-26,2018,D,H,0.5371733,0.27493945,0.18788728,1.66,4.0,5.75,H,1.66,False,-100.0
2018-12-26,2018,H,H,0.99145836,0.0051449644,0.0033967,1.16,8.5,19.0,H,1.16,True,15.999999999999993
2018-12-26,2018,D,H,0.4213856,0.25227427,0.32634014,5.25,3.9,1.72,H,5.25,False,-100.0
2018-12-26,2018,H,H,0.74625444,0.13099296,0.1227526,1.25,6.5,15.0,H,1.25,True,25.0
2018-12-26,2018,H,H,0.7590385,0.055906426,0.18505509,1.36,5.5,9.0,H,1.36,True,36.00000000000001
2018-12-26,2018,H,H,0.40052858,0.25330418,0.34616724,9.5,5.25,1.36,H,9.5,True,850.0
2018-12-26,2018,A,A,0.10027077,0.31235778,0.5873714,5.25,3.8,1.75,A,1.75,True,75.0
2018-12-27,2018,A,D,0.39206883,0.49682072,0.11111042,2.3,3.5,3.3,D,3.5,False,-100.0
2018-12-29,2018,A,H,0.92801195,0.04423813,0.02774998,1.33,5.0,8.5,H,1.33,False,-100.0
2018-12-29,2018,H,H,0.95757043,0.026666014,0.015763579,1.5,4.5,5.75,H,1.5,True,50.0
2018-12-29,2018,D,H,0.6966445,0.21962658,0.083728984,1.85,3.6,4.0,H,1.85,False,-100.0
2018-12-29,2018,H,H,0.77453905,0.09843352,0.12702739,2.0,3.4,3.75,H,2.0,True,100.0
2018-12-29,2018,H,A,0.22320966,0.2920676,0.48472273,3.25,3.4,2.14,A,2.14,False,-100.0
2018-12-29,2018,A,H,0.542821,0.29414973,0.1630293,1.55,4.0,6.0,H,1.55,False,-100.0
2018-12-30,2018,H,H,0.53078824,0.2760765,0.19313529,3.3,3.2,2.25,H,3.3,True,229.99999999999997
2018-12-30,2018,A,A,0.06921067,0.3992574,0.53153193,4.75,4.0,1.66,A,1.66,True,65.99999999999999
2018-12-30,2018,H,H,0.7061197,0.23396035,0.059919953,1.33,4.75,10.0,H,1.33,True,33.00000000000001
2018-12-30,2018,A,A,0.04518432,0.15217672,0.802639,10.0,5.25,1.3,A,1.3,True,30.000000000000004
2019-01-01,2018,A,A,0.3458738,0.21543357,0.4386926,2.0,3.5,4.2,A,4.2,True,320.0
2019-01-01,2018,A,A,0.16201209,0.16826189,0.669726,7.5,4.5,1.5,A,1.5,True,50.0
2019-01-01,2018,H,H,0.7459641,0.1765455,0.077490434,1.33,5.75,9.5,H,1.33,True,33.00000000000001
2019-01-02,2018,D,H,0.54657584,0.2231395,0.23028468,1.95,3.75,4.0,H,1.95,False,-100.0
2019-01-02,2018,A,H,0.47529152,0.30179453,0.22291397,2.0,3.4,4.33,H,2.0,False,-100.0
2019-01-02,2018,A,A,0.14034352,0.11221488,0.7474416,6.0,4.2,1.61,A,1.61,True,61.00000000000001
2019-01-02,2018,A,D,0.34628642,0.48883966,0.16487388,2.14,3.1,4.2,D,3.1,False,-100.0
2019-01-02,2018,D,H,0.94465786,0.030272469,0.025069665,1.28,6.5,11.0,H,1.28,False,-100.0
2019-01-02,2018,D,H,0.56087697,0.1726126,0.2665104,2.6,3.6,2.75,H,2.6,False,-100.0
2019-01-03,2018,H,H,0.62657094,0.26792827,0.1055008,2.04,3.8,3.6,H,2.04,True,104.0
2019-01-12,2018,H,A,0.16003166,0.3411102,0.4988581,3.5,4.0,2.05,A,2.05,False,-100.0
2019-01-12,2018,A,A,0.014231049,0.24290006,0.7428689,11.0,6.0,1.3,A,1.3,True,30.000000000000004
2019-01-12,2018,H,D,0.32696226,0.34167233,0.3313654,2.4,3.3,3.25,D,3.3,False,-100.0
2019-01-12,2018,D,H,0.377233,0.27551252,0.34725448,2.25,3.25,3.6,H,2.25,False,-100.0
2019-01-12,2018,H,H,0.93644774,0.061002288,0.0025499787,1.22,7.0,15.0,H,1.22,True,21.999999999999996
2019-01-12,2018,A,H,0.6835512,0.2665098,0.04993903,2.25,3.4,3.5,H,2.25,False,-100.0
2019-01-12,2018,A,H,0.66812813,0.14945021,0.18242167,1.95,3.5,4.33,H,1.95,False,-100.0
2019-01-13,2018,A,H,0.47829536,0.21069704,0.31100765,2.05,3.7,3.75,H,2.05,False,-100.0
2019-01-13,2018,H,D,0.4567506,0.4581862,0.08506321,1.75,4.0,4.8,D,4.0,False,-100.0
2019-01-14,2018,H,H,0.96722,0.023352388,0.009427671,1.18,8.0,17.0,H,1.18,True,17.999999999999993
2019-01-19,2018,H,D,0.23933558,0.52911,0.2315544,2.37,3.2,3.4,D,3.2,False,-100.0
2019-01-19,2018,D,H,0.55932504,0.2263478,0.21432716,1.65,4.0,5.75,H,1.65,False,-100.0
2019-01-19,2018,H,D,0.28030527,0.56602055,0.15367417,2.75,3.4,2.7,D,3.4,False,-100.0
2019-01-19,2018,H,D,0.31445923,0.46669126,0.21884954,1.95,3.4,4.5,D,3.4,False,-100.0
2019-01-19,2018,H,H,0.9242735,0.050299905,0.025426624,1.2,7.5,17.0,H,1.2,True,19.999999999999996
2019-01-19,2018,H,H,0.5718818,0.21720196,0.21091627,2.37,3.7,3.0,H,2.37,True,137.0
2019-01-19,2018,H,A,0.21455358,0.338332,0.44711438,3.1,3.6,2.37,A,2.37,False,-100.0
2019-01-19,2018,H,H,0.79672897,0.118135594,0.08513542,1.3,5.75,12.0,H,1.3,True,30.000000000000004
2019-01-20,2018,A,A,0.061900467,0.34241828,0.59568125,5.25,3.8,1.75,A,1.75,True,75.0
2019-01-20,2018,A,A,0.05255983,0.10933546,0.83810467,21.0,8.5,1.16,A,1.16,True,15.999999999999993
2019-01-29,2018,H,H,0.926175,0.05650108,0.017323911,1.22,7.0,15.0,H,1.22,True,21.999999999999996
2019-01-29,2018,H,H,0.50808376,0.28285128,0.20906499,2.1,3.5,3.75,H,2.1,True,110.00000000000001
2019-01-29,2018,H,A,0.035623036,0.07382905,0.89054793,19.0,8.0,1.18,A,1.18,False,-100.0
2019-01-29,2018,D,H,0.8143755,0.13640538,0.04921905,1.28,6.0,12.0,H,1.28,False,-100.0
2019-01-29,2018,H,H,0.45303655,0.3171382,0.22982529,2.37,3.3,3.3,H,2.37,True,137.0
2019-01-29,2018,A,A,0.35745737,0.2561809,0.38636178,4.0,3.3,2.1,A,2.1,True,110.00000000000001
2019-01-30,2018,H,A,0.14038448,0.11071978,0.7488957,5.25,4.2,1.66,A,1.66,False,-100.0
2019-01-30,2018,D,H,0.87725204,0.07874004,0.044007935,1.22,7.0,15.0,H,1.22,False,-100.0
2019-01-30,2018,D,H,0.42125723,0.3425191,0.23622371,2.4,3.4,3.2,H,2.4,False,-100.0
2019-01-30,2018,H,H,0.6181387,0.21348046,0.16838089,1.66,4.0,5.75,H,1.66,True,65.99999999999999
2019-02-02,2018,D,H,0.45883784,0.26130596,0.2798562,2.55,3.3,3.0,H,2.55,False,-100.0
2019-02-02,2018,H,A,0.35276747,0.1882044,0.45902815,3.25,3.5,2.3,A,2.3,False,-100.0
2019-02-02,2018,D,H,0.46835402,0.2747485,0.25689757,2.55,3.5,2.87,H,2.55,False,-100.0
2019-02-02,2018,H,H,0.77896106,0.10071875,0.12032022,1.44,4.5,9.0,H,1.44,True,43.99999999999999
2019-02-02,2018,H,H,0.8156348,0.16397099,0.020394238,1.2,7.5,19.0,H,1.2,True,19.999999999999996
2019-02-02,2018,A,H,0.5970246,0.21215545,0.19081993,2.37,3.4,3.25,H,2.37,False,-100.0
2019-02-02,2018,H,H,0.62704337,0.21047921,0.16247742,2.05,3.5,4.0,H,2.05,True,104.99999999999999
2019-02-03,2018,A,D,0.2683512,0.4472837,0.28436515,3.6,3.5,2.15,D,3.5,False,-100.0
2019-02-03,2018,H,H,0.67995477,0.08558557,0.23445964,1.33,6.0,9.0,H,1.33,True,33.00000000000001
2019-02-04,2018,D,A,0.19364843,0.09489313,0.71145844,8.0,5.25,1.4,A,1.4,False,-100.0
2019-02-06,2018,A,A,0.03552823,0.059848238,0.9046235,10.0,6.25,1.3,A,1.3,True,30.000000000000004
2019-02-09,2018,H,A,0.28655532,0.31044015,0.40300453,2.35,3.5,3.2,A,3.2,False,-100.0
2019-02-09,2018,A,D,0.407511,0.4982811,0.09420789,1.75,3.9,5.0,D,3.9,False,-100.0
2019-02-09,2018,H,H,0.95987105,0.019241042,0.020887867,1.22,7.5,14.0,H,1.22,True,21.999999999999996
2019-02-09,2018,D,H,0.682617,0.16600491,0.15137807,2.1,3.5,3.75,H,2.1,False,-100.0
2019-02-09,2018,A,A,0.06770789,0.089549586,0.84274256,5.5,4.4,1.61,A,1.61,True,61.00000000000001
2019-02-09,2018,A,H,0.5150029,0.18327387,0.3017232,2.05,3.3,4.2,H,2.05,False,-100.0
2019-02-09,2018,A,A,0.19360481,0.09259025,0.71380496,5.75,4.4,1.6,A,1.6,True,60.00000000000001
2019-02-10,2018,H,H,0.742796,0.14325625,0.11394776,1.5,4.75,7.0,H,1.5,True,50.0
2019-02-10,2018,H,H,0.688272,0.2254314,0.08629665,1.7,3.9,5.5,H,1.7,True,70.0
2019-02-11,2018,D,D,0.38006458,0.38600767,0.2339278,1.7,3.75,5.75,D,3.75,True,275.0
2019-02-22,2018,H,H,0.71378917,0.22506931,0.061141532,1.95,3.8,4.0,H,1.95,True,95.0
2019-02-22,2018,A,A,0.15146868,0.0059531434,0.8425782,3.1,3.4,2.45,A,2.45,True,145.00000000000003
2019-02-23,2018,D,A,0.34435442,0.30752054,0.34812507,2.87,3.4,2.62,A,2.62,False,-100.0
2019-02-23,2018,H,A,0.09117225,0.17810844,0.7307193,5.75,3.8,1.7,A,1.7,False,-100.0
2019-02-23,2018,A,H,0.74202675,0.20676075,0.051212467,2.25,3.4,3.5,H,2.25,False,-100.0
2019-02-23,2018,H,H,0.6110455,0.28240553,0.10654899,1.83,3.5,5.25,H,1.83,True,83.0
2019-02-24,2018,H,H,0.70987386,0.2356359,0.0544902,1.5,4.75,7.0,H,1.5,True,50.0
2019-02-24,2018,D,H,0.6099798,0.25066334,0.13935682,3.1,3.5,2.37,H,3.1,False,-100.0
2019-02-26,2018,H,H,0.58839786,0.35658666,0.055015437,1.9,3.5,4.6,H,1.9,True,89.99999999999999
2019-02-26,2018,H,H,0.52267545,0.14794654,0.32937804,2.15,3.3,3.9,H,2.15,True,114.99999999999999
2019-02-26,2018,H,A,0.44068673,0.0912769,0.4680364,5.0,3.5,1.85,A,1.85,False,-100.0
2019-02-26,2018,A,A,0.10022201,0.4382263,0.46155164,3.75,3.4,2.15,A,2.15,True,114.99999999999999
2019-02-27,2018,H,H,0.96734333,0.025454864,0.0072017843,1.16,9.0,19.0,H,1.16,True,15.999999999999993
2019-02-27,2018,H,H,0.933049,0.045008723,0.021942269,1.28,6.0,12.0,H,1.28,True,28.000000000000004
2019-02-27,2018,H,H,0.52994996,0.23617749,0.23387258,1.9,3.7,4.33,H,1.9,True,89.99999999999999
2019-02-27,2018,H,H,0.43221703,0.35280508,0.21497793,2.3,3.5,3.25,H,2.3,True,129.99999999999997
2019-02-27,2018,A,D,0.15555076,0.46616882,0.37828043,3.25,3.5,2.3,D,3.5,False,-100.0
2019-02-27,2018,H,H,0.73484486,0.22082557,0.044329558,1.44,5.0,7.5,H,1.44,True,43.99999999999999
2019-03-02,2018,H,H,0.55534065,0.251644,0.19301537,2.15,3.5,3.6,H,2.15,True,114.99999999999999
2019-03-02,2018,H,H,0.5095187,0.21690625,0.2735751,1.5,4.33,8.0,H,1.5,True,50.0
2019-03-02,2018,D,H,0.48792502,0.25093794,0.2611371,2.05,3.7,3.75,H,2.05,False,-100.0
2019-03-02,2018,A,A,0.2951679,0.28984377,0.41498837,2.8,3.3,2.75,A,2.75,True,175.0
2019-03-02,2018,H,H,0.7342549,0.15923764,0.106507495,1.45,4.5,8.5,H,1.45,True,44.99999999999999
2019-03-02,2018,H,H,0.7412562,0.124155894,0.1345879,1.85,3.4,5.25,H,1.85,True,85.00000000000001
2019-03-02,2018,A,A,0.009744393,0.058560833,0.93169475,13.0,7.5,1.22,A,1.22,True,21.999999999999996
2019-03-03,2018,D,A,0.14955987,0.28430328,0.5661369,6.0,4.2,1.61,A,1.61,False,-100.0
2019-03-03,2018,A,A,0.08985359,0.029663911,0.88048255,6.5,4.5,1.53,A,1.53,True,53.0
2019-03-03,2018,H,D,0.19610028,0.5399148,0.26398495,2.55,3.3,3.0,D,3.3,False,-100.0
2019-03-09,2018,H,D,0.140561,0.47571164,0.38372737,3.6,3.5,2.15,D,3.5,False,-100.0
2019-03-09,2018,A,H,0.4622495,0.33602247,0.20172809,1.83,3.6,5.0,H,1.83,False,-100.0
2019-03-09,2018,A,D,0.3749899,0.43016875,0.19484133,3.4,3.3,2.35,D,3.3,False,-100.0
2019-03-09,2018,H,H,0.46043482,0.395072,0.14449316,2.8,3.25,2.8,H,2.8,True,179.99999999999997
2019-03-09,2018,H,A,0.20407988,0.23888938,0.55703074,4.5,3.8,1.85,A,1.85,False,-100.0
2019-03-09,2018,H,H,0.678273,0.17380637,0.14792064,1.57,4.5,6.0,H,1.57,True,57.00000000000001
2019-03-09,2018,H,H,0.99201804,0.006830819,0.0011510854,1.16,9.0,19.0,H,1.16,True,15.999999999999993
2019-03-10,2018,H,H,0.5164516,0.2428579,0.2406905,2.4,3.6,3.0,H,2.4,True,140.0
2019-03-10,2018,D,H,0.81134343,0.122867,0.06578955,1.55,4.2,7.0,H,1.55,False,-100.0
2019-03-10,2018,H,H,0.95051235,0.025428211,0.024059465,1.16,8.5,21.0,H,1.16,True,15.999999999999993
2019-03-16,2018,H,H,0.7890297,0.07776328,0.13320701,1.55,4.2,7.0,H,1.55,True,55.00000000000001
2019-03-16,2018,A,A,0.21930698,0.24630773,0.5343853,3.1,3.4,2.45,A,2.45,True,145.00000000000003
2019-03-16,2018,D,H,0.4770253,0.3701746,0.15280017,2.05,3.6,3.8,H,2.05,False,-100.0
2019-03-17,2018,H,A,0.3603517,0.09276319,0.5468851,4.0,3.8,1.95,A,1.95,False,-100.0
2019-03-17,2018,A,A,0.068402104,0.1957837,0.7358142,12.0,7.0,1.25,A,1.25,True,25.0
2019-03-30,2018,H,H,0.80515045,0.10265254,0.09219699,1.44,4.75,8.0,H,1.44,True,43.99999999999999
2019-03-30,2018,H,H,0.54173744,0.24157143,0.21669118,1.85,3.8,4.5,H,1.85,True,85.00000000000001
2019-03-30,2018,A,D,0.2833413,0.42370617,0.29295248,2.55,3.5,2.9,D,3.5,False,-100.0
2019-03-30,2018,A,A,0.06735659,0.18354905,0.74909437,21.0,11.0,1.12,A,1.12,True,12.00000000000001
2019-03-30,2018,H,D,0.30054975,0.37097257,0.32847768,3.2,3.25,2.45,D,3.25,False,-100.0
2019-03-30,2018,A,H,0.47291607,0.26580998,0.2612739,2.55,3.2,3.1,H,2.55,False,-100.0
2019-03-30,2018,H,H,0.6184456,0.113688625,0.26786584,1.45,4.4,9.0,H,1.45,True,44.99999999999999
2019-03-31,2018,A,A,0.20016207,0.13605209,0.6637859,9.0,4.5,1.44,A,1.44,True,43.99999999999999
2019-03-31,2018,H,H,0.57444274,0.13401358,0.2915437,1.61,4.2,6.0,H,1.61,True,61.00000000000001
2019-04-01,2018,H,H,0.81696165,0.06693605,0.116102286,1.36,5.25,9.5,H,1.36,True,36.00000000000001
2019-04-02,2018,H,H,0.7447107,0.1676226,0.087666705,1.72,4.0,5.0,H,1.72,True,72.0
2019-04-02,2018,H,A,0.31314853,0.06252252,0.624329,4.0,3.6,2.0,A,2.0,False,-100.0
2019-04-03,2018,H,H,0.86742073,0.104384735,0.028194549,1.06,17.0,34.0,H,1.06,True,6.000000000000005
2019-04-03,2018,H,H,0.88209176,0.09422544,0.023682788,1.25,6.5,15.0,H,1.25,True,25.0
2019-04-03,2018,H,H,0.8382103,0.14134149,0.020448267,1.45,5.0,7.5,H,1.45,True,44.99999999999999
2019-04-05,2018,A,A,0.17059197,0.20579366,0.6236144,9.0,5.0,1.4,A,1.4,True,39.99999999999999
2019-04-06,2018,A,H,0.41046786,0.30285332,0.2866788,2.6,3.25,3.0,H,2.6,False,-100.0
2019-04-06,2018,A,H,0.5768055,0.27328274,0.14991184,2.1,3.6,3.75,H,2.1,False,-100.0
2019-04-06,2018,A,A,0.1357212,0.30199805,0.5622808,5.0,4.0,1.72,A,1.72,True,72.0
2019-04-07,2018,H,H,0.6308928,0.17188194,0.19722527,3.0,3.75,2.35,H,3.0,True,200.0
2019-04-08,2018,H,H,0.6433118,0.14622441,0.21046384,1.33,5.75,9.5,H,1.33,True,33.00000000000001
2019-04-12,2018,A,H,0.8152294,0.103534736,0.08123586,1.66,4.0,5.75,H,1.66,False,-100.0
2019-04-13,2018,A,H,0.70807016,0.203098,0.088831864,2.3,3.4,3.4,H,2.3,False,-100.0
2019-04-13,2018,H,H,0.76299983,0.09300707,0.14399311,1.9,3.6,4.5,H,1.9,True,89.99999999999999
2019-04-13,2018,H,A,0.14428902,0.40520388,0.45050713,5.0,4.0,1.75,A,1.75,False,-100.0
2019-04-13,2018,H,H,0.72788846,0.12518191,0.14692962,1.4,5.25,8.5,H,1.4,True,39.99999999999999
2019-04-13,2018,H,A,0.38908908,0.057639293,0.55327165,2.6,3.25,3.0,A,3.0,False,-100.0
2019-04-13,2018,H,H,0.88153046,0.11041743,0.008052128,1.22,7.0,15.0,H,1.22,True,21.999999999999996
2019-04-14,2018,A,A,0.050279908,0.046394847,0.90332526,11.0,6.0,1.3,A,1.3,True,30.000000000000004
2019-04-14,2018,H,H,0.42343593,0.37933746,0.19722658,1.66,4.2,5.25,H,1.66,True,65.99999999999999
2019-04-15,2018,A,A,0.2516918,0.3458577,0.4024505,3.2,3.75,2.25,A,2.25,True,125.0
2019-04-16,2018,A,H,0.54185206,0.29147455,0.1666734,2.0,3.3,4.5,H,2.0,False,-100.0
2019-04-20,2018,H,H,0.9258586,0.030785149,0.043356195,1.3,6.0,11.0,H,1.3,True,30.000000000000004
2019-04-20,2018,A,A,0.19294484,0.33412847,0.47292662,4.4,3.9,1.85,A,1.85,True,85.00000000000001
2019-04-20,2018,A,H,0.70646584,0.1013615,0.19217266,1.65,4.4,5.25,H,1.65,False,-100.0
2019-04-20,2018,D,A,0.3849995,0.20807275,0.4069277,3.3,3.5,2.3,A,2.3,False,-100.0
2019-04-20,2018,H,H,0.41888875,0.28516418,0.2959471,2.55,3.2,3.1,H,2.55,True,154.99999999999997
2019-04-20,2018,D,H,0.692359,0.010644571,0.29699647,1.75,3.5,6.0,H,1.75,False,-100.0
2019-04-21,2018,A,H,0.76082677,0.13544896,0.10372426,1.53,4.6,6.5,H,1.53,False,-100.0
2019-04-21,2018,A,A,0.04268074,0.14015998,0.81715924,17.0,7.5,1.2,A,1.2,True,19.999999999999996
2019-04-21,2018,H,A,0.37522247,0.23301397,0.3917635,3.25,3.5,2.3,A,2.3,False,-100.0
2019-04-22,2018,D,H,0.6950275,0.28580505,0.019167446,1.25,6.25,15.0,H,1.25,False,-100.0
2019-04-23,2018,H,H,0.8516971,0.14211127,0.0061916467,1.28,6.0,13.0,H,1.28,True,28.000000000000004
2019-04-23,2018,D,H,0.5544116,0.2153933,0.23019512,2.25,3.5,3.4,H,2.25,False,-100.0
2019-04-24,2018,H,A,0.2341939,0.26415873,0.50164735,2.9,3.5,2.55,A,2.55,False,-100.0
2019-04-24,2018,A,A,0.05449555,0.27325973,0.67224467,7.5,5.0,1.44,A,1.44,True,43.99999999999999
2019-04-26,2018,H,H,0.83811563,0.14233764,0.019546745,1.07,15.0,41.0,H,1.07,True,7.000000000000006
2019-04-27,2018,H,H,0.37904984,0.2985576,0.32239252,2.4,3.6,3.0,H,2.4,True,140.0
2019-04-27,2018,A,H,0.5055556,0.25864762,0.23579676,2.62,3.3,2.9,H,2.62,False,-100.0
2019-04-27,2018,A,H,0.7319058,0.16095336,0.10714087,1.4,5.5,7.5,H,1.4,False,-100.0
2019-04-27,2018,D,D,0.20355165,0.60754174,0.1889066,2.3,3.2,3.6,D,3.2,True,220.00000000000003
2019-04-27,2018,D,D,0.41504043,0.41778037,0.16717915,2.62,3.5,2.8,D,3.5,True,250.0
2019-04-27,2018,D,H,0.39457673,0.2866454,0.31877786,1.9,3.9,4.1,H,1.9,False,-100.0
2019-04-28,2018,H,H,0.48615927,0.2613811,0.2524596,2.75,3.6,2.6,H,2.75,True,175.0
2019-04-28,2018,A,A,0.083753146,0.15928914,0.75695777,23.0,9.0,1.14,A,1.14,True,13.99999999999999
2019-04-28,2018,D,D,0.24130522,0.46567273,0.29302207,2.7,3.5,2.7,D,3.5,True,250.0
2019-05-03,2018,H,H,0.9454731,0.03738586,0.01714106,1.66,4.0,5.75,H,1.66,True,65.99999999999999
2019-05-04,2018,H,H,0.5038924,0.33859247,0.1575151,2.3,3.75,3.1,H,2.3,True,129.99999999999997
2019-05-04,2018,A,A,0.058301613,0.05539248,0.8863059,9.5,5.25,1.36,A,1.36,True,36.00000000000001
2019-05-04,2018,H,H,0.6054656,0.32615942,0.06837504,1.53,4.2,7.5,H,1.53,True,53.0
2019-05-04,2018,H,A,0.11307778,0.41118032,0.47574192,4.0,4.0,1.9,A,1.9,False,-100.0
2019-05-04,2018,A,H,0.43129334,0.31385705,0.25484964,2.6,3.75,2.7,H,2.6,False,-100.0
2019-05-05,2018,H,H,0.5816581,0.1338331,0.28450876,1.4,5.25,8.0,H,1.4,True,39.99999999999999
2019-05-05,2018,D,A,0.10122635,0.257833,0.64094067,11.0,6.0,1.3,A,1.3,False,-100.0
2019-05-05,2018,D,H,0.93446517,0.006892959,0.058641873,1.4,5.0,9.0,H,1.4,False,-100.0
2019-05-06,2018,H,H,0.88807416,0.018158933,0.09376692,1.12,8.5,17.0,H,1.12,True,12.00000000000001
2019-05-12,2018,A,A,0.017648779,0.0082946615,0.97405654,19.0,8.5,1.16,A,1.16,True,15.999999999999993
2019-05-12,2018,A,H,0.48389715,0.23183157,0.2842713,3.25,3.8,2.2,H,3.25,False,-100.0
2019-05-12,2018,H,H,0.68860877,0.11451093,0.19688033,1.9,4.2,3.8,H,1.9,True,89.99999999999999
2019-05-12,2018,A,D,0.2936059,0.3682602,0.3381339,2.5,3.6,2.9,D,3.6,False,-100.0
2019-05-12,2018,D,H,0.44257066,0.22378384,0.3336455,2.4,3.75,2.9,H,2.4,False,-100.0
2019-05-12,2018,H,A,0.077107385,0.26481,0.6580826,1.3,6.0,11.0,A,11.0,False,-100.0
2019-05-12,2018,A,H,0.9421453,0.03980426,0.018050423,1.28,6.5,11.0,H,1.28,False,-100.0
2019-05-12,2018,D,H,0.8787718,0.048067335,0.07316084,1.44,4.75,8.5,H,1.44,False,-100.0
2019-05-12,2018,A,H,0.48957214,0.25094733,0.2594805,2.25,3.75,3.2,H,2.25,False,-100.0
2019-05-12,2018,D,H,0.4213816,0.2017625,0.3768559,2.2,3.5,3.5,H,2.2,False,-100.0
2019-08-09,2019,H,H,0.90254366,0.05718706,0.0402693,1.14,10.0,19.0,H,1.14,True,13.99999999999999
2019-08-10,2019,A,H,0.61938035,0.29312915,0.087490484,1.9,3.4,4.0,H,1.9,False,-100.0
2019-08-10,2019,D,D,0.20435357,0.46058947,0.335057,3.0,3.25,2.37,D,3.25,True,225.0
2019-08-10,2019,H,H,0.80130965,0.18157431,0.017116016,1.3,5.25,10.0,H,1.3,True,30.000000000000004
2019-08-10,2019,D,H,0.46599603,0.38104087,0.15296312,1.95,3.6,3.6,H,1.95,False,-100.0
2019-08-10,2019,A,A,0.020978276,0.027765738,0.951256,12.0,6.5,1.22,A,1.22,True,21.999999999999996
2019-08-10,2019,H,D,0.4193753,0.46702683,0.11359785,2.62,3.2,2.75,D,3.2,False,-100.0
2019-08-11,2019,A,A,0.07288695,0.046439283,0.88067377,4.5,3.75,1.72,A,1.72,True,72.0
2019-08-11,2019,D,H,0.5024864,0.29405275,0.2034608,2.2,3.2,3.4,H,2.2,False,-100.0
2019-08-11,2019,H,H,0.45970607,0.3101266,0.2301673,2.1,3.3,3.5,H,2.1,True,110.00000000000001
2019-08-17,2019,H,D,0.29858062,0.41332033,0.28809905,2.25,3.3,3.3,D,3.3,False,-100.0
2019-08-17,2019,H,H,0.38309872,0.34968156,0.2672197,1.72,3.8,4.75,H,1.72,True,72.0
2019-08-17,2019,A,A,0.12905984,0.07753906,0.7934011,6.5,4.75,1.44,A,1.44,True,43.99999999999999
2019-08-17,2019,A,H,0.53061026,0.2076754,0.26171434,2.3,3.4,3.1,H,2.3,False,-100.0
2019-08-17,2019,H,H,0.92822945,0.04919028,0.022580322,1.3,5.5,10.0,H,1.3,True,30.000000000000004
2019-08-17,2019,D,D,0.3490408,0.37309843,0.27786076,2.55,3.25,2.87,D,3.25,True,225.0
2019-08-17,2019,D,H,0.80198795,0.13661794,0.061394073,1.36,5.25,8.0,H,1.36,False,-100.0
2019-08-18,2019,D,H,0.72337186,0.22749059,0.049137518,1.7,3.75,5.0,H,1.7,False,-100.0
2019-08-18,2019,H,A,0.3410766,0.24467474,0.41424868,2.55,3.1,2.9,A,2.9,False,-100.0
2019-08-19,2019,D,A,0.20569795,0.20304266,0.5912594,3.3,3.3,2.25,A,2.25,False,-100.0
2019-08-23,2019,H,H,0.48179045,0.32580778,0.19240169,3.25,3.5,2.15,H,3.25,True,225.0
2019-08-24,2019,A,A,0.06124516,0.22700933,0.7117455,4.33,3.75,1.8,A,1.8,True,80.0
2019-08-24,2019,A,H,0.7366706,0.10981985,0.15350956,2.4,3.3,3.0,H,2.4,False,-100.0
2019-08-24,2019,A,H,0.83572334,0.097481444,0.066795215,1.33,5.25,9.0,H,1.33,False,-100.0
2019-08-24,2019,A,H,0.37877828,0.36260715,0.25861454,3.3,3.3,2.25,H,3.3,False,-100.0
2019-08-24,2019,A,D,0.3440565,0.49739715,0.15854631,2.05,3.5,3.5,D,3.5,False,-100.0
2019-08-24,2019,H,H,0.74236,0.18840832,0.0692317,1.5,4.6,6.0,H,1.5,True,50.0
2019-08-25,2019,A,H,0.973605,0.017471906,0.008923146,1.2,6.5,14.0,H,1.2,False,-100.0
2019-08-25,2019,D,H,0.57068366,0.21975085,0.2095655,1.85,3.4,4.5,H,1.85,False,-100.0
2019-08-25,2019,A,A,0.033261925,0.09882012,0.867918,15.0,7.5,1.16,A,1.16,True,15.999999999999993
2019-08-31,2019,H,H,0.7946571,0.16522168,0.040121183,1.7,4.0,4.75,H,1.7,True,70.0
2019-08-31,2019,A,A,0.008853638,0.03576243,0.9553839,9.5,5.5,1.3,A,1.3,True,30.000000000000004
2019-08-31,2019,H,H,0.4841555,0.35583302,0.16001146,1.85,3.9,3.9,H,1.85,True,85.00000000000001
2019-08-31,2019,D,H,0.8945567,0.0562758,0.049167465,2.5,3.25,2.87,H,2.5,False,-100.0
2019-08-31,2019,H,H,0.9387047,0.041441217,0.01985408,1.08,10.0,26.0,H,1.08,True,8.000000000000007
2019-08-31,2019,D,A,0.31381172,0.1648184,0.5213699,3.8,3.3,2.05,A,2.05,False,-100.0
2019-08-31,2019,H,D,0.32464927,0.38304773,0.29230297,2.15,3.3,3.5,D,3.3,False,-100.0
2019-08-31,2019,D,H,0.757228,0.08971068,0.1530613,1.36,4.75,9.0,H,1.36,False,-100.0
2019-09-01,2019,D,H,0.545966,0.29743823,0.15659575,2.37,3.6,2.8,H,2.37,False,-100.0
2019-09-01,2019,H,H,0.47799507,0.20383455,0.31817034,2.2,3.25,3.5,H,2.2,True,120.00000000000001
2019-09-14,2019,A,D,0.22974434,0.42106742,0.3491882,2.9,3.3,2.5,D,3.3,False,-100.0
2019-09-14,2019,H,A,0.031790476,0.03807942,0.9301301,15.0,9.0,1.14,A,1.14,False,-100.0
2019-09-14,2019,H,H,0.6124292,0.28131774,0.10625303,1.36,5.25,8.0,H,1.36,True,36.00000000000001
2019-09-14,2019,A,H,0.38398227,0.3488286,0.26718912,2.45,3.2,3.0,H,2.45,False,-100.0
2019-09-14,2019,H,H,0.81970215,0.10913169,0.07116617,1.95,3.5,4.0,H,1.95,True,95.0
2019-09-14,2019,D,A,0.32996148,0.318607,0.35143155,2.15,3.3,3.5,A,3.5,False,-100.0
2019-09-14,2019,H,H,0.97341055,0.023231016,0.0033584617,1.14,8.5,17.0,H,1.14,True,13.99999999999999
2019-09-15,2019,D,A,0.33538345,0.14831671,0.51629984,3.6,3.6,2.0,A,2.0,False,-100.0
2019-09-15,2019,H,D,0.24932133,0.43531695,0.31536174,2.9,3.5,2.4,D,3.5,False,-100.0
2019-09-16,2019,D,H,0.4250613,0.3015476,0.2733912,2.62,3.5,2.6,H,2.62,False,-100.0
2019-09-20,2019,A,H,0.4215664,0.2816084,0.29682523,2.05,3.6,3.5,H,2.05,False,-100.0
2019-09-21,2019,D,A,0.3290535,0.31226555,0.3586809,2.5,3.2,3.0,A,3.0,False,-100.0
2019-09-21,2019,H,A,0.3466828,0.30425552,0.34906173,2.87,3.5,2.37,A,2.37,False,-100.0
2019-09-21,2019,H,H,0.45969525,0.18309902,0.35720572,2.0,3.8,3.5,H,2.0,True,100.0
2019-09-21,2019,A,D,0.3830692,0.46113402,0.1557968,1.61,3.75,6.0,D,3.75,False,-100.0
2019-09-21,2019,H,H,0.9694009,0.022385566,0.008213581,1.1,11.0,21.0,H,1.1,True,10.000000000000009
2019-09-22,2019,H,A,0.3211298,0.28699914,0.39187112,3.1,3.6,2.2,A,2.2,False,-100.0
2019-09-22,2019,D,D,0.30302373,0.3547876,0.34218866,2.62,3.1,2.87,D,3.1,True,210.0
2019-09-22,2019,H,H,0.61069006,0.17884369,0.21046622,1.4,4.75,8.0,H,1.4,True,39.99999999999999
2019-09-22,2019,A,H,0.45025876,0.26608303,0.28365824,3.5,3.75,2.0,H,3.5,False,-100.0
2019-09-28,2019,H,H,0.5935784,0.08859593,0.31782568,1.85,3.4,4.5,H,1.85,True,85.00000000000001
2019-09-28,2019,H,H,0.7605461,0.13193353,0.107520424,1.4,4.75,8.0,H,1.4,True,39.99999999999999
2019-09-28,2019,H,H,0.66757035,0.16349572,0.16893394,1.9,3.75,3.75,H,1.9,True,89.99999999999999
2019-09-28,2019,A,A,0.018745152,0.010930658,0.9703242,10.0,5.5,1.3,A,1.3,True,30.000000000000004
2019-09-28,2019,D,A,0.2670782,0.34148926,0.3914325,2.5,3.5,2.75,A,2.75,False,-100.0
2019-09-28,2019,D,H,0.59035677,0.271139,0.13850428,2.3,3.4,3.1,H,2.3,False,-100.0
2019-09-28,2019,A,A,0.20412897,0.078680776,0.71719027,9.0,5.25,1.33,A,1.33,True,33.00000000000001
2019-09-28,2019,H,H,0.7328174,0.11305282,0.15412979,1.4,4.75,8.0,H,1.4,True,39.99999999999999
2019-09-29,2019,H,H,0.44875428,0.1321622,0.4190835,1.5,4.0,7.5,H,1.5,True,50.0
2019-09-30,2019,D,H,0.43846586,0.28800204,0.27353203,2.37,3.5,2.9,H,2.37,False,-100.0
2019-10-05,2019,D,A,0.33781365,0.17732237,0.48486397,2.05,3.4,3.6,A,3.6,False,-100.0
2019-10-05,2019,A,D,0.16574815,0.60087556,0.23337626,2.37,3.6,2.8,D,3.6,False,-100.0
2019-10-05,2019,A,H,0.509056,0.27069566,0.22024836,1.95,3.6,3.8,H,1.95,False,-100.0
2019-10-05,2019,H,A,0.30440396,0.3245616,0.3710344,2.87,3.3,2.5,A,2.5,False,-100.0
2019-10-05,2019,H,H,0.4654343,0.15663165,0.377934,3.9,3.6,1.9,H,3.9,True,290.0
2019-10-05,2019,H,H,0.69941825,0.18860538,0.11197633,1.44,4.75,7.0,H,1.44,True,43.99999999999999
2019-10-06,2019,A,H,0.9510192,0.045080032,0.0039007459,1.12,9.0,21.0,H,1.12,False,-100.0
2019-10-06,2019,H,A,0.2426636,0.07959913,0.67773724,4.5,3.5,1.85,A,1.85,False,-100.0
2019-10-06,2019,A,H,0.49788126,0.13710283,0.3650159,4.0,3.8,1.85,H,4.0,False,-100.0
2019-10-06,2019,H,H,0.6613954,0.22330028,0.11530432,1.44,4.75,7.0,H,1.44,True,43.99999999999999
2019-10-19,2019,A,A,0.009673942,0.07342622,0.9168998,12.0,7.0,1.22,A,1.22,True,21.999999999999996
2019-10-19,2019,H,H,0.5453338,0.25924787,0.1954183,1.95,3.75,3.75,H,1.95,True,95.0
2019-10-19,2019,H,H,0.5842573,0.2633503,0.15239236,2.35,3.4,3.0,H,2.35,True,135.0
2019-10-19,2019,D,H,0.5095133,0.20156713,0.28891954,1.72,4.2,4.2,H,1.72,False,-100.0
2019-10-19,2019,H,H,0.86925983,0.10504206,0.025698047,1.3,5.5,10.0,H,1.3,True,30.000000000000004
2019-10-19,2019,H,H,0.5846737,0.29308563,0.12224067,1.57,4.0,6.0,H,1.57,True,57.00000000000001
2019-10-19,2019,D,H,0.88120276,0.065121815,0.053675376,1.4,5.0,7.5,H,1.4,False,-100.0
2019-10-19,2019,D,H,0.6503453,0.23465095,0.11500372,1.8,3.6,4.5,H,1.8,False,-100.0
2019-10-20,2019,D,A,0.064883955,0.061410133,0.8737059,5.25,3.8,1.65,A,1.65,False,-100.0
2019-10-21,2019,H,H,0.51102173,0.112851836,0.37612644,3.9,3.75,1.9,H,3.9,True,290.0
2019-10-25,2019,A,D,0.33916223,0.48116943,0.1796683,3.1,3.4,2.3,D,3.4,False,-100.0
2019-10-26,2019,D,H,0.5191473,0.29386362,0.1869891,2.15,3.6,3.25,H,2.15,False,-100.0
2019-10-26,2019,D,H,0.36830166,0.2717537,0.35994464,2.1,3.5,3.5,H,2.1,False,-100.0
2019-10-26,2019,H,H,0.98465794,0.005714796,0.009627238,1.08,11.0,26.0,H,1.08,True,8.000000000000007
2019-10-26,2019,H,H,0.4881999,0.24418183,0.26761824,2.9,3.25,2.5,H,2.9,True,190.0
2019-10-26,2019,A,A,0.10326352,0.39467612,0.50206035,4.5,4.0,1.72,A,1.72,True,72.0
2019-10-27,2019,A,A,0.14954492,0.1007084,0.7497467,4.33,4.0,1.75,A,1.75,True,75.0
2019-10-27,2019,H,H,0.84782904,0.11008496,0.042086035,1.5,4.33,6.5,H,1.5,True,50.0
2019-10-27,2019,D,H,0.54130083,0.4184817,0.040217455,3.0,3.1,2.55,H,3.0,False,-100.0
2019-10-27,2019,D,H,0.7441147,0.13822556,0.117659755,1.45,4.75,6.5,H,1.45,False,-100.0
2019-11-02,2019,A,H,0.6226261,0.28456977,0.09280415,1.75,3.8,4.5,H,1.75,False,-100.0
2019-11-02,2019,H,A,0.3444157,0.14751168,0.5080727,2.25,3.2,3.4,A,3.4,False,-100.0
2019-11-02,2019,H,H,0.9695565,0.0050401147,0.025403399,1.07,13.0,23.0,H,1.07,True,7.000000000000006
2019-11-02,2019,A,A,0.081292465,0.09401047,0.824697,5.0,4.33,1.61,A,1.61,True,61.00000000000001
2019-11-02,2019,A,A,0.453889,0.0496721,0.4964389,9.0,5.0,1.33,A,1.33,True,33.00000000000001
2019-11-02,2019,D,H,0.65514356,0.1009284,0.24392802,1.75,3.75,4.75,H,1.75,False,-100.0
2019-11-02,2019,H,A,0.20663375,0.37984744,0.41351882,3.25,3.6,2.15,A,2.15,False,-100.0
2019-11-02,2019,H,H,0.57418257,0.22099045,0.20482701,1.72,4.2,4.33,H,1.72,True,72.0
2019-11-03,2019,A,A,0.21262352,0.39075997,0.3966165,3.5,3.4,2.1,A,2.1,True,110.00000000000001
2019-11-03,2019,D,D,0.3258991,0.5573965,0.11670443,2.7,3.4,2.6,D,3.4,True,240.0
2019-11-08,2019,A,H,0.41149718,0.24603029,0.34247255,2.7,3.5,2.55,H,2.7,False,-100.0
2019-11-09,2019,H,H,0.83765984,0.13596298,0.026377171,1.33,5.0,10.0,H,1.33,True,33.00000000000001
2019-11-09,2019,H,A,0.33321747,0.29579422,0.37098828,2.55,3.25,2.8,A,2.8,False,-100.0
2019-11-09,2019,H,H,0.4692097,0.16432352,0.3664668,2.25,3.5,3.1,H,2.25,True,125.0
2019-11-09,2019,D,D,0.3995591,0.4719308,0.12851003,1.57,4.0,6.0,D,4.0,True,300.0
2019-11-09,2019,H,D,0.27405503,0.45402384,0.27192113,2.0,3.75,3.5,D,3.75,False,-100.0
2019-11-09,2019,A,D,0.09752138,0.49990377,0.4025748,2.9,3.3,2.45,D,3.3,False,-100.0
2019-11-10,2019,H,H,0.71233046,0.14844908,0.13922042,1.6,3.75,6.5,H,1.6,True,60.00000000000001
2019-11-10,2019,H,A,0.43583035,0.12069473,0.4434749,1.9,3.5,4.2,A,4.2,False,-100.0
2019-11-10,2019,H,D,0.36747932,0.4525213,0.17999937,2.5,3.6,2.62,D,3.6,False,-100.0
2019-11-23,2019,A,A,0.16427827,0.09507888,0.74064285,3.75,3.5,2.0,A,2.0,True,100.0
2019-11-23,2019,D,D,0.095450625,0.8806189,0.023930535,1.45,4.75,6.5,D,4.75,True,375.0
2019-11-23,2019,A,A,0.31082293,0.118287936,0.5708891,2.75,3.3,2.6,A,2.6,True,160.0
2019-11-23,2019,A,A,0.027013779,0.13397951,0.8390067,4.2,4.33,1.7,A,1.7,True,70.0
2019-11-23,2019,A,H,0.81975365,0.103600584,0.07664579,1.36,5.1,8.0,H,1.36,False,-100.0
2019-11-23,2019,A,H,0.49233282,0.07192885,0.43573835,2.3,3.4,3.1,H,2.3,False,-100.0
2019-11-23,2019,H,H,0.89425415,0.022383777,0.08336211,1.44,5.0,6.5,H,1.44,True,43.99999999999999
2019-11-23,2019,A,A,0.072229125,0.06898663,0.85878426,7.5,4.75,1.4,A,1.4,True,39.99999999999999
2019-11-24,2019,D,A,0.2244185,0.2664831,0.5090984,3.5,3.4,2.1,A,2.1,False,-100.0
2019-11-25,2019,H,H,0.51190466,0.38924628,0.09884906,2.05,3.4,3.7,H,2.05,True,104.99999999999999
2019-11-30,2019,H,H,0.7631519,0.035140403,0.20170769,1.36,5.5,7.5,H,1.36,True,36.00000000000001
2019-11-30,2019,H,H,0.9194438,0.06890622,0.011650007,1.18,7.0,15.0,H,1.18,True,17.999999999999993
2019-11-30,2019,H,A,0.2390957,0.13538848,0.6255158,2.1,3.4,3.5,A,3.5,False,-100.0
2019-11-30,2019,A,H,0.5684291,0.2584781,0.17309275,2.25,3.25,3.3,H,2.25,False,-100.0
2019-11-30,2019,A,H,0.80311435,0.1707942,0.026091462,1.28,6.0,9.0,H,1.28,False,-100.0
2019-11-30,2019,D,A,0.011266374,0.24272081,0.7460128,13.0,8.0,1.16,A,1.16,False,-100.0
2019-12-01,2019,D,H,0.776076,0.17411242,0.049811594,1.45,4.5,7.0,H,1.45,False,-100.0
2019-12-01,2019,H,H,0.7185606,0.14009783,0.14134154,1.61,4.0,5.25,H,1.61,True,61.00000000000001
2019-12-01,2019,D,H,0.45181376,0.36867905,0.17950721,1.9,3.5,4.2,H,1.9,False,-100.0
2019-12-01,2019,D,A,0.059925396,0.29095098,0.64912367,4.0,4.33,1.75,A,1.75,False,-100.0
2019-12-03,2019,H,H,0.51717764,0.23290557,0.24991682,2.2,3.4,3.25,H,2.2,True,120.00000000000001
2019-12-03,2019,A,A,0.006362822,0.048645362,0.94499177,11.0,7.0,1.22,A,1.22,True,21.999999999999996
2019-12-04,2019,H,H,0.8916426,0.057775225,0.050582178,1.33,5.5,8.0,H,1.33,True,33.00000000000001
2019-12-04,2019,H,H,0.833886,0.10490004,0.06121393,1.36,5.0,8.5,H,1.36,True,36.00000000000001
2019-12-04,2019,H,H,0.53661937,0.26568544,0.19769521,1.75,3.7,4.75,H,1.75,True,75.0
2019-12-04,2019,H,H,0.6467741,0.2949397,0.058286164,1.28,5.75,10.0,H,1.28,True,28.000000000000004
2019-12-04,2019,H,D,0.2856835,0.396074,0.3182425,2.75,3.4,2.55,D,3.4,False,-100.0
2019-12-04,2019,H,H,0.64361763,0.15520108,0.2011813,1.72,4.0,4.2,H,1.72,True,72.0
2019-12-05,2019,A,H,0.7351698,0.14321934,0.1216109,1.83,3.4,4.6,H,1.83,False,-100.0
2019-12-05,2019,A,H,0.75336087,0.08553492,0.16110419,1.57,4.33,5.5,H,1.57,False,-100.0
2019-12-07,2019,A,A,0.0709158,0.08059695,0.8484872,7.0,5.25,1.4,A,1.4,True,39.99999999999999
2019-12-07,2019,H,H,0.44089618,0.3383138,0.22079006,3.5,3.75,2.0,H,3.5,True,250.0
2019-12-07,2019,H,H,0.61522496,0.19099264,0.19378246,1.4,4.75,8.0,H,1.4,True,39.99999999999999
2019-12-07,2019,A,H,0.6266805,0.019224785,0.35409474,1.3,5.5,10.0,H,1.3,False,-100.0
2019-12-07,2019,D,A,0.20062295,0.30144584,0.49793124,2.37,3.3,3.1,A,3.1,False,-100.0
2019-12-08,2019,A,D,0.15799466,0.4950273,0.34697807,4.33,3.8,1.8,D,3.8,False,-100.0
2019-12-08,2019,H,A,0.29883236,0.23581298,0.46535468,2.5,3.2,2.9,A,2.9,False,-100.0
2019-12-08,2019,A,A,0.23863284,0.30345747,0.45790973,2.9,3.5,2.37,A,2.37,True,137.0
2019-12-08,2019,D,A,0.15361801,0.31835446,0.52802753,2.62,3.1,2.87,A,2.87,False,-100.0
2019-12-09,2019,A,D,0.07904406,0.46729314,0.45366284,3.3,4.0,2.0,D,4.0,False,-100.0
2019-12-14,2019,A,H,0.51832306,0.32432756,0.15734935,1.9,3.8,3.8,H,1.9,False,-100.0
2019-12-14,2019,H,H,0.5413323,0.27088037,0.18778734,1.85,3.75,4.2,H,1.85,True,85.00000000000001
2019-12-14,2019,D,H,0.90949064,0.068912186,0.021597156,1.22,6.5,13.0,H,1.22,False,-100.0
2019-12-14,2019,A,H,0.89262295,0.098998696,0.008378349,1.25,6.0,12.0,H,1.25,False,-100.0
2019-12-14,2019,H,H,0.8561533,0.12983006,0.014016637,1.16,7.5,17.0,H,1.16,True,15.999999999999993
2019-12-14,2019,H,A,0.299229,0.21965377,0.48111728,1.95,3.4,4.0,A,4.0,False,-100.0
2019-12-15,2019,A,A,0.049901374,0.09025206,0.85984653,6.0,5.25,1.44,A,1.44,True,43.99999999999999
2019-12-15,2019,A,A,0.36562002,0.23457381,0.39980623,3.25,3.4,2.25,A,2.25,True,125.0
2019-12-15,2019,D,H,0.49674603,0.32295102,0.18030292,1.8,3.7,4.5,H,1.8,False,-100.0
2019-12-16,2019,D,A,0.17055745,0.3804916,0.44895095,2.55,3.25,2.87,A,2.87,False,-100.0
2019-12-21,2019,A,A,0.3014401,0.11311969,0.5854402,3.75,3.8,1.9,A,1.9,True,89.99999999999999
2019-12-21,2019,H,H,0.7709957,0.15140347,0.077600814,1.36,5.25,7.5,H,1.36,True,36.00000000000001
2019-12-21,2019,H,D,0.31917304,0.48262703,0.1982,2.37,3.1,3.25,D,3.1,False,-100.0
2019-12-21,2019,A,H,0.67155886,0.18080385,0.14763734,2.2,3.25,3.5,H,2.2,False,-100.0
2019-12-21,2019,A,A,0.34228075,0.15139154,0.50632775,2.4,3.4,2.9,A,2.9,True,190.0
2019-12-21,2019,A,H,0.45300603,0.34334385,0.20365007,2.4,3.6,2.8,H,2.4,False,-100.0
2019-12-21,2019,D,H,0.4153218,0.21797387,0.36670431,2.3,3.8,2.87,H,2.3,False,-100.0
2019-12-22,2019,H,A,0.29985565,0.09918678,0.6009576,4.33,4.0,1.75,A,1.75,False,-100.0
2019-12-22,2019,A,D,0.28721777,0.47023875,0.24254355,2.37,3.75,2.75,D,3.75,False,-100.0
2019-12-26,2019,H,H,0.64116615,0.111550495,0.24728334,2.3,3.4,3.1,H,2.3,True,129.99999999999997
2019-12-26,2019,H,H,0.8235038,0.049306195,0.12719001,1.53,4.33,6.0,H,1.53,True,53.0
2019-12-26,2019,H,H,0.53241926,0.28351662,0.18406412,2.1,3.75,3.3,H,2.1,True,110.00000000000001
2019-12-26,2019,D,A,0.22118811,0.06821815,0.7105937,3.5,3.9,1.95,A,1.95,False,-100.0
2019-12-26,2019,H,H,0.78472614,0.068223655,0.14705016,1.7,3.75,5.0,H,1.7,True,70.0
2019-12-26,2019,D,H,0.4536597,0.12288578,0.4234545,1.83,3.6,4.33,H,1.83,False,-100.0
2019-12-26,2019,H,H,0.9642812,0.029626656,0.006092175,1.33,5.25,9.0,H,1.33,True,33.00000000000001
2019-12-26,2019,A,A,0.17998934,0.19652876,0.62348187,3.4,3.75,2.05,A,2.05,True,104.99999999999999
2019-12-26,2019,A,H,0.8627213,0.07677982,0.060498822,1.33,5.25,9.0,H,1.33,False,-100.0
2019-12-27,2019,H,A,0.12368101,0.05912442,0.8171945,8.5,5.0,1.36,A,1.36,False,-100.0
2019-12-28,2019,D,A,0.007894339,0.3970462,0.59505945,5.0,4.0,1.66,A,1.66,False,-100.0
2019-12-28,2019,A,H,0.4583603,0.15943849,0.3822012,4.0,3.9,1.83,H,4.0,False,-100.0
2019-12-28,2019,D,H,0.51458013,0.30735445,0.17806539,1.95,3.6,3.8,H,1.95,False,-100.0
2019-12-28,2019,H,H,0.5195604,0.33796287,0.14247675,1.95,3.8,3.6,H,1.95,True,95.0
2019-12-28,2019,H,H,0.6530042,0.19725981,0.14973593,1.75,3.9,4.33,H,1.75,True,75.0
2019-12-28,2019,A,A,0.41255605,0.11698455,0.4704594,4.33,3.75,1.8,A,1.8,True,80.0
2019-12-28,2019,A,H,0.50408137,0.27396673,0.2219519,3.6,3.4,2.05,H,3.6,False,-100.0
2019-12-29,2019,H,H,0.9715551,0.027686348,0.00075858814,1.16,7.5,16.0,H,1.16,True,15.999999999999993
2019-12-29,2019,H,H,0.6747742,0.2945204,0.030705314,1.25,5.75,12.0,H,1.25,True,25.0
2019-12-29,2019,A,H,0.3954686,0.22247452,0.3820569,2.87,3.75,2.3,H,2.87,False,-100.0
2020-01-01,2019,H,A,0.30123428,0.22980244,0.46896324,3.3,3.5,2.1,A,2.1,False,-100.0
2020-01-01,2019,H,A,0.21860655,0.13331556,0.6480779,2.55,3.6,2.62,A,2.62,False,-100.0
2020-01-01,2019,H,H,0.7737274,0.1303091,0.095963456,1.9,3.75,3.8,H,1.9,True,89.99999999999999
2020-01-01,2019,D,A,0.35517848,0.17095603,0.4738655,2.5,3.4,2.75,A,2.75,False,-100.0
2020-01-01,2019,H,H,0.89633083,0.08358579,0.020083325,1.25,6.5,10.0,H,1.25,True,25.0
2020-01-01,2019,A,A,0.058586374,0.20821527,0.73319834,5.0,3.8,1.66,A,1.66,True,65.99999999999999
2020-01-01,2019,A,H,0.6713817,0.17058584,0.15803243,1.75,3.8,4.33,H,1.75,False,-100.0
2020-01-01,2019,D,A,0.39205807,0.20315264,0.40478924,3.6,3.6,1.95,A,1.95,False,-100.0
2020-01-01,2019,H,H,0.5232327,0.10094225,0.37582508,3.0,3.4,2.3,H,3.0,True,200.0
2020-01-02,2019,H,H,0.88063043,0.07846967,0.040899925,1.2,6.5,13.0,H,1.2,True,19.999999999999996
2020-01-10,2019,H,H,0.6010518,0.2304385,0.16850968,1.95,3.4,4.0,H,1.95,True,95.0
2020-01-11,2019,D,H,0.6978974,0.23439348,0.0677091,1.44,4.5,7.5,H,1.44,False,-100.0
2020-01-11,2019,A,A,0.034712657,0.17635393,0.78893346,4.5,4.33,1.66,A,1.66,True,65.99999999999999
2020-01-11,2019,H,H,0.86720216,0.09492307,0.037874706,1.33,5.25,8.5,H,1.33,True,33.00000000000001
2020-01-11,2019,D,A,0.04395996,0.21869336,0.73734665,4.1,3.9,1.8,A,1.8,False,-100.0
2020-01-11,2019,H,A,0.33623728,0.18687385,0.4768889,1.85,3.8,4.0,A,4.0,False,-100.0
2020-01-11,2019,H,H,0.7328222,0.037152275,0.23002556,1.28,5.5,11.0,H,1.28,True,28.000000000000004
2020-01-11,2019,A,H,0.6209703,0.30771,0.07131967,1.6,4.0,5.5,H,1.6,False,-100.0
2020-01-12,2019,A,A,0.22033487,0.21046253,0.56920266,2.6,3.3,2.7,A,2.7,True,170.00000000000003
2020-01-12,2019,A,A,0.028146163,0.023926245,0.94792765,13.0,8.5,1.16,A,1.16,True,15.999999999999993
2020-01-18,2019,D,H,0.98133504,0.016230052,0.0024348907,1.1,11.0,19.0,H,1.1,False,-100.0
2020-01-18,2019,D,H,0.49834543,0.20881064,0.29284394,3.25,3.5,2.2,H,3.25,False,-100.0
2020-01-18,2019,D,D,0.18670127,0.57246,0.24083875,1.83,3.6,4.33,D,3.6,True,260.0
2020-01-18,2019,D,H,0.53991145,0.15098193,0.30910662,1.66,4.0,5.0,H,1.66,False,-100.0
2020-01-18,2019,H,A,0.1941651,0.13856731,0.6672676,6.0,4.5,1.5,A,1.5,False,-100.0
2020-01-18,2019,A,H,0.5364356,0.16490406,0.2986604,2.4,3.4,3.0,H,2.4,False,-100.0
2020-01-18,2019,D,A,0.3026336,0.30650902,0.3908573,2.9,3.5,2.37,A,2.37,False,-100.0
2020-01-18,2019,H,H,0.54823285,0.36525184,0.08651532,2.2,3.5,3.25,H,2.2,True,120.00000000000001
2020-01-19,2019,H,A,0.11699577,0.19710165,0.6859026,4.33,3.75,1.83,A,1.83,False,-100.0
2020-01-19,2019,H,H,0.73354954,0.1691178,0.09733261,1.36,5.25,8.0,H,1.36,True,36.00000000000001
2020-01-21,2019,D,H,0.49946913,0.14896043,0.35157052,1.72,3.9,4.5,H,1.72,False,-100.0
2020-01-21,2019,A,A,0.40068105,0.12910347,0.4702155,7.0,5.0,1.4,A,1.4,True,39.99999999999999
2020-01-21,2019,D,H,0.71749514,0.22226644,0.060238402,1.55,4.1,6.0,H,1.55,False,-100.0
2020-01-21,2019,H,A,0.2557888,0.32540196,0.4188093,2.87,3.4,2.45,A,2.45,False,-100.0
2020-01-21,2019,H,D,0.33621848,0.37284097,0.29094052,2.8,3.5,2.45,D,3.5,False,-100.0
2020-01-21,2019,A,H,0.42389768,0.32100925,0.2550931,2.7,3.25,2.7,H,2.7,False,-100.0
2020-01-22,2019,H,H,0.64387804,0.25339472,0.1027272,1.53,4.33,6.0,H,1.53,True,53.0
2020-01-22,2019,H,H,0.7876918,0.14182423,0.07048397,1.4,5.0,7.5,H,1.4,True,39.99999999999999
2020-01-22,2019,A,H,0.8575743,0.047101583,0.095324114,1.36,4.75,9.0,H,1.36,False,-100.0
2020-01-23,2019,A,A,0.058087457,0.09365118,0.8482614,5.75,3.8,1.61,A,1.61,True,61.00000000000001
2020-01-29,2019,A,A,0.06307687,0.058599725,0.87832344,8.5,5.5,1.33,A,1.33,True,33.00000000000001
2020-02-01,2019,D,D,0.35368657,0.41090062,0.2354128,2.6,3.3,2.75,D,3.3,True,229.99999999999997
2020-02-01,2019,D,D,0.34552506,0.3923158,0.26215917,2.5,3.6,2.7,D,3.6,True,260.0
2020-02-01,2019,H,A,0.37509298,0.11508088,0.5098261,2.1,3.6,3.3,A,3.3,False,-100.0
2020-02-01,2019,A,A,0.19542369,0.28667918,0.5178971,3.1,3.1,2.5,A,2.5,True,150.0
2020-02-01,2019,H,H,0.644442,0.248267,0.10729096,1.25,6.0,12.0,H,1.25,True,25.0
2020-02-01,2019,D,A,0.39635518,0.1293612,0.47428364,2.2,3.4,3.3,A,3.3,False,-100.0
2020-02-01,2019,A,A,0.24288489,0.19476227,0.56235284,2.75,3.3,2.62,A,2.62,True,162.0
2020-02-01,2019,D,H,0.4919427,0.37706897,0.13098836,2.25,3.25,3.4,H,2.25,False,-100.0
2020-02-02,2019,H,A,0.034197878,0.030995077,0.93480706,5.5,4.6,1.53,A,1.53,False,-100.0
2020-02-02,2019,D,A,0.24516599,0.27293167,0.48190233,3.6,3.6,2.0,A,2.0,False,-100.0
2020-02-08,2019,D,H,0.59735584,0.22319368,0.17945045,2.1,3.4,3.6,H,2.1,False,-100.0
2020-02-08,2019,H,H,0.65442747,0.21417844,0.13139407,1.61,3.8,6.0,H,1.61,True,61.00000000000001
2020-02-09,2019,H,H,0.72711486,0.16179533,0.11108976,1.66,3.6,5.75,H,1.66,True,65.99999999999999
2020-02-14,2019,D,D,0.34381318,0.39840373,0.2577831,2.5,3.3,2.87,D,3.3,True,229.99999999999997
2020-02-15,2019,A,H,0.46334186,0.34596464,0.19069345,1.75,3.8,4.75,H,1.75,False,-100.0
2020-02-15,2019,A,A,0.014185702,0.07468579,0.9111285,11.0,6.25,1.25,A,1.25,True,25.0
2020-02-16,2019,H,H,0.8160172,0.13187462,0.052108184,1.4,4.75,8.0,H,1.4,True,39.99999999999999
2020-02-16,2019,A,A,0.25588584,0.26702672,0.47708747,4.0,3.8,1.85,A,1.85,True,85.00000000000001
2020-02-17,2019,A,H,0.7658053,0.19148272,0.042712007,1.85,3.5,4.5,H,1.85,False,-100.0
2020-02-19,2019,H,H,0.98266923,0.013841281,0.0034894375,1.12,9.5,17.0,H,1.12,True,12.00000000000001
2020-02-22,2019,A,A,0.02424368,0.2045795,0.77117676,4.5,4.2,1.7,A,1.7,True,70.0
2020-02-22,2019,H,H,0.49513823,0.34305647,0.1618053,1.61,4.33,5.0,H,1.61,True,61.00000000000001
2020-02-22,2019,D,H,0.5366896,0.13879348,0.32451698,1.95,3.4,4.2,H,1.95,False,-100.0
2020-02-22,2019,H,H,0.82862127,0.044256102,0.12712264,1.72,4.0,4.5,H,1.72,True,72.0
2020-02-22,2019,H,H,0.68416727,0.16187935,0.15395334,2.1,3.3,3.7,H,2.1,True,110.00000000000001
2020-02-22,2019,H,H,0.7201789,0.07375453,0.20606656,1.95,3.4,4.2,H,1.95,True,95.0
2020-02-23,2019,H,A,0.29159194,0.23166253,0.47674558,2.0,3.6,3.7,A,3.7,False,-100.0
2020-02-23,2019,H,H,0.6414073,0.2313282,0.12726451,1.6,3.9,6.0,H,1.6,True,60.00000000000001
2020-02-23,2019,H,H,0.66803473,0.1279402,0.20402509,1.5,4.2,7.0,H,1.5,True,50.0
2020-02-24,2019,H,H,0.9561842,0.03650183,0.0073139924,1.16,8.0,15.0,H,1.16,True,15.999999999999993
2020-02-28,2019,H,A,0.10783581,0.08901542,0.8031488,4.33,4.1,1.72,A,1.72,False,-100.0
2020-02-29,2019,H,A,0.051337186,0.00976971,0.9388931,8.0,4.75,1.4,A,1.4,False,-100.0
2020-02-29,2019,H,D,0.2341775,0.44195047,0.32387203,2.65,3.6,2.5,D,3.6,False,-100.0
2020-02-29,2019,A,H,0.4856695,0.25024903,0.26408148,2.05,3.25,3.9,H,2.05,False,-100.0
2020-02-29,2019,D,A,0.040567495,0.1148673,0.8445653,4.75,3.8,1.72,A,1.72,False,-100.0
2020-02-29,2019,D,H,0.37417132,0.30633056,0.31949815,2.62,3.1,2.9,H,2.62,False,-100.0
2020-03-01,2019,D,A,0.3020789,0.34388366,0.35403746,2.5,3.25,2.9,A,2.9,False,-100.0
2020-03-01,2019,A,A,0.35056317,0.21916142,0.43027544,2.45,3.2,3.0,A,3.0,True,200.0
2020-03-07,2019,D,A,0.32995594,0.2900457,0.37999836,2.7,3.3,2.62,A,2.62,False,-100.0
2020-03-07,2019,A,H,0.7487778,0.14840771,0.10281446,1.61,4.1,5.25,H,1.61,False,-100.0
2020-03-07,2019,H,H,0.55836725,0.19866091,0.24297182,1.65,3.75,5.75,H,1.65,True,64.99999999999999
2020-03-07,2019,H,H,0.94091594,0.04134365,0.01774045,1.22,6.5,13.0,H,1.22,True,21.999999999999996
2020-03-07,2019,H,H,0.8355002,0.074191675,0.090308145,1.57,4.4,5.5,H,1.57,True,57.00000000000001
2020-03-07,2019,D,H,0.48946017,0.14955637,0.36098352,1.61,3.9,5.75,H,1.61,False,-100.0
2020-03-07,2019,H,H,0.37124693,0.36222756,0.26652557,2.55,3.2,2.9,H,2.55,True,154.99999999999997
2020-03-08,2019,H,H,0.9102298,0.06620028,0.023569902,1.8,3.9,4.2,H,1.8,True,80.0
2020-03-08,2019,H,A,0.31865188,0.29686642,0.3844817,5.0,4.33,1.6,A,1.6,False,-100.0
2020-03-09,2019,H,H,0.72409624,0.13679488,0.13910887,1.36,5.25,8.0,H,1.36,True,36.00000000000001
2020-06-17,2019,H,H,0.9301118,0.036843777,0.03304438,1.36,5.25,7.5,H,1.36,True,36.00000000000001
2020-06-17,2019,D,A,0.2762012,0.2243665,0.49943233,3.2,3.4,2.25,A,2.25,False,-100.0
2020-06-19,2019,A,H,0.52819955,0.3399156,0.13188486,2.8,3.5,2.45,H,2.8,False,-100.0
2020-06-19,2019,D,D,0.35035652,0.37891683,0.27072668,3.0,3.4,2.37,D,3.4,True,240.0
2020-06-20,2019,D,H,0.4570923,0.16457634,0.3783314,3.6,3.5,2.05,H,3.6,False,-100.0
2020-06-20,2019,H,A,0.16275425,0.36571965,0.47152612,3.1,3.25,2.37,A,2.37,False,-100.0
2020-06-20,2019,A,A,0.29372045,0.20406455,0.50221497,3.6,3.4,2.1,A,2.1,True,110.00000000000001
2020-06-20,2019,A,A,0.27946344,0.35834312,0.36219344,2.45,3.2,3.0,A,3.0,True,200.0
2020-06-21,2019,A,A,0.039144397,0.04323029,0.91762537,6.0,4.5,1.5,A,1.5,True,50.0
2020-06-21,2019,D,A,0.041404087,0.074465975,0.88412994,6.0,4.2,1.55,A,1.55,False,-100.0
2020-06-21,2019,H,H,0.46175617,0.08423713,0.45400664,3.3,3.1,2.37,H,3.3,True,229.99999999999997
2020-06-22,2019,H,H,0.97488016,0.023073068,0.0020467802,1.12,9.0,15.0,H,1.12,True,12.00000000000001
2020-06-23,2019,H,H,0.68972087,0.21638426,0.09389486,1.66,4.0,5.0,H,1.66,True,65.99999999999999
2020-06-23,2019,D,H,0.6937966,0.12602954,0.18017393,1.6,4.0,5.75,H,1.6,False,-100.0
2020-06-24,2019,H,H,0.97750187,0.014994729,0.007503459,1.22,6.5,13.0,H,1.22,True,21.999999999999996
2020-06-24,2019,H,H,0.6282382,0.17238763,0.19937421,1.4,4.5,8.5,H,1.4,True,39.99999999999999
2020-06-24,2019,D,D,0.34842724,0.56272566,0.088847145,2.3,3.3,3.2,D,3.3,True,229.99999999999997
2020-06-24,2019,A,A,0.39690092,0.18244961,0.4206495,3.9,3.6,1.9,A,1.9,True,89.99999999999999
2020-06-24,2019,H,D,0.3503392,0.5013415,0.1483193,1.55,4.0,6.0,D,4.0,False,-100.0
2020-06-25,2019,H,H,0.7177235,0.12678619,0.15549031,4.0,4.0,1.8,H,4.0,True,300.0
2020-06-25,2019,H,A,0.25334585,0.35598412,0.39067006,3.0,3.25,2.45,A,2.45,False,-100.0
2020-06-25,2019,A,H,0.44586885,0.33754513,0.21658605,2.6,3.5,2.62,H,2.6,False,-100.0
2020-06-27,2019,A,A,0.23066273,0.2906678,0.47866943,4.6,3.7,1.75,A,1.75,True,75.0
2020-06-28,2019,A,A,0.28990942,0.33174288,0.37834772,2.5,3.3,2.87,A,2.87,True,187.0
2020-06-29,2019,A,D,0.24126835,0.53140557,0.22732607,2.25,3.2,3.4,D,3.2,False,-100.0
2020-06-30,2019,A,A,0.09801216,0.20132135,0.7006665,6.0,3.8,1.61,A,1.61,True,61.00000000000001
2020-07-01,2019,H,A,0.20693806,0.3943082,0.3987537,5.5,4.33,1.57,A,1.57,False,-100.0
2020-07-01,2019,A,H,0.4934351,0.4326868,0.0738781,2.4,3.1,3.2,H,2.4,False,-100.0
2020-07-01,2019,H,H,0.5439013,0.18986352,0.26623517,2.5,3.3,2.9,H,2.5,True,150.0
2020-07-01,2019,H,H,0.8446171,0.0498718,0.10551111,1.44,4.75,7.0,H,1.44,True,43.99999999999999
2020-07-02,2019,H,H,0.37598068,0.27213535,0.35188395,2.05,3.9,3.3,H,2.05,True,104.99999999999999
2020-07-02,2019,H,H,0.75029767,0.070163,0.17953928,4.2,3.4,1.95,H,4.2,True,320.0
2020-07-04,2019,A,A,0.2474953,0.20814666,0.5443581,2.25,3.4,3.25,A,3.25,True,225.0
2020-07-04,2019,H,H,0.9331306,0.06489337,0.0019760071,1.16,7.5,17.0,H,1.16,True,15.999999999999993
2020-07-04,2019,H,H,0.8410217,0.1284679,0.030510403,1.4,4.75,8.0,H,1.4,True,39.99999999999999
2020-07-04,2019,A,H,0.5118193,0.18357027,0.30461043,3.3,3.4,2.2,H,3.3,False,-100.0
2020-07-04,2019,H,H,0.68136483,0.22531633,0.09331887,1.66,3.6,5.75,H,1.66,True,65.99999999999999
2020-07-05,2019,H,A,0.00956974,0.025307434,0.9651228,8.5,6.0,1.3,A,1.3,False,-100.0
2020-07-05,2019,H,H,0.8347644,0.11516508,0.05007045,1.33,5.5,8.5,H,1.33,True,33.00000000000001
2020-07-05,2019,D,H,0.4194475,0.27087787,0.30967462,2.6,3.3,2.75,H,2.6,False,-100.0
2020-07-05,2019,D,D,0.45032105,0.47945166,0.07022726,2.9,3.0,2.7,D,3.0,True,200.0
2020-07-06,2019,H,A,0.33235666,0.29998177,0.36766154,2.1,3.5,3.4,A,3.4,False,-100.0
2020-07-07,2019,H,H,0.83968174,0.11601578,0.04430246,1.7,3.75,5.0,H,1.7,True,70.0
2020-07-07,2019,D,H,0.60556984,0.2373074,0.1571227,2.3,3.5,3.0,H,2.3,False,-100.0
2020-07-07,2019,A,A,0.042856075,0.02446055,0.93268335,8.5,4.5,1.4,A,1.4,True,39.99999999999999
2020-07-08,2019,A,H,0.8220947,0.11834418,0.0595611,2.0,3.4,3.9,H,2.0,False,-100.0
2020-07-08,2019,A,A,0.24946217,0.041502114,0.7090357,6.0,4.33,1.53,A,1.53,True,53.0
2020-07-08,2019,H,H,0.9648729,0.028524335,0.006602698,1.12,9.0,21.0,H,1.12,True,12.00000000000001
2020-07-08,2019,H,H,0.78684086,0.12446723,0.088691935,3.8,3.2,2.1,H,3.8,True,280.0
2020-07-09,2019,D,A,0.29192623,0.048947793,0.659126,5.25,3.8,1.66,A,1.66,False,-100.0
2020-07-09,2019,D,H,0.6778888,0.24124463,0.08086662,2.05,3.5,3.6,H,2.05,False,-100.0
2020-07-09,2019,A,A,0.15285365,0.18650609,0.66064024,9.0,5.25,1.33,A,1.33,True,33.00000000000001
2020-07-11,2019,A,A,0.34660745,0.06694694,0.5864456,3.75,3.75,1.95,A,1.95,True,95.0
2020-07-11,2019,H,H,0.6788878,0.21651891,0.104593344,1.8,3.6,4.5,H,1.8,True,80.0
2020-07-11,2019,D,H,0.9651182,0.022994893,0.011886813,1.22,6.5,12.0,H,1.22,False,-100.0
2020-07-11,2019,H,A,0.16546899,0.11675888,0.7177721,6.0,3.8,1.6,A,1.6,False,-100.0
2020-07-11,2019,A,A,0.07545033,0.033219144,0.8913305,10.0,5.5,1.28,A,1.28,True,28.000000000000004
2020-07-12,2019,H,A,0.37006375,0.07941299,0.5505233,2.05,3.3,3.8,A,3.8,False,-100.0
2020-07-12,2019,H,H,0.37976074,0.29476082,0.32547837,2.25,3.3,3.3,H,2.25,True,125.0
2020-07-12,2019,H,A,0.061253242,0.024451775,0.91429496,5.25,3.8,1.66,A,1.66,False,-100.0
2020-07-12,2019,H,H,0.6638277,0.06764617,0.26852617,2.62,3.4,2.7,H,2.62,True,162.0
2020-07-13,2019,D,H,0.8522391,0.06877922,0.07898168,1.3,5.5,10.0,H,1.3,False,-100.0
2020-07-14,2019,H,H,0.97554785,0.019483335,0.004968892,1.12,9.5,17.0,H,1.12,True,12.00000000000001
2020-07-15,2019,D,A,0.41739765,0.14611092,0.43649137,4.5,3.3,1.9,A,1.9,False,-100.0
2020-07-15,2019,H,H,0.6772441,0.29164204,0.031113843,1.14,8.5,17.0,H,1.14,True,13.99999999999999
2020-07-15,2019,A,A,0.042591628,0.19829717,0.75911117,4.6,3.8,1.75,A,1.75,True,75.0
2020-07-15,2019,H,H,0.48947397,0.18013495,0.33039108,3.8,3.8,1.9,H,3.8,True,280.0
2020-07-16,2019,D,H,0.481871,0.31267017,0.20545886,2.0,3.5,3.75,H,2.0,False,-100.0
2020-07-16,2019,H,H,0.50413436,0.3473874,0.14847828,2.05,3.25,3.9,H,2.05,True,104.99999999999999
2020-07-16,2019,A,A,0.18777856,0.15341544,0.65880597,9.5,4.75,1.36,A,1.36,True,36.00000000000001
2020-07-16,2019,D,H,0.61837816,0.30254957,0.079072274,2.15,3.3,3.5,H,2.15,False,-100.0
2020-07-17,2019,H,H,0.6401439,0.18356256,0.17629354,2.4,3.0,3.3,H,2.4,True,140.0
2020-07-18,2019,A,H,0.4649332,0.18412742,0.35093945,3.2,3.4,2.25,H,3.2,False,-100.0
2020-07-19,2019,A,H,0.41717356,0.27158317,0.31124333,2.4,3.6,2.8,H,2.4,False,-100.0
2020-07-19,2019,H,H,0.51947093,0.3264895,0.15403958,2.25,3.3,3.25,H,2.25,True,125.0
2020-07-20,2019,H,H,0.63580775,0.255811,0.1083812,1.5,4.0,7.5,H,1.5,True,50.0
2020-07-20,2019,A,H,0.45277622,0.21940696,0.32781675,2.2,3.25,3.5,H,2.2,False,-100.0
2020-07-20,2019,D,H,0.50543946,0.20580645,0.2887541,1.9,3.4,4.33,H,1.9,False,-100.0
2020-07-21,2019,A,A,0.06600504,0.06583405,0.8681609,8.5,5.5,1.33,A,1.33,True,33.00000000000001
2020-07-21,2019,H,A,0.25429884,0.31376714,0.43193403,3.3,3.6,2.1,A,2.1,False,-100.0
2020-07-22,2019,D,H,0.7585646,0.15478289,0.086652525,1.22,6.5,11.0,H,1.22,False,-100.0
2020-07-22,2019,H,H,0.8960254,0.07557731,0.028397294,2.0,3.75,3.5,H,2.0,True,100.0
2020-07-26,2019,A,H,0.4810478,0.2616156,0.2573366,2.25,3.7,3.0,H,2.25,False,-100.0
2020-07-26,2019,H,H,0.43500912,0.3439982,0.22099273,1.9,3.8,3.8,H,1.9,True,89.99999999999999
2020-07-26,2019,A,H,0.73589134,0.049442735,0.21466587,2.37,3.4,3.0,H,2.37,False,-100.0
2020-07-26,2019,H,H,0.46410346,0.44427195,0.091624536,1.85,3.8,4.0,H,1.85,True,85.00000000000001
2020-07-26,2019,D,A,0.23369285,0.32513347,0.44117364,6.0,4.2,1.55,A,1.55,False,-100.0
2020-07-26,2019,A,H,0.43767062,0.3672659,0.19506341,3.25,3.5,2.2,H,3.25,False,-100.0
2020-07-26,2019,H,H,0.8865246,0.09638403,0.017091403,1.08,11.0,26.0,H,1.08,True,8.000000000000007
2020-07-26,2019,A,A,0.0950644,0.059640605,0.845295,7.5,5.25,1.36,A,1.36,True,36.00000000000001
2020-07-26,2019,H,H,0.5513579,0.2083324,0.24030967,2.15,3.5,3.3,H,2.15,True,114.99999999999999
2020-07-26,2019,D,H,0.44538414,0.4209379,0.13367797,3.0,3.6,2.3,H,3.0,False,-100.0
2020-09-12,2020,A,H,0.6746099,0.22904284,0.09634725,2.15,3.4,3.4,H,2.15,False,-100.0
2020-09-12,2020,H,A,0.26217154,0.334168,0.40366048,3.1,3.25,2.37,A,2.37,False,-100.0
2020-09-12,2020,A,A,0.052427333,0.15143324,0.7961394,6.0,4.33,1.53,A,1.53,True,53.0
2020-09-12,2020,H,D,0.4847386,0.48805946,0.02720197,1.28,6.0,9.5,D,6.0,False,-100.0
2020-09-13,2020,A,H,0.4355825,0.14615656,0.41826087,3.8,3.6,1.95,H,3.8,False,-100.0
2020-09-13,2020,A,H,0.76721174,0.167297,0.06549126,1.83,3.6,4.33,H,1.83,False,-100.0
2020-09-14,2020,A,A,0.15447731,0.074119106,0.77140355,5.0,4.33,1.61,A,1.61,True,61.00000000000001
2020-09-14,2020,A,D,0.27389875,0.45294616,0.27315503,3.25,3.1,2.37,D,3.1,False,-100.0
2020-09-19,2020,H,H,0.7196672,0.16080236,0.119530424,1.53,4.5,5.5,H,1.53,True,53.0
2020-09-19,2020,A,H,0.9066956,0.06833194,0.024972515,1.3,5.5,9.5,H,1.3,False,-100.0
2020-09-19,2020,H,D,0.3102859,0.6053954,0.08431873,1.5,4.2,6.5,D,4.2,False,-100.0
2020-09-19,2020,H,H,0.7077663,0.2178654,0.07436835,1.61,3.9,5.75,H,1.61,True,61.00000000000001
2020-09-20,2020,A,D,0.23492488,0.49727425,0.2678009,3.1,3.6,2.2,D,3.6,False,-100.0
2020-09-20,2020,A,H,0.5701704,0.23984434,0.1899853,3.0,3.3,2.37,H,3.0,False,-100.0
2020-09-20,2020,A,H,0.4422951,0.23353583,0.32416907,2.6,3.1,2.87,H,2.6,False,-100.0
2020-09-20,2020,H,H,0.58934504,0.21017033,0.20048462,1.61,4.0,5.5,H,1.61,True,61.00000000000001
2020-09-21,2020,A,A,0.03673754,0.051741354,0.9115211,6.5,4.33,1.5,A,1.5,True,50.0
2020-09-21,2020,H,D,0.42446277,0.42501476,0.1505225,2.7,3.1,2.75,D,3.1,False,-100.0
2020-09-26,2020,D,A,0.06759958,0.02421575,0.9081847,9.0,4.75,1.36,A,1.36,False,-100.0
2020-09-26,2020,A,A,0.25111637,0.30479863,0.44408497,3.2,3.3,2.3,A,2.3,True,129.99999999999997
2020-09-26,2020,A,A,0.022967024,0.24436343,0.73266953,4.75,3.75,1.72,A,1.72,True,72.0
2020-09-26,2020,A,D,0.16856608,0.45272374,0.3787102,3.75,3.25,2.1,D,3.25,False,-100.0
2020-09-27,2020,D,H,0.5945585,0.23810503,0.1673365,1.45,4.5,7.0,H,1.45,False,-100.0
2020-09-27,2020,H,A,0.29459366,0.3410173,0.364389,3.6,3.5,2.05,A,2.05,False,-100.0
2020-09-27,2020,A,H,0.7462229,0.100692384,0.15308468,1.28,6.0,9.5,H,1.28,False,-100.0
2020-09-27,2020,A,A,0.2550806,0.3296229,0.41529652,2.7,3.3,2.62,A,2.62,True,162.0
2020-09-28,2020,H,H,0.94990045,0.047022328,0.0030772046,1.45,4.75,6.5,H,1.45,True,44.99999999999999
2020-09-28,2020,A,H,0.45875126,0.26253083,0.27871794,2.9,3.25,2.5,H,2.9,False,-100.0
2020-10-03,2020,H,H,0.52252895,0.38623604,0.091235004,1.4,4.75,8.0,H,1.4,True,39.99999999999999
2020-10-03,2020,H,H,0.7338693,0.09467305,0.17145756,1.72,3.75,4.8,H,1.72,True,72.0
2020-10-03,2020,D,D,0.047783297,0.50167286,0.45054382,7.5,5.25,1.36,D,5.25,True,425.0
2020-10-03,2020,H,A,0.2519114,0.35481223,0.39327642,2.4,3.2,3.1,A,3.1,False,-100.0
2020-10-04,2020,H,A,0.058757305,0.023215773,0.9180269,10.0,5.5,1.3,A,1.3,False,-100.0
2020-10-04,2020,A,H,0.5130568,0.22749527,0.2594479,1.85,3.8,4.0,H,1.85,False,-100.0
2020-10-04,2020,H,H,0.60422546,0.21657892,0.17919566,1.5,4.0,7.5,H,1.5,True,50.0
2020-10-04,2020,H,H,0.52613527,0.3722739,0.101590864,1.72,3.8,4.75,H,1.72,True,72.0
2020-10-04,2020,A,H,0.6037204,0.2200382,0.17624135,1.61,4.2,5.25,H,1.61,False,-100.0
2020-10-04,2020,H,H,0.97233385,0.00565086,0.02201526,1.57,4.0,6.0,H,1.57,True,57.00000000000001
2020-10-17,2020,H,H,0.9751589,0.02022078,0.0046203434,1.44,5.0,6.5,H,1.44,True,43.99999999999999
2020-10-17,2020,A,A,0.14887635,0.37171233,0.47941127,4.75,4.0,1.66,A,1.66,True,65.99999999999999
2020-10-17,2020,D,A,0.21648064,0.084430754,0.69908863,3.75,4.2,1.83,A,1.83,False,-100.0
2020-10-17,2020,D,H,0.8217206,0.09594119,0.08233817,1.45,4.75,6.5,H,1.45,False,-100.0
2020-10-18,2020,A,H,0.4422371,0.43528587,0.12247709,1.83,3.8,4.1,H,1.83,False,-100.0
2020-10-18,2020,D,H,0.603611,0.1387808,0.25760818,2.62,3.3,2.7,H,2.62,False,-100.0
2020-10-18,2020,D,H,0.4205997,0.21181346,0.36758685,2.1,3.3,3.7,H,2.1,False,-100.0
2020-10-18,2020,D,H,0.583942,0.21554749,0.20051052,1.57,4.33,5.5,H,1.57,False,-100.0
2020-10-19,2020,D,H,0.63955796,0.17977384,0.18066818,2.45,3.3,2.9,H,2.45,False,-100.0
2020-10-19,2020,A,A,0.19564426,0.22164962,0.58270615,2.5,3.3,2.87,A,2.87,True,187.0
2020-10-23,2020,A,H,0.5264369,0.32447234,0.14909078,2.05,3.75,3.3,H,2.05,False,-100.0
2020-10-24,2020,H,H,0.75255674,0.18683742,0.060605854,1.22,6.5,12.0,H,1.22,True,21.999999999999996
2020-10-24,2020,D,D,0.3329715,0.4977443,0.16928414,2.37,3.6,2.8,D,3.6,True,260.0
2020-10-24,2020,D,A,0.07823039,0.07774357,0.8440261,8.0,5.25,1.36,A,1.36,False,-100.0
2020-10-24,2020,A,H,0.7342887,0.124201216,0.14151008,2.75,3.1,2.7,H,2.75,False,-100.0
2020-10-25,2020,H,D,0.14565912,0.63919187,0.215149,2.75,3.4,2.55,D,3.4,False,-100.0
2020-10-25,2020,D,H,0.77424914,0.12731403,0.098436825,1.75,3.5,5.25,H,1.75,False,-100.0
2020-10-25,2020,A,H,0.45843196,0.21127085,0.33029717,1.9,3.75,3.8,H,1.9,False,-100.0
2020-10-26,2020,D,H,0.6428556,0.28578085,0.071363576,1.7,4.0,4.75,H,1.7,False,-100.0
2020-10-26,2020,A,A,0.16769813,0.22227758,0.6100243,5.75,4.0,1.6,A,1.6,True,60.00000000000001
2020-10-30,2020,H,H,0.468258,0.32513478,0.20660716,2.0,3.2,4.33,H,2.0,True,100.0
2020-10-31,2020,A,A,0.04648589,0.097719565,0.85579455,9.5,6.0,1.28,A,1.28,True,28.000000000000004
2020-10-31,2020,A,A,0.15122873,0.13872883,0.7100424,6.0,4.5,1.5,A,1.5,True,50.0
2020-10-31,2020,H,H,0.93825,0.04108454,0.020665435,1.36,5.25,7.5,H,1.36,True,36.00000000000001
2020-11-01,2020,A,H,0.5254232,0.21138634,0.26319042,2.45,3.5,2.8,H,2.45,False,-100.0
2020-11-01,2020,H,H,0.44500026,0.11571808,0.4392817,3.7,3.4,2.05,H,3.7,True,270.0
2020-11-01,2020,A,D,0.42759544,0.4599942,0.11241035,2.0,3.6,3.6,D,3.6,False,-100.0
2020-11-01,2020,H,H,0.5638625,0.2539519,0.18218558,1.61,4.0,5.5,H,1.61,True,61.00000000000001
2020-11-02,2020,H,A,0.32846785,0.29771045,0.37382177,2.4,3.3,3.0,A,3.0,False,-100.0
2020-11-02,2020,A,H,0.43803516,0.4154085,0.14655638,2.5,3.6,2.62,H,2.5,False,-100.0
2020-11-06,2020,D,H,0.84016794,0.123163305,0.03666881,1.85,3.5,4.33,H,1.85,False,-100.0
2020-11-06,2020,H,H,0.6005043,0.2503795,0.14911626,2.0,3.6,3.7,H,2.0,True,100.0
2020-11-07,2020,H,H,0.6680069,0.24977541,0.08221771,1.83,3.75,4.2,H,1.83,True,83.0
2020-11-07,2020,H,H,0.8017491,0.16868934,0.029561568,1.36,5.0,8.5,H,1.36,True,36.00000000000001
2020-11-07,2020,A,D,0.1857128,0.47949168,0.33479548,2.9,3.5,2.37,D,3.5,False,-100.0
2020-11-07,2020,H,A,0.26572216,0.2694514,0.4648264,2.87,3.4,2.45,A,2.45,False,-100.0
2020-11-08,2020,A,H,0.8818281,0.0818794,0.03629244,1.65,4.1,5.0,H,1.65,False,-100.0
2020-11-08,2020,D,H,0.5071948,0.20196392,0.29084128,1.95,4.2,3.4,H,1.95,False,-100.0
2020-11-08,2020,H,D,0.3163903,0.43523338,0.2483763,2.3,3.2,3.25,D,3.2,False,-100.0
2020-11-08,2020,A,A,0.118273966,0.06855473,0.81317127,7.0,4.33,1.45,A,1.45,True,44.99999999999999
2020-11-21,2020,H,H,0.86067516,0.05314916,0.0861757,1.3,5.5,9.5,H,1.3,True,30.000000000000004
2020-11-21,2020,A,H,0.5580935,0.28140262,0.16050394,2.15,3.6,3.2,H,2.15,False,-100.0
2020-11-21,2020,A,A,0.2171486,0.06888451,0.7139669,6.5,4.75,1.45,A,1.45,True,44.99999999999999
2020-11-21,2020,H,A,0.3550794,0.12042201,0.5244986,4.0,4.0,1.8,A,1.8,False,-100.0
2020-11-22,2020,A,A,0.090175316,0.21660198,0.6932227,3.9,3.9,1.85,A,1.85,True,85.00000000000001
2020-11-22,2020,A,D,0.38593522,0.39249477,0.22157003,3.0,3.25,2.4,D,3.25,False,-100.0
2020-11-22,2020,D,H,0.425236,0.38590348,0.18886055,3.0,3.75,2.2,H,3.0,False,-100.0
2020-11-22,2020,H,H,0.4762451,0.32656604,0.1971889,1.85,4.0,3.8,H,1.85,True,85.00000000000001
2020-11-23,2020,H,H,0.45354167,0.18782322,0.35863507,2.75,3.1,2.75,H,2.75,True,175.0
2020-11-23,2020,D,H,0.5007568,0.09505852,0.40418467,2.3,3.25,3.25,H,2.3,False,-100.0
2020-11-27,2020,A,H,0.63326824,0.2615723,0.10515946,2.05,3.25,3.75,H,2.05,False,-100.0
2020-11-28,2020,H,D,0.2733475,0.42437255,0.30227998,2.6,3.2,2.8,D,3.2,False,-100.0
2020-11-28,2020,A,H,0.48109227,0.23175688,0.2871509,1.95,3.8,3.6,H,1.95,False,-100.0
2020-11-28,2020,D,A,0.21630962,0.15365335,0.630037,5.5,4.2,1.57,A,1.57,False,-100.0
2020-11-28,2020,H,H,0.96213555,0.03448875,0.003375673,1.16,7.5,16.0,H,1.16,True,15.999999999999993
2020-11-29,2020,D,H,0.66933453,0.14943673,0.18122873,2.05,3.5,3.6,H,2.05,False,-100.0
2020-11-29,2020,A,A,0.31269816,0.2337575,0.4535443,4.0,3.5,1.95,A,1.95,True,95.0
2020-11-29,2020,A,H,0.4562234,0.34980097,0.19397561,2.05,3.4,3.75,H,2.05,False,-100.0
2020-11-30,2020,H,H,0.52752835,0.26344788,0.20902374,2.25,3.6,3.0,H,2.25,True,125.0
2020-11-30,2020,A,H,0.6713362,0.24242875,0.086235106,1.5,4.33,6.5,H,1.5,False,-100.0
2020-12-05,2020,A,A,0.3256905,0.2590391,0.4152704,3.6,3.6,2.0,A,2.0,True,100.0
2020-12-05,2020,H,H,0.8262276,0.113650545,0.06012186,1.5,4.5,6.0,H,1.5,True,50.0
2020-12-05,2020,D,A,0.3561553,0.10762607,0.5362186,4.0,3.5,1.9,A,1.9,False,-100.0
2020-12-05,2020,H,H,0.8672694,0.12051086,0.012219745,1.1,11.0,19.0,H,1.1,True,10.000000000000009
2020-12-06,2020,H,H,0.70277524,0.16629747,0.1309273,1.5,4.33,6.5,H,1.5,True,50.0
2020-12-06,2020,H,D,0.2630762,0.48308372,0.25384012,1.95,3.6,3.8,D,3.6,False,-100.0
2020-12-06,2020,A,A,0.10728415,0.15740986,0.735306,3.8,3.5,1.95,A,1.95,True,95.0
2020-12-06,2020,A,H,0.39085826,0.2847171,0.32442462,2.87,3.2,2.55,H,2.87,False,-100.0
2020-12-07,2020,A,D,0.2765516,0.42663786,0.29681057,2.45,3.4,2.9,D,3.4,False,-100.0
2020-12-11,2020,A,H,0.47827414,0.30819717,0.21352866,2.15,3.7,3.1,H,2.15,False,-100.0
2020-12-12,2020,D,A,0.3529198,0.2000864,0.44699383,4.33,4.2,1.72,A,1.72,False,-100.0
2020-12-12,2020,H,A,0.32564518,0.26156113,0.4127937,4.33,4.2,1.7,A,1.7,False,-100.0
2020-12-12,2020,A,A,0.32009897,0.18980582,0.49009517,2.25,3.25,3.25,A,3.25,True,225.0
2020-12-12,2020,H,D,0.26294068,0.43557298,0.3014863,2.45,3.2,3.0,D,3.2,False,-100.0
2020-12-13,2020,A,H,0.6022414,0.041039303,0.35671934,1.53,4.2,6.25,H,1.53,False,-100.0
2020-12-13,2020,H,H,0.94047785,0.041972272,0.017549861,1.7,3.75,5.0,H,1.7,True,70.0
2020-12-13,2020,D,D,0.18285729,0.6437614,0.17338133,4.5,3.9,1.72,D,3.9,True,290.0
2020-12-13,2020,D,A,0.027816484,0.0134697985,0.9587137,9.0,5.5,1.3,A,1.3,False,-100.0
2020-12-13,2020,H,A,0.30682418,0.30773532,0.38544053,2.0,3.5,3.8,A,3.8,False,-100.0
2020-12-15,2020,D,H,0.9754015,0.019804088,0.0047944183,1.09,11.0,21.0,H,1.09,False,-100.0
2020-12-15,2020,H,A,0.10527093,0.2202543,0.6744748,5.25,3.8,1.66,A,1.66,False,-100.0
2020-12-16,2020,H,H,0.5095084,0.25999212,0.23049948,1.75,4.0,4.33,H,1.75,True,75.0
2020-12-16,2020,A,H,0.44332862,0.3537296,0.20294176,2.15,3.6,3.25,H,2.15,False,-100.0
2020-12-16,2020,D,H,0.6028726,0.29101083,0.10611653,2.25,3.5,3.1,H,2.25,False,-100.0
2020-12-16,2020,H,H,0.7877287,0.09876482,0.11350643,1.75,3.8,4.5,H,1.75,True,75.0
2020-12-16,2020,D,D,0.34476396,0.4320911,0.223145,2.05,3.4,3.6,D,3.4,True,240.0
2020-12-16,2020,D,H,0.3898181,0.2356337,0.37454826,2.87,3.3,2.5,H,2.87,False,-100.0
2020-12-17,2020,D,H,0.8581274,0.09077576,0.0510969,1.75,3.8,4.5,H,1.75,False,-100.0
2020-12-17,2020,A,A,0.2878116,0.10231022,0.6098782,7.0,4.6,1.44,A,1.44,True,43.99999999999999
2020-12-19,2020,A,A,0.06933924,0.08978235,0.8408784,6.5,4.33,1.5,A,1.5,True,50.0
2020-12-19,2020,A,A,0.035665102,0.06989814,0.89443684,7.0,4.5,1.44,A,1.44,True,43.99999999999999
2020-12-19,2020,H,A,0.24809153,0.3282807,0.42362773,2.45,3.5,2.8,A,2.8,False,-100.0
2020-12-19,2020,D,A,0.2973893,0.22295775,0.479653,2.5,3.25,2.9,A,2.9,False,-100.0
2020-12-20,2020,A,A,0.2961671,0.337793,0.3660399,3.6,3.8,1.95,A,1.95,True,95.0
2020-12-20,2020,H,H,0.580491,0.40434787,0.015161126,1.66,4.33,4.5,H,1.66,True,65.99999999999999
2020-12-20,2020,D,H,0.9378926,0.017577589,0.04452982,1.65,3.75,5.5,H,1.65,False,-100.0
2020-12-20,2020,A,H,0.6286074,0.20726573,0.16412684,2.05,3.5,3.6,H,2.05,False,-100.0
2020-12-21,2020,H,H,0.67973626,0.20858324,0.11168053,1.44,5.0,6.25,H,1.44,True,43.99999999999999
2020-12-21,2020,H,A,0.3328536,0.12632011,0.5408263,3.5,3.25,2.2,A,2.2,False,-100.0
2020-12-26,2020,H,H,0.78683764,0.058253784,0.15490855,4.0,3.6,1.9,H,4.0,True,300.0
2020-12-26,2020,H,H,0.9681336,0.013276352,0.018589972,1.11,10.0,19.0,H,1.11,True,11.00000000000001
2020-12-26,2020,A,H,0.4934051,0.1265439,0.380051,4.2,3.6,1.85,H,4.2,False,-100.0
2020-12-26,2020,D,A,0.38953865,0.18236813,0.42809325,3.2,3.3,2.3,A,2.3,False,-100.0
2020-12-26,2020,D,A,0.18079297,0.27647096,0.54273605,2.9,3.6,2.3,A,2.3,False,-100.0
2020-12-26,2020,H,H,0.62011075,0.16717061,0.21271864,1.9,3.75,3.8,H,1.9,True,89.99999999999999
2020-12-27,2020,H,H,0.6350993,0.16282882,0.20207189,1.72,4.0,4.33,H,1.72,True,72.0
2020-12-27,2020,D,A,0.25093752,0.36874512,0.38031736,2.3,3.4,3.1,A,3.1,False,-100.0
2020-12-27,2020,D,H,0.9758873,0.019836588,0.004276107,1.11,10.0,19.0,H,1.11,False,-100.0
2020-12-27,2020,D,A,0.2851803,0.3350849,0.3797348,3.6,3.25,2.15,A,2.15,False,-100.0
2020-12-28,2020,D,D,0.28749877,0.43819144,0.2743098,3.75,3.5,2.0,D,3.5,True,250.0
2020-12-28,2020,D,D,0.35738072,0.5377743,0.10484499,1.61,4.2,5.0,D,4.2,True,320.0
2020-12-29,2020,A,H,0.6862466,0.099896714,0.21385674,3.6,3.6,2.0,H,3.6,False,-100.0
2020-12-29,2020,A,A,0.26899374,0.3245738,0.40643242,3.25,3.5,2.2,A,2.2,True,120.00000000000001
2020-12-29,2020,H,H,0.6534084,0.28195125,0.06464038,2.37,3.1,3.25,H,2.37,True,137.0
2020-12-29,2020,D,A,0.29960167,0.22021872,0.48017967,2.1,3.6,3.4,A,3.4,False,-100.0
2020-12-29,2020,H,H,0.62901187,0.31947815,0.05150994,1.53,4.2,6.25,H,1.53,True,53.0
2020-12-30,2020,D,A,0.019172654,0.19440559,0.7864218,12.0,6.0,1.25,A,1.25,False,-100.0
2021-01-01,2020,H,D,0.44230178,0.5017888,0.055909388,1.72,4.2,4.2,D,4.2,False,-100.0
2021-01-01,2020,A,H,0.42893675,0.32078636,0.25027683,2.1,3.5,3.5,H,2.1,False,-100.0
2021-01-02,2020,A,A,0.09357287,0.032616906,0.87381023,5.75,4.0,1.57,A,1.57,True,57.00000000000001
2021-01-02,2020,D,H,0.39757904,0.32716075,0.2752602,2.62,3.25,2.75,H,2.62,False,-100.0
2021-01-02,2020,H,H,0.7333557,0.19198143,0.074662834,1.75,4.1,4.2,H,1.75,True,75.0
2021-01-02,2020,H,H,0.67048883,0.22298886,0.10652227,1.95,3.5,3.9,H,1.95,True,95.0
2021-01-03,2020,A,A,0.14675467,0.20843998,0.6448054,5.25,4.2,1.61,A,1.61,True,61.00000000000001
2021-01-03,2020,A,A,0.24538781,0.25564668,0.49896556,3.0,3.7,2.2,A,2.2,True,120.00000000000001
2021-01-04,2020,H,A,0.32726672,0.33265024,0.34008297,5.0,4.33,1.61,A,1.61,False,-100.0
2021-01-12,2020,H,H,0.35582182,0.346008,0.2981702,2.45,3.1,3.1,H,2.45,True,145.00000000000003
2021-01-12,2020,A,A,0.06571277,0.05129612,0.88299114,7.0,4.5,1.45,A,1.45,True,44.99999999999999
2021-01-12,2020,A,H,0.5313833,0.094382636,0.37423414,2.45,3.1,3.1,H,2.45,False,-100.0
2021-01-13,2020,D,H,0.7800791,0.1557986,0.06412227,1.36,5.0,8.5,H,1.36,False,-100.0
2021-01-13,2020,H,H,0.9659363,0.025127353,0.008936381,1.14,8.5,16.0,H,1.14,True,13.99999999999999
2021-01-14,2020,D,H,0.8192016,0.1224541,0.058344346,1.53,4.0,6.5,H,1.53,False,-100.0
2021-01-16,2020,A,H,0.7892194,0.17245074,0.03832985,1.6,3.5,7.0,H,1.6,False,-100.0
2021-01-16,2020,A,H,0.5771862,0.19452627,0.22828747,2.1,3.5,3.4,H,2.1,False,-100.0
2021-01-16,2020,H,H,0.45777962,0.2810503,0.26117015,1.8,3.5,4.75,H,1.8,True,80.0
2021-01-16,2020,A,A,0.07802007,0.04107203,0.88090783,6.5,4.33,1.5,A,1.5,True,50.0
2021-01-16,2020,H,H,0.74207455,0.14333981,0.1145856,1.8,3.75,4.5,H,1.8,True,80.0
2021-01-17,2020,A,A,0.05761253,0.11915646,0.82323104,6.25,3.75,1.6,A,1.6,True,60.00000000000001
2021-01-17,2020,D,H,0.55204177,0.1866995,0.26125872,1.95,3.8,3.6,H,1.95,False,-100.0
2021-01-17,2020,H,H,0.98932004,0.009465696,0.0012141978,1.14,8.5,17.0,H,1.14,True,13.99999999999999
2021-01-18,2020,H,H,0.93356466,0.056317504,0.010117853,1.4,4.5,8.0,H,1.4,True,39.99999999999999
2021-01-19,2020,H,H,0.5477779,0.36184767,0.090374395,1.57,4.2,5.5,H,1.57,True,57.00000000000001
2021-01-19,2020,H,A,0.25312564,0.3033983,0.44347602,2.87,3.4,2.45,A,2.45,False,-100.0
2021-01-20,2020,H,H,0.6510638,0.25022325,0.098712936,1.22,6.5,12.0,H,1.22,True,21.999999999999996
2021-01-20,2020,A,A,0.05917349,0.11739272,0.82343376,6.0,4.33,1.53,A,1.53,True,53.0
2021-01-21,2020,A,H,0.903288,0.08123158,0.015480406,1.18,7.5,15.0,H,1.18,False,-100.0
